datetime,count
2011-01-20 00:00:00,15.6156092465578
2011-01-20 01:00:00,5.95017556841447
2011-01-20 02:00:00,2.99045471473042
2011-01-20 03:00:00,1.6265676537018
2011-01-20 04:00:00,1.61950016852256
2011-01-20 05:00:00,10.2162675867558
2011-01-20 06:00:00,40.8245710879582
2011-01-20 07:00:00,109.654020408333
2011-01-20 08:00:00,247.05802225349
2011-01-20 09:00:00,117.59816241829
2011-01-20 10:00:00,59.1077964828625
2011-01-20 11:00:00,60.9728773169152
2011-01-20 12:00:00,78.5082752231149
2011-01-20 13:00:00,69.5071044724595
2011-01-20 14:00:00,72.7034942517689
2011-01-20 15:00:00,75.7184404766108
2011-01-20 16:00:00,107.001635151362
2011-01-20 17:00:00,181.86629277139
2011-01-20 18:00:00,156.044229683089
2011-01-20 19:00:00,136.085610716094
2011-01-20 20:00:00,86.5543873689634
2011-01-20 21:00:00,69.3715330145901
2011-01-20 22:00:00,54.239447710971
2011-01-20 23:00:00,34.4802297677559
2011-01-21 00:00:00,16.8973563482936
2011-01-21 01:00:00,8.33907083819388
2011-01-21 02:00:00,3.41068419771997
2011-01-21 03:00:00,1.44238683271875
2011-01-21 04:00:00,1.74946701316585
2011-01-21 05:00:00,10.8105742278602
2011-01-21 06:00:00,40.6260101427564
2011-01-21 07:00:00,91.3279929075384
2011-01-21 08:00:00,196.578762240983
2011-01-21 09:00:00,90.8224811273523
2011-01-21 10:00:00,49.3337051295835
2011-01-21 11:00:00,52.9735521615869
2011-01-21 12:00:00,62.6657236698179
2011-01-21 13:00:00,63.5971025554594
2011-01-21 14:00:00,53.1543642463598
2011-01-21 15:00:00,60.0240812524112
2011-01-21 16:00:00,79.3495931019193
2011-01-21 17:00:00,121.961906481257
2011-01-21 18:00:00,108.345867881239
2011-01-21 19:00:00,68.9614455808967
2011-01-21 20:00:00,47.220523611622
2011-01-21 21:00:00,29.9252088069682
2011-01-21 22:00:00,27.0317105443525
2011-01-21 23:00:00,16.4817049612529
2011-01-22 00:00:00,17.5789812180519
2011-01-22 01:00:00,15.8902742515797
2011-01-22 02:00:00,10.3685113896732
2011-01-22 03:00:00,5.51576508327902
2011-01-22 04:00:00,0.84409268742232
2011-01-22 06:00:00,2.61830800812026
2011-01-22 07:00:00,8.18029840504245
2011-01-22 08:00:00,21.1818227469515
2011-01-22 09:00:00,34.6325123200442
2011-01-22 10:00:00,46.2207787465086
2011-01-22 11:00:00,49.6911375377136
2011-01-22 12:00:00,63.8824997767716
2011-01-22 13:00:00,73.6920146428576
2011-01-22 14:00:00,66.2449134035914
2011-01-22 15:00:00,77.340537105763
2011-01-22 16:00:00,59.1404559074086
2011-01-22 17:00:00,73.3843171704647
2011-01-22 18:00:00,40.2483062321964
2011-01-22 19:00:00,41.2421631447505
2011-01-22 20:00:00,26.1893247870313
2011-01-22 21:00:00,31.4510021704442
2011-01-22 22:00:00,23.9116153195479
2011-01-22 23:00:00,18.7024760861905
2011-01-23 00:00:00,19.4211655795728
2011-01-23 01:00:00,15.9021797905339
2011-01-23 02:00:00,8.90751905330542
2011-01-23 03:00:00,5.23221264527324
2011-01-23 05:00:00,0.809426674897047
2011-01-23 06:00:00,1.86407348173603
2011-01-23 07:00:00,7.14240359851468
2011-01-23 08:00:00,13.8635599359223
2011-01-23 09:00:00,28.2216990222586
2011-01-23 10:00:00,43.692978274561
2011-01-23 11:00:00,53.2501692971233
2011-01-23 12:00:00,76.441437015658
2011-01-23 13:00:00,73.9076388245881
2011-01-23 14:00:00,68.5251951416514
2011-01-23 15:00:00,67.9812302548749
2011-01-23 16:00:00,66.0155319182292
2011-01-23 17:00:00,61.2609232533213
2011-01-23 18:00:00,45.0289212015872
2011-01-23 19:00:00,35.9372610533295
2011-01-23 20:00:00,25.459713781431
2011-01-23 21:00:00,22.1554938427712
2011-01-23 22:00:00,17.0491561934349
2011-01-23 23:00:00,10.1160661206073
2011-01-24 00:00:00,7.75094274980029
2011-01-24 01:00:00,2.86762728552207
2011-01-24 03:00:00,0.948149618923925
2011-01-24 04:00:00,0.924055047305738
2011-01-24 05:00:00,5.51580488625475
2011-01-24 06:00:00,26.2531897853006
2011-01-24 07:00:00,74.6406662861755
2011-01-24 08:00:00,147.128752795984
2011-01-24 09:00:00,83.0963946363674
2011-01-24 10:00:00,43.3334969744571
2011-01-24 11:00:00,34.7858279817754
2011-01-24 12:00:00,47.881865386169
2011-01-24 13:00:00,42.3102417689386
2011-01-24 14:00:00,38.061843978297
2011-01-24 15:00:00,52.6743271148347
2011-01-24 16:00:00,76.8206706823885
2011-01-24 17:00:00,135.391488181397
2011-01-24 18:00:00,106.661356477949
2011-01-24 19:00:00,79.5845918078151
2011-01-24 20:00:00,56.6739267151591
2011-01-24 21:00:00,39.9795432800044
2011-01-24 22:00:00,26.2871059310674
2011-01-24 23:00:00,17.9854633481769
2011-01-25 00:00:00,6.92753760473747
2011-01-25 01:00:00,3.07331232567862
2011-01-25 02:00:00,2.13891360912917
2011-01-25 04:00:00,0.991957477703145
2011-01-25 05:00:00,7.77378230796817
2011-01-25 06:00:00,30.9079073728415
2011-01-25 07:00:00,102.022173205361
2011-01-25 08:00:00,126.833255784646
2011-01-25 09:00:00,82.8782167944305
2011-01-25 10:00:00,53.9707549206956
2011-01-25 11:00:00,61.2913776852796
2011-01-25 12:00:00,63.5954403189855
2011-01-25 13:00:00,63.0699302758008
2011-01-25 14:00:00,64.992572782793
2011-01-25 15:00:00,68.8289616734715
2011-01-25 16:00:00,101.769766472194
2011-01-25 17:00:00,189.265495857758
2011-01-25 18:00:00,181.39334448401
2011-01-25 19:00:00,98.4010056286716
2011-01-25 20:00:00,76.9409248562919
2011-01-25 21:00:00,57.4824358631088
2011-01-25 22:00:00,38.7359243902105
2011-01-25 23:00:00,21.8643397847143
2011-01-26 00:00:00,11.4538576621761
2011-01-26 01:00:00,4.70574925025395
2011-01-26 02:00:00,1.34923868138531
2011-01-26 05:00:00,5.60653479605058
2011-01-26 06:00:00,23.8355334302536
2011-01-26 07:00:00,68.0408991500091
2011-01-26 08:00:00,119.833994205674
2011-01-26 09:00:00,65.7411401743269
2011-01-26 10:00:00,27.5312179995037
2011-01-26 11:00:00,29.2207665870272
2011-01-26 12:00:00,31.5414121530474
2011-01-26 13:00:00,31.0316023465597
2011-01-26 14:00:00,19.5131369206294
2011-01-26 15:00:00,16.3884927128871
2011-01-26 16:00:00,42.9965521050942
2011-01-26 17:00:00,46.7423523982055
2011-01-27 16:00:00,83.0527402717982
2011-01-27 17:00:00,151.693219946101
2011-01-27 18:00:00,122.158243842515
2011-01-27 19:00:00,92.0786601943336
2011-01-27 20:00:00,72.6292171125247
2011-01-27 21:00:00,55.9319535714959
2011-01-27 22:00:00,44.1657860177694
2011-01-27 23:00:00,25.3433179528149
2011-01-28 00:00:00,13.7607591311575
2011-01-28 01:00:00,6.6905739006019
2011-01-28 02:00:00,3.32910154282163
2011-01-28 03:00:00,1.78794996644816
2011-01-28 05:00:00,7.60210566278654
2011-01-28 06:00:00,34.5821553259959
2011-01-28 07:00:00,68.97986765818
2011-01-28 08:00:00,132.095387020138
2011-01-28 09:00:00,51.8627626533437
2011-01-28 10:00:00,27.6190366061029
2011-01-28 11:00:00,33.7442922701018
2011-01-28 12:00:00,37.1655011383473
2011-01-28 13:00:00,36.7090882823888
2011-01-28 14:00:00,39.851096412128
2011-01-28 15:00:00,36.2720894374582
2011-01-28 16:00:00,81.4065908285412
2011-01-28 17:00:00,159.782207267333
2011-01-28 18:00:00,150.334395216842
2011-01-28 19:00:00,103.414625882901
2011-01-28 20:00:00,74.0121283278132
2011-01-28 21:00:00,48.7018997988009
2011-01-28 22:00:00,55.3999147512381
2011-01-28 23:00:00,40.4145234341153
2011-01-29 00:00:00,31.3692522604014
2011-01-29 01:00:00,21.6576832082253
2011-01-29 02:00:00,15.955223551833
2011-01-29 03:00:00,10.0507942941067
2011-01-29 04:00:00,1.32475876833151
2011-01-29 06:00:00,3.27671130905815
2011-01-29 07:00:00,8.38995225553797
2011-01-29 08:00:00,29.7419771463214
2011-01-29 09:00:00,43.7554263192335
2011-01-29 10:00:00,61.2564340539437
2011-01-29 11:00:00,68.9181052602871
2011-01-29 12:00:00,72.4859423954185
2011-01-29 13:00:00,81.2084587278822
2011-01-29 14:00:00,98.4509925060094
2011-01-29 15:00:00,84.9308213207055
2011-01-29 16:00:00,104.82473889756
2011-01-29 17:00:00,86.4098744362898
2011-01-29 18:00:00,67.0829316175246
2011-01-29 19:00:00,53.4990185963151
2011-01-29 20:00:00,43.2059340412823
2011-01-29 21:00:00,38.1274437979833
2011-01-29 22:00:00,33.8886463222189
2011-01-29 23:00:00,27.278692956083
2011-01-30 00:00:00,22.7199888176943
2011-01-30 01:00:00,24.6171090724593
2011-01-30 02:00:00,16.9676605140887
2011-01-30 03:00:00,7.89666413335611
2011-01-30 04:00:00,1.78440839717173
2011-01-30 05:00:00,1.31139719382526
2011-01-30 07:00:00,7.00828978262754
2011-01-30 08:00:00,14.7037120199535
2011-01-30 09:00:00,37.5061021216229
2011-01-30 10:00:00,58.4520571817549
2011-01-30 11:00:00,70.7270194266218
2011-01-30 12:00:00,116.112920156216
2011-01-30 13:00:00,86.410206699336
2011-01-30 14:00:00,100.977567181186
2011-01-30 15:00:00,112.213174510642
2011-01-30 16:00:00,114.324201983298
2011-01-30 17:00:00,88.4391745524979
2011-01-30 18:00:00,63.2276526759903
2011-01-30 19:00:00,52.9889668340193
2011-01-30 20:00:00,37.8592821750224
2011-01-30 21:00:00,34.7756596275877
2011-01-30 22:00:00,27.7219058971619
2011-01-30 23:00:00,20.8387850401602
2011-01-31 00:00:00,9.3760446458021
2011-01-31 01:00:00,4.44769161898299
2011-01-31 02:00:00,2.13806896988451
2011-01-31 03:00:00,1.32493171008151
2011-01-31 04:00:00,1.25908012050212
2011-01-31 05:00:00,7.7214478963792
2011-01-31 06:00:00,28.8718892766689
2011-01-31 07:00:00,74.9720289035537
2011-01-31 08:00:00,138.12902078511
2011-01-31 09:00:00,66.6064407718245
2011-01-31 10:00:00,41.1919973962925
2011-01-31 11:00:00,42.6188944008383
2011-01-31 12:00:00,51.471219464266
2011-01-31 13:00:00,54.5443047957051
2011-01-31 14:00:00,46.8437799043646
2011-01-31 15:00:00,35.514494231606
2011-01-31 16:00:00,58.0773760281555
2011-01-31 17:00:00,122.972871940874
2011-01-31 18:00:00,131.735708051868
2011-01-31 19:00:00,130.104061715327
2011-01-31 20:00:00,48.1615351925568
2011-01-31 21:00:00,35.5228166834222
2011-01-31 22:00:00,25.4002327314859
2011-01-31 23:00:00,16.4616968153634
2011-02-20 00:00:00,35.7513331209166
2011-02-20 01:00:00,21.9124303239765
2011-02-20 02:00:00,18.1972349971862
2011-02-20 03:00:00,9.57641073529769
2011-02-20 04:00:00,2.12586997048467
2011-02-20 06:00:00,3.03038423545894
2011-02-20 07:00:00,9.71013961047601
2011-02-20 08:00:00,33.1273417137801
2011-02-20 09:00:00,59.2309990881297
2011-02-20 10:00:00,74.4864925177851
2011-02-20 11:00:00,105.171393041769
2011-02-20 12:00:00,148.197898209091
2011-02-20 13:00:00,158.83899406607
2011-02-20 14:00:00,132.509170090801
2011-02-20 15:00:00,150.674836201954
2011-02-20 16:00:00,153.371930240075
2011-02-20 17:00:00,120.342043550967
2011-02-20 18:00:00,115.847343937976
2011-02-20 19:00:00,86.5085646685735
2011-02-20 20:00:00,61.9991677256309
2011-02-20 21:00:00,49.5710135951919
2011-02-20 22:00:00,32.6336602411195
2011-02-20 23:00:00,18.268290687565
2011-02-21 00:00:00,17.519999982998
2011-02-21 01:00:00,11.4127981993558
2011-02-21 02:00:00,7.72483057795035
2011-02-21 03:00:00,4.49108179840689
2011-02-21 04:00:00,2.45039487770732
2011-02-21 05:00:00,4.95670469234182
2011-02-21 06:00:00,9.27833791566875
2011-02-21 07:00:00,28.5301952011555
2011-02-21 08:00:00,83.297227965869
2011-02-21 09:00:00,79.9562103074495
2011-02-21 10:00:00,89.7281766282602
2011-02-21 11:00:00,95.7529787742228
2011-02-21 12:00:00,110.053887590906
2011-02-21 13:00:00,62.3034744139552
2011-02-21 14:00:00,94.1796079169852
2011-02-21 15:00:00,92.8691424781026
2011-02-21 16:00:00,74.1322710127944
2011-02-21 17:00:00,103.367113151953
2011-02-21 18:00:00,93.3072489555772
2011-02-21 19:00:00,68.0621607995305
2011-02-21 20:00:00,45.5566417658602
2011-02-21 21:00:00,35.6834059405669
2011-02-21 22:00:00,24.0622186908861
2011-02-21 23:00:00,13.2580205957609
2011-02-22 06:00:00,32.9802804434054
2011-02-22 07:00:00,91.7322492201213
2011-02-22 08:00:00,222.530810290175
2011-02-22 09:00:00,124.966844054647
2011-02-22 10:00:00,50.0435421847557
2011-02-22 11:00:00,54.3003770683011
2011-02-22 12:00:00,70.1923319011126
2011-02-22 13:00:00,70.0647563760259
2011-02-22 14:00:00,60.6176029258111
2011-02-22 15:00:00,67.0929877733904
2011-02-22 16:00:00,88.9914318111568
2011-02-22 17:00:00,153.169722853119
2011-02-22 18:00:00,152.803996010988
2011-02-22 19:00:00,98.251832800443
2011-02-22 20:00:00,68.3926773391028
2011-02-22 21:00:00,52.6690969514149
2011-02-22 22:00:00,38.176617402954
2011-02-22 23:00:00,22.7569072220549
2011-02-23 00:00:00,10.5027721081128
2011-02-23 01:00:00,4.12619582749041
2011-02-23 02:00:00,1.41397949828599
2011-02-23 03:00:00,1.09085292622635
2011-02-23 05:00:00,5.99672831621646
2011-02-23 06:00:00,27.8470056652054
2011-02-23 07:00:00,91.7685735641228
2011-02-23 08:00:00,216.504350776764
2011-02-23 09:00:00,116.182615426247
2011-02-23 10:00:00,46.3885812935608
2011-02-23 11:00:00,61.8830701141733
2011-02-23 12:00:00,75.3574220644346
2011-02-23 13:00:00,79.9521186249249
2011-02-23 14:00:00,68.4480308842612
2011-02-23 15:00:00,83.9541929536152
2011-02-23 16:00:00,117.468808320212
2011-02-23 17:00:00,220.433813267777
2011-02-23 18:00:00,192.996172638269
2011-02-23 19:00:00,117.182445439243
2011-02-23 20:00:00,78.9573675656546
2011-02-23 21:00:00,63.314259961737
2011-02-23 22:00:00,48.7010043028886
2011-02-23 23:00:00,28.2743092181599
2011-02-24 00:00:00,11.9786290939607
2011-02-24 01:00:00,5.5056294590376
2011-02-24 02:00:00,2.42661327461677
2011-02-24 03:00:00,1.26972114106185
2011-02-24 05:00:00,6.55886520525848
2011-02-24 06:00:00,36.1537746516711
2011-02-24 07:00:00,89.5036615677881
2011-02-24 08:00:00,203.625444161288
2011-02-24 09:00:00,115.078747901019
2011-02-24 10:00:00,47.0921938057323
2011-02-24 11:00:00,73.1332474715398
2011-02-24 12:00:00,96.0844282150699
2011-02-24 13:00:00,77.0364595885215
2011-02-24 14:00:00,57.9426301082678
2011-02-24 15:00:00,53.484070279769
2011-02-24 16:00:00,69.1913517922368
2011-02-24 17:00:00,155.063133608795
2011-02-24 18:00:00,188.687105629889
2011-02-24 19:00:00,77.3905228081209
2011-02-24 20:00:00,82.82706818506
2011-02-24 21:00:00,74.601323042914
2011-02-24 22:00:00,40.9220961189402
2011-02-24 23:00:00,37.8039509828555
2011-02-25 00:00:00,13.1858665134905
2011-02-25 01:00:00,7.68500218694348
2011-02-25 02:00:00,4.49165732743391
2011-02-25 03:00:00,2.94936239975408
2011-02-25 05:00:00,11.5314744027766
2011-02-25 06:00:00,40.9939518398194
2011-02-25 07:00:00,69.433520288025
2011-02-25 08:00:00,221.068206395339
2011-02-25 09:00:00,72.9408529909207
2011-02-25 10:00:00,41.1839658972799
2011-02-25 11:00:00,111.905133221813
2011-02-25 12:00:00,93.7189212461539
2011-02-25 13:00:00,91.6167221664964
2011-02-25 14:00:00,82.9380394526471
2011-02-25 15:00:00,116.002843134806
2011-02-25 16:00:00,120.295694344903
2011-02-25 17:00:00,187.950290322749
2011-02-25 18:00:00,176.481672559752
2011-02-25 19:00:00,142.175440252359
2011-02-25 20:00:00,82.1631237653312
2011-02-25 21:00:00,65.1836374392247
2011-02-25 22:00:00,62.6900076183897
2011-02-25 23:00:00,38.0454788892902
2011-02-26 00:00:00,29.2717837112842
2011-02-26 01:00:00,20.8660290596645
2011-02-26 02:00:00,17.79044116008
2011-02-26 03:00:00,9.76789261770669
2011-02-26 04:00:00,2.20095586559575
2011-02-26 05:00:00,1.68066767511497
2011-02-26 06:00:00,5.52108260717487
2011-02-26 07:00:00,13.042461943129
2011-02-26 08:00:00,33.6964101392233
2011-02-26 09:00:00,52.4934552369948
2011-02-26 10:00:00,110.633782833441
2011-02-26 11:00:00,128.544266359427
2011-02-26 12:00:00,145.066955821511
2011-02-26 13:00:00,154.785752844807
2011-02-26 14:00:00,146.8322870937
2011-02-26 15:00:00,109.55180386974
2011-02-26 16:00:00,123.367284539337
2011-02-26 17:00:00,119.094927445114
2011-02-26 18:00:00,107.374729322862
2011-02-26 19:00:00,77.5141769443734
2011-02-26 20:00:00,56.3654111105504
2011-02-26 21:00:00,40.3910169084751
2011-02-26 22:00:00,35.3079414437981
2011-02-26 23:00:00,26.0002793838286
2011-02-27 00:00:00,33.5058050499435
2011-02-27 01:00:00,27.4054391557985
2011-02-27 02:00:00,22.5422150597351
2011-02-27 03:00:00,13.9049420192151
2011-02-27 04:00:00,3.6718929244723
2011-02-27 06:00:00,5.97529156452941
2011-02-27 07:00:00,11.2494702676675
2011-02-27 08:00:00,32.7849948679191
2011-02-27 09:00:00,62.6678424748916
2011-02-27 10:00:00,89.640473774728
2011-02-27 11:00:00,102.97998887876
2011-02-27 12:00:00,160.262932578971
2011-02-27 13:00:00,161.135780432819
2011-02-27 14:00:00,186.515221115824
2011-02-27 15:00:00,206.292505464817
2011-02-27 16:00:00,216.134800622431
2011-02-27 17:00:00,123.057413990674
2011-02-27 18:00:00,83.858452195365
2011-02-27 19:00:00,78.7791568513395
2011-02-27 20:00:00,65.9830209152817
2011-02-27 21:00:00,42.2618158495756
2011-02-27 22:00:00,36.0946306453848
2011-02-27 23:00:00,20.0188563907407
2011-02-28 00:00:00,12.4989860916272
2011-02-28 01:00:00,4.46942399100857
2011-02-28 03:00:00,1.11534154572291
2011-02-28 05:00:00,10.5086776732587
2011-02-28 06:00:00,47.3288301885862
2011-02-28 07:00:00,106.227570010006
2011-02-28 08:00:00,215.105414191228
2011-02-28 09:00:00,125.92616390334
2011-02-28 10:00:00,83.2641307328122
2011-02-28 11:00:00,76.6889566332328
2011-02-28 12:00:00,93.1654739386557
2011-02-28 13:00:00,52.9634348122701
2011-02-28 14:00:00,23.7699178157219
2011-02-28 15:00:00,25.1153681930641
2011-02-28 16:00:00,54.5090115643195
2011-02-28 17:00:00,69.6425267888459
2011-02-28 18:00:00,138.14285004835
2011-02-28 19:00:00,77.5149608652352
2011-02-28 20:00:00,59.313471563842
2011-02-28 21:00:00,65.9790822887883
2011-02-28 22:00:00,26.6691534991369
2011-02-28 23:00:00,24.7042036763841
2011-03-20 00:00:00,37.1444736391672
2011-03-20 01:00:00,27.2389492310341
2011-03-20 02:00:00,18.6131350952138
2011-03-20 03:00:00,9.90667428861406
2011-03-20 04:00:00,2.25293998891283
2011-03-20 05:00:00,2.51976543744441
2011-03-20 06:00:00,4.37249438071968
2011-03-20 07:00:00,11.2719445352886
2011-03-20 08:00:00,46.1065763621976
2011-03-20 09:00:00,80.604693377732
2011-03-20 10:00:00,104.865889311245
2011-03-20 11:00:00,165.596950059603
2011-03-20 12:00:00,181.422341639871
2011-03-20 13:00:00,172.752991645453
2011-03-20 14:00:00,154.93203023791
2011-03-20 15:00:00,170.612720586778
2011-03-20 16:00:00,199.956129612012
2011-03-20 17:00:00,155.059118795869
2011-03-20 18:00:00,140.926512948889
2011-03-20 19:00:00,108.09329022478
2011-03-20 20:00:00,73.7757160251985
2011-03-20 21:00:00,49.4734925160271
2011-03-20 22:00:00,37.720279570701
2011-03-20 23:00:00,18.5894514865734
2011-03-21 00:00:00,12.2995979453786
2011-03-21 01:00:00,7.07688450973988
2011-03-21 02:00:00,4.12220346126544
2011-03-21 03:00:00,2.93617450764853
2011-03-21 05:00:00,8.51126774887843
2011-03-21 06:00:00,44.3114722011381
2011-03-21 07:00:00,75.2166518931378
2011-03-21 08:00:00,245.01440912602
2011-03-21 09:00:00,141.36819266338
2011-03-21 10:00:00,88.9687542364082
2011-03-21 11:00:00,96.7692135004567
2011-03-21 12:00:00,137.120149401475
2011-03-21 13:00:00,126.789212200002
2011-03-21 14:00:00,139.615364879657
2011-03-21 15:00:00,125.057400646283
2011-03-21 16:00:00,197.960196076142
2011-03-21 17:00:00,364.48524349496
2011-03-21 18:00:00,360.573762092328
2011-03-21 19:00:00,304.807153328225
2011-03-21 20:00:00,205.950047289169
2011-03-21 21:00:00,93.6328486500077
2011-03-21 22:00:00,76.5374359386032
2011-03-21 23:00:00,38.6762844547789
2011-03-22 00:00:00,21.3085898485552
2011-03-22 01:00:00,6.32383230346967
2011-03-22 02:00:00,4.02957608437568
2011-03-22 03:00:00,2.92007613967414
2011-03-22 04:00:00,1.97672788387406
2011-03-22 05:00:00,14.3527060055041
2011-03-22 06:00:00,78.0414383719727
2011-03-22 07:00:00,225.283467117017
2011-03-22 08:00:00,313.079268688138
2011-03-22 09:00:00,136.078105566612
2011-03-22 10:00:00,99.8001399269005
2011-03-22 11:00:00,120.193789636569
2011-03-22 12:00:00,144.967254586662
2011-03-22 13:00:00,120.079073626092
2011-03-22 14:00:00,110.645719020679
2011-03-22 15:00:00,111.903407739719
2011-03-22 16:00:00,180.375400040352
2011-03-22 17:00:00,324.850027573953
2011-03-22 18:00:00,339.731547259516
2011-03-22 19:00:00,230.255427641671
2011-03-22 20:00:00,159.717839325914
2011-03-22 21:00:00,94.1157917576661
2011-03-22 22:00:00,68.2667587361878
2011-03-22 23:00:00,39.7779547448135
2011-03-23 00:00:00,18.7739067129158
2011-03-23 01:00:00,4.69080316354577
2011-03-23 02:00:00,1.59520096661108
2011-03-23 03:00:00,2.13926266034786
2011-03-23 05:00:00,6.70710147337405
2011-03-23 06:00:00,48.9141776627201
2011-03-23 07:00:00,132.997582963177
2011-03-23 08:00:00,259.24641888182
2011-03-23 09:00:00,139.286923062898
2011-03-23 10:00:00,61.5362043355864
2011-03-23 11:00:00,67.4645084173003
2011-03-23 12:00:00,63.9301648951131
2011-03-23 13:00:00,59.9983487417781
2011-03-23 14:00:00,74.6366431720255
2011-03-23 15:00:00,74.6344132929459
2011-03-23 16:00:00,179.449665105177
2011-03-23 17:00:00,363.922797276782
2011-03-23 18:00:00,141.921853462148
2011-03-23 19:00:00,99.7063962719321
2011-03-23 20:00:00,36.4510092100851
2011-03-23 21:00:00,17.348870937206
2011-03-23 22:00:00,33.2792333833502
2011-03-23 23:00:00,20.5785641225568
2011-03-24 00:00:00,10.9912434078119
2011-03-24 01:00:00,5.60084504528028
2011-03-24 02:00:00,3.05975960837166
2011-03-24 03:00:00,1.95629304107217
2011-03-24 04:00:00,2.0544895212268
2011-03-24 05:00:00,9.86997979993777
2011-03-24 06:00:00,54.5312917842313
2011-03-24 07:00:00,56.1163680927846
2011-03-24 08:00:00,121.866755749012
2011-03-24 09:00:00,121.822310044694
2011-03-24 10:00:00,62.8232203139895
2011-03-24 11:00:00,80.0080746142711
2011-03-24 12:00:00,103.928440807416
2011-03-24 13:00:00,96.2129999825682
2011-03-24 14:00:00,83.1447617887841
2011-03-24 15:00:00,75.710018113442
2011-03-24 16:00:00,102.360670412262
2011-03-24 17:00:00,204.692891694664
2011-03-24 18:00:00,196.357615072533
2011-03-24 19:00:00,165.414421034048
2011-03-24 20:00:00,90.114441773087
2011-03-24 21:00:00,68.9211744108451
2011-03-24 22:00:00,54.9856671933353
2011-03-24 23:00:00,33.6077221607993
2011-03-25 00:00:00,16.7223317425501
2011-03-25 01:00:00,5.8792706778517
2011-03-25 02:00:00,2.5463958317458
2011-03-25 03:00:00,2.24582403945872
2011-03-25 04:00:00,1.54358296299598
2011-03-25 05:00:00,7.41901982461706
2011-03-25 06:00:00,41.3356763369058
2011-03-25 07:00:00,94.3879806954762
2011-03-25 08:00:00,274.893739479769
2011-03-25 09:00:00,137.575126698367
2011-03-25 10:00:00,85.0695093368663
2011-03-25 11:00:00,85.6207918934928
2011-03-25 12:00:00,112.466384551314
2011-03-25 13:00:00,101.13138593495
2011-03-25 14:00:00,124.057649739596
2011-03-25 15:00:00,83.3819326535358
2011-03-25 16:00:00,141.516012668611
2011-03-25 17:00:00,230.235479691989
2011-03-25 18:00:00,194.143590730061
2011-03-25 19:00:00,127.77006670472
2011-03-25 20:00:00,96.2656368787367
2011-03-25 21:00:00,65.0289005696072
2011-03-25 22:00:00,61.5743385595996
2011-03-25 23:00:00,32.3457200435561
2011-03-26 00:00:00,37.8152900905121
2011-03-26 01:00:00,28.3758395740458
2011-03-26 02:00:00,18.0578477495623
2011-03-26 03:00:00,11.9642409734507
2011-03-26 04:00:00,2.60773234539573
2011-03-26 05:00:00,2.57614038574725
2011-03-26 06:00:00,6.19703474269693
2011-03-26 07:00:00,19.2338974081397
2011-03-26 08:00:00,55.4372057651473
2011-03-26 09:00:00,98.0383624825837
2011-03-26 10:00:00,143.776822755963
2011-03-26 11:00:00,174.802654802026
2011-03-26 12:00:00,206.200514336238
2011-03-26 13:00:00,199.106690877635
2011-03-26 14:00:00,184.540928940782
2011-03-26 15:00:00,222.689597655865
2011-03-26 16:00:00,208.815291838197
2011-03-26 17:00:00,156.045681343839
2011-03-26 18:00:00,100.568444015239
2011-03-26 19:00:00,88.5568871786168
2011-03-26 20:00:00,66.6146949403804
2011-03-26 21:00:00,52.3789356787276
2011-03-26 22:00:00,52.6024939922264
2011-03-26 23:00:00,37.5190414405742
2011-03-27 00:00:00,41.1450865511915
2011-03-27 01:00:00,26.5080541809768
2011-03-27 02:00:00,19.5057122198331
2011-03-27 03:00:00,7.5836648534614
2011-03-27 04:00:00,3.86896477339659
2011-03-27 06:00:00,4.82729316280664
2011-03-27 07:00:00,12.7478944791764
2011-03-27 08:00:00,29.8182698201779
2011-03-27 09:00:00,89.6080544036465
2011-03-27 10:00:00,78.4974840587691
2011-03-27 11:00:00,137.932521996845
2011-03-27 12:00:00,121.498996167477
2011-03-27 13:00:00,162.259383527615
2011-03-27 14:00:00,188.250406714289
2011-03-27 15:00:00,196.476713665769
2011-03-27 16:00:00,229.048701210041
2011-03-27 17:00:00,162.694229271217
2011-03-27 18:00:00,133.403006509339
2011-03-27 19:00:00,90.7637107740843
2011-03-27 20:00:00,76.7666460772231
2011-03-27 21:00:00,55.7717233599712
2011-03-27 22:00:00,47.5935309586449
2011-03-27 23:00:00,28.454278270808
2011-03-28 00:00:00,9.6673034938721
2011-03-28 01:00:00,4.24082431246547
2011-03-28 02:00:00,1.9192236285672
2011-03-28 03:00:00,1.10825343208071
2011-03-28 05:00:00,7.77869710914665
2011-03-28 06:00:00,44.2964673452705
2011-03-28 07:00:00,82.1674525684785
2011-03-28 08:00:00,214.609957945605
2011-03-28 09:00:00,113.897236337251
2011-03-28 10:00:00,53.0589769215698
2011-03-28 11:00:00,56.2702295669249
2011-03-28 12:00:00,95.7130288084157
2011-03-28 13:00:00,93.3149583318602
2011-03-28 14:00:00,68.3555263984542
2011-03-28 15:00:00,83.0772917621855
2011-03-28 16:00:00,115.771949539577
2011-03-28 17:00:00,257.449816438008
2011-03-28 18:00:00,172.283213428955
2011-03-28 19:00:00,134.952799826841
2011-03-28 20:00:00,99.0888663639664
2011-03-28 21:00:00,81.0924723532382
2011-03-28 22:00:00,50.0300436370025
2011-03-28 23:00:00,36.862421247848
2011-03-29 00:00:00,9.88459950047094
2011-03-29 01:00:00,3.50819699544023
2011-03-29 02:00:00,1.75899829346205
2011-03-29 03:00:00,1.11163745807363
2011-03-29 04:00:00,1.25115586075364
2011-03-29 05:00:00,9.85888542257439
2011-03-29 06:00:00,50.2171635420175
2011-03-29 07:00:00,117.317971113062
2011-03-29 08:00:00,247.796383751863
2011-03-29 09:00:00,159.861861293529
2011-03-29 10:00:00,90.7067826522055
2011-03-29 11:00:00,88.4155497841241
2011-03-29 12:00:00,116.305390720505
2011-03-29 13:00:00,115.486667873144
2011-03-29 14:00:00,110.29012917601
2011-03-29 15:00:00,103.59412056464
2011-03-29 16:00:00,107.87167504391
2011-03-29 17:00:00,267.30914595781
2011-03-29 18:00:00,218.777885019153
2011-03-29 19:00:00,180.039714513672
2011-03-29 20:00:00,110.734102637879
2011-03-29 21:00:00,101.026296593781
2011-03-29 22:00:00,85.4949545037336
2011-03-29 23:00:00,36.1153596138203
2011-03-30 00:00:00,15.9272535733196
2011-03-30 01:00:00,6.44013363591335
2011-03-30 02:00:00,2.66154368481527
2011-03-30 03:00:00,2.22950614351473
2011-03-30 04:00:00,2.26017982662929
2011-03-30 05:00:00,11.6549415517888
2011-03-30 06:00:00,58.811514087994
2011-03-30 07:00:00,161.649005037314
2011-03-30 08:00:00,292.115485346076
2011-03-30 09:00:00,158.556326981096
2011-03-30 10:00:00,84.5713980515166
2011-03-30 11:00:00,89.5888567540584
2011-03-30 12:00:00,110.829521654897
2011-03-30 13:00:00,125.323100935435
2011-03-30 14:00:00,105.141154066521
2011-03-30 15:00:00,47.0659856061081
2011-03-30 16:00:00,56.2374501356725
2011-03-30 17:00:00,98.6262431673223
2011-03-30 18:00:00,130.561746744128
2011-03-30 19:00:00,93.4307914140662
2011-03-30 20:00:00,50.9812964538518
2011-03-30 21:00:00,49.7160237013318
2011-03-30 22:00:00,26.6532860115197
2011-03-30 23:00:00,17.755781084484
2011-03-31 00:00:00,7.80582504207331
2011-03-31 01:00:00,4.71497373422454
2011-03-31 02:00:00,2.49206715118632
2011-03-31 03:00:00,0.954211462338792
2011-03-31 04:00:00,1.08835136099058
2011-03-31 05:00:00,6.48855062130548
2011-03-31 06:00:00,30.2475023816145
2011-03-31 07:00:00,80.694949995912
2011-03-31 08:00:00,172.600921865971
2011-03-31 09:00:00,76.3300851542233
2011-03-31 10:00:00,38.1961055207295
2011-03-31 11:00:00,51.3560081188732
2011-03-31 12:00:00,53.2340451365729
2011-03-31 13:00:00,65.9788122765582
2011-03-31 14:00:00,56.0626201706024
2011-03-31 15:00:00,46.5871014559464
2011-03-31 16:00:00,79.2205527624747
2011-03-31 17:00:00,163.401822199629
2011-03-31 18:00:00,163.000503821205
2011-03-31 19:00:00,116.384003239192
2011-03-31 20:00:00,59.2461023806119
2011-03-31 21:00:00,58.793069052063
2011-03-31 22:00:00,32.0156028908833
2011-03-31 23:00:00,20.9472806881072
2011-04-20 00:00:00,17.9864650666342
2011-04-20 01:00:00,5.61383276276176
2011-04-20 02:00:00,3.11938192704447
2011-04-20 03:00:00,2.23393124506648
2011-04-20 04:00:00,2.81613779372184
2011-04-20 05:00:00,10.3085155272853
2011-04-20 06:00:00,52.0886519242163
2011-04-20 07:00:00,129.639529884679
2011-04-20 08:00:00,335.458811695694
2011-04-20 09:00:00,194.824876051959
2011-04-20 10:00:00,100.625379288787
2011-04-20 11:00:00,109.567679286734
2011-04-20 12:00:00,176.071111557204
2011-04-20 13:00:00,166.69924693995
2011-04-20 14:00:00,133.240618523112
2011-04-20 15:00:00,141.671603830007
2011-04-20 16:00:00,222.025226504339
2011-04-20 17:00:00,433.805637893773
2011-04-20 18:00:00,442.683307794268
2011-04-20 19:00:00,322.908322854347
2011-04-20 20:00:00,210.276529376552
2011-04-20 21:00:00,154.93132693926
2011-04-20 22:00:00,113.076578773166
2011-04-20 23:00:00,65.8443239507969
2011-04-21 00:00:00,26.0739531765431
2011-04-21 01:00:00,10.9959677129682
2011-04-21 02:00:00,7.24995138168389
2011-04-21 03:00:00,2.24702989909582
2011-04-21 04:00:00,2.61505338631392
2011-04-21 05:00:00,15.3255600801572
2011-04-21 06:00:00,68.7680803361761
2011-04-21 07:00:00,164.741156070216
2011-04-21 08:00:00,297.584348184888
2011-04-21 09:00:00,157.768288184522
2011-04-21 10:00:00,91.3425627495355
2011-04-21 11:00:00,105.138947170746
2011-04-21 12:00:00,157.147707829786
2011-04-21 13:00:00,152.971512124958
2011-04-21 14:00:00,144.139074670138
2011-04-21 15:00:00,143.515947892404
2011-04-21 16:00:00,207.514840236459
2011-04-21 17:00:00,367.32492467997
2011-04-21 18:00:00,374.09696234453
2011-04-21 19:00:00,255.590536719923
2011-04-21 20:00:00,190.394648909995
2011-04-21 21:00:00,124.132306645537
2011-04-21 22:00:00,101.867982364338
2011-04-21 23:00:00,59.5393338521641
2011-04-22 00:00:00,26.3794432399237
2011-04-22 01:00:00,11.4014844765943
2011-04-22 02:00:00,5.90479536464836
2011-04-22 03:00:00,3.15515520707596
2011-04-22 04:00:00,2.42807087005436
2011-04-22 05:00:00,11.2925953040733
2011-04-22 06:00:00,60.4316426677899
2011-04-22 07:00:00,143.262001350819
2011-04-22 08:00:00,278.308895860315
2011-04-22 09:00:00,115.533835137054
2011-04-22 10:00:00,97.0329830322492
2011-04-22 11:00:00,49.1376122180701
2011-04-22 12:00:00,63.3364525310487
2011-04-22 13:00:00,36.6240222906183
2011-04-22 14:00:00,28.0138352642936
2011-04-22 15:00:00,34.9401955480804
2011-04-22 16:00:00,65.0285276196214
2011-04-22 17:00:00,78.5790352814784
2011-04-22 18:00:00,74.7554443792395
2011-04-22 19:00:00,52.8154481346403
2011-04-22 20:00:00,42.772550022439
2011-04-22 21:00:00,43.715393623489
2011-04-22 22:00:00,45.9035604992943
2011-04-22 23:00:00,31.9296053268223
2011-04-23 00:00:00,28.5581019193407
2011-04-23 01:00:00,25.2108032902219
2011-04-23 02:00:00,18.932100672418
2011-04-23 03:00:00,9.72060818061811
2011-04-23 04:00:00,3.94411195243527
2011-04-23 05:00:00,3.92540054721129
2011-04-23 06:00:00,7.40424360622157
2011-04-23 07:00:00,12.4033546508014
2011-04-23 08:00:00,30.7795959068848
2011-04-23 09:00:00,49.3778714786571
2011-04-23 10:00:00,125.76438097448
2011-04-23 11:00:00,153.782759637106
2011-04-23 12:00:00,230.098025864337
2011-04-23 13:00:00,235.660372915771
2011-04-23 14:00:00,295.335406475015
2011-04-23 15:00:00,279.142682686459
2011-04-23 16:00:00,301.280272852404
2011-04-23 17:00:00,279.041289948703
2011-04-23 18:00:00,264.347596424441
2011-04-23 19:00:00,193.440339730287
2011-04-23 20:00:00,116.152522682098
2011-04-23 21:00:00,103.022795518381
2011-04-23 22:00:00,113.975352154479
2011-04-23 23:00:00,76.4668645315321
2011-04-24 00:00:00,73.5444198498044
2011-04-24 01:00:00,50.0628891375502
2011-04-24 02:00:00,37.5999312700289
2011-04-24 03:00:00,14.8139681625166
2011-04-24 04:00:00,5.76178954964568
2011-04-24 05:00:00,6.47844656244021
2011-04-24 06:00:00,12.6385419549054
2011-04-24 07:00:00,24.9990601632283
2011-04-24 08:00:00,61.1563812396887
2011-04-24 09:00:00,144.057985517134
2011-04-24 10:00:00,221.872230754475
2011-04-24 11:00:00,307.343957651874
2011-04-24 12:00:00,379.517189322895
2011-04-24 13:00:00,355.111735581497
2011-04-24 14:00:00,338.018989623474
2011-04-24 15:00:00,324.119058600127
2011-04-24 16:00:00,374.442677915634
2011-04-24 17:00:00,334.682187161071
2011-04-24 18:00:00,278.43169773778
2011-04-24 19:00:00,110.894811147458
2011-04-24 20:00:00,86.032989496908
2011-04-24 21:00:00,59.5989797121278
2011-04-24 22:00:00,54.0213299101911
2011-04-24 23:00:00,38.9641496106785
2011-04-25 00:00:00,14.0529513159918
2011-04-25 01:00:00,9.89745168897869
2011-04-25 02:00:00,7.53222485777289
2011-04-25 03:00:00,4.67976318510109
2011-04-25 04:00:00,5.0832216312165
2011-04-25 05:00:00,15.552727770309
2011-04-25 06:00:00,71.3061960382228
2011-04-25 07:00:00,154.422345961207
2011-04-25 08:00:00,385.32654517956
2011-04-25 09:00:00,197.636711820129
2011-04-25 10:00:00,109.497852866873
2011-04-25 11:00:00,122.813655540178
2011-04-25 12:00:00,151.55195265819
2011-04-25 13:00:00,156.751627085853
2011-04-25 14:00:00,149.401280974928
2011-04-25 15:00:00,146.84186807467
2011-04-25 16:00:00,237.714405324476
2011-04-25 17:00:00,421.915588559575
2011-04-25 18:00:00,407.34204582607
2011-04-25 19:00:00,277.238304130706
2011-04-25 20:00:00,188.536324543803
2011-04-25 21:00:00,140.569387554441
2011-04-25 22:00:00,94.2367843691492
2011-04-25 23:00:00,52.167006431633
2011-04-26 00:00:00,22.9750004490637
2011-04-26 01:00:00,9.67652110462321
2011-04-26 02:00:00,4.85741003827818
2011-04-26 03:00:00,3.35648536440987
2011-04-26 04:00:00,3.79453562225282
2011-04-26 05:00:00,17.448037950772
2011-04-26 06:00:00,85.0457678589497
2011-04-26 07:00:00,216.891698658282
2011-04-26 08:00:00,344.64026051823
2011-04-26 09:00:00,185.762750210146
2011-04-26 10:00:00,105.558087255355
2011-04-26 11:00:00,131.925087997655
2011-04-26 12:00:00,177.458178348151
2011-04-26 13:00:00,149.289803954938
2011-04-26 14:00:00,146.868766120879
2011-04-26 15:00:00,155.306811213587
2011-04-26 16:00:00,250.07631350747
2011-04-26 17:00:00,430.779674797108
2011-04-26 18:00:00,393.160481097915
2011-04-26 19:00:00,294.528583960848
2011-04-26 20:00:00,192.566309050665
2011-04-26 21:00:00,134.986755273675
2011-04-26 22:00:00,93.9417226712467
2011-04-26 23:00:00,45.0370793540071
2011-04-27 00:00:00,22.6475835679252
2011-04-27 01:00:00,9.23845176237841
2011-04-27 02:00:00,4.19053576032642
2011-04-27 03:00:00,2.78485130128756
2011-04-27 04:00:00,3.35771592813733
2011-04-27 05:00:00,12.4691439383599
2011-04-27 06:00:00,65.8131783517407
2011-04-27 07:00:00,194.949347635403
2011-04-27 08:00:00,299.779543264874
2011-04-27 09:00:00,117.951084216472
2011-04-27 10:00:00,79.2236458699132
2011-04-27 11:00:00,102.082580827284
2011-04-27 12:00:00,127.794214837038
2011-04-27 13:00:00,120.222774172883
2011-04-27 14:00:00,139.243649665453
2011-04-27 15:00:00,135.509685247224
2011-04-27 16:00:00,231.744097405164
2011-04-27 17:00:00,189.959874571675
2011-04-27 18:00:00,180.700402901641
2011-04-27 19:00:00,248.081678230911
2011-04-27 20:00:00,156.252891275313
2011-04-27 21:00:00,119.849261578605
2011-04-27 22:00:00,73.6235390125615
2011-04-27 23:00:00,32.8988005312015
2011-04-28 00:00:00,29.464334590723
2011-04-28 01:00:00,9.14712612599545
2011-04-28 02:00:00,3.72910240494729
2011-04-28 03:00:00,3.94692295183897
2011-04-28 04:00:00,2.99071039454708
2011-04-28 05:00:00,16.042715025645
2011-04-28 06:00:00,85.2478117693948
2011-04-28 07:00:00,247.029780694225
2011-04-28 08:00:00,393.827804311329
2011-04-28 09:00:00,126.674618413994
2011-04-28 10:00:00,81.591346341731
2011-04-28 11:00:00,90.3029535752991
2011-04-28 12:00:00,133.069098769276
2011-04-28 13:00:00,98.6855414610043
2011-04-28 14:00:00,99.1100633564964
2011-04-28 15:00:00,145.148420308665
2011-04-28 16:00:00,210.914795273999
2011-04-28 17:00:00,426.57185126987
2011-04-28 18:00:00,417.599654231562
2011-04-28 19:00:00,272.096209977364
2011-04-28 20:00:00,188.131901125333
2011-04-28 21:00:00,178.547925173109
2011-04-28 22:00:00,119.201683148211
2011-04-28 23:00:00,83.5356063303978
2011-04-29 00:00:00,43.6397756946944
2011-04-29 01:00:00,21.8501817121436
2011-04-29 02:00:00,13.3978518590618
2011-04-29 03:00:00,5.70033699772553
2011-04-29 04:00:00,5.3410630709567
2011-04-29 05:00:00,22.5659262740929
2011-04-29 06:00:00,100.437056995529
2011-04-29 07:00:00,248.842350861846
2011-04-29 08:00:00,501.503802163936
2011-04-29 09:00:00,238.785413051557
2011-04-29 10:00:00,138.494624811242
2011-04-29 11:00:00,144.523180736725
2011-04-29 12:00:00,204.610013543426
2011-04-29 13:00:00,192.044392401677
2011-04-29 14:00:00,174.242330646918
2011-04-29 15:00:00,155.835021644263
2011-04-29 16:00:00,232.413385067987
2011-04-29 17:00:00,405.963952408808
2011-04-29 18:00:00,377.38708184214
2011-04-29 19:00:00,262.554696871502
2011-04-29 20:00:00,177.10822329915
2011-04-29 21:00:00,122.328116410353
2011-04-29 22:00:00,97.0026045638943
2011-04-29 23:00:00,69.3330192459084
2011-04-30 00:00:00,53.6428455142422
2011-04-30 01:00:00,49.3825649854305
2011-04-30 02:00:00,38.3694176489502
2011-04-30 03:00:00,13.5857347944783
2011-04-30 04:00:00,4.50539663811739
2011-04-30 05:00:00,4.87044866101052
2011-04-30 06:00:00,10.5939512946643
2011-04-30 07:00:00,29.6308011367581
2011-04-30 08:00:00,75.669195063468
2011-04-30 09:00:00,104.419705886299
2011-04-30 10:00:00,211.409237228819
2011-04-30 11:00:00,250.683461753859
2011-04-30 12:00:00,317.193417208959
2011-04-30 13:00:00,321.93888374255
2011-04-30 14:00:00,312.607363955026
2011-04-30 15:00:00,351.566739624741
2011-04-30 16:00:00,337.79496374904
2011-04-30 17:00:00,300.595159620088
2011-04-30 18:00:00,271.949696908909
2011-04-30 19:00:00,227.467059750211
2011-04-30 20:00:00,128.818832805918
2011-04-30 21:00:00,107.937016810943
2011-04-30 22:00:00,87.2882208496291
2011-04-30 23:00:00,70.8324033149332
2011-05-20 00:00:00,42.1279139187816
2011-05-20 01:00:00,19.5190275042686
2011-05-20 02:00:00,12.7960053656159
2011-05-20 03:00:00,6.3955124279316
2011-05-20 04:00:00,5.31198090406025
2011-05-20 05:00:00,22.8075740132028
2011-05-20 06:00:00,106.859196283225
2011-05-20 07:00:00,309.819274240043
2011-05-20 08:00:00,549.142815244201
2011-05-20 09:00:00,273.642656289884
2011-05-20 10:00:00,161.999646061082
2011-05-20 11:00:00,177.460669356173
2011-05-20 12:00:00,234.572407913555
2011-05-20 13:00:00,173.757984315238
2011-05-20 14:00:00,213.133237045209
2011-05-20 15:00:00,218.993509842215
2011-05-20 16:00:00,338.141291590364
2011-05-20 17:00:00,536.014184607976
2011-05-20 18:00:00,536.964412551425
2011-05-20 19:00:00,372.872430160284
2011-05-20 20:00:00,261.163060423746
2011-05-20 21:00:00,208.833476373347
2011-05-20 22:00:00,172.987690211326
2011-05-20 23:00:00,122.618188061643
2011-05-21 00:00:00,103.789738068621
2011-05-21 01:00:00,77.2578003158741
2011-05-21 02:00:00,67.1258045144432
2011-05-21 03:00:00,26.105479369383
2011-05-21 04:00:00,7.26431013872096
2011-05-21 05:00:00,6.72454659919124
2011-05-21 06:00:00,26.5461407633081
2011-05-21 07:00:00,70.9766662334657
2011-05-21 08:00:00,137.605586433287
2011-05-21 09:00:00,206.968118456124
2011-05-21 10:00:00,285.155265135438
2011-05-21 11:00:00,386.070017214474
2011-05-21 12:00:00,439.565263025419
2011-05-21 13:00:00,443.013036993889
2011-05-21 14:00:00,463.335080106755
2011-05-21 15:00:00,478.615441520506
2011-05-21 16:00:00,434.614678547773
2011-05-21 17:00:00,393.887320875741
2011-05-21 18:00:00,371.942747609789
2011-05-21 19:00:00,331.088372956555
2011-05-21 20:00:00,208.743682163527
2011-05-21 21:00:00,188.059915074789
2011-05-21 22:00:00,159.870353576205
2011-05-21 23:00:00,131.355847607202
2011-05-22 00:00:00,105.226277724381
2011-05-22 01:00:00,67.3009993540095
2011-05-22 02:00:00,50.2004177913769
2011-05-22 03:00:00,28.2465837094929
2011-05-22 04:00:00,11.3379877386566
2011-05-22 05:00:00,11.7713507180059
2011-05-22 06:00:00,17.7240623128675
2011-05-22 07:00:00,53.2326365882441
2011-05-22 08:00:00,113.394626924556
2011-05-22 09:00:00,181.116726246391
2011-05-22 10:00:00,287.625424979077
2011-05-22 11:00:00,365.006599112192
2011-05-22 12:00:00,405.742919032583
2011-05-22 13:00:00,387.18508628887
2011-05-22 14:00:00,265.175534825786
2011-05-22 15:00:00,374.023745275348
2011-05-22 16:00:00,437.568246823598
2011-05-22 17:00:00,415.091917340623
2011-05-22 18:00:00,349.309149709076
2011-05-22 19:00:00,298.004432292036
2011-05-22 20:00:00,225.395479373921
2011-05-22 21:00:00,167.914784934671
2011-05-22 22:00:00,133.62379269157
2011-05-22 23:00:00,71.8420334692004
2011-05-23 00:00:00,31.0797807628752
2011-05-23 01:00:00,16.2233561554538
2011-05-23 02:00:00,8.30467285224045
2011-05-23 03:00:00,3.44575495505062
2011-05-23 04:00:00,5.05061754326155
2011-05-23 05:00:00,20.7413339813881
2011-05-23 06:00:00,87.9798857339242
2011-05-23 07:00:00,223.840852767153
2011-05-23 08:00:00,420.720845545758
2011-05-23 09:00:00,199.034212256255
2011-05-23 10:00:00,134.502362501068
2011-05-23 11:00:00,148.940936486944
2011-05-23 12:00:00,194.358731968774
2011-05-23 13:00:00,191.995822983858
2011-05-23 14:00:00,180.941686228841
2011-05-23 15:00:00,186.260040071633
2011-05-23 16:00:00,283.390793743018
2011-05-23 17:00:00,380.00343814934
2011-05-23 18:00:00,496.188469749202
2011-05-23 19:00:00,387.492513674139
2011-05-23 20:00:00,213.931402311236
2011-05-23 21:00:00,162.164020026498
2011-05-23 22:00:00,99.9736241089307
2011-05-23 23:00:00,60.8531868391175
2011-05-24 00:00:00,24.7704699005388
2011-05-24 01:00:00,10.8504742064215
2011-05-24 02:00:00,7.09673119455592
2011-05-24 03:00:00,3.79864461181178
2011-05-24 04:00:00,5.02033796553962
2011-05-24 05:00:00,18.3174317045367
2011-05-24 06:00:00,78.0514068056471
2011-05-24 07:00:00,253.432502982265
2011-05-24 08:00:00,322.913947085339
2011-05-24 09:00:00,257.388140123434
2011-05-24 10:00:00,147.103626010195
2011-05-24 11:00:00,163.169217303919
2011-05-24 12:00:00,209.588895102096
2011-05-24 13:00:00,187.70897437507
2011-05-24 14:00:00,168.700060847612
2011-05-24 15:00:00,175.121224128506
2011-05-24 16:00:00,300.65528230372
2011-05-24 17:00:00,549.540509613031
2011-05-24 18:00:00,549.014169542936
2011-05-24 19:00:00,402.731403607646
2011-05-24 20:00:00,266.723388196759
2011-05-24 21:00:00,191.716661134376
2011-05-24 22:00:00,99.2997932349838
2011-05-24 23:00:00,87.9518146597216
2011-05-25 00:00:00,28.283460324737
2011-05-25 01:00:00,13.0990870138934
2011-05-25 02:00:00,6.06674473320155
2011-05-25 03:00:00,6.11880669527944
2011-05-25 04:00:00,6.08630083441446
2011-05-25 05:00:00,25.8938375526173
2011-05-25 06:00:00,87.5691295098433
2011-05-25 07:00:00,352.982817386666
2011-05-25 08:00:00,522.135664564385
2011-05-25 09:00:00,262.655267864923
2011-05-25 10:00:00,144.150684562306
2011-05-25 11:00:00,149.244986599442
2011-05-25 12:00:00,196.74034063335
2011-05-25 13:00:00,187.904426695277
2011-05-25 14:00:00,171.116247847205
2011-05-25 15:00:00,182.024497865615
2011-05-25 16:00:00,268.639303416904
2011-05-25 17:00:00,521.374510447054
2011-05-25 18:00:00,537.697904737704
2011-05-25 19:00:00,393.56982159815
2011-05-25 20:00:00,269.610299736225
2011-05-25 21:00:00,220.715641836555
2011-05-25 22:00:00,162.288223706062
2011-05-25 23:00:00,104.712186065173
2011-05-26 00:00:00,48.3126792411003
2011-05-26 01:00:00,22.1595157640913
2011-05-26 02:00:00,8.99753291143591
2011-05-26 03:00:00,5.52279066128141
2011-05-26 04:00:00,5.82955763329543
2011-05-26 05:00:00,23.6123638055023
2011-05-26 06:00:00,97.6831150154817
2011-05-26 07:00:00,226.81876014502
2011-05-26 08:00:00,480.995376460986
2011-05-26 09:00:00,290.186970890367
2011-05-26 10:00:00,149.367879807837
2011-05-26 11:00:00,172.860761151893
2011-05-26 12:00:00,190.843903546472
2011-05-26 13:00:00,178.728531043247
2011-05-26 14:00:00,167.515242307587
2011-05-26 15:00:00,174.132333993277
2011-05-26 16:00:00,280.847989140574
2011-05-26 17:00:00,517.121773858328
2011-05-26 18:00:00,495.083427060653
2011-05-26 19:00:00,362.183367082211
2011-05-26 20:00:00,296.187827489004
2011-05-26 21:00:00,261.117134029324
2011-05-26 22:00:00,204.19674762699
2011-05-26 23:00:00,133.923884983772
2011-05-27 00:00:00,64.7151695164002
2011-05-27 01:00:00,28.8576521285168
2011-05-27 02:00:00,16.687192765426
2011-05-27 03:00:00,10.3007605730182
2011-05-27 04:00:00,8.84145184397636
2011-05-27 05:00:00,36.0378648248873
2011-05-27 06:00:00,147.7169004081
2011-05-27 07:00:00,370.837757988744
2011-05-27 08:00:00,592.148044561399
2011-05-27 09:00:00,319.768705018849
2011-05-27 10:00:00,172.402699573521
2011-05-27 11:00:00,182.295160697223
2011-05-27 12:00:00,230.162683008882
2011-05-27 13:00:00,231.403712531863
2011-05-27 14:00:00,222.139560891028
2011-05-27 15:00:00,211.99799919189
2011-05-27 16:00:00,337.550480188944
2011-05-27 17:00:00,566.343089698093
2011-05-27 18:00:00,545.963767798604
2011-05-27 19:00:00,245.63872539789
2011-05-27 20:00:00,230.272031753044
2011-05-27 21:00:00,204.706090423074
2011-05-27 22:00:00,196.274738786945
2011-05-27 23:00:00,126.677042365169
2011-05-28 00:00:00,120.006208294557
2011-05-28 01:00:00,87.7587158682736
2011-05-28 02:00:00,60.4442856239028
2011-05-28 03:00:00,29.9852643244309
2011-05-28 04:00:00,9.8999637517277
2011-05-28 05:00:00,11.5527256968988
2011-05-28 06:00:00,27.2771475960182
2011-05-28 07:00:00,60.193087622838
2011-05-28 08:00:00,145.17656627911
2011-05-28 09:00:00,238.759499019988
2011-05-28 10:00:00,344.473883395668
2011-05-28 11:00:00,395.922396353767
2011-05-28 12:00:00,457.500249058863
2011-05-28 13:00:00,460.658673553075
2011-05-28 14:00:00,409.629377475182
2011-05-28 15:00:00,423.521557739254
2011-05-28 16:00:00,455.648530531119
2011-05-28 17:00:00,404.327634606417
2011-05-28 18:00:00,409.934767313264
2011-05-28 19:00:00,355.164101531126
2011-05-28 20:00:00,273.08585820034
2011-05-28 21:00:00,221.324115862876
2011-05-28 22:00:00,190.589648680225
2011-05-28 23:00:00,130.772102056982
2011-05-29 00:00:00,118.298075240795
2011-05-29 01:00:00,83.857586499309
2011-05-29 02:00:00,51.5345101690569
2011-05-29 03:00:00,28.8051841724628
2011-05-29 04:00:00,11.2709283167773
2011-05-29 05:00:00,9.77005582678113
2011-05-29 06:00:00,18.4883245143934
2011-05-29 07:00:00,40.5778137174677
2011-05-29 08:00:00,77.3774814189705
2011-05-29 09:00:00,95.2781465012454
2011-05-29 10:00:00,225.822697453114
2011-05-29 11:00:00,248.1623312052
2011-05-29 12:00:00,381.922385645689
2011-05-29 13:00:00,400.114540308608
2011-05-29 14:00:00,381.347876705375
2011-05-29 15:00:00,371.811501015858
2011-05-29 16:00:00,417.777634417222
2011-05-29 17:00:00,392.012464676345
2011-05-29 18:00:00,370.227704353488
2011-05-29 19:00:00,319.061366365351
2011-05-29 20:00:00,206.973649504174
2011-05-29 21:00:00,190.105098989391
2011-05-29 22:00:00,139.212426378454
2011-05-29 23:00:00,101.211623134162
2011-05-30 00:00:00,58.0742696973309
2011-05-30 01:00:00,41.2028668006808
2011-05-30 02:00:00,27.5897106582498
2011-05-30 03:00:00,15.1757666179448
2011-05-30 04:00:00,7.82069564743703
2011-05-30 05:00:00,12.4005679072919
2011-05-30 06:00:00,29.2621687647031
2011-05-30 07:00:00,77.2191886572951
2011-05-30 08:00:00,172.436034382874
2011-05-30 09:00:00,262.487876174518
2011-05-30 10:00:00,200.808575285837
2011-05-30 11:00:00,234.29392476577
2011-05-30 12:00:00,324.363361344395
2011-05-30 13:00:00,300.12925624073
2011-05-30 14:00:00,257.211882892391
2011-05-30 15:00:00,250.58364038624
2011-05-30 16:00:00,301.407256112948
2011-05-30 17:00:00,399.787251848665
2011-05-30 18:00:00,395.575750996962
2011-05-30 19:00:00,248.313174773764
2011-05-30 20:00:00,266.693037848973
2011-05-30 21:00:00,280.33582614681
2011-05-30 22:00:00,183.739889458182
2011-05-30 23:00:00,85.4137234738741
2011-05-31 00:00:00,34.8176318127476
2011-05-31 01:00:00,15.7449554274452
2011-05-31 02:00:00,7.06668690277617
2011-05-31 03:00:00,3.82121346740436
2011-05-31 04:00:00,5.44877147323361
2011-05-31 05:00:00,28.7315371161135
2011-05-31 06:00:00,123.137901470079
2011-05-31 07:00:00,319.245250767156
2011-05-31 08:00:00,428.767144675474
2011-05-31 09:00:00,225.429748100291
2011-05-31 10:00:00,130.770559541784
2011-05-31 11:00:00,145.47106278575
2011-05-31 12:00:00,186.664031268738
2011-05-31 13:00:00,161.620093265899
2011-05-31 14:00:00,156.634891013458
2011-05-31 15:00:00,166.953275551
2011-05-31 16:00:00,252.774680657229
2011-05-31 17:00:00,528.141677679051
2011-05-31 18:00:00,512.539727247899
2011-05-31 19:00:00,371.941257333547
2011-05-31 20:00:00,271.491678984398
2011-05-31 21:00:00,237.511548013492
2011-05-31 22:00:00,167.34108128775
2011-05-31 23:00:00,98.8328716763759
2011-06-20 00:00:00,26.3356343311523
2011-06-20 01:00:00,13.1088068402092
2011-06-20 02:00:00,7.74278366502111
2011-06-20 03:00:00,4.29567924616826
2011-06-20 04:00:00,4.02538477624154
2011-06-20 05:00:00,22.0502599837379
2011-06-20 06:00:00,86.7930052139165
2011-06-20 07:00:00,160.778394796097
2011-06-20 08:00:00,289.220864635465
2011-06-20 09:00:00,186.9542295785
2011-06-20 10:00:00,105.324968544849
2011-06-20 11:00:00,133.421849155827
2011-06-20 12:00:00,148.762406912748
2011-06-20 13:00:00,178.794247222467
2011-06-20 14:00:00,186.082039509069
2011-06-20 15:00:00,177.14947067227
2011-06-20 16:00:00,250.622873410375
2011-06-20 17:00:00,488.133742096467
2011-06-20 18:00:00,487.290233918157
2011-06-20 19:00:00,347.03710035238
2011-06-20 20:00:00,252.985222349588
2011-06-20 21:00:00,197.121584922746
2011-06-20 22:00:00,134.40730213229
2011-06-20 23:00:00,74.5392854490428
2011-06-21 00:00:00,32.1162615685353
2011-06-21 01:00:00,13.2977571227281
2011-06-21 02:00:00,4.83222788806562
2011-06-21 03:00:00,3.48080449059958
2011-06-21 04:00:00,4.30769049227224
2011-06-21 05:00:00,22.0822228809093
2011-06-21 06:00:00,84.9149247815614
2011-06-21 07:00:00,127.308163267439
2011-06-21 08:00:00,306.420744942035
2011-06-21 09:00:00,160.010230235312
2011-06-21 10:00:00,101.399152079757
2011-06-21 11:00:00,107.153010375617
2011-06-21 12:00:00,166.430739310822
2011-06-21 13:00:00,172.832433370472
2011-06-21 14:00:00,192.160291187888
2011-06-21 15:00:00,177.17501454123
2011-06-21 16:00:00,284.358874156963
2011-06-21 17:00:00,522.497671523984
2011-06-21 18:00:00,527.970727770579
2011-06-21 19:00:00,407.046402355201
2011-06-21 20:00:00,265.653289375595
2011-06-21 21:00:00,228.421419826702
2011-06-21 22:00:00,145.828844896627
2011-06-21 23:00:00,88.8991415060651
2011-06-22 00:00:00,33.938497891603
2011-06-22 01:00:00,14.4773234737541
2011-06-22 02:00:00,7.019234955131
2011-06-22 03:00:00,5.52363592425531
2011-06-22 04:00:00,4.88351429091032
2011-06-22 05:00:00,24.3157295983859
2011-06-22 06:00:00,107.718313869932
2011-06-22 07:00:00,275.011212198602
2011-06-22 08:00:00,435.051200589893
2011-06-22 09:00:00,210.752737070204
2011-06-22 10:00:00,124.902609940309
2011-06-22 11:00:00,137.893861858454
2011-06-22 12:00:00,175.397210207958
2011-06-22 13:00:00,157.892849797107
2011-06-22 14:00:00,158.92975378751
2011-06-22 15:00:00,166.047276622293
2011-06-22 16:00:00,269.513511166864
2011-06-22 17:00:00,500.178706758867
2011-06-22 18:00:00,492.59912509913
2011-06-22 19:00:00,365.395747036692
2011-06-22 20:00:00,293.273310042811
2011-06-22 21:00:00,217.065970045924
2011-06-22 22:00:00,156.761306233861
2011-06-22 23:00:00,83.9228952069516
2011-06-23 00:00:00,36.2467093192312
2011-06-23 01:00:00,17.5002873093718
2011-06-23 02:00:00,9.71462943857413
2011-06-23 03:00:00,5.27383616372833
2011-06-23 04:00:00,5.99484432648626
2011-06-23 05:00:00,27.4766636084033
2011-06-23 06:00:00,128.096613822079
2011-06-23 07:00:00,313.855109290374
2011-06-23 08:00:00,420.625796879671
2011-06-23 09:00:00,207.100275399808
2011-06-23 10:00:00,135.619787528235
2011-06-23 11:00:00,157.814182503415
2011-06-23 12:00:00,198.736987800701
2011-06-23 13:00:00,190.767485243389
2011-06-23 14:00:00,178.001884926329
2011-06-23 15:00:00,173.032707728412
2011-06-23 16:00:00,292.15361359138
2011-06-23 17:00:00,453.762545680432
2011-06-23 18:00:00,482.44099837555
2011-06-23 19:00:00,351.851781421765
2011-06-23 20:00:00,289.238317040469
2011-06-23 21:00:00,223.691230087165
2011-06-23 22:00:00,171.684582334012
2011-06-23 23:00:00,103.187738432219
2011-06-24 00:00:00,57.3555317761137
2011-06-24 01:00:00,22.4127221816943
2011-06-24 02:00:00,12.3482157576261
2011-06-24 03:00:00,6.81962026488071
2011-06-24 04:00:00,6.73999777318966
2011-06-24 05:00:00,27.0354980468819
2011-06-24 06:00:00,115.150270256227
2011-06-24 07:00:00,267.048484992772
2011-06-24 08:00:00,502.514438845613
2011-06-24 09:00:00,254.970311077312
2011-06-24 10:00:00,147.296085488696
2011-06-24 11:00:00,187.907195714439
2011-06-24 12:00:00,231.788938897128
2011-06-24 13:00:00,233.268108220533
2011-06-24 14:00:00,207.981767475476
2011-06-24 15:00:00,224.907833698597
2011-06-24 16:00:00,351.183587206603
2011-06-24 17:00:00,632.017872599546
2011-06-24 18:00:00,577.066246253413
2011-06-24 19:00:00,423.739858470644
2011-06-24 20:00:00,293.935632318145
2011-06-24 21:00:00,229.059709188731
2011-06-24 22:00:00,193.397257496785
2011-06-24 23:00:00,137.848146912933
2011-06-25 00:00:00,132.717018244141
2011-06-25 01:00:00,96.2810475635832
2011-06-25 02:00:00,60.0394296707731
2011-06-25 03:00:00,33.8973572902886
2011-06-25 04:00:00,10.2555208500218
2011-06-25 05:00:00,9.61895146467899
2011-06-25 06:00:00,24.4096921029985
2011-06-25 07:00:00,64.0425623377234
2011-06-25 08:00:00,158.539156325518
2011-06-25 09:00:00,232.409778859046
2011-06-25 10:00:00,307.416219000769
2011-06-25 11:00:00,335.803804356606
2011-06-25 12:00:00,437.688173170591
2011-06-25 13:00:00,427.5152190743
2011-06-25 14:00:00,398.608347701461
2011-06-25 15:00:00,385.007465132761
2011-06-25 16:00:00,435.604620817295
2011-06-25 17:00:00,397.084714524882
2011-06-25 18:00:00,410.673571035715
2011-06-25 19:00:00,342.289440713166
2011-06-25 20:00:00,265.568296228405
2011-06-25 21:00:00,213.801857354695
2011-06-25 22:00:00,199.856195794789
2011-06-25 23:00:00,116.111225755322
2011-06-26 00:00:00,126.079507832654
2011-06-26 01:00:00,97.1061025227362
2011-06-26 02:00:00,69.4448724520294
2011-06-26 03:00:00,27.4078172734914
2011-06-26 04:00:00,9.72989754462698
2011-06-26 05:00:00,8.97090565737042
2011-06-26 06:00:00,16.8545599609768
2011-06-26 07:00:00,39.0746905903101
2011-06-26 08:00:00,96.1228896338366
2011-06-26 09:00:00,174.185212061809
2011-06-26 10:00:00,262.921082570304
2011-06-26 11:00:00,320.793560666772
2011-06-26 12:00:00,393.000966917401
2011-06-26 13:00:00,377.253335019055
2011-06-26 14:00:00,370.683371962378
2011-06-26 15:00:00,374.832085828542
2011-06-26 16:00:00,406.876962245058
2011-06-26 17:00:00,352.985802359359
2011-06-26 18:00:00,344.66927308563
2011-06-26 19:00:00,283.88669274465
2011-06-26 20:00:00,202.623019609446
2011-06-26 21:00:00,171.873808811523
2011-06-26 22:00:00,140.81901838551
2011-06-26 23:00:00,95.922762351601
2011-06-27 00:00:00,34.4883519693178
2011-06-27 01:00:00,13.2477051494198
2011-06-27 02:00:00,8.50291422698211
2011-06-27 03:00:00,5.73415035008777
2011-06-27 04:00:00,5.12265786736598
2011-06-27 05:00:00,23.593235390568
2011-06-27 06:00:00,116.355011926378
2011-06-27 07:00:00,273.668998667606
2011-06-27 08:00:00,415.402506093947
2011-06-27 09:00:00,215.778922153529
2011-06-27 10:00:00,126.531709839482
2011-06-27 11:00:00,134.452515799725
2011-06-27 12:00:00,186.434502221843
2011-06-27 13:00:00,174.037244396094
2011-06-27 14:00:00,166.307602018239
2011-06-27 15:00:00,182.748668571995
2011-06-27 16:00:00,295.178767120927
2011-06-27 17:00:00,514.002680652152
2011-06-27 18:00:00,517.223359776124
2011-06-27 19:00:00,396.468465312411
2011-06-27 20:00:00,271.602066980317
2011-06-27 21:00:00,209.80098638458
2011-06-27 22:00:00,146.360761469
2011-06-27 23:00:00,85.5606578067217
2011-06-28 00:00:00,30.3791019924081
2011-06-28 01:00:00,15.2075404350561
2011-06-28 02:00:00,8.25267091025944
2011-06-28 03:00:00,5.95155641632658
2011-06-28 04:00:00,6.0960114543208
2011-06-28 05:00:00,31.0233206055488
2011-06-28 06:00:00,107.045058753868
2011-06-28 07:00:00,296.000338935792
2011-06-28 08:00:00,397.484270586828
2011-06-28 09:00:00,206.260838543309
2011-06-28 10:00:00,125.477236189084
2011-06-28 11:00:00,133.768548321838
2011-06-28 12:00:00,173.212723036458
2011-06-28 13:00:00,164.847940090603
2011-06-28 14:00:00,152.343817212087
2011-06-28 15:00:00,153.126700102989
2011-06-28 16:00:00,263.410808105641
2011-06-28 17:00:00,486.186226614315
2011-06-28 18:00:00,480.155169550326
2011-06-28 19:00:00,364.90316471017
2011-06-28 20:00:00,293.802276685756
2011-06-28 21:00:00,235.379996434422
2011-06-28 22:00:00,150.285855670436
2011-06-28 23:00:00,94.5107883765426
2011-06-29 00:00:00,35.6561051584753
2011-06-29 01:00:00,14.8812678936314
2011-06-29 02:00:00,6.8895592125482
2011-06-29 03:00:00,4.75892653967503
2011-06-29 04:00:00,5.52108077540302
2011-06-29 05:00:00,29.2005211211752
2011-06-29 06:00:00,117.416874783064
2011-06-29 07:00:00,305.138535165374
2011-06-29 08:00:00,471.129741465357
2011-06-29 09:00:00,250.268577817015
2011-06-29 10:00:00,131.759201006023
2011-06-29 11:00:00,163.821878985866
2011-06-29 12:00:00,206.978833187204
2011-06-29 13:00:00,180.333521468971
2011-06-29 14:00:00,174.327445393528
2011-06-29 15:00:00,169.778185202402
2011-06-29 16:00:00,290.804725450763
2011-06-29 17:00:00,568.222824970254
2011-06-29 18:00:00,508.688976864825
2011-06-29 19:00:00,420.9412723482
2011-06-29 20:00:00,319.264799646297
2011-06-29 21:00:00,233.810468074276
2011-06-29 22:00:00,177.939109128053
2011-06-29 23:00:00,109.527717344431
2011-06-30 00:00:00,41.0327328619162
2011-06-30 01:00:00,17.598369234297
2011-06-30 02:00:00,9.43945235958311
2011-06-30 03:00:00,5.32569379748557
2011-06-30 04:00:00,6.86494452669709
2011-06-30 05:00:00,25.6139972635074
2011-06-30 06:00:00,121.548480784748
2011-06-30 07:00:00,311.427318460838
2011-06-30 08:00:00,467.72172206332
2011-06-30 09:00:00,244.926962637176
2011-06-30 10:00:00,138.756429928696
2011-06-30 11:00:00,164.560151656253
2011-06-30 12:00:00,201.323956717517
2011-06-30 13:00:00,200.861815736704
2011-06-30 14:00:00,177.617119426393
2011-06-30 15:00:00,197.885170437599
2011-06-30 16:00:00,303.714592587311
2011-06-30 17:00:00,527.967077461976
2011-06-30 18:00:00,556.481120953307
2011-06-30 19:00:00,424.285149821175
2011-06-30 20:00:00,314.84388468372
2011-06-30 21:00:00,226.520837135244
2011-06-30 22:00:00,179.719169329703
2011-06-30 23:00:00,113.799436312092
2011-07-20 00:00:00,35.9901040032882
2011-07-20 01:00:00,14.7929731315828
2011-07-20 02:00:00,7.40231786251821
2011-07-20 03:00:00,5.77531227259834
2011-07-20 04:00:00,5.45156649459988
2011-07-20 05:00:00,27.4578428176939
2011-07-20 06:00:00,89.8911674685815
2011-07-20 07:00:00,272.581441370615
2011-07-20 08:00:00,417.010490207482
2011-07-20 09:00:00,197.153325274905
2011-07-20 10:00:00,115.890119459341
2011-07-20 11:00:00,128.994141037807
2011-07-20 12:00:00,160.746575063957
2011-07-20 13:00:00,164.432430181419
2011-07-20 14:00:00,156.036991759862
2011-07-20 15:00:00,160.993188459159
2011-07-20 16:00:00,234.681096759625
2011-07-20 17:00:00,478.935525257659
2011-07-20 18:00:00,483.205913520374
2011-07-20 19:00:00,385.311943818764
2011-07-20 20:00:00,309.902165810096
2011-07-20 21:00:00,258.509505813258
2011-07-20 22:00:00,170.098446094283
2011-07-20 23:00:00,103.906403102359
2011-07-21 00:00:00,39.6568276557154
2011-07-21 01:00:00,16.236352863251
2011-07-21 02:00:00,9.12043667872477
2011-07-21 03:00:00,5.67421301325813
2011-07-21 04:00:00,6.19884615910619
2011-07-21 05:00:00,28.0131031442145
2011-07-21 06:00:00,121.137059075815
2011-07-21 07:00:00,251.69393593126
2011-07-21 08:00:00,440.874899274235
2011-07-21 09:00:00,214.013506847302
2011-07-21 10:00:00,121.565630941145
2011-07-21 11:00:00,129.046652634804
2011-07-21 12:00:00,149.303348682387
2011-07-21 13:00:00,144.469889270406
2011-07-21 14:00:00,132.605971198056
2011-07-21 15:00:00,147.270385216349
2011-07-21 16:00:00,218.82316236629
2011-07-21 17:00:00,424.296090932732
2011-07-21 18:00:00,386.725448347801
2011-07-21 19:00:00,339.691484730025
2011-07-21 20:00:00,263.436453284328
2011-07-21 21:00:00,232.506356724985
2011-07-21 22:00:00,158.518858141817
2011-07-21 23:00:00,122.690222408807
2011-07-22 00:00:00,53.9173866280893
2011-07-22 01:00:00,21.7893082688735
2011-07-22 02:00:00,14.1222275555103
2011-07-22 03:00:00,7.8746250315258
2011-07-22 04:00:00,7.64261740126374
2011-07-22 05:00:00,28.50161161292
2011-07-22 06:00:00,110.403590057286
2011-07-22 07:00:00,284.343029588803
2011-07-22 08:00:00,374.670679870613
2011-07-22 09:00:00,187.714220972651
2011-07-22 10:00:00,114.180759271536
2011-07-22 11:00:00,133.941591478348
2011-07-22 12:00:00,156.401502723341
2011-07-22 13:00:00,151.758980734097
2011-07-22 14:00:00,149.438615085501
2011-07-22 15:00:00,153.212995655566
2011-07-22 16:00:00,199.021232957409
2011-07-22 17:00:00,430.796214607043
2011-07-22 18:00:00,434.182473699235
2011-07-22 19:00:00,344.455244338779
2011-07-22 20:00:00,279.479339870643
2011-07-22 21:00:00,241.513591347309
2011-07-22 22:00:00,183.896736896384
2011-07-22 23:00:00,139.943729772917
2011-07-23 00:00:00,135.81039207996
2011-07-23 01:00:00,86.0156999700846
2011-07-23 02:00:00,55.5493388799561
2011-07-23 03:00:00,34.5251388538844
2011-07-23 04:00:00,11.0882252393686
2011-07-23 05:00:00,10.9094098935661
2011-07-23 06:00:00,18.6170953104609
2011-07-23 07:00:00,61.8326921651675
2011-07-23 08:00:00,133.037116995594
2011-07-23 09:00:00,168.658542833913
2011-07-23 10:00:00,255.047506467025
2011-07-23 11:00:00,283.762865088519
2011-07-23 12:00:00,286.837458037976
2011-07-23 13:00:00,253.259721757846
2011-07-23 14:00:00,271.533815886369
2011-07-23 15:00:00,261.936142996017
2011-07-23 16:00:00,265.411108534514
2011-07-23 17:00:00,245.636558784859
2011-07-23 18:00:00,283.087098669835
2011-07-23 19:00:00,318.229940328975
2011-07-23 20:00:00,274.661666709822
2011-07-23 21:00:00,249.01756702661
2011-07-23 22:00:00,210.452390557577
2011-07-23 23:00:00,168.643434225837
2011-07-24 00:00:00,137.867274965272
2011-07-24 01:00:00,88.3676720854101
2011-07-24 02:00:00,58.0331103105039
2011-07-24 03:00:00,32.8977629115778
2011-07-24 04:00:00,11.6804768706837
2011-07-24 05:00:00,11.2820269257696
2011-07-24 06:00:00,17.9131773914133
2011-07-24 07:00:00,48.8945083652192
2011-07-24 08:00:00,108.189095601977
2011-07-24 09:00:00,179.273552000451
2011-07-24 10:00:00,231.063968696348
2011-07-24 11:00:00,304.612726031939
2011-07-24 12:00:00,260.763650919296
2011-07-24 13:00:00,323.482126758316
2011-07-24 14:00:00,310.831007986482
2011-07-24 15:00:00,291.88901846701
2011-07-24 16:00:00,318.7241586066
2011-07-24 17:00:00,288.860613490971
2011-07-24 18:00:00,271.534161214185
2011-07-24 19:00:00,280.039833776813
2011-07-24 20:00:00,231.388824901539
2011-07-24 21:00:00,212.411509619474
2011-07-24 22:00:00,143.511780690613
2011-07-24 23:00:00,95.1796728972318
2011-07-25 00:00:00,35.447839357078
2011-07-25 01:00:00,15.1566652902936
2011-07-25 02:00:00,9.37133365591478
2011-07-25 03:00:00,6.41408774499763
2011-07-25 04:00:00,5.09442933764558
2011-07-25 05:00:00,21.6021908602767
2011-07-25 06:00:00,87.8256123521484
2011-07-25 07:00:00,260.209241941304
2011-07-25 08:00:00,400.015050892514
2011-07-25 09:00:00,189.981656468001
2011-07-25 10:00:00,122.919966094425
2011-07-25 11:00:00,128.356355854799
2011-07-25 12:00:00,158.897272186846
2011-07-25 13:00:00,159.48657788686
2011-07-25 14:00:00,132.90982888891
2011-07-25 15:00:00,113.738840090744
2011-07-25 16:00:00,199.886529077866
2011-07-25 17:00:00,462.753209197441
2011-07-25 18:00:00,476.813131131776
2011-07-25 19:00:00,358.201834429011
2011-07-25 20:00:00,245.139164665222
2011-07-25 21:00:00,153.787556769685
2011-07-25 22:00:00,113.817000063624
2011-07-25 23:00:00,65.8870708286075
2011-07-26 00:00:00,30.6190691214931
2011-07-26 01:00:00,13.2742787803817
2011-07-26 02:00:00,7.17697165464348
2011-07-26 03:00:00,5.85423961966926
2011-07-26 04:00:00,7.15938814145625
2011-07-26 05:00:00,24.226415204079
2011-07-26 06:00:00,116.117741115109
2011-07-26 07:00:00,310.720172077168
2011-07-26 08:00:00,432.253183534553
2011-07-26 09:00:00,223.214029835103
2011-07-26 10:00:00,139.311167579664
2011-07-26 11:00:00,146.648541713933
2011-07-26 12:00:00,199.007103856552
2011-07-26 13:00:00,177.344966926135
2011-07-26 14:00:00,160.137478799266
2011-07-26 15:00:00,169.930245614933
2011-07-26 16:00:00,266.374556424556
2011-07-26 17:00:00,519.34593468583
2011-07-26 18:00:00,501.42025498885
2011-07-26 19:00:00,389.182295588208
2011-07-26 20:00:00,296.225216039672
2011-07-26 21:00:00,260.81270709187
2011-07-26 22:00:00,163.818128506681
2011-07-26 23:00:00,104.689133776632
2011-07-27 00:00:00,38.1452902158474
2011-07-27 01:00:00,13.7288907744506
2011-07-27 02:00:00,6.10695890925879
2011-07-27 03:00:00,6.72368591945524
2011-07-27 04:00:00,5.99855726491071
2011-07-27 05:00:00,29.5450393236055
2011-07-27 06:00:00,131.241313081911
2011-07-27 07:00:00,328.881930243986
2011-07-27 08:00:00,427.150749018167
2011-07-27 09:00:00,228.73430469716
2011-07-27 10:00:00,114.767211745816
2011-07-27 11:00:00,131.807666042515
2011-07-27 12:00:00,195.531702721305
2011-07-27 13:00:00,174.149158941616
2011-07-27 14:00:00,173.413367683708
2011-07-27 15:00:00,178.546058243489
2011-07-27 16:00:00,292.973265902598
2011-07-27 17:00:00,547.25448349828
2011-07-27 18:00:00,544.803829742357
2011-07-27 19:00:00,337.10297275264
2011-07-27 20:00:00,291.987899491374
2011-07-27 21:00:00,218.423943256532
2011-07-27 22:00:00,152.573930376888
2011-07-27 23:00:00,88.3641495850495
2011-07-28 00:00:00,47.7334327763566
2011-07-28 01:00:00,21.3348877824502
2011-07-28 02:00:00,12.1161985307557
2011-07-28 03:00:00,6.54872273517223
2011-07-28 04:00:00,6.44480293467934
2011-07-28 05:00:00,30.3072351566999
2011-07-28 06:00:00,120.359887154637
2011-07-28 07:00:00,356.063604222958
2011-07-28 08:00:00,445.125687340711
2011-07-28 09:00:00,216.503927230954
2011-07-28 10:00:00,133.50234799481
2011-07-28 11:00:00,142.81862747845
2011-07-28 12:00:00,185.845069685584
2011-07-28 13:00:00,164.172768481672
2011-07-28 14:00:00,161.457199437478
2011-07-28 15:00:00,160.289926559988
2011-07-28 16:00:00,251.421345167311
2011-07-28 17:00:00,501.004079222525
2011-07-28 18:00:00,485.217402585059
2011-07-28 19:00:00,398.808795190474
2011-07-28 20:00:00,304.628084374159
2011-07-28 21:00:00,240.537610590115
2011-07-28 22:00:00,166.925400408752
2011-07-28 23:00:00,118.399590618877
2011-07-29 00:00:00,56.9929275199494
2011-07-29 01:00:00,23.8098895113
2011-07-29 02:00:00,14.6230231637742
2011-07-29 03:00:00,7.95924753955549
2011-07-29 04:00:00,7.25747197836326
2011-07-29 05:00:00,32.566981991521
2011-07-29 06:00:00,125.724647114654
2011-07-29 07:00:00,275.094345713199
2011-07-29 08:00:00,456.942382134263
2011-07-29 09:00:00,214.735398369397
2011-07-29 10:00:00,119.860548484058
2011-07-29 11:00:00,146.794027845737
2011-07-29 12:00:00,167.780159627166
2011-07-29 13:00:00,175.671897335642
2011-07-29 14:00:00,158.714372717112
2011-07-29 15:00:00,163.222308476366
2011-07-29 16:00:00,244.823839127065
2011-07-29 17:00:00,400.381579429178
2011-07-29 18:00:00,410.289140039823
2011-07-29 19:00:00,309.422391136276
2011-07-29 20:00:00,251.160196188244
2011-07-29 21:00:00,235.205164034867
2011-07-29 22:00:00,214.238361056693
2011-07-29 23:00:00,150.198217884833
2011-07-30 00:00:00,125.39485994578
2011-07-30 01:00:00,88.7940419579483
2011-07-30 02:00:00,63.7603754983857
2011-07-30 03:00:00,34.2146527713399
2011-07-30 04:00:00,12.9537349348865
2011-07-30 05:00:00,12.1648748547858
2011-07-30 06:00:00,26.4550867845456
2011-07-30 07:00:00,65.1601713668327
2011-07-30 08:00:00,130.775052678217
2011-07-30 09:00:00,191.484615470437
2011-07-30 10:00:00,296.344527753988
2011-07-30 11:00:00,319.022663780528
2011-07-30 12:00:00,350.024138796074
2011-07-30 13:00:00,312.861563400007
2011-07-30 14:00:00,287.528964820515
2011-07-30 15:00:00,298.728410741927
2011-07-30 16:00:00,332.621946302751
2011-07-30 17:00:00,288.96362529608
2011-07-30 18:00:00,301.512889415153
2011-07-30 19:00:00,350.490277169696
2011-07-30 20:00:00,264.977556855916
2011-07-30 21:00:00,243.365044135685
2011-07-30 22:00:00,206.087513550842
2011-07-30 23:00:00,159.563535106406
2011-07-31 00:00:00,135.181349515785
2011-07-31 01:00:00,94.7228185704836
2011-07-31 02:00:00,60.6431044256367
2011-07-31 03:00:00,33.3255020358341
2011-07-31 04:00:00,11.614214194584
2011-07-31 05:00:00,11.8579355324706
2011-07-31 06:00:00,18.3713448918617
2011-07-31 07:00:00,46.6139187829498
2011-07-31 08:00:00,105.912134049092
2011-07-31 09:00:00,169.815834431196
2011-07-31 10:00:00,233.847884134796
2011-07-31 11:00:00,249.173444997959
2011-07-31 12:00:00,330.479323356917
2011-07-31 13:00:00,350.642612736056
2011-07-31 14:00:00,303.235318932438
2011-07-31 15:00:00,340.588460771178
2011-07-31 16:00:00,356.790389737486
2011-07-31 17:00:00,296.871681238544
2011-07-31 18:00:00,307.43944960018
2011-07-31 19:00:00,304.070707741514
2011-07-31 20:00:00,244.40264177545
2011-07-31 21:00:00,202.436711436503
2011-07-31 22:00:00,131.166406945307
2011-07-31 23:00:00,91.9224274921668
2011-08-20 00:00:00,91.0211453499476
2011-08-20 01:00:00,70.7809560858584
2011-08-20 02:00:00,58.1947139962837
2011-08-20 03:00:00,29.6657027432009
2011-08-20 04:00:00,5.45571981007875
2011-08-20 05:00:00,6.80578167892485
2011-08-20 06:00:00,15.2611251964644
2011-08-20 07:00:00,38.5919480058566
2011-08-20 08:00:00,105.049900693693
2011-08-20 09:00:00,177.605160196032
2011-08-20 10:00:00,282.33126605127
2011-08-20 11:00:00,298.719621365129
2011-08-20 12:00:00,352.155626164012
2011-08-20 13:00:00,359.276801694953
2011-08-20 14:00:00,373.007507484115
2011-08-20 15:00:00,371.832974532846
2011-08-20 16:00:00,372.819134032756
2011-08-20 17:00:00,364.543224177069
2011-08-20 18:00:00,343.743280586875
2011-08-20 19:00:00,310.810265241193
2011-08-20 20:00:00,250.188143942734
2011-08-20 21:00:00,198.538016904439
2011-08-20 22:00:00,142.273382629548
2011-08-20 23:00:00,122.43689152925
2011-08-21 00:00:00,110.515700952047
2011-08-21 01:00:00,88.1313361807852
2011-08-21 02:00:00,59.6453933653139
2011-08-21 03:00:00,29.8141745599684
2011-08-21 04:00:00,9.53687172315958
2011-08-21 05:00:00,6.82036069207662
2011-08-21 06:00:00,12.6638351004788
2011-08-21 07:00:00,40.8105860436523
2011-08-21 08:00:00,86.3843050195188
2011-08-21 09:00:00,175.462233222373
2011-08-21 10:00:00,251.336727903303
2011-08-21 11:00:00,272.369002847883
2011-08-21 12:00:00,346.799922085789
2011-08-21 13:00:00,341.467669593735
2011-08-21 14:00:00,216.268734352238
2011-08-21 15:00:00,240.38700987601
2011-08-21 16:00:00,304.724160029227
2011-08-21 17:00:00,267.92121638147
2011-08-21 18:00:00,270.934092568086
2011-08-21 19:00:00,267.971638296152
2011-08-21 20:00:00,176.276852783379
2011-08-21 21:00:00,148.412523247974
2011-08-21 22:00:00,107.065062565776
2011-08-21 23:00:00,82.7589756413752
2011-08-22 00:00:00,30.5035798214542
2011-08-22 01:00:00,12.5237022650382
2011-08-22 02:00:00,9.70556772537943
2011-08-22 03:00:00,8.38198213006283
2011-08-22 04:00:00,7.04240417232523
2011-08-22 05:00:00,26.5822715805453
2011-08-22 06:00:00,99.9841245688335
2011-08-22 07:00:00,241.617768478173
2011-08-22 08:00:00,366.884743168303
2011-08-22 09:00:00,234.497892742129
2011-08-22 10:00:00,134.193183264976
2011-08-22 11:00:00,147.131855977731
2011-08-22 12:00:00,200.697065233875
2011-08-22 13:00:00,182.594273791397
2011-08-22 14:00:00,180.303066486849
2011-08-22 15:00:00,187.337729597224
2011-08-22 16:00:00,284.214186389009
2011-08-22 17:00:00,541.622462192351
2011-08-22 18:00:00,541.351410553184
2011-08-22 19:00:00,360.149118723981
2011-08-22 20:00:00,228.335538712977
2011-08-22 21:00:00,166.746130009903
2011-08-22 22:00:00,111.829870104497
2011-08-22 23:00:00,68.1006261681296
2011-08-23 00:00:00,25.0084879666319
2011-08-23 01:00:00,12.383146362451
2011-08-23 02:00:00,6.34818242332385
2011-08-23 03:00:00,3.51316848541761
2011-08-23 04:00:00,4.93082863360539
2011-08-23 05:00:00,21.4161176037308
2011-08-23 06:00:00,94.9603067009816
2011-08-23 07:00:00,216.591869705935
2011-08-23 08:00:00,320.757039652906
2011-08-23 09:00:00,178.851338135445
2011-08-23 10:00:00,124.30331282518
2011-08-23 11:00:00,150.221099399085
2011-08-23 12:00:00,169.761300890536
2011-08-23 13:00:00,198.679142879221
2011-08-23 14:00:00,172.094107537042
2011-08-23 15:00:00,204.058030891697
2011-08-23 16:00:00,301.303037681222
2011-08-23 17:00:00,594.415220356108
2011-08-23 18:00:00,557.732046909034
2011-08-23 19:00:00,343.422879405685
2011-08-23 20:00:00,264.116134849461
2011-08-23 21:00:00,166.761764057066
2011-08-23 22:00:00,125.668672936594
2011-08-23 23:00:00,81.4326964344887
2011-08-24 00:00:00,31.8452010138401
2011-08-24 01:00:00,15.0963885715088
2011-08-24 02:00:00,7.37618462609282
2011-08-24 03:00:00,5.5893926915133
2011-08-24 04:00:00,5.16621063499647
2011-08-24 05:00:00,27.5473384132239
2011-08-24 06:00:00,88.7153534450834
2011-08-24 07:00:00,242.447192300351
2011-08-24 08:00:00,356.163448486089
2011-08-24 09:00:00,216.980880605848
2011-08-24 10:00:00,133.052967446492
2011-08-24 11:00:00,154.756803220182
2011-08-24 12:00:00,176.959970256152
2011-08-24 13:00:00,178.566083844782
2011-08-24 14:00:00,170.885767700882
2011-08-24 15:00:00,178.530449636547
2011-08-24 16:00:00,270.157738762053
2011-08-24 17:00:00,501.358066194057
2011-08-24 18:00:00,499.070792249974
2011-08-24 19:00:00,377.324942920943
2011-08-24 20:00:00,261.006152104421
2011-08-24 21:00:00,212.254807845438
2011-08-24 22:00:00,152.450890861817
2011-08-24 23:00:00,88.0926599702116
2011-08-25 00:00:00,40.0184532944104
2011-08-25 01:00:00,18.6744010508936
2011-08-25 02:00:00,10.3268088730022
2011-08-25 03:00:00,6.10368848229436
2011-08-25 04:00:00,6.2229632294712
2011-08-25 05:00:00,22.8103820750218
2011-08-25 06:00:00,98.0220419289824
2011-08-25 07:00:00,287.08748094687
2011-08-25 08:00:00,443.407160023622
2011-08-25 09:00:00,235.449347354002
2011-08-25 10:00:00,135.963911552179
2011-08-25 11:00:00,108.665976635504
2011-08-25 12:00:00,122.581360347354
2011-08-25 13:00:00,131.505159858984
2011-08-25 14:00:00,154.191561609787
2011-08-25 15:00:00,173.225652365029
2011-08-25 16:00:00,199.855846204884
2011-08-25 17:00:00,382.033047017756
2011-08-25 18:00:00,352.260588804616
2011-08-25 19:00:00,295.89110932316
2011-08-25 20:00:00,203.38252075997
2011-08-25 21:00:00,171.357455459892
2011-08-25 22:00:00,114.603951398266
2011-08-25 23:00:00,76.0728500095889
2011-08-26 00:00:00,39.3773634584441
2011-08-26 01:00:00,19.2548611432419
2011-08-26 02:00:00,10.8504251017133
2011-08-26 03:00:00,7.2669279420788
2011-08-26 04:00:00,6.17848886984767
2011-08-26 05:00:00,20.5987481264123
2011-08-26 06:00:00,95.6547548374498
2011-08-26 07:00:00,234.731617706481
2011-08-26 08:00:00,391.71251987457
2011-08-26 09:00:00,241.383062626299
2011-08-26 10:00:00,145.657446412681
2011-08-26 11:00:00,176.57958519062
2011-08-26 12:00:00,214.720863794435
2011-08-26 13:00:00,203.598308923023
2011-08-26 14:00:00,185.942428711386
2011-08-26 15:00:00,206.656740453988
2011-08-26 16:00:00,320.082388695304
2011-08-26 17:00:00,518.744222471297
2011-08-26 18:00:00,475.112068764029
2011-08-26 19:00:00,323.039049021023
2011-08-26 20:00:00,222.243039473423
2011-08-26 21:00:00,200.958731737449
2011-08-26 22:00:00,166.910663267407
2011-08-26 23:00:00,122.615417166289
2011-08-27 00:00:00,102.842272266717
2011-08-27 01:00:00,89.9056036047282
2011-08-27 02:00:00,58.4515399629977
2011-08-27 03:00:00,32.619927872386
2011-08-27 04:00:00,10.4544675564202
2011-08-27 05:00:00,9.18751690446916
2011-08-27 06:00:00,19.8520029546064
2011-08-27 07:00:00,46.4703278212036
2011-08-27 08:00:00,114.042987044011
2011-08-27 09:00:00,144.701722708535
2011-08-27 10:00:00,236.489911220297
2011-08-27 11:00:00,144.497147120489
2011-08-27 12:00:00,172.935588683305
2011-08-27 13:00:00,160.430778599844
2011-08-27 14:00:00,100.086716400845
2011-08-27 15:00:00,113.666752700492
2011-08-27 16:00:00,111.841051015409
2011-08-27 17:00:00,87.3786189139777
2011-08-28 07:00:00,17.3659615968934
2011-08-28 08:00:00,35.968008433586
2011-08-28 09:00:00,159.77186772821
2011-08-28 10:00:00,212.68340946218
2011-08-28 11:00:00,282.602198998124
2011-08-28 12:00:00,343.204904479667
2011-08-28 13:00:00,357.654023870266
2011-08-28 14:00:00,340.052013019212
2011-08-28 15:00:00,338.946815508655
2011-08-28 16:00:00,383.649905104955
2011-08-28 17:00:00,365.929233165763
2011-08-28 18:00:00,330.050145241315
2011-08-28 19:00:00,270.164790256504
2011-08-28 20:00:00,202.58018627086
2011-08-28 21:00:00,143.649630459914
2011-08-28 22:00:00,102.69739025274
2011-08-28 23:00:00,60.005156140832
2011-08-29 00:00:00,29.3895651122225
2011-08-29 01:00:00,16.235938738994
2011-08-29 02:00:00,9.27573193505018
2011-08-29 03:00:00,6.61424379001846
2011-08-29 04:00:00,5.83653092588696
2011-08-29 05:00:00,23.09527861951
2011-08-29 06:00:00,95.9712478745755
2011-08-29 07:00:00,227.854110800895
2011-08-29 08:00:00,357.428820281633
2011-08-29 09:00:00,189.760176943331
2011-08-29 10:00:00,118.696620370409
2011-08-29 11:00:00,139.280869896936
2011-08-29 12:00:00,172.463518245708
2011-08-29 13:00:00,149.248280110817
2011-08-29 14:00:00,151.645751995706
2011-08-29 15:00:00,178.246804130099
2011-08-29 16:00:00,284.997502967823
2011-08-29 17:00:00,530.878669190831
2011-08-29 18:00:00,476.994336789232
2011-08-29 19:00:00,350.277903583563
2011-08-29 20:00:00,237.920001704908
2011-08-29 21:00:00,180.478656962999
2011-08-29 22:00:00,115.440410710521
2011-08-29 23:00:00,74.3758179100686
2011-08-30 00:00:00,28.5283010445824
2011-08-30 01:00:00,14.1291742936999
2011-08-30 02:00:00,6.62484187825178
2011-08-30 03:00:00,4.4678131487188
2011-08-30 04:00:00,6.91646819188869
2011-08-30 05:00:00,30.9653990913119
2011-08-30 06:00:00,102.351623183636
2011-08-30 07:00:00,287.565038476084
2011-08-30 08:00:00,352.847931922007
2011-08-30 09:00:00,202.63049908503
2011-08-30 10:00:00,134.731059049689
2011-08-30 11:00:00,164.414196661393
2011-08-30 12:00:00,190.266892709734
2011-08-30 13:00:00,202.894913781933
2011-08-30 14:00:00,189.086842665906
2011-08-30 15:00:00,205.361532935178
2011-08-30 16:00:00,311.254608592434
2011-08-30 17:00:00,551.419725431966
2011-08-30 18:00:00,513.250424907946
2011-08-30 19:00:00,309.950991543425
2011-08-30 20:00:00,231.967934284854
2011-08-30 21:00:00,166.853125156731
2011-08-30 22:00:00,128.166699962571
2011-08-30 23:00:00,81.6876755643391
2011-08-31 00:00:00,27.5981476172327
2011-08-31 01:00:00,11.0059815824541
2011-08-31 02:00:00,5.01567979761172
2011-08-31 03:00:00,4.9015789620849
2011-08-31 04:00:00,4.10169758985341
2011-08-31 05:00:00,23.0402415919871
2011-08-31 06:00:00,89.9493553701368
2011-08-31 07:00:00,225.879985787383
2011-08-31 08:00:00,323.10802110512
2011-08-31 09:00:00,174.027289663452
2011-08-31 10:00:00,123.358720977588
2011-08-31 11:00:00,147.674487504382
2011-08-31 12:00:00,177.624590136471
2011-08-31 13:00:00,187.491548096787
2011-08-31 14:00:00,167.326812730075
2011-08-31 15:00:00,174.733599091507
2011-08-31 16:00:00,263.278768336056
2011-08-31 17:00:00,500.550852269846
2011-08-31 18:00:00,518.011951583513
2011-08-31 19:00:00,363.066791814626
2011-08-31 20:00:00,239.03802224146
2011-08-31 21:00:00,174.536311616148
2011-08-31 22:00:00,114.298514175945
2011-08-31 23:00:00,80.0864852985236
2011-09-20 00:00:00,28.9296848906991
2011-09-20 01:00:00,8.55839666182828
2011-09-20 02:00:00,4.55620894290864
2011-09-20 03:00:00,3.77379023210487
2011-09-20 04:00:00,4.35630850950952
2011-09-20 05:00:00,18.5269615209448
2011-09-20 06:00:00,73.498939173332
2011-09-20 07:00:00,202.201314219691
2011-09-20 08:00:00,119.372578546616
2011-09-20 09:00:00,63.2675282051324
2011-09-20 10:00:00,48.7822590258683
2011-09-20 11:00:00,50.2519670220481
2011-09-20 12:00:00,74.6614448924471
2011-09-20 13:00:00,82.7135814438888
2011-09-20 14:00:00,88.6412683492915
2011-09-20 15:00:00,149.053364235783
2011-09-20 16:00:00,172.843978226472
2011-09-20 17:00:00,372.389744072223
2011-09-20 18:00:00,352.979397327401
2011-09-20 19:00:00,289.700042801267
2011-09-20 20:00:00,146.194401546595
2011-09-20 21:00:00,105.18187627499
2011-09-20 22:00:00,86.9286967999266
2011-09-20 23:00:00,61.8354239952268
2011-09-21 00:00:00,14.8297709796608
2011-09-21 01:00:00,5.43916889102893
2011-09-21 02:00:00,2.49254105475699
2011-09-21 03:00:00,2.17180264533824
2011-09-21 04:00:00,3.0957862073345
2011-09-21 05:00:00,10.5644448784808
2011-09-21 06:00:00,37.4815800675115
2011-09-21 07:00:00,85.8255388697355
2011-09-21 08:00:00,163.278069920387
2011-09-21 09:00:00,80.7138629154931
2011-09-21 10:00:00,53.5320426263786
2011-09-21 11:00:00,100.944388080141
2011-09-21 12:00:00,131.743026543965
2011-09-21 13:00:00,141.13965869402
2011-09-21 14:00:00,136.44912469215
2011-09-21 15:00:00,151.097129312186
2011-09-21 16:00:00,237.34921226627
2011-09-21 17:00:00,330.601183594878
2011-09-21 18:00:00,208.33370408391
2011-09-21 19:00:00,75.5920663325186
2011-09-21 20:00:00,56.2160594330909
2011-09-21 21:00:00,71.3031259172439
2011-09-21 22:00:00,46.9281547318857
2011-09-21 23:00:00,48.2893428150301
2011-09-22 00:00:00,21.9181934080123
2011-09-22 01:00:00,8.01002493773009
2011-09-22 02:00:00,4.25705752116115
2011-09-22 03:00:00,2.7391389075707
2011-09-22 04:00:00,3.07722411339813
2011-09-22 05:00:00,14.2687832321054
2011-09-22 06:00:00,65.6130266456426
2011-09-22 07:00:00,148.247259441035
2011-09-22 08:00:00,184.525002865212
2011-09-22 09:00:00,112.562873501273
2011-09-22 10:00:00,100.423639981768
2011-09-22 11:00:00,96.2739541174084
2011-09-22 12:00:00,123.404869197739
2011-09-22 13:00:00,106.658324604584
2011-09-22 14:00:00,106.891166592475
2011-09-22 15:00:00,149.596031205288
2011-09-22 16:00:00,252.268423789936
2011-09-22 17:00:00,470.21908359186
2011-09-22 18:00:00,317.279476808795
2011-09-22 19:00:00,226.563767313735
2011-09-22 20:00:00,121.216166255008
2011-09-22 21:00:00,120.621287173059
2011-09-22 22:00:00,81.0885005856502
2011-09-22 23:00:00,51.7023861336141
2011-09-23 00:00:00,38.0750530792214
2011-09-23 01:00:00,17.5053651250517
2011-09-23 02:00:00,10.1251324778194
2011-09-23 03:00:00,6.11555026163902
2011-09-23 04:00:00,4.8740649281689
2011-09-23 05:00:00,22.6524013882862
2011-09-23 06:00:00,93.0688776308229
2011-09-23 07:00:00,201.187969743731
2011-09-23 08:00:00,321.259847846452
2011-09-23 09:00:00,126.16906695298
2011-09-23 10:00:00,77.1361639337837
2011-09-23 11:00:00,89.6289820616385
2011-09-23 12:00:00,128.047349370597
2011-09-23 13:00:00,84.5903147241224
2011-09-23 14:00:00,84.2788957319902
2011-09-23 15:00:00,133.561763349759
2011-09-23 16:00:00,165.325464275604
2011-09-23 17:00:00,312.713811104425
2011-09-23 18:00:00,338.949972541401
2011-09-23 19:00:00,253.513356614675
2011-09-23 20:00:00,194.415666665006
2011-09-23 21:00:00,175.636693173168
2011-09-23 22:00:00,141.244577944946
2011-09-23 23:00:00,90.8546463808932
2011-09-24 00:00:00,121.384467020743
2011-09-24 01:00:00,83.2597282913557
2011-09-24 02:00:00,53.2573485451203
2011-09-24 03:00:00,29.1781146527331
2011-09-24 04:00:00,9.51055458225542
2011-09-24 05:00:00,8.49509483402454
2011-09-24 06:00:00,17.4589879328672
2011-09-24 07:00:00,56.9138984738757
2011-09-24 08:00:00,117.663967222479
2011-09-24 09:00:00,161.80595833369
2011-09-24 10:00:00,234.59149481036
2011-09-24 11:00:00,257.048710425511
2011-09-24 12:00:00,281.069361511229
2011-09-24 13:00:00,410.66057894633
2011-09-24 14:00:00,385.727652547082
2011-09-24 15:00:00,388.544871383292
2011-09-24 16:00:00,454.769833961158
2011-09-24 17:00:00,412.538534800343
2011-09-24 18:00:00,370.872512387735
2011-09-24 19:00:00,216.660202648538
2011-09-24 20:00:00,167.583418538786
2011-09-24 21:00:00,172.040580611637
2011-09-24 22:00:00,124.022553409093
2011-09-24 23:00:00,101.584940150065
2011-09-25 00:00:00,99.5866971467465
2011-09-25 01:00:00,77.562151666395
2011-09-25 02:00:00,33.5781218225686
2011-09-25 03:00:00,18.4969325603773
2011-09-25 04:00:00,6.96234736114797
2011-09-25 05:00:00,12.0889937394074
2011-09-25 06:00:00,16.1988606904812
2011-09-25 07:00:00,33.0439493692999
2011-09-25 08:00:00,84.1926347924001
2011-09-25 09:00:00,148.446957613062
2011-09-25 10:00:00,212.610101300383
2011-09-25 11:00:00,326.170758778938
2011-09-25 12:00:00,398.967176783585
2011-09-25 13:00:00,383.209821532157
2011-09-25 14:00:00,400.536379199471
2011-09-25 15:00:00,399.243014506985
2011-09-25 16:00:00,508.154690047827
2011-09-25 17:00:00,432.925365058243
2011-09-25 18:00:00,393.160356306726
2011-09-25 19:00:00,192.590120700333
2011-09-25 20:00:00,160.467036633916
2011-09-25 21:00:00,119.800210373297
2011-09-25 22:00:00,132.485745652371
2011-09-25 23:00:00,60.8216189507488
2011-09-26 00:00:00,23.7335110255291
2011-09-26 01:00:00,13.8165235221812
2011-09-26 02:00:00,7.91085898605044
2011-09-26 03:00:00,4.20815288096802
2011-09-26 04:00:00,5.51277562082707
2011-09-26 05:00:00,24.6912702831707
2011-09-26 06:00:00,85.6981585040576
2011-09-26 07:00:00,215.383280852126
2011-09-26 08:00:00,355.378877262477
2011-09-26 09:00:00,224.178531071212
2011-09-26 10:00:00,123.896227486006
2011-09-26 11:00:00,167.124747450195
2011-09-26 12:00:00,199.855469178729
2011-09-26 13:00:00,187.305868279586
2011-09-26 14:00:00,209.309831605779
2011-09-26 15:00:00,249.141141361217
2011-09-26 16:00:00,338.029547212119
2011-09-26 17:00:00,628.443868297913
2011-09-26 18:00:00,415.368242449372
2011-09-26 19:00:00,343.75321964445
2011-09-26 20:00:00,230.264716364344
2011-09-26 21:00:00,180.492403820423
2011-09-26 22:00:00,100.663954252521
2011-09-26 23:00:00,69.7907796438634
2011-09-27 00:00:00,25.9257676280867
2011-09-27 01:00:00,10.9024613063859
2011-09-27 02:00:00,5.91836589429056
2011-09-27 03:00:00,3.88967094885517
2011-09-27 04:00:00,5.00234683788269
2011-09-27 05:00:00,23.4480884778606
2011-09-27 06:00:00,96.8039446625224
2011-09-27 07:00:00,265.30858023904
2011-09-27 08:00:00,459.141085055194
2011-09-27 09:00:00,185.500686342921
2011-09-27 10:00:00,96.6357098292934
2011-09-27 11:00:00,140.263977361142
2011-09-27 12:00:00,156.975755002319
2011-09-27 13:00:00,189.974197710473
2011-09-27 14:00:00,189.409187010731
2011-09-27 15:00:00,152.321449630227
2011-09-27 16:00:00,213.709654742601
2011-09-27 17:00:00,411.232657650516
2011-09-27 18:00:00,431.099341204471
2011-09-27 19:00:00,303.113281984259
2011-09-27 20:00:00,267.372097540353
2011-09-27 21:00:00,183.808002122726
2011-09-27 22:00:00,137.313642326096
2011-09-27 23:00:00,84.9172606596986
2011-09-28 00:00:00,28.1487162915188
2011-09-28 01:00:00,11.7460371152321
2011-09-28 02:00:00,4.53335901251731
2011-09-28 03:00:00,3.7004895266562
2011-09-28 04:00:00,5.06597630584756
2011-09-28 05:00:00,17.8835946010526
2011-09-28 06:00:00,42.9371255850746
2011-09-28 07:00:00,119.211323301063
2011-09-28 08:00:00,243.608318754334
2011-09-28 09:00:00,125.519576622094
2011-09-28 10:00:00,80.6791468114084
2011-09-28 11:00:00,120.494539015986
2011-09-28 12:00:00,191.247443940631
2011-09-28 13:00:00,179.930104427216
2011-09-28 14:00:00,220.824952524708
2011-09-28 15:00:00,216.334854746202
2011-09-28 16:00:00,315.084510303141
2011-09-28 17:00:00,574.628516728608
2011-09-28 18:00:00,259.126991937237
2011-09-28 19:00:00,191.896510699785
2011-09-28 20:00:00,117.096962223238
2011-09-28 21:00:00,89.2967962288235
2011-09-28 22:00:00,119.632397294487
2011-09-28 23:00:00,67.5383202459332
2011-09-29 00:00:00,26.0227043392909
2011-09-29 01:00:00,11.1335653967809
2011-09-29 02:00:00,6.358024636225
2011-09-29 03:00:00,3.40510585171201
2011-09-29 04:00:00,4.59912345277832
2011-09-29 05:00:00,25.113277736289
2011-09-29 06:00:00,108.66580223384
2011-09-29 07:00:00,318.995277924834
2011-09-29 08:00:00,511.109449372508
2011-09-29 09:00:00,296.457978033096
2011-09-29 10:00:00,174.890681321043
2011-09-29 11:00:00,179.971603822585
2011-09-29 12:00:00,223.073783826507
2011-09-29 13:00:00,216.716464002053
2011-09-29 14:00:00,192.517810700929
2011-09-29 15:00:00,219.010662766869
2011-09-29 16:00:00,333.377855056317
2011-09-29 17:00:00,565.184241017423
2011-09-29 18:00:00,565.449074636992
2011-09-29 19:00:00,433.305139475471
2011-09-29 20:00:00,304.365628069662
2011-09-29 21:00:00,236.869444109778
2011-09-29 22:00:00,187.090974368402
2011-09-29 23:00:00,132.155028589927
2011-09-30 00:00:00,49.5281851918647
2011-09-30 01:00:00,30.814229590499
2011-09-30 02:00:00,12.1489996922505
2011-09-30 03:00:00,7.36497654926742
2011-09-30 04:00:00,6.69800309566238
2011-09-30 05:00:00,27.598965195623
2011-09-30 06:00:00,113.666298139452
2011-09-30 07:00:00,299.581953594213
2011-09-30 08:00:00,642.603466942086
2011-09-30 09:00:00,291.396738624956
2011-09-30 10:00:00,195.663927801179
2011-09-30 11:00:00,214.294918125167
2011-09-30 12:00:00,240.56690479182
2011-09-30 13:00:00,228.463535117592
2011-09-30 14:00:00,223.834088734199
2011-09-30 15:00:00,241.108001139196
2011-09-30 16:00:00,365.462153562743
2011-09-30 17:00:00,573.639526516059
2011-09-30 18:00:00,500.242528813764
2011-09-30 19:00:00,329.465509368358
2011-09-30 20:00:00,222.251433457889
2011-09-30 21:00:00,191.986209039902
2011-09-30 22:00:00,148.535617260404
2011-09-30 23:00:00,108.313888159635
2011-10-20 00:00:00,25.5704200359164
2011-10-20 01:00:00,13.6680273117082
2011-10-20 02:00:00,5.33803084288264
2011-10-20 03:00:00,5.38153273755798
2011-10-20 04:00:00,6.28750266083718
2011-10-20 05:00:00,26.0252303289685
2011-10-20 06:00:00,100.95407895628
2011-10-20 07:00:00,315.374298861484
2011-10-20 08:00:00,493.938955825839
2011-10-20 09:00:00,245.057873329337
2011-10-20 10:00:00,134.932342264379
2011-10-20 11:00:00,156.308702837406
2011-10-20 12:00:00,182.390326928041
2011-10-20 13:00:00,188.579205088007
2011-10-20 14:00:00,152.910120174227
2011-10-20 15:00:00,176.824586109313
2011-10-20 16:00:00,277.606109167187
2011-10-20 17:00:00,431.828574644959
2011-10-20 18:00:00,409.121724270365
2011-10-20 19:00:00,318.150492671576
2011-10-20 20:00:00,205.304726206169
2011-10-20 21:00:00,142.458195256106
2011-10-20 22:00:00,112.934620045175
2011-10-20 23:00:00,79.5714373905564
2011-10-21 00:00:00,47.5096813797442
2011-10-21 01:00:00,22.4252657200785
2011-10-21 02:00:00,8.78482015777515
2011-10-21 03:00:00,7.17518977678911
2011-10-21 04:00:00,7.01281340427551
2011-10-21 05:00:00,21.7001286438215
2011-10-21 06:00:00,114.254265472586
2011-10-21 07:00:00,299.365359391813
2011-10-21 08:00:00,490.195556166645
2011-10-21 09:00:00,219.186232670133
2011-10-21 10:00:00,142.94269003636
2011-10-21 11:00:00,178.419905601576
2011-10-21 12:00:00,212.257882426143
2011-10-21 13:00:00,185.661864343706
2011-10-21 14:00:00,196.054564215402
2011-10-21 15:00:00,200.326757518226
2011-10-21 16:00:00,309.86646792777
2011-10-21 17:00:00,433.439226605459
2011-10-21 18:00:00,363.616015718642
2011-10-21 19:00:00,245.750503021709
2011-10-21 20:00:00,176.4922031615
2011-10-21 21:00:00,145.521178273067
2011-10-21 22:00:00,123.43795378402
2011-10-21 23:00:00,89.5089915034575
2011-10-22 00:00:00,95.5014128046052
2011-10-22 01:00:00,74.124388375655
2011-10-22 02:00:00,42.0395130975382
2011-10-22 03:00:00,24.6460840616496
2011-10-22 04:00:00,9.03186796178598
2011-10-22 05:00:00,8.18874838639904
2011-10-22 06:00:00,19.4647392500487
2011-10-22 07:00:00,35.8995974731403
2011-10-22 08:00:00,112.013510453406
2011-10-22 09:00:00,167.38370125037
2011-10-22 10:00:00,224.142988837393
2011-10-22 11:00:00,250.604191659143
2011-10-22 12:00:00,366.866397066474
2011-10-22 13:00:00,429.926073331894
2011-10-22 14:00:00,322.787098593831
2011-10-22 15:00:00,353.158963472986
2011-10-22 16:00:00,421.770909994765
2011-10-22 17:00:00,301.123312780504
2011-10-22 18:00:00,282.244113217475
2011-10-22 19:00:00,203.507034290534
2011-10-22 20:00:00,154.219729137302
2011-10-22 21:00:00,130.235195563086
2011-10-22 22:00:00,117.863236478425
2011-10-22 23:00:00,96.1920050488873
2011-10-23 00:00:00,94.9820244382188
2011-10-23 01:00:00,80.1802634530087
2011-10-23 02:00:00,51.2663683686788
2011-10-23 03:00:00,28.2037810994979
2011-10-23 04:00:00,9.70113542902258
2011-10-23 05:00:00,8.66281245538598
2011-10-23 06:00:00,14.8380608625699
2011-10-23 07:00:00,38.799285493316
2011-10-23 08:00:00,77.3893476332461
2011-10-23 09:00:00,138.325993773158
2011-10-23 10:00:00,239.14185854609
2011-10-23 11:00:00,256.925435690775
2011-10-23 12:00:00,329.739290589242
2011-10-23 13:00:00,325.769872721008
2011-10-23 14:00:00,309.334670590801
2011-10-23 15:00:00,353.483677078667
2011-10-23 16:00:00,351.420068390426
2011-10-23 17:00:00,334.3551758165
2011-10-23 18:00:00,311.213955688956
2011-10-23 19:00:00,223.743046488268
2011-10-23 20:00:00,136.600390743379
2011-10-23 21:00:00,115.638525824309
2011-10-23 22:00:00,85.642570517601
2011-10-23 23:00:00,54.4877082693843
2011-10-24 00:00:00,30.9409645614617
2011-10-24 01:00:00,11.1353853605848
2011-10-24 02:00:00,5.60430106038625
2011-10-24 03:00:00,4.5085825163066
2011-10-24 04:00:00,6.3060100444923
2011-10-24 05:00:00,23.2356960392596
2011-10-24 06:00:00,94.8098163934578
2011-10-24 07:00:00,196.079008458375
2011-10-24 08:00:00,377.169412033598
2011-10-24 09:00:00,193.045297679241
2011-10-24 10:00:00,106.057761488173
2011-10-24 11:00:00,142.964518354718
2011-10-24 12:00:00,197.094759392357
2011-10-24 13:00:00,179.651336021228
2011-10-24 14:00:00,169.474857890954
2011-10-24 15:00:00,179.3554780973
2011-10-24 16:00:00,285.653312731606
2011-10-24 17:00:00,543.046532673209
2011-10-24 18:00:00,495.553989870076
2011-10-24 19:00:00,188.815904677233
2011-10-24 20:00:00,204.895698642852
2011-10-24 21:00:00,151.590858229053
2011-10-24 22:00:00,100.541967872468
2011-10-24 23:00:00,69.5717941583028
2011-10-25 00:00:00,25.6085079076491
2011-10-25 01:00:00,10.273715232961
2011-10-25 02:00:00,4.0201522809794
2011-10-25 03:00:00,4.48185516812781
2011-10-25 04:00:00,4.45732491997614
2011-10-25 05:00:00,21.5689229282109
2011-10-25 06:00:00,103.312660607779
2011-10-25 07:00:00,229.347153748043
2011-10-25 08:00:00,465.988225972151
2011-10-25 09:00:00,216.100949557477
2011-10-25 10:00:00,138.333415713265
2011-10-25 11:00:00,141.94972910024
2011-10-25 12:00:00,187.836048341877
2011-10-25 13:00:00,193.737776850994
2011-10-25 14:00:00,169.317032560039
2011-10-25 15:00:00,183.909135969568
2011-10-25 16:00:00,283.509010921611
2011-10-25 17:00:00,524.83539799712
2011-10-25 18:00:00,474.200378854095
2011-10-25 19:00:00,305.151769575393
2011-10-25 20:00:00,223.112321265524
2011-10-25 21:00:00,150.476176339566
2011-10-25 22:00:00,122.813624091514
2011-10-25 23:00:00,71.574464912979
2011-10-26 00:00:00,28.5319267578686
2011-10-26 01:00:00,11.6643142625952
2011-10-26 02:00:00,4.2623245458677
2011-10-26 03:00:00,3.89567130088923
2011-10-26 04:00:00,5.02130446027108
2011-10-26 05:00:00,25.8892839347294
2011-10-26 06:00:00,106.230420360433
2011-10-26 07:00:00,310.410251955026
2011-10-26 08:00:00,439.506458889071
2011-10-26 09:00:00,231.520704714976
2011-10-26 10:00:00,129.736450642232
2011-10-26 11:00:00,139.233641197953
2011-10-26 12:00:00,148.581602733827
2011-10-26 13:00:00,138.469229992356
2011-10-26 14:00:00,163.337788819676
2011-10-26 15:00:00,168.34814941025
2011-10-26 16:00:00,270.073148629606
2011-10-26 17:00:00,502.035045180614
2011-10-26 18:00:00,500.828045365873
2011-10-26 19:00:00,274.187809223972
2011-10-26 20:00:00,193.90815591443
2011-10-26 21:00:00,162.952155384375
2011-10-26 22:00:00,94.6801562931855
2011-10-26 23:00:00,63.1066687899607
2011-10-27 00:00:00,27.7393158308634
2011-10-27 01:00:00,11.8928443536949
2011-10-27 02:00:00,3.77217572480716
2011-10-27 03:00:00,2.33636992554129
2011-10-27 04:00:00,4.35083558486839
2011-10-27 05:00:00,19.8493266404242
2011-10-27 06:00:00,82.72731142126
2011-10-27 07:00:00,241.679852869447
2011-10-27 08:00:00,297.20159691578
2011-10-27 09:00:00,238.510773826264
2011-10-27 10:00:00,96.5157061842909
2011-10-27 11:00:00,105.936472319265
2011-10-27 12:00:00,110.437701643736
2011-10-27 13:00:00,144.160060583283
2011-10-27 14:00:00,115.1409138577
2011-10-27 15:00:00,130.904697488037
2011-10-27 16:00:00,251.279130015068
2011-10-27 17:00:00,470.276170058056
2011-10-27 18:00:00,442.206060121973
2011-10-27 19:00:00,271.596475805702
2011-10-27 20:00:00,189.80682060864
2011-10-27 21:00:00,140.862629928056
2011-10-27 22:00:00,91.0864960667249
2011-10-27 23:00:00,66.2073670405538
2011-10-28 00:00:00,38.1595400778088
2011-10-28 01:00:00,18.6801057266736
2011-10-28 02:00:00,7.79169156269636
2011-10-28 03:00:00,5.0149238486173
2011-10-28 04:00:00,5.11236899585282
2011-10-28 05:00:00,20.6824714143209
2011-10-28 06:00:00,93.4450532874157
2011-10-28 07:00:00,246.909767739709
2011-10-28 08:00:00,443.552987045
2011-10-28 09:00:00,227.403129882149
2011-10-28 10:00:00,126.945272500431
2011-10-28 11:00:00,153.012989105852
2011-10-28 12:00:00,166.45338772523
2011-10-28 13:00:00,161.954852155592
2011-10-28 14:00:00,164.453458641397
2011-10-28 15:00:00,159.832199428406
2011-10-28 16:00:00,266.36920986922
2011-10-28 17:00:00,400.552192214212
2011-10-28 18:00:00,385.314908156207
2011-10-28 19:00:00,251.728142215137
2011-10-28 20:00:00,119.431216918495
2011-10-28 21:00:00,71.5007325973058
2011-10-28 22:00:00,52.5223393932017
2011-10-28 23:00:00,40.7284743914626
2011-10-29 00:00:00,57.1205389258896
2011-10-29 01:00:00,47.6272917726908
2011-10-29 02:00:00,28.8253066060363
2011-10-29 03:00:00,13.4535308978276
2011-10-29 04:00:00,4.42150648287039
2011-10-29 05:00:00,3.25136954453819
2011-10-29 06:00:00,8.13998411226203
2011-10-29 07:00:00,21.998061572019
2011-10-29 08:00:00,54.9552338716859
2011-10-29 09:00:00,85.8444683881252
2011-10-29 10:00:00,121.58168440081
2011-10-29 11:00:00,113.647010665888
2011-10-29 12:00:00,95.7147100242932
2011-10-29 13:00:00,67.4201461418921
2011-10-29 14:00:00,105.656110205
2011-10-29 15:00:00,124.13747992224
2011-10-29 16:00:00,126.854996291878
2011-10-29 17:00:00,107.613665704539
2011-10-29 18:00:00,102.312450339631
2011-10-29 19:00:00,100.475004391335
2011-10-29 20:00:00,79.4265996430128
2011-10-29 21:00:00,68.0478853170736
2011-10-29 22:00:00,73.6723874062511
2011-10-29 23:00:00,57.3863059336381
2011-10-30 00:00:00,66.3836580800945
2011-10-30 01:00:00,58.4884151420833
2011-10-30 02:00:00,40.0145097935069
2011-10-30 03:00:00,16.9300199683466
2011-10-30 04:00:00,6.10573076516424
2011-10-30 05:00:00,4.91933493899992
2011-10-30 06:00:00,10.0973786603092
2011-10-30 07:00:00,28.0983632415286
2011-10-30 08:00:00,64.747966182901
2011-10-30 09:00:00,125.671133917479
2011-10-30 10:00:00,224.017415222948
2011-10-30 11:00:00,249.461177356147
2011-10-30 12:00:00,255.107297595238
2011-10-30 13:00:00,255.322139875948
2011-10-30 14:00:00,278.981606124806
2011-10-30 15:00:00,304.188053634469
2011-10-30 16:00:00,347.303228556751
2011-10-30 17:00:00,253.998531801328
2011-10-30 18:00:00,222.649779441207
2011-10-30 19:00:00,240.499386785759
2011-10-30 20:00:00,132.438092340659
2011-10-30 21:00:00,94.1556604475512
2011-10-30 22:00:00,70.2106833063793
2011-10-30 23:00:00,54.9575698500202
2011-10-31 00:00:00,22.046405657146
2011-10-31 01:00:00,9.21481856717796
2011-10-31 02:00:00,5.24905330890323
2011-10-31 03:00:00,4.42223489113517
2011-10-31 04:00:00,5.792092041671
2011-10-31 05:00:00,17.4831451438622
2011-10-31 06:00:00,94.7135359556655
2011-10-31 07:00:00,208.699896951794
2011-10-31 08:00:00,390.978701144784
2011-10-31 09:00:00,181.298379891673
2011-10-31 10:00:00,125.151813559682
2011-10-31 11:00:00,132.759263715239
2011-10-31 12:00:00,159.735538757839
2011-10-31 13:00:00,145.074602305438
2011-10-31 14:00:00,133.172288462968
2011-10-31 15:00:00,152.618454979146
2011-10-31 16:00:00,251.786965545183
2011-10-31 17:00:00,486.877141726783
2011-10-31 18:00:00,395.366185606476
2011-10-31 19:00:00,268.845044718531
2011-10-31 20:00:00,194.022200090176
2011-10-31 21:00:00,112.810921057382
2011-10-31 22:00:00,79.5985809517579
2011-10-31 23:00:00,47.2490838335971
2011-11-20 00:00:00,87.5391682853547
2011-11-20 01:00:00,58.3944944235072
2011-11-20 02:00:00,38.1569820056698
2011-11-20 03:00:00,18.1095935813996
2011-11-20 04:00:00,7.90633865174923
2011-11-20 05:00:00,7.89270632937575
2011-11-20 06:00:00,13.3567750714246
2011-11-20 07:00:00,40.2210765954506
2011-11-20 08:00:00,79.6841823025503
2011-11-20 09:00:00,158.663493412165
2011-11-20 10:00:00,221.233061885282
2011-11-20 11:00:00,289.208168214717
2011-11-20 12:00:00,332.020963116223
2011-11-20 13:00:00,325.039441322378
2011-11-20 14:00:00,321.956284093778
2011-11-20 15:00:00,293.459115520854
2011-11-20 16:00:00,360.593842829585
2011-11-20 17:00:00,276.725439592424
2011-11-20 18:00:00,247.875647577485
2011-11-20 19:00:00,218.465036848564
2011-11-20 20:00:00,161.492734548584
2011-11-20 21:00:00,136.50574298527
2011-11-20 22:00:00,76.8286248905929
2011-11-20 23:00:00,53.2403597299776
2011-11-21 00:00:00,21.1429975652439
2011-11-21 01:00:00,6.12372749064488
2011-11-21 02:00:00,2.56035783264291
2011-11-21 03:00:00,2.19332044917051
2011-11-21 04:00:00,3.49589019197488
2011-11-21 05:00:00,19.1908486373581
2011-11-21 06:00:00,70.1486011097056
2011-11-21 07:00:00,230.455889857784
2011-11-21 08:00:00,381.945117971751
2011-11-21 09:00:00,200.731267988741
2011-11-21 10:00:00,109.386334248484
2011-11-21 11:00:00,127.730873310945
2011-11-21 12:00:00,179.436747266273
2011-11-21 13:00:00,172.137441167677
2011-11-21 14:00:00,124.803758360535
2011-11-21 15:00:00,59.8427399916393
2011-11-21 16:00:00,84.0470861142862
2011-11-21 17:00:00,147.834760644634
2011-11-21 18:00:00,211.435657865482
2011-11-21 19:00:00,112.425465593564
2011-11-21 20:00:00,99.0161392234234
2011-11-21 21:00:00,73.8846108727637
2011-11-21 22:00:00,59.9416406086917
2011-11-21 23:00:00,34.235724263609
2011-11-22 00:00:00,16.2340526358603
2011-11-22 01:00:00,6.17761355674965
2011-11-22 02:00:00,3.51650867797638
2011-11-22 03:00:00,2.90825736559144
2011-11-22 04:00:00,2.92897727442985
2011-11-22 05:00:00,13.7878881369759
2011-11-22 06:00:00,85.9941186286563
2011-11-22 07:00:00,134.53124735231
2011-11-22 08:00:00,208.122717244323
2011-11-22 09:00:00,102.784485578584
2011-11-22 10:00:00,57.3656702847483
2011-11-22 11:00:00,70.0983098515651
2011-11-22 12:00:00,55.3867127945776
2011-11-22 13:00:00,53.2681692283435
2011-11-22 14:00:00,52.0193566931089
2011-11-22 15:00:00,70.5600838082216
2011-11-22 16:00:00,103.310800854795
2011-11-22 17:00:00,160.061108021332
2011-11-22 18:00:00,164.066917897949
2011-11-22 19:00:00,171.396578250896
2011-11-22 20:00:00,171.334806213979
2011-11-22 21:00:00,126.169667306845
2011-11-22 22:00:00,112.134264126727
2011-11-22 23:00:00,74.987696665415
2011-11-23 00:00:00,20.22669366556
2011-11-23 01:00:00,7.85412323162688
2011-11-23 02:00:00,2.62842002498205
2011-11-23 03:00:00,2.03990123833317
2011-11-23 04:00:00,3.81479936048173
2011-11-23 05:00:00,16.3003580530906
2011-11-23 06:00:00,53.6139784034562
2011-11-23 07:00:00,136.74067017332
2011-11-23 08:00:00,373.793718755347
2011-11-23 09:00:00,185.869287347543
2011-11-23 10:00:00,95.4443421146159
2011-11-23 11:00:00,125.046285230913
2011-11-23 12:00:00,167.605282022694
2011-11-23 13:00:00,133.944515950714
2011-11-23 14:00:00,132.830940050879
2011-11-23 15:00:00,143.967009406618
2011-11-23 16:00:00,200.674222499393
2011-11-23 17:00:00,224.027076035512
2011-11-23 18:00:00,293.098605098787
2011-11-23 19:00:00,236.633786249716
2011-11-23 20:00:00,169.267848306063
2011-11-23 21:00:00,106.344721094272
2011-11-23 22:00:00,83.8733235588634
2011-11-23 23:00:00,59.6162409655015
2011-11-24 00:00:00,43.6473301829532
2011-11-24 01:00:00,21.7893066485538
2011-11-24 02:00:00,11.9595869879164
2011-11-24 03:00:00,8.69450957343086
2011-11-24 04:00:00,6.40137980156777
2011-11-24 05:00:00,12.3798556840972
2011-11-24 06:00:00,38.4112792493844
2011-11-24 07:00:00,88.2285032763798
2011-11-24 08:00:00,194.952653916639
2011-11-24 09:00:00,198.827270841771
2011-11-24 10:00:00,179.623911653357
2011-11-24 11:00:00,190.148625322494
2011-11-24 12:00:00,282.765700777116
2011-11-24 13:00:00,260.929465639555
2011-11-24 14:00:00,239.657140588721
2011-11-24 15:00:00,234.059254178202
2011-11-24 16:00:00,329.459584505354
2011-11-24 17:00:00,368.504114335845
2011-11-24 18:00:00,299.491832618578
2011-11-24 19:00:00,225.405197155639
2011-11-24 20:00:00,132.737832570172
2011-11-24 21:00:00,122.353831967314
2011-11-24 22:00:00,96.8817896567798
2011-11-24 23:00:00,65.7959061176076
2011-11-25 00:00:00,32.8169563075314
2011-11-25 01:00:00,17.7134449836703
2011-11-25 02:00:00,9.4982618976065
2011-11-25 03:00:00,5.22823659455659
2011-11-25 04:00:00,5.9503142953033
2011-11-25 05:00:00,22.2528517494019
2011-11-25 06:00:00,97.2054077223587
2011-11-25 07:00:00,241.673230056757
2011-11-25 08:00:00,434.740100743889
2011-11-25 09:00:00,209.752739265803
2011-11-25 10:00:00,132.986708509015
2011-11-25 11:00:00,156.705779295375
2011-11-25 12:00:00,217.431842099006
2011-11-25 13:00:00,212.12176367077
2011-11-25 14:00:00,193.070640116885
2011-11-25 15:00:00,211.64089220424
2011-11-25 16:00:00,309.271945725152
2011-11-25 17:00:00,491.890205232225
2011-11-25 18:00:00,441.713968229626
2011-11-25 19:00:00,289.992258580069
2011-11-25 20:00:00,188.957827291562
2011-11-25 21:00:00,147.969079473789
2011-11-25 22:00:00,110.563926193553
2011-11-25 23:00:00,76.6885494276338
2011-11-26 00:00:00,83.0441737757059
2011-11-26 01:00:00,71.7817899381038
2011-11-26 02:00:00,46.6072568809804
2011-11-26 03:00:00,21.041423766406
2011-11-26 04:00:00,7.21177123446736
2011-11-26 05:00:00,7.74383595820324
2011-11-26 06:00:00,15.1401037152985
2011-11-26 07:00:00,40.9507002221046
2011-11-26 08:00:00,93.0758759195162
2011-11-26 09:00:00,130.446788403423
2011-11-26 10:00:00,217.693083922467
2011-11-26 11:00:00,279.539990716504
2011-11-26 12:00:00,347.070224410572
2011-11-26 13:00:00,415.325162348324
2011-11-26 14:00:00,351.481909053052
2011-11-26 15:00:00,388.796834106582
2011-11-26 16:00:00,361.007305984596
2011-11-26 17:00:00,298.766292362545
2011-11-26 18:00:00,224.367424051268
2011-11-26 19:00:00,186.733410890547
2011-11-26 20:00:00,153.698268409427
2011-11-26 21:00:00,114.031114898258
2011-11-26 22:00:00,105.303962985928
2011-11-26 23:00:00,100.347888476028
2011-11-27 00:00:00,100.191259738173
2011-11-27 01:00:00,85.7497843894784
2011-11-27 02:00:00,51.0619229983073
2011-11-27 03:00:00,26.0251510397616
2011-11-27 04:00:00,10.1523946180687
2011-11-27 05:00:00,7.54938114733137
2011-11-27 06:00:00,15.5166700045551
2011-11-27 07:00:00,31.7865869072993
2011-11-27 08:00:00,76.2457749207823
2011-11-27 09:00:00,169.956058680442
2011-11-27 10:00:00,238.057904731993
2011-11-27 11:00:00,251.559589880844
2011-11-27 12:00:00,357.089127244813
2011-11-27 13:00:00,361.979920642325
2011-11-27 14:00:00,375.065820503416
2011-11-27 15:00:00,405.781297403551
2011-11-27 16:00:00,360.834586635626
2011-11-27 17:00:00,319.153604888546
2011-11-27 18:00:00,266.962003265712
2011-11-27 19:00:00,196.811048845208
2011-11-27 20:00:00,141.20212128871
2011-11-27 21:00:00,125.890275071321
2011-11-27 22:00:00,97.3897538700805
2011-11-27 23:00:00,66.2294935932133
2011-11-28 00:00:00,26.7921476231932
2011-11-28 01:00:00,11.3943650304899
2011-11-28 03:00:00,4.08596328938486
2011-11-28 04:00:00,6.15643540685227
2011-11-28 05:00:00,23.9582170460528
2011-11-28 06:00:00,104.196807154433
2011-11-28 07:00:00,274.144874276807
2011-11-28 08:00:00,351.313813197335
2011-11-28 09:00:00,203.35589363906
2011-11-28 10:00:00,134.15629822832
2011-11-28 11:00:00,157.835130840301
2011-11-28 12:00:00,198.145810500095
2011-11-28 13:00:00,185.905221112928
2011-11-28 14:00:00,192.351464157447
2011-11-28 15:00:00,179.994637725318
2011-11-28 16:00:00,260.095626845286
2011-11-28 17:00:00,513.884624979791
2011-11-28 18:00:00,470.590973915525
2011-11-28 19:00:00,340.115934304519
2011-11-28 20:00:00,200.824832812058
2011-11-28 21:00:00,167.074463143239
2011-11-28 22:00:00,109.799097137338
2011-11-28 23:00:00,61.4176807192135
2011-11-29 00:00:00,25.1626332126699
2011-11-29 01:00:00,10.9859745125653
2011-11-29 02:00:00,5.41704430653237
2011-11-29 03:00:00,4.09160934098592
2011-11-29 04:00:00,4.93552816513345
2011-11-29 05:00:00,27.1181462039219
2011-11-29 06:00:00,93.3252689633694
2011-11-29 07:00:00,327.149136106972
2011-11-29 08:00:00,479.830956092409
2011-11-29 09:00:00,152.313461514822
2011-11-29 10:00:00,91.5844826188949
2011-11-29 11:00:00,90.3791594508641
2011-11-29 12:00:00,98.9317691290432
2011-11-29 13:00:00,89.5219237455673
2011-11-29 14:00:00,61.7688557052054
2011-11-29 15:00:00,77.8733268690797
2011-11-29 16:00:00,94.3610482489365
2011-11-29 17:00:00,275.464228865076
2011-11-29 18:00:00,297.274826504858
2011-11-29 19:00:00,224.372459649637
2011-11-29 20:00:00,128.625706218408
2011-11-29 21:00:00,90.9617901756179
2011-11-29 22:00:00,87.6566095985359
2011-11-29 23:00:00,52.681116965552
2011-11-30 00:00:00,28.9931191683534
2011-11-30 01:00:00,10.5903064870956
2011-11-30 02:00:00,4.33568554484123
2011-11-30 03:00:00,3.70805150910665
2011-11-30 04:00:00,4.39657873398072
2011-11-30 05:00:00,22.4304219424926
2011-11-30 06:00:00,88.6418246288724
2011-11-30 07:00:00,262.697393428241
2011-11-30 08:00:00,420.567303773339
2011-11-30 09:00:00,195.85803550428
2011-11-30 10:00:00,106.730441025319
2011-11-30 11:00:00,121.997090472805
2011-11-30 12:00:00,146.078815094013
2011-11-30 13:00:00,146.634276527174
2011-11-30 14:00:00,137.515681535353
2011-11-30 15:00:00,138.613927814992
2011-11-30 16:00:00,201.840674357545
2011-11-30 17:00:00,361.313932332855
2011-11-30 18:00:00,342.215708069605
2011-11-30 19:00:00,230.910678809189
2011-11-30 20:00:00,166.450203863765
2011-11-30 21:00:00,107.247771990837
2011-11-30 22:00:00,88.6550564249006
2011-11-30 23:00:00,57.719762418993
2011-12-20 00:00:00,27.4749608801252
2011-12-20 01:00:00,11.3404065828308
2011-12-20 02:00:00,5.37065239985878
2011-12-20 03:00:00,4.26026061079088
2011-12-20 04:00:00,5.54076004926136
2011-12-20 05:00:00,24.2379079311687
2011-12-20 06:00:00,100.17255789141
2011-12-20 07:00:00,283.786981423746
2011-12-20 08:00:00,475.418487736662
2011-12-20 09:00:00,217.195841387874
2011-12-20 10:00:00,115.322810640941
2011-12-20 11:00:00,134.474989141384
2011-12-20 12:00:00,171.269620841335
2011-12-20 13:00:00,163.054947181632
2011-12-20 14:00:00,149.471573642931
2011-12-20 15:00:00,155.223651797324
2011-12-20 16:00:00,250.092862342003
2011-12-20 17:00:00,435.124726372235
2011-12-20 18:00:00,367.159008882564
2011-12-20 19:00:00,269.061485163164
2011-12-20 20:00:00,186.988488166837
2011-12-20 21:00:00,133.290797753043
2011-12-20 22:00:00,101.985186664968
2011-12-20 23:00:00,75.8206646711972
2011-12-21 00:00:00,16.0892268261133
2011-12-21 01:00:00,7.37046411763763
2011-12-21 02:00:00,3.1734943152434
2011-12-21 03:00:00,2.63344118219723
2011-12-21 04:00:00,2.53832495461553
2011-12-21 05:00:00,15.2499698257971
2011-12-21 06:00:00,50.9859237125199
2011-12-21 07:00:00,136.099614644212
2011-12-21 08:00:00,108.580996677339
2011-12-21 09:00:00,92.1188115744667
2011-12-21 10:00:00,72.2727829520888
2011-12-21 11:00:00,76.7883025770343
2011-12-21 12:00:00,45.0221143404948
2011-12-21 13:00:00,30.9538014670475
2011-12-21 14:00:00,67.5475511698256
2011-12-21 15:00:00,73.8952574354769
2011-12-21 16:00:00,39.977517305565
2011-12-21 17:00:00,77.9891959904488
2011-12-21 18:00:00,102.08595873387
2011-12-21 19:00:00,132.053743491089
2011-12-21 20:00:00,90.1865956357656
2011-12-21 21:00:00,97.1903381982455
2011-12-21 22:00:00,79.0068455829603
2011-12-21 23:00:00,53.6526919819772
2011-12-22 00:00:00,25.3757786306049
2011-12-22 01:00:00,8.18040798908249
2011-12-22 02:00:00,6.93958351775458
2011-12-22 03:00:00,3.41658627229849
2011-12-22 04:00:00,2.82515182078767
2011-12-22 05:00:00,14.2345740515391
2011-12-22 06:00:00,66.3072073510495
2011-12-22 07:00:00,141.691965961763
2011-12-22 08:00:00,261.347660469487
2011-12-22 09:00:00,119.187896276989
2011-12-22 10:00:00,72.007110469738
2011-12-22 11:00:00,84.224868410659
2011-12-22 12:00:00,124.657271438985
2011-12-22 13:00:00,115.453126953848
2011-12-22 14:00:00,109.380387223504
2011-12-22 15:00:00,114.826663779848
2011-12-22 16:00:00,173.160404395411
2011-12-22 17:00:00,274.723917039192
2011-12-22 18:00:00,289.675414574156
2011-12-22 19:00:00,205.693125233526
2011-12-22 20:00:00,96.985045824556
2011-12-22 21:00:00,72.3805278956276
2011-12-22 22:00:00,41.2272696592283
2011-12-22 23:00:00,34.1539364560137
2011-12-23 00:00:00,15.2221723767289
2011-12-23 01:00:00,7.20717731786356
2011-12-23 02:00:00,4.35908476336931
2011-12-23 03:00:00,2.20171867959719
2011-12-23 04:00:00,1.22513542603573
2011-12-23 05:00:00,13.4332358200372
2011-12-23 06:00:00,57.3943280741761
2011-12-23 07:00:00,141.84646949491
2011-12-23 08:00:00,229.739196772582
2011-12-23 09:00:00,134.634802882409
2011-12-23 10:00:00,94.2973620219484
2011-12-23 11:00:00,86.3837001561913
2011-12-23 12:00:00,106.580946595733
2011-12-23 13:00:00,100.406618750458
2011-12-23 14:00:00,100.082966112801
2011-12-23 15:00:00,103.848349742357
2011-12-23 16:00:00,130.52384840938
2011-12-23 17:00:00,245.00718556018
2011-12-23 18:00:00,216.161915633868
2011-12-23 19:00:00,155.876306760694
2011-12-23 20:00:00,110.46284872647
2011-12-23 21:00:00,81.9281599560468
2011-12-23 22:00:00,61.4426903198714
2011-12-23 23:00:00,43.1176449820233
2011-12-24 00:00:00,37.9309644512168
2011-12-24 01:00:00,30.4924480076789
2011-12-24 02:00:00,23.2946986428537
2011-12-24 03:00:00,11.3772528330334
2011-12-24 04:00:00,3.1361371032022
2011-12-24 05:00:00,2.81355125179315
2011-12-24 06:00:00,6.44759528537457
2011-12-24 07:00:00,19.0461302893468
2011-12-24 08:00:00,43.0234208523527
2011-12-24 09:00:00,74.2400344950778
2011-12-24 10:00:00,87.2057782318817
2011-12-24 11:00:00,132.969897728829
2011-12-24 12:00:00,156.970746223449
2011-12-24 13:00:00,156.298885554804
2011-12-24 14:00:00,151.957893739533
2011-12-24 15:00:00,140.23889045679
2011-12-24 16:00:00,141.051304365881
2011-12-24 17:00:00,101.461156819782
2011-12-24 18:00:00,116.516306384982
2011-12-24 19:00:00,87.2878449280139
2011-12-24 20:00:00,50.1957994045562
2011-12-24 21:00:00,41.2427578425579
2011-12-24 22:00:00,43.0527750355609
2011-12-24 23:00:00,34.8335887578411
2011-12-25 00:00:00,34.4977548848079
2011-12-25 01:00:00,27.7395011770567
2011-12-25 02:00:00,19.5714696336726
2011-12-25 03:00:00,10.2188004655451
2011-12-25 05:00:00,2.50336298700081
2011-12-25 06:00:00,4.23561476318021
2011-12-25 07:00:00,12.1383206779218
2011-12-25 08:00:00,26.2139147694596
2011-12-25 09:00:00,44.7093403617543
2011-12-25 10:00:00,74.1843423766515
2011-12-25 11:00:00,103.717874697579
2011-12-25 12:00:00,105.767940267458
2011-12-25 13:00:00,114.135293685629
2011-12-25 14:00:00,115.777471547056
2011-12-25 15:00:00,111.807554800166
2011-12-25 16:00:00,143.59037308027
2011-12-25 17:00:00,111.874482205507
2011-12-25 18:00:00,86.5329085087863
2011-12-25 19:00:00,80.9756003353956
2011-12-25 20:00:00,62.321901559001
2011-12-25 21:00:00,51.0328900760925
2011-12-25 22:00:00,30.3953859955445
2011-12-25 23:00:00,22.0333982988146
2011-12-26 00:00:00,15.6723816986232
2011-12-26 01:00:00,13.6385795038492
2011-12-26 02:00:00,9.23726238752435
2011-12-26 04:00:00,2.61926953983331
2011-12-26 05:00:00,4.94694811429
2011-12-26 06:00:00,13.8155080146816
2011-12-26 07:00:00,38.2418130673361
2011-12-26 08:00:00,91.1544645622441
2011-12-26 09:00:00,85.3963497367262
2011-12-26 10:00:00,77.0826353221744
2011-12-26 11:00:00,83.8361237322849
2011-12-26 12:00:00,112.515488344897
2011-12-26 13:00:00,106.573668990864
2011-12-26 14:00:00,103.196499061846
2011-12-26 15:00:00,106.289918819197
2011-12-26 16:00:00,119.08979037437
2011-12-26 17:00:00,146.608330355992
2011-12-26 18:00:00,122.068484859575
2011-12-26 19:00:00,93.1160772487006
2011-12-26 20:00:00,78.4829916450639
2011-12-26 21:00:00,45.8631632795532
2011-12-26 22:00:00,34.5581430752123
2011-12-26 23:00:00,22.5885882864358
2011-12-27 00:00:00,11.0464092936359
2011-12-27 01:00:00,4.82724537337138
2011-12-27 02:00:00,2.34837088811983
2011-12-27 03:00:00,2.21498905587062
2011-12-27 04:00:00,2.03109334115597
2011-12-27 05:00:00,11.3869238093821
2011-12-27 06:00:00,50.21077933126
2011-12-27 07:00:00,135.685900514515
2011-12-27 08:00:00,225.827583198589
2011-12-27 09:00:00,78.6483409749981
2011-12-27 10:00:00,58.5466868015541
2011-12-27 11:00:00,46.0987675069822
2011-12-27 12:00:00,45.9304668616653
2011-12-27 13:00:00,44.3028551682728
2011-12-27 14:00:00,46.2829162022331
2011-12-27 15:00:00,51.1944114806696
2011-12-27 16:00:00,74.7452347106159
2011-12-27 17:00:00,148.446638155587
2011-12-27 18:00:00,171.231712948221
2011-12-27 19:00:00,120.088400137246
2011-12-27 20:00:00,85.0401667371181
2011-12-27 21:00:00,59.4840331179977
2011-12-27 22:00:00,47.688101453501
2011-12-27 23:00:00,37.0677515572379
2011-12-28 00:00:00,11.7503031462722
2011-12-28 01:00:00,5.20467367611105
2011-12-28 02:00:00,2.83343510469675
2011-12-28 03:00:00,2.19593490484165
2011-12-28 05:00:00,12.3430767483524
2011-12-28 06:00:00,56.4385783982723
2011-12-28 07:00:00,147.192645866847
2011-12-28 08:00:00,257.838717583227
2011-12-28 09:00:00,127.259249601582
2011-12-28 10:00:00,69.8480121868367
2011-12-28 11:00:00,76.1518777605637
2011-12-28 12:00:00,74.8205813302281
2011-12-28 13:00:00,78.9595230614357
2011-12-28 14:00:00,75.4700553600075
2011-12-28 15:00:00,78.4907659228267
2011-12-28 16:00:00,113.169982601836
2011-12-28 17:00:00,189.238561459551
2011-12-28 18:00:00,168.099579160587
2011-12-28 19:00:00,123.901279303353
2011-12-28 20:00:00,88.0899599778809
2011-12-28 21:00:00,57.248673485186
2011-12-28 22:00:00,40.4782445014529
2011-12-28 23:00:00,26.2624702367885
2011-12-29 00:00:00,11.0198900859317
2011-12-29 01:00:00,5.2152505462265
2011-12-29 02:00:00,2.56874249484747
2011-12-29 03:00:00,1.47105276801113
2011-12-29 04:00:00,1.43068055347372
2011-12-29 05:00:00,9.18835994211009
2011-12-29 06:00:00,42.461177646
2011-12-29 07:00:00,118.722609447414
2011-12-29 08:00:00,172.82137940461
2011-12-29 09:00:00,104.491021138256
2011-12-29 10:00:00,47.8983012591146
2011-12-29 11:00:00,66.0814795358144
2011-12-29 12:00:00,68.6493948607358
2011-12-29 13:00:00,74.4993225675883
2011-12-29 14:00:00,73.4093718401901
2011-12-29 15:00:00,78.4133266493048
2011-12-29 16:00:00,115.441731187198
2011-12-29 17:00:00,204.778729384926
2011-12-29 18:00:00,217.287565319059
2011-12-29 19:00:00,153.309978784982
2011-12-29 20:00:00,97.3091209376531
2011-12-29 21:00:00,72.6683153340914
2011-12-29 22:00:00,61.059029481023
2011-12-29 23:00:00,43.0295867157685
2011-12-30 00:00:00,22.5204658762983
2011-12-30 01:00:00,10.055546873318
2011-12-30 02:00:00,5.45067455235593
2011-12-30 03:00:00,3.10467589306095
2011-12-30 04:00:00,2.6531086560346
2011-12-30 05:00:00,10.896932485973
2011-12-30 06:00:00,51.2043595873351
2011-12-30 07:00:00,131.878139386733
2011-12-30 08:00:00,220.243844869015
2011-12-30 09:00:00,116.976596635795
2011-12-30 10:00:00,71.9709901309902
2011-12-30 11:00:00,72.8642724648311
2011-12-30 12:00:00,99.6317956431249
2011-12-30 13:00:00,108.205672485546
2011-12-30 14:00:00,105.822282809278
2011-12-30 15:00:00,118.231827843529
2011-12-30 16:00:00,164.066266248057
2011-12-30 17:00:00,254.852656875046
2011-12-30 18:00:00,268.202266250741
2011-12-30 19:00:00,153.77748694386
2011-12-30 20:00:00,106.400899545917
2011-12-30 21:00:00,81.84668223275
2011-12-30 22:00:00,64.1681137504486
2011-12-30 23:00:00,42.0276496730542
2011-12-31 00:00:00,40.2404430581851
2011-12-31 01:00:00,29.8504748205884
2011-12-31 02:00:00,20.8960265174213
2011-12-31 03:00:00,9.52176875414327
2011-12-31 04:00:00,2.41025015076343
2011-12-31 05:00:00,2.17006304879126
2011-12-31 06:00:00,7.7551932903151
2011-12-31 07:00:00,8.99421662907358
2011-12-31 08:00:00,55.2312406553066
2011-12-31 09:00:00,41.082738986729
2011-12-31 10:00:00,60.4686350050258
2011-12-31 11:00:00,129.338381538615
2011-12-31 12:00:00,238.057583414479
2011-12-31 13:00:00,228.593242341102
2011-12-31 14:00:00,176.329596733527
2011-12-31 15:00:00,187.075177628216
2011-12-31 16:00:00,163.185828457315
2011-12-31 17:00:00,142.380497353861
2011-12-31 18:00:00,148.576934454602
2011-12-31 19:00:00,106.828798285127
2011-12-31 20:00:00,81.1650478173116
2011-12-31 21:00:00,55.9360784010985
2011-12-31 22:00:00,67.334371142077
2011-12-31 23:00:00,48.1889230455729
2012-01-20 00:00:00,28.7844242174142
2012-01-20 01:00:00,14.4284770219114
2012-01-20 02:00:00,7.8693240898745
2012-01-20 03:00:00,4.94949038970265
2012-01-20 04:00:00,4.1504595597636
2012-01-20 05:00:00,19.7055119582104
2012-01-20 06:00:00,74.4488118217102
2012-01-20 07:00:00,201.986605965609
2012-01-20 08:00:00,433.908253043575
2012-01-20 09:00:00,226.327134839109
2012-01-20 10:00:00,102.098327502383
2012-01-20 11:00:00,105.736161719341
2012-01-20 12:00:00,142.579168911351
2012-01-20 13:00:00,143.952614868293
2012-01-20 14:00:00,123.409489444005
2012-01-20 15:00:00,114.845469232358
2012-01-20 16:00:00,171.681790219573
2012-01-20 17:00:00,267.5358470759
2012-01-20 18:00:00,260.631844208374
2012-01-20 19:00:00,179.846355276594
2012-01-20 20:00:00,141.36349151549
2012-01-20 21:00:00,98.4612575715778
2012-01-20 22:00:00,83.9640651959066
2012-01-20 23:00:00,49.4411004414734
2012-01-21 00:00:00,61.7811446208056
2012-01-21 01:00:00,26.8337694519979
2012-01-21 02:00:00,24.0564271781639
2012-01-21 03:00:00,13.9316093428925
2012-01-21 04:00:00,5.04251696557825
2012-01-21 05:00:00,4.34182034521596
2012-01-21 06:00:00,6.74425831801789
2012-01-21 07:00:00,18.9296881273428
2012-01-21 08:00:00,50.2758061591455
2012-01-21 09:00:00,73.168264757635
2012-01-21 10:00:00,76.0316730200377
2012-01-21 11:00:00,134.843277089462
2012-01-21 12:00:00,190.93145037869
2012-01-21 13:00:00,190.791709768148
2012-01-21 14:00:00,135.932746344348
2012-01-21 15:00:00,140.12518348099
2012-01-21 16:00:00,163.967070061844
2012-01-21 17:00:00,139.368848964229
2012-01-21 18:00:00,130.284729423316
2012-01-21 19:00:00,106.54489214012
2012-01-21 20:00:00,87.9123066013294
2012-01-21 21:00:00,83.3996318647215
2012-01-21 22:00:00,66.2397559568694
2012-01-21 23:00:00,57.7968522671472
2012-01-22 00:00:00,50.9952575884334
2012-01-22 01:00:00,41.6739292857118
2012-01-22 02:00:00,34.2044996464697
2012-01-22 03:00:00,21.1416279148478
2012-01-22 04:00:00,5.50589507109471
2012-01-22 05:00:00,4.64680787318114
2012-01-22 06:00:00,8.96316864649608
2012-01-22 07:00:00,21.9213487408035
2012-01-22 08:00:00,54.6361060732016
2012-01-22 09:00:00,98.9073413058951
2012-01-22 10:00:00,134.712662209381
2012-01-22 11:00:00,122.147072467857
2012-01-22 12:00:00,175.656379228411
2012-01-22 13:00:00,164.748736962302
2012-01-22 14:00:00,163.571342566336
2012-01-22 15:00:00,154.966099182349
2012-01-22 16:00:00,149.335890880691
2012-01-22 17:00:00,124.065657424766
2012-01-22 18:00:00,73.8810867660864
2012-01-22 19:00:00,64.1073820284463
2012-01-22 20:00:00,52.7741218961692
2012-01-22 21:00:00,43.746572289299
2012-01-22 22:00:00,55.2857072025729
2012-01-22 23:00:00,33.2809461983203
2012-01-23 00:00:00,15.9319754442379
2012-01-23 01:00:00,8.76280950480117
2012-01-23 02:00:00,5.29930745829323
2012-01-23 03:00:00,3.19789086769828
2012-01-23 04:00:00,2.9770736271786
2012-01-23 05:00:00,15.0253818096805
2012-01-23 06:00:00,57.6429088988859
2012-01-23 07:00:00,110.332078067253
2012-01-23 08:00:00,259.085583250435
2012-01-23 09:00:00,176.736364754668
2012-01-23 10:00:00,73.7078066894631
2012-01-23 11:00:00,99.4514712355323
2012-01-23 12:00:00,73.4895746418476
2012-01-23 13:00:00,60.6492133195559
2012-01-23 14:00:00,47.1220757728387
2012-01-23 15:00:00,68.7230548939167
2012-01-23 16:00:00,126.914843850103
2012-01-23 17:00:00,300.80498959992
2012-01-23 18:00:00,243.678533325344
2012-01-23 19:00:00,138.65935354079
2012-01-23 20:00:00,102.547223546766
2012-01-23 21:00:00,76.4699172974251
2012-01-23 22:00:00,60.3736660586576
2012-01-23 23:00:00,32.0199843652985
2012-01-24 00:00:00,15.2336852040551
2012-01-24 01:00:00,6.41867063778372
2012-01-24 02:00:00,3.52296505409952
2012-01-24 03:00:00,2.83541055366502
2012-01-24 04:00:00,3.93188836789903
2012-01-24 05:00:00,20.1969239997638
2012-01-24 06:00:00,57.3540524996396
2012-01-24 07:00:00,183.726970125775
2012-01-24 08:00:00,303.952312187706
2012-01-24 09:00:00,167.407801780853
2012-01-24 10:00:00,83.7065479139138
2012-01-24 11:00:00,103.03227823172
2012-01-24 12:00:00,122.213084436278
2012-01-24 13:00:00,117.465856528924
2012-01-24 14:00:00,92.9567554489651
2012-01-24 15:00:00,141.326413801355
2012-01-24 16:00:00,205.036362355243
2012-01-24 17:00:00,405.651967900908
2012-01-24 18:00:00,386.711683640817
2012-01-24 19:00:00,286.029762335382
2012-01-24 20:00:00,130.528729744546
2012-01-24 21:00:00,124.308622703155
2012-01-24 22:00:00,78.1696975724964
2012-01-24 23:00:00,45.3217402906207
2012-01-25 00:00:00,12.0101753041084
2012-01-25 01:00:00,9.10511642890856
2012-01-25 02:00:00,3.55931568369669
2012-01-25 03:00:00,2.89217086051185
2012-01-25 04:00:00,2.65750212862121
2012-01-25 05:00:00,17.8419473493741
2012-01-25 06:00:00,81.8057288245433
2012-01-25 07:00:00,214.520964871826
2012-01-25 08:00:00,409.626975916291
2012-01-25 09:00:00,209.465718967754
2012-01-25 10:00:00,100.795651490427
2012-01-25 11:00:00,99.4038381186145
2012-01-25 12:00:00,135.903867562536
2012-01-25 13:00:00,142.12902162447
2012-01-25 14:00:00,133.77447822799
2012-01-25 15:00:00,140.936379355944
2012-01-25 16:00:00,194.987231499941
2012-01-25 17:00:00,378.54212238381
2012-01-25 18:00:00,287.995308726384
2012-01-25 19:00:00,228.631985359532
2012-01-25 20:00:00,172.404017352344
2012-01-25 21:00:00,102.851078693255
2012-01-25 22:00:00,85.8804764090351
2012-01-25 23:00:00,41.8622559035136
2012-01-26 00:00:00,19.8886351657608
2012-01-26 01:00:00,8.76507889440351
2012-01-26 02:00:00,4.65036572753168
2012-01-26 03:00:00,2.99726353157999
2012-01-26 04:00:00,3.08202043704276
2012-01-26 05:00:00,17.9945671195276
2012-01-26 06:00:00,73.8073870980872
2012-01-26 07:00:00,225.520814557054
2012-01-26 08:00:00,384.698145784807
2012-01-26 09:00:00,197.239994314312
2012-01-26 10:00:00,96.8044137313658
2012-01-26 11:00:00,89.4621599618493
2012-01-26 12:00:00,135.156639051013
2012-01-26 13:00:00,137.548969052041
2012-01-26 14:00:00,140.174508082372
2012-01-26 15:00:00,152.067270938745
2012-01-26 16:00:00,207.528367449939
2012-01-26 17:00:00,382.116377949168
2012-01-26 18:00:00,375.364322805999
2012-01-26 19:00:00,238.957286383317
2012-01-26 20:00:00,183.205922268656
2012-01-26 21:00:00,135.51143188617
2012-01-26 22:00:00,115.120069108092
2012-01-26 23:00:00,79.0168833913945
2012-01-27 00:00:00,33.2323886958002
2012-01-27 01:00:00,14.4875055963277
2012-01-27 02:00:00,10.4353272174954
2012-01-27 03:00:00,4.4219485569778
2012-01-27 04:00:00,3.9112018788725
2012-01-27 05:00:00,19.2797553086141
2012-01-27 06:00:00,71.02050076251
2012-01-27 07:00:00,153.578604167649
2012-01-27 08:00:00,260.670317828065
2012-01-27 09:00:00,130.596725162743
2012-01-27 10:00:00,64.5660018419433
2012-01-27 11:00:00,150.041047798747
2012-01-27 12:00:00,178.42222653866
2012-01-27 13:00:00,225.228807661849
2012-01-27 14:00:00,212.485434380665
2012-01-27 15:00:00,193.629843137142
2012-01-27 16:00:00,233.267479492627
2012-01-27 17:00:00,374.464243999971
2012-01-27 18:00:00,335.623641844822
2012-01-27 19:00:00,229.575762991972
2012-01-27 20:00:00,176.067262940713
2012-01-27 21:00:00,105.006343514725
2012-01-27 22:00:00,104.836930948388
2012-01-27 23:00:00,67.4783013723741
2012-01-28 00:00:00,57.0482323438152
2012-01-28 01:00:00,49.798651126299
2012-01-28 02:00:00,31.8834487145588
2012-01-28 03:00:00,17.8297198047353
2012-01-28 04:00:00,4.78648481100139
2012-01-28 05:00:00,4.63619962199579
2012-01-28 06:00:00,8.64471160378782
2012-01-28 07:00:00,20.9961431142377
2012-01-28 08:00:00,67.1164512724226
2012-01-28 09:00:00,86.585382160148
2012-01-28 10:00:00,125.967801332658
2012-01-28 11:00:00,196.624286035595
2012-01-28 12:00:00,213.799892356291
2012-01-28 13:00:00,271.10039803111
2012-01-28 14:00:00,230.368707242341
2012-01-28 15:00:00,277.733063058474
2012-01-28 16:00:00,324.011909411036
2012-01-28 17:00:00,281.789408398767
2012-01-28 18:00:00,271.641240858091
2012-01-28 19:00:00,187.394382948614
2012-01-28 20:00:00,151.560814536466
2012-01-28 21:00:00,96.5762016175026
2012-01-28 22:00:00,104.79874020202
2012-01-28 23:00:00,78.179418569302
2012-01-29 00:00:00,53.0350925536519
2012-01-29 01:00:00,35.4155365290934
2012-01-29 02:00:00,27.0065284996708
2012-01-29 03:00:00,14.8909472208247
2012-01-29 04:00:00,4.58942314809917
2012-01-29 05:00:00,3.53571188730456
2012-01-29 06:00:00,8.58419735505942
2012-01-29 07:00:00,27.1503382303145
2012-01-29 08:00:00,68.2272139369469
2012-01-29 09:00:00,104.086241599286
2012-01-29 10:00:00,155.927653372538
2012-01-29 11:00:00,154.573808524825
2012-01-29 12:00:00,236.624323052822
2012-01-29 13:00:00,228.105758212323
2012-01-29 14:00:00,213.71499657055
2012-01-29 15:00:00,244.290769518865
2012-01-29 16:00:00,196.43578222969
2012-01-29 17:00:00,178.072512844505
2012-01-29 18:00:00,171.753370290747
2012-01-29 19:00:00,117.6793418592
2012-01-29 20:00:00,95.0434106375479
2012-01-29 21:00:00,76.6410166635735
2012-01-29 22:00:00,64.1212566005761
2012-01-29 23:00:00,40.1250805604362
2012-01-30 00:00:00,15.9478980519123
2012-01-30 01:00:00,7.63753611178914
2012-01-30 02:00:00,4.09861150224224
2012-01-30 03:00:00,2.57544981496917
2012-01-30 04:00:00,3.12311840385052
2012-01-30 05:00:00,16.0106711936897
2012-01-30 06:00:00,70.7961381143928
2012-01-30 07:00:00,184.675637097442
2012-01-30 08:00:00,376.231853071209
2012-01-30 09:00:00,196.173823502864
2012-01-30 10:00:00,104.710262638875
2012-01-30 11:00:00,99.6766324042446
2012-01-30 12:00:00,142.964756443436
2012-01-30 13:00:00,131.140377762142
2012-01-30 14:00:00,128.075091183038
2012-01-30 15:00:00,129.090553103077
2012-01-30 16:00:00,191.837428449962
2012-01-30 17:00:00,332.645783374756
2012-01-30 18:00:00,345.576531267235
2012-01-30 19:00:00,213.460016944056
2012-01-30 20:00:00,165.55404236084
2012-01-30 21:00:00,114.009506653646
2012-01-30 22:00:00,68.2943949865572
2012-01-30 23:00:00,43.921684546398
2012-01-31 00:00:00,17.863043585585
2012-01-31 01:00:00,7.66028687180355
2012-01-31 02:00:00,4.72019742982657
2012-01-31 03:00:00,3.27993080882222
2012-01-31 04:00:00,3.05311026196178
2012-01-31 05:00:00,17.9188327510225
2012-01-31 06:00:00,76.2338486613225
2012-01-31 07:00:00,211.260197394744
2012-01-31 08:00:00,350.43074759661
2012-01-31 09:00:00,205.183560312292
2012-01-31 10:00:00,108.473153108017
2012-01-31 11:00:00,143.228345966082
2012-01-31 12:00:00,162.393796844936
2012-01-31 13:00:00,198.7673975551
2012-01-31 14:00:00,183.582994551012
2012-01-31 15:00:00,228.824200543679
2012-01-31 16:00:00,343.129292998964
2012-01-31 17:00:00,627.048421817053
2012-01-31 18:00:00,579.932045536168
2012-01-31 19:00:00,347.674335828886
2012-01-31 20:00:00,204.311199456414
2012-01-31 21:00:00,161.707859848568
2012-01-31 22:00:00,103.999055985204
2012-01-31 23:00:00,70.3757228342607
2012-02-20 00:00:00,33.8604272017429
2012-02-20 01:00:00,23.904051443267
2012-02-20 02:00:00,16.8807463939113
2012-02-20 03:00:00,8.46842388851835
2012-02-20 05:00:00,6.74374877807262
2012-02-20 06:00:00,16.0373981889295
2012-02-20 07:00:00,61.2555017085687
2012-02-20 08:00:00,148.25047084379
2012-02-20 09:00:00,147.25012039716
2012-02-20 10:00:00,158.870922328373
2012-02-20 11:00:00,171.505468686615
2012-02-20 12:00:00,186.055798547444
2012-02-20 13:00:00,195.9092621093
2012-02-20 14:00:00,203.656017404553
2012-02-20 15:00:00,198.20768115059
2012-02-20 16:00:00,223.15393184931
2012-02-20 17:00:00,287.731719083941
2012-02-20 18:00:00,229.159139423405
2012-02-20 19:00:00,162.629283982736
2012-02-20 20:00:00,124.594368758039
2012-02-20 21:00:00,93.4268555357184
2012-02-20 22:00:00,76.5942648588626
2012-02-20 23:00:00,40.7234865303532
2012-02-21 00:00:00,13.3166839732056
2012-02-21 01:00:00,6.8131517626344
2012-02-21 02:00:00,4.07594434626883
2012-02-21 04:00:00,2.21953008960016
2012-02-21 05:00:00,18.0334719613351
2012-02-21 06:00:00,68.6426928080136
2012-02-21 07:00:00,211.526275790677
2012-02-21 08:00:00,423.035296275504
2012-02-21 09:00:00,250.896966925988
2012-02-21 10:00:00,111.063316001154
2012-02-21 11:00:00,113.594444145538
2012-02-21 12:00:00,178.658598836933
2012-02-21 13:00:00,165.213529476404
2012-02-21 14:00:00,154.763522277473
2012-02-21 15:00:00,155.535947939924
2012-02-21 16:00:00,222.200620718466
2012-02-21 17:00:00,422.693651821421
2012-02-21 18:00:00,407.529336255311
2012-02-21 19:00:00,243.548277570629
2012-02-21 20:00:00,215.076883050253
2012-02-21 21:00:00,150.248491695489
2012-02-21 22:00:00,105.739695182398
2012-02-21 23:00:00,71.1520712672059
2012-02-22 00:00:00,21.7121954655217
2012-02-22 01:00:00,8.58989720538555
2012-02-22 02:00:00,3.99811264513
2012-02-22 03:00:00,3.73033398713975
2012-02-22 04:00:00,2.59933487662707
2012-02-22 05:00:00,17.7195224673252
2012-02-22 06:00:00,86.590894265619
2012-02-22 07:00:00,237.837599890081
2012-02-22 08:00:00,520.11575730424
2012-02-22 09:00:00,240.687118141903
2012-02-22 10:00:00,119.746882549022
2012-02-22 11:00:00,132.049970579495
2012-02-22 12:00:00,148.80424659312
2012-02-22 13:00:00,153.986951483786
2012-02-22 14:00:00,136.376616044525
2012-02-22 15:00:00,181.601289185956
2012-02-22 16:00:00,268.2540594761
2012-02-22 17:00:00,492.040124712518
2012-02-22 18:00:00,353.129484578623
2012-02-22 19:00:00,279.29987182704
2012-02-22 20:00:00,195.452067253349
2012-02-22 21:00:00,126.210802828899
2012-02-22 22:00:00,114.544221995032
2012-02-22 23:00:00,61.9071223056245
2012-02-23 00:00:00,25.4218905112593
2012-02-23 01:00:00,9.37614159586579
2012-02-23 02:00:00,5.25703339484799
2012-02-23 03:00:00,1.82513181701476
2012-02-23 04:00:00,2.35552465490816
2012-02-23 05:00:00,14.2665237629078
2012-02-23 06:00:00,94.0281743939989
2012-02-23 07:00:00,221.396759949964
2012-02-23 08:00:00,573.806230748011
2012-02-23 09:00:00,251.874035438497
2012-02-23 10:00:00,120.585388129117
2012-02-23 11:00:00,150.201733329626
2012-02-23 12:00:00,221.770106756582
2012-02-23 13:00:00,197.738832604029
2012-02-23 14:00:00,186.905589540787
2012-02-23 15:00:00,192.126151578451
2012-02-23 16:00:00,295.946252585359
2012-02-23 17:00:00,519.890885396992
2012-02-23 18:00:00,525.155464050441
2012-02-23 19:00:00,353.63999395807
2012-02-23 20:00:00,257.737876635679
2012-02-23 21:00:00,150.908858868584
2012-02-23 22:00:00,151.668141350422
2012-02-23 23:00:00,100.244371437431
2012-02-24 00:00:00,41.0852357623648
2012-02-24 01:00:00,19.9396397106659
2012-02-24 02:00:00,6.24701443439226
2012-02-24 03:00:00,5.07520658737087
2012-02-24 04:00:00,5.73657054018904
2012-02-24 05:00:00,20.0194638844051
2012-02-24 06:00:00,90.1578018783585
2012-02-24 07:00:00,194.834076747413
2012-02-24 08:00:00,530.099414341295
2012-02-24 09:00:00,145.199811472929
2012-02-24 10:00:00,93.3940136107245
2012-02-24 11:00:00,141.350129734426
2012-02-24 12:00:00,178.757817461331
2012-02-24 13:00:00,186.223433600679
2012-02-24 14:00:00,190.473366592016
2012-02-24 15:00:00,98.5934822806467
2012-02-24 16:00:00,127.717728217067
2012-02-24 17:00:00,272.363163885026
2012-02-24 18:00:00,389.309188516969
2012-02-24 19:00:00,318.220041289701
2012-02-24 20:00:00,208.478835480605
2012-02-24 21:00:00,153.596106115135
2012-02-24 22:00:00,126.544573693556
2012-02-24 23:00:00,87.4083332646201
2012-02-25 00:00:00,73.1750976754189
2012-02-25 01:00:00,64.6006409380883
2012-02-25 02:00:00,44.4294236845218
2012-02-25 03:00:00,20.6680424434142
2012-02-25 04:00:00,6.23471790284048
2012-02-25 05:00:00,4.54083544036658
2012-02-25 06:00:00,11.1588631802327
2012-02-25 07:00:00,34.5685942494337
2012-02-25 08:00:00,93.2218250711459
2012-02-25 09:00:00,128.397664575351
2012-02-25 10:00:00,208.472739127715
2012-02-25 11:00:00,196.157145944884
2012-02-25 12:00:00,256.09064063207
2012-02-25 13:00:00,311.13017289051
2012-02-25 14:00:00,247.166614115903
2012-02-25 15:00:00,291.550189152873
2012-02-25 16:00:00,202.141656956489
2012-02-25 17:00:00,208.20480228489
2012-02-25 18:00:00,163.378295943779
2012-02-25 19:00:00,139.741026218121
2012-02-25 20:00:00,103.654286741002
2012-02-25 21:00:00,85.9117356491951
2012-02-25 22:00:00,76.5815771156592
2012-02-25 23:00:00,62.9955942086364
2012-02-26 00:00:00,52.8026967297603
2012-02-26 01:00:00,41.7413499902486
2012-02-26 02:00:00,33.2226751824304
2012-02-26 03:00:00,18.5749515406428
2012-02-26 04:00:00,4.86779705356141
2012-02-26 05:00:00,3.008486235232
2012-02-26 06:00:00,7.19720844768073
2012-02-26 07:00:00,20.3415950139022
2012-02-26 08:00:00,64.4263493969375
2012-02-26 09:00:00,103.596808856355
2012-02-26 10:00:00,150.678729229265
2012-02-26 11:00:00,167.578339180048
2012-02-26 12:00:00,245.034439671968
2012-02-26 13:00:00,311.66436649961
2012-02-26 14:00:00,305.881976008194
2012-02-26 15:00:00,287.612215905833
2012-02-26 16:00:00,287.641286103543
2012-02-26 17:00:00,233.718370557194
2012-02-26 18:00:00,216.615856332054
2012-02-26 19:00:00,141.262307233304
2012-02-26 20:00:00,112.266980317257
2012-02-26 21:00:00,83.0497601926959
2012-02-26 22:00:00,62.013835878609
2012-02-26 23:00:00,36.8683540914394
2012-02-27 00:00:00,16.82122629622
2012-02-27 01:00:00,6.50954977190315
2012-02-27 02:00:00,4.23820308232019
2012-02-27 03:00:00,2.91368050862582
2012-02-27 04:00:00,1.99114959098517
2012-02-27 05:00:00,12.024635259006
2012-02-27 06:00:00,58.8564306411801
2012-02-27 07:00:00,197.551892750977
2012-02-27 08:00:00,411.428450047717
2012-02-27 09:00:00,215.016755924496
2012-02-27 10:00:00,139.280749788507
2012-02-27 11:00:00,160.243582849207
2012-02-27 12:00:00,168.38657227587
2012-02-27 13:00:00,172.094317275299
2012-02-27 14:00:00,180.243140354755
2012-02-27 15:00:00,181.764408883216
2012-02-27 16:00:00,283.189722188623
2012-02-27 17:00:00,506.153574343921
2012-02-27 18:00:00,456.900654081747
2012-02-27 19:00:00,301.990476614426
2012-02-27 20:00:00,205.509668494162
2012-02-27 21:00:00,170.464174115808
2012-02-27 22:00:00,112.106202288811
2012-02-27 23:00:00,58.260885887596
2012-02-28 00:00:00,27.1080030151467
2012-02-28 01:00:00,12.0335938680581
2012-02-28 02:00:00,5.81794891417387
2012-02-28 03:00:00,4.11989566339186
2012-02-28 04:00:00,3.58183441074336
2012-02-28 05:00:00,21.8137957287911
2012-02-28 06:00:00,83.8714033810506
2012-02-28 07:00:00,210.713057055013
2012-02-28 08:00:00,443.944641320161
2012-02-28 09:00:00,242.541562124426
2012-02-28 10:00:00,122.302236698279
2012-02-28 11:00:00,168.180425441563
2012-02-28 12:00:00,193.800565795779
2012-02-28 13:00:00,182.713377168142
2012-02-28 14:00:00,177.922632189375
2012-02-28 15:00:00,186.510528924899
2012-02-28 16:00:00,274.089686025711
2012-02-28 17:00:00,495.277731621131
2012-02-28 18:00:00,472.838202743115
2012-02-28 19:00:00,329.889218782716
2012-02-28 20:00:00,205.402654505301
2012-02-28 21:00:00,150.855089718923
2012-02-28 22:00:00,113.598953640236
2012-02-28 23:00:00,70.2552273162697
2012-02-29 00:00:00,23.6797977176952
2012-02-29 01:00:00,8.46792269644613
2012-02-29 02:00:00,4.26190907175179
2012-02-29 03:00:00,2.14263314903019
2012-02-29 05:00:00,15.3211464087003
2012-02-29 06:00:00,62.0130430561163
2012-02-29 07:00:00,209.147094517471
2012-02-29 08:00:00,439.238558854045
2012-02-29 09:00:00,133.63467074695
2012-02-29 10:00:00,61.7902451310048
2012-02-29 11:00:00,67.4322665784323
2012-02-29 12:00:00,67.9664685544502
2012-02-29 13:00:00,112.519688654596
2012-02-29 14:00:00,104.00505921534
2012-02-29 15:00:00,117.805489883332
2012-02-29 16:00:00,89.8225353329218
2012-02-29 17:00:00,363.298024947615
2012-02-29 18:00:00,225.336746060459
2012-02-29 19:00:00,259.092279344007
2012-02-29 20:00:00,125.599786285445
2012-02-29 21:00:00,88.0914465453555
2012-02-29 22:00:00,61.3968069317151
2012-02-29 23:00:00,45.992743238104
2012-03-20 00:00:00,29.1383828998164
2012-03-20 01:00:00,14.9203154704031
2012-03-20 02:00:00,6.69650010184015
2012-03-20 03:00:00,3.51808980135707
2012-03-20 04:00:00,3.30287366208935
2012-03-20 05:00:00,18.1913863506506
2012-03-20 06:00:00,89.8989038268354
2012-03-20 07:00:00,132.881149559782
2012-03-20 08:00:00,515.108657673505
2012-03-20 09:00:00,279.297693737319
2012-03-20 10:00:00,155.205532482423
2012-03-20 11:00:00,180.565923439287
2012-03-20 12:00:00,215.195337782645
2012-03-20 13:00:00,202.607132420979
2012-03-20 14:00:00,227.66181901724
2012-03-20 15:00:00,212.782506318865
2012-03-20 16:00:00,364.554557654882
2012-03-20 17:00:00,661.77366830597
2012-03-20 18:00:00,594.719150910365
2012-03-20 19:00:00,444.790967001358
2012-03-20 20:00:00,291.746068751687
2012-03-20 21:00:00,233.103278149396
2012-03-20 22:00:00,142.906608227759
2012-03-20 23:00:00,73.6377048150517
2012-03-21 00:00:00,32.5504271942762
2012-03-21 01:00:00,16.5682248748764
2012-03-21 02:00:00,5.06030212470284
2012-03-21 03:00:00,2.32587082708516
2012-03-21 04:00:00,2.76296631900041
2012-03-21 05:00:00,18.2643006512325
2012-03-21 06:00:00,92.946137225624
2012-03-21 07:00:00,149.239675472943
2012-03-21 08:00:00,283.425482832957
2012-03-21 09:00:00,240.708795064824
2012-03-21 10:00:00,151.443849660797
2012-03-21 11:00:00,158.862716924058
2012-03-21 12:00:00,225.599928305152
2012-03-21 13:00:00,208.909286112855
2012-03-21 14:00:00,207.324325888833
2012-03-21 15:00:00,185.033887559777
2012-03-21 16:00:00,382.718483944558
2012-03-21 17:00:00,620.403084414205
2012-03-21 18:00:00,615.018892188249
2012-03-21 19:00:00,564.389930960504
2012-03-21 20:00:00,282.328128344872
2012-03-21 21:00:00,209.077719708577
2012-03-21 22:00:00,130.313288848397
2012-03-21 23:00:00,101.94939324807
2012-03-22 00:00:00,40.3839926873976
2012-03-22 01:00:00,19.2594199276202
2012-03-22 02:00:00,8.74780323994166
2012-03-22 03:00:00,4.67709886531294
2012-03-22 04:00:00,5.08538873171196
2012-03-22 05:00:00,24.4253393463168
2012-03-22 06:00:00,113.110849238697
2012-03-22 07:00:00,290.956779937363
2012-03-22 08:00:00,522.302168728112
2012-03-22 09:00:00,241.641322905924
2012-03-22 10:00:00,106.771085453187
2012-03-22 11:00:00,156.376597338466
2012-03-22 12:00:00,177.187638385297
2012-03-22 13:00:00,245.192386468807
2012-03-22 14:00:00,263.54685074937
2012-03-22 15:00:00,222.064762746239
2012-03-22 16:00:00,400.132867209394
2012-03-22 17:00:00,749.953285675077
2012-03-22 18:00:00,743.346540773113
2012-03-22 19:00:00,553.596204839887
2012-03-22 20:00:00,366.282104542111
2012-03-22 21:00:00,207.927840816935
2012-03-22 22:00:00,157.304671709787
2012-03-22 23:00:00,110.790064739594
2012-03-23 00:00:00,52.2435127884935
2012-03-23 01:00:00,28.0571183224889
2012-03-23 02:00:00,12.5792234522047
2012-03-23 03:00:00,5.69860725767675
2012-03-23 04:00:00,4.53770535274049
2012-03-23 05:00:00,19.305198871428
2012-03-23 06:00:00,103.270238246639
2012-03-23 07:00:00,270.943457214901
2012-03-23 08:00:00,578.927667003304
2012-03-23 09:00:00,319.794422301341
2012-03-23 10:00:00,186.982801883054
2012-03-23 11:00:00,245.472467837034
2012-03-23 12:00:00,313.637487665147
2012-03-23 13:00:00,363.918496030105
2012-03-23 14:00:00,301.409947851914
2012-03-23 15:00:00,299.554091750065
2012-03-23 16:00:00,425.381932939955
2012-03-23 17:00:00,712.863991000877
2012-03-23 18:00:00,710.422748293309
2012-03-23 19:00:00,481.566291764684
2012-03-23 20:00:00,360.622229783636
2012-03-23 21:00:00,271.42234848323
2012-03-23 22:00:00,232.00892650218
2012-03-23 23:00:00,138.546162179049
2012-03-24 00:00:00,136.035054560135
2012-03-24 01:00:00,151.052962065732
2012-03-24 02:00:00,78.156518933662
2012-03-24 03:00:00,40.0037744080463
2012-03-24 04:00:00,9.50871113800638
2012-03-24 05:00:00,11.7163058381196
2012-03-24 06:00:00,34.9059112782279
2012-03-24 07:00:00,71.7822982115086
2012-03-24 08:00:00,162.090470862903
2012-03-24 09:00:00,250.224852346313
2012-03-24 10:00:00,356.280750434613
2012-03-24 11:00:00,374.576336317574
2012-03-24 12:00:00,196.911496640089
2012-03-24 13:00:00,207.354674287078
2012-03-24 14:00:00,181.42091295017
2012-03-24 15:00:00,147.382979209279
2012-03-24 16:00:00,170.503764859745
2012-03-24 17:00:00,141.962574811247
2012-03-24 18:00:00,133.339686781454
2012-03-24 19:00:00,147.994612220839
2012-03-24 20:00:00,87.7131326065598
2012-03-24 21:00:00,71.4804368647518
2012-03-24 22:00:00,53.2432074724336
2012-03-24 23:00:00,81.4659607145901
2012-03-25 00:00:00,99.4446426862195
2012-03-25 01:00:00,60.8344468516679
2012-03-25 02:00:00,28.0411860945859
2012-03-25 03:00:00,13.2305026907188
2012-03-25 04:00:00,8.16390842926771
2012-03-25 05:00:00,7.48950702613443
2012-03-25 06:00:00,13.5339988882298
2012-03-25 07:00:00,40.0401449796985
2012-03-25 08:00:00,86.7456572330815
2012-03-25 09:00:00,136.148521848658
2012-03-25 10:00:00,302.051398428272
2012-03-25 11:00:00,235.733533955241
2012-03-25 12:00:00,268.375568878036
2012-03-25 13:00:00,498.703319443091
2012-03-25 14:00:00,462.557960031669
2012-03-25 15:00:00,329.246658777773
2012-03-25 16:00:00,469.219155394967
2012-03-25 17:00:00,424.270454261671
2012-03-25 18:00:00,387.678158605173
2012-03-25 19:00:00,242.360629959839
2012-03-25 20:00:00,195.25778771512
2012-03-25 21:00:00,217.650128575218
2012-03-25 22:00:00,152.221512045444
2012-03-25 23:00:00,98.9073541939429
2012-03-26 00:00:00,33.8665183698888
2012-03-26 01:00:00,14.0426805981445
2012-03-26 02:00:00,6.62977144832686
2012-03-26 03:00:00,3.86560501088471
2012-03-26 04:00:00,5.5881020586911
2012-03-26 05:00:00,31.9781671863925
2012-03-26 06:00:00,121.522533180536
2012-03-26 07:00:00,397.905288566945
2012-03-26 08:00:00,684.618846180207
2012-03-26 09:00:00,317.917168183387
2012-03-26 10:00:00,217.211530429267
2012-03-26 11:00:00,235.468878427444
2012-03-26 12:00:00,317.86388470167
2012-03-26 13:00:00,284.737070283649
2012-03-26 14:00:00,263.036813843112
2012-03-26 15:00:00,262.142657191218
2012-03-26 16:00:00,386.796537152045
2012-03-26 17:00:00,607.094812913273
2012-03-26 18:00:00,658.431642043351
2012-03-26 19:00:00,353.499108266233
2012-03-26 20:00:00,297.661533136481
2012-03-26 21:00:00,159.447501531224
2012-03-26 22:00:00,116.631343463154
2012-03-26 23:00:00,72.1688080560717
2012-03-27 00:00:00,22.4523441042935
2012-03-27 01:00:00,8.60681125286
2012-03-27 02:00:00,3.06541595939841
2012-03-27 03:00:00,2.15086023490133
2012-03-27 04:00:00,2.23134494561883
2012-03-27 05:00:00,20.7103067733642
2012-03-27 06:00:00,90.3755354435403
2012-03-27 07:00:00,248.502772486456
2012-03-27 08:00:00,539.894861540732
2012-03-27 09:00:00,255.967561092843
2012-03-27 10:00:00,136.173584670626
2012-03-27 11:00:00,131.454976436266
2012-03-27 12:00:00,150.662699636818
2012-03-27 13:00:00,226.870664446187
2012-03-27 14:00:00,233.919480697153
2012-03-27 15:00:00,176.661180174151
2012-03-27 16:00:00,272.711433769852
2012-03-27 17:00:00,560.971154126859
2012-03-27 18:00:00,485.785393875979
2012-03-27 19:00:00,330.456003844417
2012-03-27 20:00:00,247.7597583209
2012-03-27 21:00:00,167.03825824062
2012-03-27 22:00:00,130.291295714491
2012-03-27 23:00:00,79.4928466994694
2012-03-28 00:00:00,32.7792957051635
2012-03-28 01:00:00,12.5732553985425
2012-03-28 02:00:00,4.35191833164035
2012-03-28 03:00:00,4.74725500794614
2012-03-28 04:00:00,3.65812349843585
2012-03-28 05:00:00,26.126248132408
2012-03-28 06:00:00,120.289976200383
2012-03-28 07:00:00,350.237500904049
2012-03-28 08:00:00,653.012285991193
2012-03-28 09:00:00,334.079916469389
2012-03-28 10:00:00,194.851736196042
2012-03-28 11:00:00,196.855267741016
2012-03-28 12:00:00,251.393081793889
2012-03-28 13:00:00,235.892924147928
2012-03-28 14:00:00,246.115394786175
2012-03-28 15:00:00,218.45145141764
2012-03-28 16:00:00,336.783667942611
2012-03-28 17:00:00,774.330224787491
2012-03-28 18:00:00,768.700299998122
2012-03-28 19:00:00,513.43386328293
2012-03-28 20:00:00,359.524401079014
2012-03-28 21:00:00,276.46844730046
2012-03-28 22:00:00,211.082006332784
2012-03-28 23:00:00,104.061111863657
2012-03-29 00:00:00,40.3940545328216
2012-03-29 01:00:00,30.7107776037316
2012-03-29 02:00:00,10.7068510785705
2012-03-29 03:00:00,4.36571346162247
2012-03-29 04:00:00,4.2647924278554
2012-03-29 05:00:00,21.9626761243996
2012-03-29 06:00:00,116.09193256759
2012-03-29 07:00:00,319.038223436672
2012-03-29 08:00:00,797.152347354231
2012-03-29 09:00:00,378.043395186227
2012-03-29 10:00:00,184.18692030222
2012-03-29 11:00:00,198.972983335307
2012-03-29 12:00:00,242.229946453521
2012-03-29 13:00:00,225.058965763718
2012-03-29 14:00:00,207.816389896343
2012-03-29 15:00:00,232.738371280809
2012-03-29 16:00:00,329.288564783638
2012-03-29 17:00:00,639.400943359488
2012-03-29 18:00:00,530.864385408656
2012-03-29 19:00:00,420.682265799433
2012-03-29 20:00:00,292.648326150282
2012-03-29 21:00:00,207.54511735047
2012-03-29 22:00:00,151.313788038322
2012-03-29 23:00:00,96.9124632443048
2012-03-30 00:00:00,50.3130842365395
2012-03-30 01:00:00,19.427814406633
2012-03-30 02:00:00,9.94295110419935
2012-03-30 03:00:00,7.25870548577164
2012-03-30 04:00:00,7.24844020078717
2012-03-30 05:00:00,22.4871884723313
2012-03-30 06:00:00,99.8897022417355
2012-03-30 07:00:00,221.773139636291
2012-03-30 08:00:00,509.458432491801
2012-03-30 09:00:00,287.375721574582
2012-03-30 10:00:00,171.698656355597
2012-03-30 11:00:00,194.690786777901
2012-03-30 12:00:00,237.621786376221
2012-03-30 13:00:00,182.260450941644
2012-03-30 14:00:00,164.2378827722
2012-03-30 15:00:00,148.212621978112
2012-03-30 16:00:00,142.211008060082
2012-03-30 17:00:00,453.099077676653
2012-03-30 18:00:00,429.641760997057
2012-03-30 19:00:00,318.515676103288
2012-03-30 20:00:00,245.295050004337
2012-03-30 21:00:00,166.720074551127
2012-03-30 22:00:00,143.014751024535
2012-03-30 23:00:00,114.274709658057
2012-03-31 00:00:00,117.035318806467
2012-03-31 01:00:00,134.018469703641
2012-03-31 02:00:00,69.3655804961566
2012-03-31 03:00:00,27.1482115638568
2012-03-31 04:00:00,9.03216039600248
2012-03-31 05:00:00,10.3186902399921
2012-03-31 06:00:00,30.992943424574
2012-03-31 07:00:00,69.262972318184
2012-03-31 08:00:00,175.393735781606
2012-03-31 09:00:00,272.285697264131
2012-03-31 10:00:00,364.679745661059
2012-03-31 11:00:00,531.663849315897
2012-03-31 12:00:00,517.659041767623
2012-03-31 13:00:00,645.467712455129
2012-03-31 14:00:00,380.991244084838
2012-03-31 15:00:00,435.151902150588
2012-03-31 16:00:00,401.262821853711
2012-03-31 17:00:00,358.454634695549
2012-03-31 18:00:00,340.898819405865
2012-03-31 19:00:00,273.666908471946
2012-03-31 20:00:00,210.863453458782
2012-03-31 21:00:00,162.961559966124
2012-03-31 22:00:00,139.829922598451
2012-03-31 23:00:00,113.970872296145
2012-04-20 00:00:00,64.635877017095
2012-04-20 01:00:00,21.5335804198805
2012-04-20 02:00:00,10.0881109010946
2012-04-20 03:00:00,6.43074911305185
2012-04-20 04:00:00,6.91140977478663
2012-04-20 05:00:00,25.5282350509824
2012-04-20 06:00:00,121.312019831876
2012-04-20 07:00:00,308.920729472367
2012-04-20 08:00:00,537.876391825769
2012-04-20 09:00:00,284.319667228671
2012-04-20 10:00:00,175.161110080253
2012-04-20 11:00:00,216.366611470528
2012-04-20 12:00:00,312.653590327325
2012-04-20 13:00:00,310.225937638976
2012-04-20 14:00:00,292.965183012993
2012-04-20 15:00:00,298.305265793247
2012-04-20 16:00:00,448.017923206448
2012-04-20 17:00:00,715.610420678874
2012-04-20 18:00:00,629.242145641491
2012-04-20 19:00:00,494.868067798026
2012-04-20 20:00:00,333.303427085307
2012-04-20 21:00:00,229.371700963778
2012-04-20 22:00:00,171.250240617267
2012-04-20 23:00:00,145.930421809034
2012-04-21 00:00:00,115.267253690792
2012-04-21 01:00:00,92.1085806046941
2012-04-21 02:00:00,79.7705558647516
2012-04-21 03:00:00,36.8746648217645
2012-04-21 04:00:00,12.9171646956193
2012-04-21 05:00:00,16.2882069454345
2012-04-21 06:00:00,36.7026713524946
2012-04-21 07:00:00,94.2844192415682
2012-04-21 08:00:00,197.077162941032
2012-04-21 09:00:00,279.302030144363
2012-04-21 10:00:00,407.156422046959
2012-04-21 11:00:00,427.883345740549
2012-04-21 12:00:00,677.848620207353
2012-04-21 13:00:00,681.516739296429
2012-04-21 14:00:00,666.605109637899
2012-04-21 15:00:00,682.147765089022
2012-04-21 16:00:00,643.071207342819
2012-04-21 17:00:00,559.663011207728
2012-04-21 18:00:00,460.304949008048
2012-04-21 19:00:00,216.904778675539
2012-04-21 20:00:00,122.094923314146
2012-04-21 21:00:00,68.4234146084703
2012-04-21 22:00:00,175.625542221091
2012-04-21 23:00:00,103.355076665085
2012-04-22 00:00:00,90.8711153100973
2012-04-22 01:00:00,69.8047619274368
2012-04-22 02:00:00,66.0204544903549
2012-04-22 03:00:00,31.1492161384273
2012-04-22 04:00:00,11.2490164295268
2012-04-22 05:00:00,12.0939404405196
2012-04-22 06:00:00,26.3030508556164
2012-04-22 07:00:00,34.1794034785743
2012-04-22 08:00:00,70.6704009943541
2012-04-22 09:00:00,115.620752936835
2012-04-22 10:00:00,187.739550517511
2012-04-22 11:00:00,173.256982400012
2012-04-22 12:00:00,225.198724556343
2012-04-22 13:00:00,179.4167219917
2012-04-22 14:00:00,189.516918719683
2012-04-22 15:00:00,141.753967857613
2012-04-22 16:00:00,124.61913240517
2012-04-22 17:00:00,64.6379019676453
2012-04-22 18:00:00,56.9014177521862
2012-04-22 19:00:00,57.9832805183023
2012-04-22 20:00:00,46.3746762402336
2012-04-22 21:00:00,40.2358867935569
2012-04-22 22:00:00,30.298060544757
2012-04-22 23:00:00,27.7247439397461
2012-04-23 00:00:00,11.7735012560678
2012-04-23 01:00:00,3.68745928597433
2012-04-23 02:00:00,4.53697783354619
2012-04-23 03:00:00,2.81638152219782
2012-04-23 04:00:00,1.64025854189729
2012-04-23 05:00:00,11.6978269509526
2012-04-23 06:00:00,87.3690045590982
2012-04-23 07:00:00,112.179461964568
2012-04-23 08:00:00,466.885685346183
2012-04-23 09:00:00,230.934792534956
2012-04-23 10:00:00,130.353587187068
2012-04-23 11:00:00,126.867683704127
2012-04-23 12:00:00,92.2629669947062
2012-04-23 13:00:00,106.373219221392
2012-04-23 14:00:00,84.1592188883616
2012-04-23 15:00:00,157.245448079499
2012-04-23 16:00:00,74.6049481679038
2012-04-23 17:00:00,169.841904471166
2012-04-23 18:00:00,193.097448169524
2012-04-23 19:00:00,199.891376287227
2012-04-23 20:00:00,153.100990738887
2012-04-23 21:00:00,95.8364496424503
2012-04-23 22:00:00,68.0992542440969
2012-04-23 23:00:00,41.9982265319498
2012-04-24 00:00:00,17.2579324283098
2012-04-24 01:00:00,7.73017925971872
2012-04-24 02:00:00,2.45360925476547
2012-04-24 03:00:00,2.16522742102849
2012-04-24 04:00:00,2.39408606610238
2012-04-24 05:00:00,17.9322949336263
2012-04-24 06:00:00,81.2982712504439
2012-04-24 07:00:00,246.904890658822
2012-04-24 08:00:00,453.422685756076
2012-04-24 09:00:00,269.544805492913
2012-04-24 10:00:00,163.96140354031
2012-04-24 11:00:00,209.220333326104
2012-04-24 12:00:00,298.572177337188
2012-04-24 13:00:00,280.317532457504
2012-04-24 14:00:00,280.51753422967
2012-04-24 15:00:00,286.661115123129
2012-04-24 16:00:00,408.634023679779
2012-04-24 17:00:00,738.405903391294
2012-04-24 18:00:00,713.142499530014
2012-04-24 19:00:00,474.713035862662
2012-04-24 20:00:00,334.613006264556
2012-04-24 21:00:00,217.356751610498
2012-04-24 22:00:00,133.720889775456
2012-04-24 23:00:00,88.1564667200479
2012-04-25 00:00:00,34.2446393776187
2012-04-25 01:00:00,12.8045118682185
2012-04-25 02:00:00,5.84651007538424
2012-04-25 03:00:00,3.08499056320352
2012-04-25 04:00:00,3.81608402449038
2012-04-25 05:00:00,27.2349531631206
2012-04-25 06:00:00,126.471709945696
2012-04-25 07:00:00,387.52414944135
2012-04-25 08:00:00,584.106246154769
2012-04-25 09:00:00,317.411099117487
2012-04-25 10:00:00,179.676901023741
2012-04-25 11:00:00,218.446145255421
2012-04-25 12:00:00,283.990314876003
2012-04-25 13:00:00,277.843227084687
2012-04-25 14:00:00,243.843633603661
2012-04-25 15:00:00,255.346526550321
2012-04-25 16:00:00,406.361110884846
2012-04-25 17:00:00,754.199900289976
2012-04-25 18:00:00,758.59737244322
2012-04-25 19:00:00,524.739348737382
2012-04-25 20:00:00,389.67091504567
2012-04-25 21:00:00,216.463861325889
2012-04-25 22:00:00,154.723429966631
2012-04-25 23:00:00,96.6026308806391
2012-04-26 00:00:00,41.221249691645
2012-04-26 01:00:00,20.7418185598142
2012-04-26 02:00:00,11.3397226248783
2012-04-26 03:00:00,5.45035417143393
2012-04-26 04:00:00,6.64823431040087
2012-04-26 05:00:00,32.023353387854
2012-04-26 06:00:00,142.837163816257
2012-04-26 07:00:00,189.636738369955
2012-04-26 08:00:00,405.624458134523
2012-04-26 09:00:00,193.705328140007
2012-04-26 10:00:00,126.748747202286
2012-04-26 11:00:00,125.189427305043
2012-04-26 12:00:00,220.454117309929
2012-04-26 13:00:00,214.936714234669
2012-04-26 14:00:00,186.860255702738
2012-04-26 15:00:00,160.039678205115
2012-04-26 16:00:00,216.627636218939
2012-04-26 17:00:00,592.609259547697
2012-04-26 18:00:00,524.128518039699
2012-04-26 19:00:00,371.068016048419
2012-04-26 20:00:00,309.690073573511
2012-04-26 21:00:00,180.710761809694
2012-04-26 22:00:00,194.350382378253
2012-04-26 23:00:00,105.816036612326
2012-04-27 00:00:00,59.0396975753634
2012-04-27 01:00:00,29.9238787794493
2012-04-27 02:00:00,19.7694685463652
2012-04-27 03:00:00,6.66624803546193
2012-04-27 04:00:00,6.23936219062882
2012-04-27 05:00:00,32.0912198345893
2012-04-27 06:00:00,122.447351878851
2012-04-27 07:00:00,274.261869888439
2012-04-27 08:00:00,663.274701233248
2012-04-27 09:00:00,335.297308888992
2012-04-27 10:00:00,227.42188745997
2012-04-27 11:00:00,253.091648168542
2012-04-27 12:00:00,326.953989522982
2012-04-27 13:00:00,366.586000999312
2012-04-27 14:00:00,320.161928758994
2012-04-27 15:00:00,289.475862082011
2012-04-27 16:00:00,413.838738506029
2012-04-27 17:00:00,775.3307794988
2012-04-27 18:00:00,680.397855074149
2012-04-27 19:00:00,518.68196780673
2012-04-27 20:00:00,330.028478387325
2012-04-27 21:00:00,221.559155124866
2012-04-27 22:00:00,167.945978875611
2012-04-27 23:00:00,112.440846369489
2012-04-28 00:00:00,84.1591809669698
2012-04-28 01:00:00,52.0209059360438
2012-04-28 02:00:00,43.6119425695688
2012-04-28 03:00:00,18.8502464683961
2012-04-28 04:00:00,6.64466028147677
2012-04-28 05:00:00,8.03019198048284
2012-04-28 06:00:00,19.4417596278829
2012-04-28 07:00:00,49.6199275872824
2012-04-28 08:00:00,173.432751789259
2012-04-28 09:00:00,219.956057896427
2012-04-28 10:00:00,319.24834739358
2012-04-28 11:00:00,384.75400416624
2012-04-28 12:00:00,394.899148652771
2012-04-28 13:00:00,427.971051572828
2012-04-28 14:00:00,477.244197896458
2012-04-28 15:00:00,471.966025444833
2012-04-28 16:00:00,454.604644057878
2012-04-28 17:00:00,393.796941156988
2012-04-28 18:00:00,237.804992973712
2012-04-28 19:00:00,226.285691583856
2012-04-28 20:00:00,166.844642376276
2012-04-28 21:00:00,118.137772519749
2012-04-28 22:00:00,170.989521320093
2012-04-28 23:00:00,137.012991192157
2012-04-29 00:00:00,98.6489975301476
2012-04-29 01:00:00,98.2661312354441
2012-04-29 02:00:00,45.5138921086665
2012-04-29 03:00:00,26.0541143989736
2012-04-29 04:00:00,12.2164342283471
2012-04-29 05:00:00,10.8034320290208
2012-04-29 06:00:00,20.7145995098921
2012-04-29 07:00:00,44.3381774375771
2012-04-29 08:00:00,131.097878923223
2012-04-29 09:00:00,237.554955865201
2012-04-29 10:00:00,312.666678580583
2012-04-29 11:00:00,341.463251275597
2012-04-29 12:00:00,488.682860012395
2012-04-29 13:00:00,478.559788639035
2012-04-29 14:00:00,484.890463765829
2012-04-29 15:00:00,571.213748577069
2012-04-29 16:00:00,522.339338055594
2012-04-29 17:00:00,463.161738573441
2012-04-29 18:00:00,427.989185892282
2012-04-29 19:00:00,339.33968061036
2012-04-29 20:00:00,250.167326583225
2012-04-29 21:00:00,188.675364854602
2012-04-29 22:00:00,124.593073246247
2012-04-29 23:00:00,86.7585768631734
2012-04-30 00:00:00,35.013719317078
2012-04-30 01:00:00,14.0885358660052
2012-04-30 02:00:00,11.2271472890158
2012-04-30 03:00:00,3.7469012184776
2012-04-30 04:00:00,2.93088811692097
2012-04-30 05:00:00,17.4432654685959
2012-04-30 06:00:00,109.576478745464
2012-04-30 07:00:00,260.613750611173
2012-04-30 08:00:00,546.988862534867
2012-04-30 09:00:00,265.655205873003
2012-04-30 10:00:00,168.227828281961
2012-04-30 11:00:00,183.16071741996
2012-04-30 12:00:00,248.833104092732
2012-04-30 13:00:00,217.71712451239
2012-04-30 14:00:00,229.252813710087
2012-04-30 15:00:00,232.097993077847
2012-04-30 16:00:00,338.565679300628
2012-04-30 17:00:00,666.252354539483
2012-04-30 18:00:00,582.357068512353
2012-04-30 19:00:00,358.898544968635
2012-04-30 20:00:00,285.522550283966
2012-04-30 21:00:00,193.856066985999
2012-04-30 22:00:00,155.552110563025
2012-04-30 23:00:00,77.9619733199218
2012-05-20 00:00:00,150.218606403712
2012-05-20 01:00:00,99.732481266859
2012-05-20 02:00:00,79.7118576720941
2012-05-20 03:00:00,36.4509973044111
2012-05-20 04:00:00,12.7664694729844
2012-05-20 05:00:00,13.4443443242895
2012-05-20 06:00:00,26.3756786637712
2012-05-20 07:00:00,63.4545515175427
2012-05-20 08:00:00,151.373183609183
2012-05-20 09:00:00,292.411164021107
2012-05-20 10:00:00,432.062260781711
2012-05-20 11:00:00,514.186800441049
2012-05-20 12:00:00,616.161811814809
2012-05-20 13:00:00,639.602161596205
2012-05-20 14:00:00,592.858705714631
2012-05-20 15:00:00,529.325523453087
2012-05-20 16:00:00,615.642464328987
2012-05-20 17:00:00,548.864745988731
2012-05-20 18:00:00,445.180584208618
2012-05-20 19:00:00,391.439945021047
2012-05-20 20:00:00,296.526797006293
2012-05-20 21:00:00,200.650395250645
2012-05-20 22:00:00,148.971924533329
2012-05-20 23:00:00,61.2834587681452
2012-05-21 00:00:00,19.1324906708521
2012-05-21 01:00:00,6.12904378976397
2012-05-21 02:00:00,4.83134737852738
2012-05-21 03:00:00,4.14633835208287
2012-05-21 04:00:00,2.80667437799235
2012-05-21 05:00:00,14.2568976177711
2012-05-21 06:00:00,52.536016815424
2012-05-21 07:00:00,139.866574946459
2012-05-21 08:00:00,222.500873472422
2012-05-21 09:00:00,113.26068869322
2012-05-21 10:00:00,80.3011607484051
2012-05-21 11:00:00,164.072755889856
2012-05-21 12:00:00,183.476870762264
2012-05-21 13:00:00,103.652672565732
2012-05-21 14:00:00,94.935348051846
2012-05-21 15:00:00,236.375436098048
2012-05-21 16:00:00,338.410124385081
2012-05-21 17:00:00,614.695767004913
2012-05-21 18:00:00,628.387554851886
2012-05-21 19:00:00,442.510493179069
2012-05-21 20:00:00,326.377691842878
2012-05-21 21:00:00,225.20906768425
2012-05-21 22:00:00,155.124616035118
2012-05-21 23:00:00,86.016628319435
2012-05-22 00:00:00,35.3565167039956
2012-05-22 01:00:00,15.5474263851195
2012-05-22 02:00:00,7.93355952954858
2012-05-22 03:00:00,5.42831080532954
2012-05-22 04:00:00,5.37304117333186
2012-05-22 05:00:00,17.7849514102947
2012-05-22 06:00:00,72.0581402399358
2012-05-22 07:00:00,194.205938761639
2012-05-22 08:00:00,537.755426630906
2012-05-22 09:00:00,291.434850228087
2012-05-22 10:00:00,160.787801205156
2012-05-22 11:00:00,163.008446475933
2012-05-22 12:00:00,213.006092555049
2012-05-22 13:00:00,241.31401704307
2012-05-22 14:00:00,222.602599324649
2012-05-22 15:00:00,272.844469482645
2012-05-22 16:00:00,392.537841622527
2012-05-22 17:00:00,731.706946273708
2012-05-22 18:00:00,720.955798424468
2012-05-22 19:00:00,476.837620876855
2012-05-22 20:00:00,364.39290241367
2012-05-22 21:00:00,243.537412116312
2012-05-22 22:00:00,186.584311316836
2012-05-22 23:00:00,114.653264177402
2012-05-23 00:00:00,48.0229600738341
2012-05-23 01:00:00,19.0886339841648
2012-05-23 02:00:00,8.96077136815917
2012-05-23 03:00:00,8.05363906121138
2012-05-23 04:00:00,4.32074556962202
2012-05-23 05:00:00,18.3150139006581
2012-05-23 06:00:00,139.495765439645
2012-05-23 07:00:00,428.339328930967
2012-05-23 08:00:00,654.009576277913
2012-05-23 09:00:00,320.480701616554
2012-05-23 10:00:00,185.729843103733
2012-05-23 11:00:00,218.425009900855
2012-05-23 12:00:00,260.156126786064
2012-05-23 13:00:00,243.097795323431
2012-05-23 14:00:00,254.909282335453
2012-05-23 15:00:00,264.221014985766
2012-05-23 16:00:00,302.046718775014
2012-05-23 17:00:00,443.669926926835
2012-05-23 18:00:00,436.249927898044
2012-05-23 19:00:00,353.293327222191
2012-05-23 20:00:00,271.033390784851
2012-05-23 21:00:00,205.299452382079
2012-05-23 22:00:00,165.205362791891
2012-05-23 23:00:00,122.781402037856
2012-05-24 00:00:00,56.0024887293604
2012-05-24 01:00:00,22.960966679776
2012-05-24 02:00:00,11.6873993897672
2012-05-24 03:00:00,5.96531027654462
2012-05-24 04:00:00,5.87945791213384
2012-05-24 05:00:00,28.7021042866153
2012-05-24 06:00:00,132.632957078475
2012-05-24 07:00:00,500.450850192037
2012-05-24 08:00:00,799.835673711036
2012-05-24 09:00:00,361.657850474899
2012-05-24 10:00:00,209.576113649589
2012-05-24 11:00:00,242.127499295856
2012-05-24 12:00:00,301.753381363031
2012-05-24 13:00:00,273.408772611713
2012-05-24 14:00:00,243.932607530109
2012-05-24 15:00:00,258.958340647822
2012-05-24 16:00:00,386.457235421234
2012-05-24 17:00:00,716.822572140442
2012-05-24 18:00:00,689.640562783933
2012-05-24 19:00:00,498.076940278252
2012-05-24 20:00:00,347.55462015414
2012-05-24 21:00:00,198.970893828521
2012-05-24 22:00:00,216.518560191114
2012-05-24 23:00:00,145.879457826943
2012-05-25 00:00:00,64.844969661121
2012-05-25 01:00:00,31.5350711818769
2012-05-25 02:00:00,12.9095901056677
2012-05-25 03:00:00,6.99598182800597
2012-05-25 04:00:00,6.71096263836141
2012-05-25 05:00:00,32.3111940747925
2012-05-25 06:00:00,131.623578979259
2012-05-25 07:00:00,368.370528498769
2012-05-25 08:00:00,631.797740874213
2012-05-25 09:00:00,318.884306840952
2012-05-25 10:00:00,199.341589667421
2012-05-25 11:00:00,233.073580076108
2012-05-25 12:00:00,303.401330295583
2012-05-25 13:00:00,313.609712442054
2012-05-25 14:00:00,268.268117812944
2012-05-25 15:00:00,296.640333259045
2012-05-25 16:00:00,400.245353253286
2012-05-25 17:00:00,726.793252613446
2012-05-25 18:00:00,707.590090701218
2012-05-25 19:00:00,511.655952251656
2012-05-25 20:00:00,385.328511586679
2012-05-25 21:00:00,310.542048538485
2012-05-25 22:00:00,247.803426207333
2012-05-25 23:00:00,171.42841625289
2012-05-26 00:00:00,152.973444648931
2012-05-26 01:00:00,119.784229514305
2012-05-26 02:00:00,82.2976996129
2012-05-26 03:00:00,35.6436112585829
2012-05-26 04:00:00,13.2206522013903
2012-05-26 05:00:00,14.7328279124701
2012-05-26 06:00:00,33.288237475011
2012-05-26 07:00:00,78.0181647436264
2012-05-26 08:00:00,200.937568560879
2012-05-26 09:00:00,260.944515150753
2012-05-26 10:00:00,417.808293412511
2012-05-26 11:00:00,500.167634991528
2012-05-26 12:00:00,532.252268636185
2012-05-26 13:00:00,538.54970405165
2012-05-26 14:00:00,535.242945815879
2012-05-26 15:00:00,545.384125094101
2012-05-26 16:00:00,578.381467761381
2012-05-26 17:00:00,490.224910448089
2012-05-26 18:00:00,493.669102283104
2012-05-26 19:00:00,386.577339893292
2012-05-26 20:00:00,324.436299976451
2012-05-26 21:00:00,267.029327608854
2012-05-26 22:00:00,246.019965513573
2012-05-26 23:00:00,196.295273512448
2012-05-27 00:00:00,154.485976892946
2012-05-27 01:00:00,130.981471115974
2012-05-27 02:00:00,95.4267116655598
2012-05-27 03:00:00,48.331586831246
2012-05-27 04:00:00,14.1935906657676
2012-05-27 05:00:00,14.9280827818237
2012-05-27 06:00:00,29.9852184724707
2012-05-27 07:00:00,67.7306452104731
2012-05-27 08:00:00,142.340416737894
2012-05-27 09:00:00,221.215775003335
2012-05-27 10:00:00,427.507144338146
2012-05-27 11:00:00,403.0194608816
2012-05-27 12:00:00,495.294444055137
2012-05-27 13:00:00,501.189594361351
2012-05-27 14:00:00,498.275774198944
2012-05-27 15:00:00,472.278531829771
2012-05-27 16:00:00,507.747650823399
2012-05-27 17:00:00,470.08254936309
2012-05-27 18:00:00,440.891401444672
2012-05-27 19:00:00,380.286420942548
2012-05-27 20:00:00,289.615056714255
2012-05-27 21:00:00,133.658153740953
2012-05-27 22:00:00,121.91292960375
2012-05-27 23:00:00,81.201269657678
2012-05-28 00:00:00,67.5962527154075
2012-05-28 01:00:00,41.1588756021822
2012-05-28 02:00:00,33.9896810193319
2012-05-28 03:00:00,14.3336017208271
2012-05-28 04:00:00,11.5318874194097
2012-05-28 05:00:00,22.0234249426044
2012-05-28 06:00:00,47.6682770372851
2012-05-28 07:00:00,149.959046953234
2012-05-28 08:00:00,245.543525985223
2012-05-28 09:00:00,256.638049265851
2012-05-28 10:00:00,253.150119198179
2012-05-28 11:00:00,324.475366588082
2012-05-28 12:00:00,476.53229354754
2012-05-28 13:00:00,331.019206617268
2012-05-28 14:00:00,329.014743257355
2012-05-28 15:00:00,321.987819117169
2012-05-28 16:00:00,378.76956629651
2012-05-28 17:00:00,483.13202967437
2012-05-28 18:00:00,458.354595582036
2012-05-28 19:00:00,394.741537585739
2012-05-28 20:00:00,326.822242505877
2012-05-28 21:00:00,270.366686907413
2012-05-28 22:00:00,189.092664715873
2012-05-28 23:00:00,118.618377256086
2012-05-29 00:00:00,39.13292519921
2012-05-29 01:00:00,16.9096944602876
2012-05-29 02:00:00,9.29556344347496
2012-05-29 03:00:00,6.66283161594424
2012-05-29 04:00:00,6.40141854197131
2012-05-29 05:00:00,35.3650327682797
2012-05-29 06:00:00,150.737950915369
2012-05-29 07:00:00,391.261277069873
2012-05-29 08:00:00,653.865411371861
2012-05-29 09:00:00,323.283979938966
2012-05-29 10:00:00,177.290881245667
2012-05-29 11:00:00,217.088912752279
2012-05-29 12:00:00,265.284047797647
2012-05-29 13:00:00,272.858277780914
2012-05-29 14:00:00,249.082158781612
2012-05-29 15:00:00,262.231859116176
2012-05-29 16:00:00,374.49488684974
2012-05-29 17:00:00,746.658139911836
2012-05-29 18:00:00,681.005941989444
2012-05-29 19:00:00,518.282538649177
2012-05-29 20:00:00,313.973170631554
2012-05-29 21:00:00,78.6044678305748
2012-05-29 22:00:00,154.611247478798
2012-05-29 23:00:00,75.1369378436914
2012-05-30 00:00:00,30.862957892834
2012-05-30 01:00:00,12.7466002294532
2012-05-30 02:00:00,6.2057744504991
2012-05-30 03:00:00,5.07736590200021
2012-05-30 04:00:00,5.58719981402027
2012-05-30 05:00:00,39.1348133011019
2012-05-30 06:00:00,159.582131190707
2012-05-30 07:00:00,286.515208911512
2012-05-30 08:00:00,680.67176070654
2012-05-30 09:00:00,308.283997791483
2012-05-30 10:00:00,155.568312102545
2012-05-30 11:00:00,211.213398777705
2012-05-30 12:00:00,318.420588459012
2012-05-30 13:00:00,293.872164605373
2012-05-30 14:00:00,295.867811054399
2012-05-30 15:00:00,258.135719508833
2012-05-30 16:00:00,380.984031776246
2012-05-30 17:00:00,759.558160625303
2012-05-30 18:00:00,715.089799075704
2012-05-30 19:00:00,531.273311531018
2012-05-30 20:00:00,334.403397757023
2012-05-30 21:00:00,312.873768615
2012-05-30 22:00:00,212.900666237857
2012-05-30 23:00:00,143.906089546596
2012-05-31 00:00:00,53.1961033798257
2012-05-31 01:00:00,25.7589847967712
2012-05-31 02:00:00,15.9217134317018
2012-05-31 03:00:00,7.85048545599349
2012-05-31 04:00:00,7.69447039927748
2012-05-31 05:00:00,34.9881901987067
2012-05-31 06:00:00,174.626280646712
2012-05-31 07:00:00,506.502616719405
2012-05-31 08:00:00,803.179612772578
2012-05-31 09:00:00,408.486127278706
2012-05-31 10:00:00,233.551082714743
2012-05-31 11:00:00,263.515597972436
2012-05-31 12:00:00,340.82873476783
2012-05-31 13:00:00,318.245997360329
2012-05-31 14:00:00,275.453705122748
2012-05-31 15:00:00,278.101885761631
2012-05-31 16:00:00,425.970646369365
2012-05-31 17:00:00,783.826160840593
2012-05-31 18:00:00,806.435992014564
2012-05-31 19:00:00,616.102552252493
2012-05-31 20:00:00,421.239197130398
2012-05-31 21:00:00,332.105789794779
2012-05-31 22:00:00,247.352824040325
2012-05-31 23:00:00,172.469913252303
2012-06-20 00:00:00,43.0432431081022
2012-06-20 01:00:00,20.4277179961179
2012-06-20 02:00:00,6.37671928686868
2012-06-20 03:00:00,5.72886402506477
2012-06-20 04:00:00,6.61386860054687
2012-06-20 05:00:00,41.4194902191633
2012-06-20 06:00:00,137.553544222361
2012-06-20 07:00:00,408.185970050262
2012-06-20 08:00:00,628.631496022084
2012-06-20 09:00:00,377.453592584175
2012-06-20 10:00:00,173.049514687063
2012-06-20 11:00:00,209.101462227353
2012-06-20 12:00:00,256.410164704811
2012-06-20 13:00:00,245.779922493722
2012-06-20 14:00:00,239.886598643048
2012-06-20 15:00:00,244.248144507942
2012-06-20 16:00:00,373.71179484249
2012-06-20 17:00:00,681.941949945807
2012-06-20 18:00:00,659.039031098555
2012-06-20 19:00:00,504.192465313263
2012-06-20 20:00:00,439.050216583941
2012-06-20 21:00:00,363.872226787487
2012-06-20 22:00:00,248.465791007318
2012-06-20 23:00:00,139.327380391296
2012-06-21 00:00:00,49.0990177194296
2012-06-21 01:00:00,22.2412448982641
2012-06-21 02:00:00,11.7278204074626
2012-06-21 03:00:00,7.16581877317776
2012-06-21 04:00:00,8.02800764622009
2012-06-21 05:00:00,37.1477108119168
2012-06-21 06:00:00,157.322137541147
2012-06-21 07:00:00,416.848236573326
2012-06-21 08:00:00,612.19377826052
2012-06-21 09:00:00,323.856881036955
2012-06-21 10:00:00,176.889556105023
2012-06-21 11:00:00,222.416394780376
2012-06-21 12:00:00,288.413852550103
2012-06-21 13:00:00,258.946598542782
2012-06-21 14:00:00,245.872836111747
2012-06-21 15:00:00,235.019824944597
2012-06-21 16:00:00,403.656008270927
2012-06-21 17:00:00,671.614183463375
2012-06-21 18:00:00,732.790492272832
2012-06-21 19:00:00,533.474239236057
2012-06-21 20:00:00,452.104853011041
2012-06-21 21:00:00,359.045184473313
2012-06-21 22:00:00,258.549372026481
2012-06-21 23:00:00,169.413164642041
2012-06-22 00:00:00,66.2716907089055
2012-06-22 01:00:00,33.7628789877047
2012-06-22 02:00:00,17.7763294907346
2012-06-22 03:00:00,9.82991554351762
2012-06-22 04:00:00,8.70636640178623
2012-06-22 05:00:00,39.4393051516438
2012-06-22 06:00:00,151.421754556657
2012-06-22 07:00:00,400.202760150037
2012-06-22 08:00:00,683.961767543865
2012-06-22 09:00:00,318.668688719662
2012-06-22 10:00:00,212.024208078048
2012-06-22 11:00:00,260.90748716969
2012-06-22 12:00:00,306.460351370269
2012-06-22 13:00:00,299.413581874677
2012-06-22 14:00:00,284.09337480383
2012-06-22 15:00:00,310.342052108573
2012-06-22 16:00:00,429.089803013443
2012-06-22 17:00:00,839.869317347465
2012-06-22 18:00:00,719.213234506158
2012-06-22 19:00:00,568.717218823815
2012-06-22 20:00:00,419.503913984698
2012-06-22 21:00:00,231.61981683255
2012-06-22 22:00:00,262.029911223834
2012-06-22 23:00:00,205.473967318535
2012-06-23 00:00:00,136.346433486921
2012-06-23 01:00:00,130.315977213484
2012-06-23 02:00:00,68.0826832106001
2012-06-23 03:00:00,31.6429141021155
2012-06-23 04:00:00,12.3042277971541
2012-06-23 05:00:00,12.1968112032909
2012-06-23 06:00:00,27.7382264877427
2012-06-23 07:00:00,72.0914398292725
2012-06-23 08:00:00,202.949412326352
2012-06-23 09:00:00,290.985796598712
2012-06-23 10:00:00,432.502436658069
2012-06-23 11:00:00,553.337238445364
2012-06-23 12:00:00,603.002287814505
2012-06-23 13:00:00,582.083139016241
2012-06-23 14:00:00,607.618559258273
2012-06-23 15:00:00,555.384956510947
2012-06-23 16:00:00,565.001651022606
2012-06-23 17:00:00,554.118288072905
2012-06-23 18:00:00,529.889695548871
2012-06-23 19:00:00,449.436539449965
2012-06-23 20:00:00,372.680078549842
2012-06-23 21:00:00,307.029662668014
2012-06-23 22:00:00,340.475602775973
2012-06-23 23:00:00,228.476161833683
2012-06-24 00:00:00,181.871097061169
2012-06-24 01:00:00,153.481093626453
2012-06-24 02:00:00,81.26598959314
2012-06-24 03:00:00,53.4322140753016
2012-06-24 04:00:00,14.8481327498026
2012-06-24 05:00:00,13.7284099311483
2012-06-24 06:00:00,33.6615531948927
2012-06-24 07:00:00,68.000810306447
2012-06-24 08:00:00,146.539297083321
2012-06-24 09:00:00,238.982584517826
2012-06-24 10:00:00,397.413710291263
2012-06-24 11:00:00,480.156001805143
2012-06-24 12:00:00,556.364448239989
2012-06-24 13:00:00,557.191716037309
2012-06-24 14:00:00,509.964545288741
2012-06-24 15:00:00,483.826787658615
2012-06-24 16:00:00,543.425563132271
2012-06-24 17:00:00,514.062739285936
2012-06-24 18:00:00,477.344297085896
2012-06-24 19:00:00,439.847524663721
2012-06-24 20:00:00,324.03701950105
2012-06-24 21:00:00,287.492487428523
2012-06-24 22:00:00,220.96886182831
2012-06-24 23:00:00,129.633485490233
2012-06-25 00:00:00,40.1196168519201
2012-06-25 01:00:00,18.4533222665982
2012-06-25 02:00:00,10.3140593588195
2012-06-25 03:00:00,9.22435066124886
2012-06-25 04:00:00,8.98139851530582
2012-06-25 05:00:00,44.7248938551631
2012-06-25 06:00:00,164.558682399206
2012-06-25 07:00:00,448.831563112221
2012-06-25 08:00:00,673.96048903747
2012-06-25 09:00:00,331.828655930307
2012-06-25 10:00:00,204.943951588146
2012-06-25 11:00:00,244.390606960581
2012-06-25 12:00:00,322.949624478684
2012-06-25 13:00:00,264.681536387118
2012-06-25 14:00:00,283.842760165975
2012-06-25 15:00:00,318.841788405684
2012-06-25 16:00:00,464.193176987451
2012-06-25 17:00:00,930.572295084278
2012-06-25 18:00:00,869.74079635514
2012-06-25 19:00:00,657.726490715273
2012-06-25 20:00:00,444.74195644997
2012-06-25 21:00:00,344.681730815908
2012-06-25 22:00:00,241.209230607052
2012-06-25 23:00:00,145.79506491939
2012-06-26 00:00:00,50.4838172791224
2012-06-26 01:00:00,20.6976567468589
2012-06-26 02:00:00,9.99042665199982
2012-06-26 03:00:00,6.75897319959273
2012-06-26 04:00:00,7.38104262741006
2012-06-26 05:00:00,44.5775015452831
2012-06-26 06:00:00,168.245968954344
2012-06-26 07:00:00,403.14648306973
2012-06-26 08:00:00,684.001616559283
2012-06-26 09:00:00,359.01998453262
2012-06-26 10:00:00,204.095193398697
2012-06-26 11:00:00,289.464292716923
2012-06-26 12:00:00,347.807776884469
2012-06-26 13:00:00,360.221043350974
2012-06-26 14:00:00,339.857250362634
2012-06-26 15:00:00,368.846644834444
2012-06-26 16:00:00,575.089437281248
2012-06-26 17:00:00,998.44493712229
2012-06-26 18:00:00,933.967410873033
2012-06-26 19:00:00,671.946987155943
2012-06-26 20:00:00,518.228810018388
2012-06-26 21:00:00,380.149053592658
2012-06-26 22:00:00,300.52925413488
2012-06-26 23:00:00,158.243630373864
2012-06-27 00:00:00,56.2097290780846
2012-06-27 01:00:00,23.0338738677574
2012-06-27 02:00:00,10.2461524060374
2012-06-27 03:00:00,6.4907708375917
2012-06-27 04:00:00,8.32887048658957
2012-06-27 05:00:00,47.98005098703
2012-06-27 06:00:00,178.906982512082
2012-06-27 07:00:00,451.57162617366
2012-06-27 08:00:00,731.014828009703
2012-06-27 09:00:00,404.532060480357
2012-06-27 10:00:00,259.183671640948
2012-06-27 11:00:00,260.183463141191
2012-06-27 12:00:00,346.214864788269
2012-06-27 13:00:00,302.099775444278
2012-06-27 14:00:00,331.867053258771
2012-06-27 15:00:00,328.938835891982
2012-06-27 16:00:00,522.070966780213
2012-06-27 17:00:00,939.420516116284
2012-06-27 18:00:00,795.812636734358
2012-06-27 19:00:00,606.310774020536
2012-06-27 20:00:00,525.124546643158
2012-06-27 21:00:00,410.999353428502
2012-06-27 22:00:00,288.499873890049
2012-06-27 23:00:00,175.661742032182
2012-06-28 00:00:00,61.6496581297766
2012-06-28 01:00:00,26.9982230930788
2012-06-28 02:00:00,14.6246264822386
2012-06-28 03:00:00,7.84349060915679
2012-06-28 04:00:00,8.28202710237516
2012-06-28 05:00:00,43.6614465334936
2012-06-28 06:00:00,197.613901074224
2012-06-28 07:00:00,502.330886313382
2012-06-28 08:00:00,774.250773327333
2012-06-28 09:00:00,385.24246066209
2012-06-28 10:00:00,224.497146260821
2012-06-28 11:00:00,252.678951839508
2012-06-28 12:00:00,324.819695085398
2012-06-28 13:00:00,306.160967198497
2012-06-28 14:00:00,290.723663700637
2012-06-28 15:00:00,299.709890157231
2012-06-28 16:00:00,446.54570277221
2012-06-28 17:00:00,862.126576444395
2012-06-28 18:00:00,828.869060822206
2012-06-28 19:00:00,598.445680946141
2012-06-28 20:00:00,479.717481117602
2012-06-28 21:00:00,375.949023151282
2012-06-28 22:00:00,278.731605561826
2012-06-28 23:00:00,187.537516139872
2012-06-29 00:00:00,91.3712662346955
2012-06-29 01:00:00,35.0418287866312
2012-06-29 02:00:00,16.4932437035356
2012-06-29 03:00:00,8.32057969968308
2012-06-29 04:00:00,9.98392373433625
2012-06-29 05:00:00,42.5506599661204
2012-06-29 06:00:00,186.530171344021
2012-06-29 07:00:00,482.491984026465
2012-06-29 08:00:00,704.083179528939
2012-06-29 09:00:00,359.975804160323
2012-06-29 10:00:00,202.219281342652
2012-06-29 11:00:00,232.996866115684
2012-06-29 12:00:00,298.379178147017
2012-06-29 13:00:00,240.384676133541
2012-06-29 14:00:00,238.481441468668
2012-06-29 15:00:00,235.432559076923
2012-06-29 16:00:00,346.40379828149
2012-06-29 17:00:00,560.807267059134
2012-06-29 18:00:00,482.817289929571
2012-06-29 19:00:00,462.411586396824
2012-06-29 20:00:00,386.233491924267
2012-06-29 21:00:00,316.98950201379
2012-06-29 22:00:00,222.993017546101
2012-06-29 23:00:00,159.471666664314
2012-06-30 00:00:00,114.922908491031
2012-06-30 01:00:00,98.9242051799872
2012-06-30 02:00:00,60.8386784636893
2012-06-30 03:00:00,29.6446828461875
2012-06-30 04:00:00,8.55144712761207
2012-06-30 05:00:00,13.7287231149683
2012-06-30 06:00:00,29.9449465304492
2012-06-30 07:00:00,75.4427344627231
2012-06-30 08:00:00,155.323187570115
2012-06-30 09:00:00,232.853528736156
2012-06-30 10:00:00,346.281241183946
2012-06-30 11:00:00,427.967683434045
2012-06-30 12:00:00,527.03499667966
2012-06-30 13:00:00,510.400866027439
2012-06-30 14:00:00,494.311545382315
2012-06-30 15:00:00,490.9695613482
2012-06-30 16:00:00,444.410345593747
2012-06-30 17:00:00,421.958802252066
2012-06-30 18:00:00,430.088214122884
2012-06-30 19:00:00,467.757487832639
2012-06-30 20:00:00,356.287716619684
2012-06-30 21:00:00,309.201446235667
2012-06-30 22:00:00,252.021344782982
2012-06-30 23:00:00,220.326656447403
2012-07-20 00:00:00,39.7665911740034
2012-07-20 01:00:00,34.0002866165441
2012-07-20 02:00:00,15.1861455148415
2012-07-20 03:00:00,8.80302185895386
2012-07-20 04:00:00,9.77023018570327
2012-07-20 05:00:00,35.2234313173416
2012-07-20 06:00:00,152.161710407142
2012-07-20 07:00:00,335.925710893894
2012-07-20 08:00:00,763.673259329003
2012-07-20 09:00:00,317.606511525423
2012-07-20 10:00:00,212.427550722219
2012-07-20 11:00:00,181.879982069257
2012-07-20 12:00:00,148.726511563775
2012-07-20 13:00:00,131.303643166034
2012-07-20 14:00:00,125.185761151631
2012-07-20 15:00:00,221.913579840111
2012-07-20 16:00:00,330.447848834367
2012-07-20 17:00:00,431.339994193714
2012-07-20 18:00:00,586.589706337247
2012-07-20 19:00:00,333.112229732917
2012-07-20 20:00:00,113.971518457258
2012-07-20 21:00:00,100.588478121736
2012-07-20 22:00:00,192.217913237324
2012-07-20 23:00:00,116.781499335231
2012-07-21 00:00:00,94.4416762475148
2012-07-21 01:00:00,109.765490586511
2012-07-21 02:00:00,56.112092470105
2012-07-21 03:00:00,31.5599933436186
2012-07-21 04:00:00,9.50835012794506
2012-07-21 05:00:00,12.638692574339
2012-07-21 06:00:00,26.0898739289325
2012-07-21 07:00:00,90.6452641740756
2012-07-21 08:00:00,192.056386603068
2012-07-21 09:00:00,256.072569054957
2012-07-21 10:00:00,248.725955145458
2012-07-21 11:00:00,409.163622354107
2012-07-21 12:00:00,276.959177532551
2012-07-21 13:00:00,265.501753147794
2012-07-21 14:00:00,418.025601421432
2012-07-21 15:00:00,316.256159343386
2012-07-21 16:00:00,224.518688017343
2012-07-21 17:00:00,243.489981031732
2012-07-21 18:00:00,332.036279668666
2012-07-21 19:00:00,374.662516785699
2012-07-21 20:00:00,174.456513012752
2012-07-21 21:00:00,252.137052742488
2012-07-21 22:00:00,182.873613822791
2012-07-21 23:00:00,134.972129624015
2012-07-22 00:00:00,153.384838048334
2012-07-22 01:00:00,142.436659364781
2012-07-22 02:00:00,81.4304027436489
2012-07-22 03:00:00,41.406506548617
2012-07-22 04:00:00,14.2260471430575
2012-07-22 05:00:00,14.7684872190106
2012-07-22 06:00:00,20.5404344698813
2012-07-22 07:00:00,47.0681289306114
2012-07-22 08:00:00,124.363410772611
2012-07-22 09:00:00,224.879470107682
2012-07-22 10:00:00,348.051451277379
2012-07-22 11:00:00,383.123568618224
2012-07-22 12:00:00,403.202767619615
2012-07-22 13:00:00,418.362837871102
2012-07-22 14:00:00,391.872954533959
2012-07-22 15:00:00,394.390887148616
2012-07-22 16:00:00,425.640865059406
2012-07-22 17:00:00,397.557023838496
2012-07-22 18:00:00,374.295873471218
2012-07-22 19:00:00,327.168125892178
2012-07-22 20:00:00,311.65916999849
2012-07-22 21:00:00,207.018234890185
2012-07-22 22:00:00,167.556216427398
2012-07-22 23:00:00,144.453909989824
2012-07-23 00:00:00,37.2812627790834
2012-07-23 01:00:00,14.1437741500194
2012-07-23 02:00:00,9.4984607607163
2012-07-23 03:00:00,6.30117206561484
2012-07-23 04:00:00,7.52803283010448
2012-07-23 05:00:00,31.2718136454914
2012-07-23 06:00:00,135.942452289671
2012-07-23 07:00:00,330.54931289156
2012-07-23 08:00:00,522.457366686507
2012-07-23 09:00:00,312.213554801093
2012-07-23 10:00:00,180.858928593558
2012-07-23 11:00:00,212.985753890331
2012-07-23 12:00:00,263.988571197606
2012-07-23 13:00:00,269.687090348657
2012-07-23 14:00:00,236.782854392358
2012-07-23 15:00:00,247.502567282496
2012-07-23 16:00:00,383.1765411052
2012-07-23 17:00:00,711.191612652541
2012-07-23 18:00:00,717.097414617539
2012-07-23 19:00:00,540.232654343034
2012-07-23 20:00:00,449.963778486413
2012-07-23 21:00:00,326.922476724814
2012-07-23 22:00:00,209.032425008362
2012-07-23 23:00:00,115.307126009483
2012-07-24 00:00:00,47.0869417276387
2012-07-24 01:00:00,24.161089121165
2012-07-24 02:00:00,14.4025589007114
2012-07-24 03:00:00,10.0192233132547
2012-07-24 04:00:00,9.1491861996598
2012-07-24 05:00:00,44.0906005066221
2012-07-24 06:00:00,170.712725810444
2012-07-24 07:00:00,475.187131558051
2012-07-24 08:00:00,539.243094791755
2012-07-24 09:00:00,298.933435209018
2012-07-24 10:00:00,183.911393890322
2012-07-24 11:00:00,217.37200377269
2012-07-24 12:00:00,265.374659887614
2012-07-24 13:00:00,253.212245120271
2012-07-24 14:00:00,247.359379647988
2012-07-24 15:00:00,252.530029124387
2012-07-24 16:00:00,386.226776811615
2012-07-24 17:00:00,707.061759555564
2012-07-24 18:00:00,722.186293336226
2012-07-24 19:00:00,587.768876198311
2012-07-24 20:00:00,410.104973146315
2012-07-24 21:00:00,306.083158807042
2012-07-24 22:00:00,197.769236346506
2012-07-24 23:00:00,121.369591627814
2012-07-25 00:00:00,49.7657139358977
2012-07-25 01:00:00,20.8526822468403
2012-07-25 02:00:00,11.4070812281414
2012-07-25 03:00:00,8.58117082722003
2012-07-25 04:00:00,8.31973014146622
2012-07-25 05:00:00,46.3528200969378
2012-07-25 06:00:00,172.696443972346
2012-07-25 07:00:00,423.581701166457
2012-07-25 08:00:00,819.597024256981
2012-07-25 09:00:00,439.815024686592
2012-07-25 10:00:00,227.634510926715
2012-07-25 11:00:00,228.673051478287
2012-07-25 12:00:00,296.596282267442
2012-07-25 13:00:00,301.608436044492
2012-07-25 14:00:00,249.113099034509
2012-07-25 15:00:00,263.848932659157
2012-07-25 16:00:00,433.136154523164
2012-07-25 17:00:00,726.84829944548
2012-07-25 18:00:00,724.354434161583
2012-07-25 19:00:00,579.055199463071
2012-07-25 20:00:00,515.737885061316
2012-07-25 21:00:00,324.296955635868
2012-07-25 22:00:00,238.902802589189
2012-07-25 23:00:00,153.502336144522
2012-07-26 00:00:00,58.0509998759341
2012-07-26 01:00:00,29.3525613019137
2012-07-26 02:00:00,16.2935828471489
2012-07-26 03:00:00,9.55416123908565
2012-07-26 04:00:00,9.1570799363376
2012-07-26 05:00:00,42.8949479722455
2012-07-26 06:00:00,204.840281780026
2012-07-26 07:00:00,533.166140338239
2012-07-26 08:00:00,767.166543151273
2012-07-26 09:00:00,311.291426018314
2012-07-26 10:00:00,179.024314747856
2012-07-26 11:00:00,206.105342088819
2012-07-26 12:00:00,263.486785857629
2012-07-26 13:00:00,250.26945163014
2012-07-26 14:00:00,195.951676107386
2012-07-26 15:00:00,217.731597700211
2012-07-26 16:00:00,284.767246083004
2012-07-26 17:00:00,589.398798899572
2012-07-26 18:00:00,577.534006366957
2012-07-26 19:00:00,444.609306491917
2012-07-26 20:00:00,408.479983968215
2012-07-26 21:00:00,295.562739265462
2012-07-26 22:00:00,223.119273180672
2012-07-26 23:00:00,143.367549839313
2012-07-27 00:00:00,72.672120909181
2012-07-27 01:00:00,30.6451830311819
2012-07-27 02:00:00,19.1868668495248
2012-07-27 03:00:00,12.5669301802845
2012-07-27 04:00:00,9.96044781151448
2012-07-27 05:00:00,41.4104285430647
2012-07-27 06:00:00,159.209162671252
2012-07-27 07:00:00,376.795465759482
2012-07-27 08:00:00,584.85022595409
2012-07-27 09:00:00,318.001004473616
2012-07-27 10:00:00,198.813337252083
2012-07-27 11:00:00,229.153534472162
2012-07-27 12:00:00,276.782787484043
2012-07-27 13:00:00,277.357617422113
2012-07-27 14:00:00,263.396962675507
2012-07-27 15:00:00,279.999042990447
2012-07-27 16:00:00,411.94754115571
2012-07-27 17:00:00,658.810972766821
2012-07-27 18:00:00,665.51737633555
2012-07-27 19:00:00,507.146829873543
2012-07-27 20:00:00,384.783686339909
2012-07-27 21:00:00,310.553383111707
2012-07-27 22:00:00,250.863579314254
2012-07-27 23:00:00,175.317896626988
2012-07-28 00:00:00,162.190255940405
2012-07-28 01:00:00,102.276171611657
2012-07-28 02:00:00,68.4721348038857
2012-07-28 03:00:00,34.7246139071522
2012-07-28 04:00:00,13.9370430241762
2012-07-28 05:00:00,19.8688993454518
2012-07-28 06:00:00,29.7801239263551
2012-07-28 07:00:00,72.8871690105659
2012-07-28 08:00:00,173.257559313559
2012-07-28 09:00:00,247.135330144745
2012-07-28 10:00:00,360.076754111221
2012-07-28 11:00:00,465.253473175382
2012-07-28 12:00:00,541.758710144468
2012-07-28 13:00:00,513.312841829723
2012-07-28 14:00:00,524.035358422528
2012-07-28 15:00:00,442.695906937465
2012-07-28 16:00:00,509.661403235899
2012-07-28 17:00:00,437.28150512746
2012-07-28 18:00:00,476.052143486899
2012-07-28 19:00:00,390.991283471051
2012-07-28 20:00:00,299.467784438266
2012-07-28 21:00:00,296.935868002641
2012-07-28 22:00:00,264.28183371536
2012-07-28 23:00:00,221.745275689458
2012-07-29 00:00:00,148.705589569181
2012-07-29 01:00:00,149.816701606514
2012-07-29 02:00:00,106.104030532258
2012-07-29 03:00:00,50.5436156256432
2012-07-29 04:00:00,14.4559438612799
2012-07-29 05:00:00,15.9565792049725
2012-07-29 06:00:00,27.6253597534058
2012-07-29 07:00:00,80.61053455695
2012-07-29 08:00:00,160.155610428319
2012-07-29 09:00:00,266.12412187093
2012-07-29 10:00:00,326.867393753141
2012-07-29 11:00:00,436.645083433184
2012-07-29 12:00:00,506.296133489472
2012-07-29 13:00:00,478.49973122906
2012-07-29 14:00:00,440.934967632699
2012-07-29 15:00:00,467.663470369727
2012-07-29 16:00:00,498.390406095946
2012-07-29 17:00:00,472.240143777214
2012-07-29 18:00:00,454.921697016389
2012-07-29 19:00:00,413.386174916178
2012-07-29 20:00:00,276.900830297394
2012-07-29 21:00:00,189.42740360544
2012-07-29 22:00:00,159.220097784383
2012-07-29 23:00:00,113.679547747104
2012-07-30 00:00:00,42.1697373818287
2012-07-30 01:00:00,20.0337577654827
2012-07-30 02:00:00,13.6827320409136
2012-07-30 03:00:00,8.2169552689796
2012-07-30 04:00:00,9.02661003908559
2012-07-30 05:00:00,38.5316225101834
2012-07-30 06:00:00,162.121223393789
2012-07-30 07:00:00,318.029711995752
2012-07-30 08:00:00,579.892251369369
2012-07-30 09:00:00,295.110079206039
2012-07-30 10:00:00,178.233578068099
2012-07-30 11:00:00,219.506426061874
2012-07-30 12:00:00,285.002065979984
2012-07-30 13:00:00,258.653885823663
2012-07-30 14:00:00,244.559637809263
2012-07-30 15:00:00,257.697192268601
2012-07-30 16:00:00,381.944054266575
2012-07-30 17:00:00,728.432485227376
2012-07-30 18:00:00,695.183870710638
2012-07-30 19:00:00,537.513023351094
2012-07-30 20:00:00,337.998324672767
2012-07-30 21:00:00,239.017063684496
2012-07-30 22:00:00,199.564621908308
2012-07-30 23:00:00,112.334440011299
2012-07-31 00:00:00,47.2280526768175
2012-07-31 01:00:00,21.8734182172956
2012-07-31 02:00:00,12.5275106064468
2012-07-31 03:00:00,8.93906128718511
2012-07-31 04:00:00,9.1491861996598
2012-07-31 05:00:00,47.5227087931187
2012-07-31 06:00:00,163.606585260394
2012-07-31 07:00:00,420.318038731171
2012-07-31 08:00:00,537.154351277684
2012-07-31 09:00:00,295.718995966101
2012-07-31 10:00:00,170.579124010014
2012-07-31 11:00:00,209.394265528616
2012-07-31 12:00:00,274.214200064614
2012-07-31 13:00:00,257.261874530582
2012-07-31 14:00:00,239.728581743506
2012-07-31 15:00:00,271.479049560252
2012-07-31 16:00:00,407.528051963656
2012-07-31 17:00:00,757.82214206087
2012-07-31 18:00:00,766.872710442742
2012-07-31 19:00:00,403.101971857464
2012-07-31 20:00:00,259.280384452901
2012-07-31 21:00:00,281.824745595483
2012-07-31 22:00:00,213.672448225275
2012-07-31 23:00:00,157.563752877109
2012-08-20 00:00:00,38.1302450241277
2012-08-20 01:00:00,18.2919250390207
2012-08-20 02:00:00,11.0785360916841
2012-08-20 03:00:00,7.57992984076996
2012-08-20 04:00:00,7.33018063651953
2012-08-20 05:00:00,27.7600607569203
2012-08-20 06:00:00,133.815332824688
2012-08-20 07:00:00,339.569278949277
2012-08-20 08:00:00,552.751376203723
2012-08-20 09:00:00,278.822487805295
2012-08-20 10:00:00,169.809348950391
2012-08-20 11:00:00,223.275368025407
2012-08-20 12:00:00,284.534824131554
2012-08-20 13:00:00,273.510658232251
2012-08-20 14:00:00,279.891977242536
2012-08-20 15:00:00,289.150887443523
2012-08-20 16:00:00,431.93433463977
2012-08-20 17:00:00,751.704232789877
2012-08-20 18:00:00,480.378762954337
2012-08-20 19:00:00,385.500799233557
2012-08-20 20:00:00,206.135327106727
2012-08-20 21:00:00,196.200048477971
2012-08-20 22:00:00,133.658521735259
2012-08-20 23:00:00,74.7001141296904
2012-08-21 00:00:00,36.914263456984
2012-08-21 01:00:00,14.9387973745682
2012-08-21 02:00:00,8.08224887041034
2012-08-21 03:00:00,7.01134520917445
2012-08-21 04:00:00,7.88943935982041
2012-08-21 05:00:00,35.9818551682393
2012-08-21 06:00:00,148.741129882027
2012-08-21 07:00:00,404.931193864755
2012-08-21 08:00:00,570.475337143998
2012-08-21 09:00:00,290.490882608343
2012-08-21 10:00:00,212.104841046713
2012-08-21 11:00:00,239.213227110275
2012-08-21 12:00:00,307.164760951689
2012-08-21 13:00:00,311.245763512639
2012-08-21 14:00:00,286.758884072519
2012-08-21 15:00:00,304.895584531515
2012-08-21 16:00:00,461.75404993464
2012-08-21 17:00:00,827.532948139388
2012-08-21 18:00:00,789.220014457008
2012-08-21 19:00:00,357.03271281345
2012-08-21 20:00:00,331.481977659806
2012-08-21 21:00:00,244.578106430204
2012-08-21 22:00:00,178.635669592954
2012-08-21 23:00:00,93.4339510645482
2012-08-22 00:00:00,40.7098901439774
2012-08-22 01:00:00,17.7156941268371
2012-08-22 02:00:00,8.55832141364675
2012-08-22 03:00:00,6.93117718447531
2012-08-22 04:00:00,8.41788414215904
2012-08-22 05:00:00,37.2477145744546
2012-08-22 06:00:00,135.620631444931
2012-08-22 07:00:00,399.089814078509
2012-08-22 08:00:00,596.326461192183
2012-08-22 09:00:00,297.298185828231
2012-08-22 10:00:00,211.20953398248
2012-08-22 11:00:00,208.000090755174
2012-08-22 12:00:00,304.108866999164
2012-08-22 13:00:00,313.779235959528
2012-08-22 14:00:00,301.246389586404
2012-08-22 15:00:00,307.45317728096
2012-08-22 16:00:00,433.731239362246
2012-08-22 17:00:00,809.251509398583
2012-08-22 18:00:00,589.432053458027
2012-08-22 19:00:00,488.118359766943
2012-08-22 20:00:00,374.220132596969
2012-08-22 21:00:00,241.524189907865
2012-08-22 22:00:00,183.876736681208
2012-08-22 23:00:00,104.523467474871
2012-08-23 00:00:00,55.2515753941808
2012-08-23 01:00:00,18.5529120186561
2012-08-23 02:00:00,9.76564560592133
2012-08-23 03:00:00,6.51437245753392
2012-08-23 04:00:00,6.52603677309485
2012-08-23 05:00:00,30.0981815184479
2012-08-23 06:00:00,146.745144913384
2012-08-23 07:00:00,363.232247697949
2012-08-23 08:00:00,737.403249787778
2012-08-23 09:00:00,368.895764766009
2012-08-23 10:00:00,210.555081583827
2012-08-23 11:00:00,256.247258780688
2012-08-23 12:00:00,320.550416574445
2012-08-23 13:00:00,294.283960285969
2012-08-23 14:00:00,261.607105587672
2012-08-23 15:00:00,280.082558704249
2012-08-23 16:00:00,480.447667001842
2012-08-23 17:00:00,855.92204911324
2012-08-23 18:00:00,817.643509043618
2012-08-23 19:00:00,541.129205846173
2012-08-23 20:00:00,421.269225020774
2012-08-23 21:00:00,336.934753545035
2012-08-23 22:00:00,241.692622800861
2012-08-23 23:00:00,164.015613797617
2012-08-24 00:00:00,82.0853573366267
2012-08-24 01:00:00,32.9674106038961
2012-08-24 02:00:00,20.8327179613597
2012-08-24 03:00:00,10.2970811822871
2012-08-24 04:00:00,9.18613858898586
2012-08-24 05:00:00,35.7263297790356
2012-08-24 06:00:00,109.453264843544
2012-08-24 07:00:00,382.121388646107
2012-08-24 08:00:00,703.888358052447
2012-08-24 09:00:00,343.070765472462
2012-08-24 10:00:00,248.012819829893
2012-08-24 11:00:00,296.950892244495
2012-08-24 12:00:00,359.370569844175
2012-08-24 13:00:00,336.161455108396
2012-08-24 14:00:00,324.35025135217
2012-08-24 15:00:00,348.471983639358
2012-08-24 16:00:00,509.234425933085
2012-08-24 17:00:00,808.233530791994
2012-08-24 18:00:00,679.693915417411
2012-08-24 19:00:00,521.200071664107
2012-08-24 20:00:00,380.388562837414
2012-08-24 21:00:00,322.92803933293
2012-08-24 22:00:00,256.459415069184
2012-08-24 23:00:00,175.700200249691
2012-08-25 00:00:00,174.049565018677
2012-08-25 01:00:00,122.223853410087
2012-08-25 02:00:00,88.0276322710159
2012-08-25 03:00:00,48.1605330596245
2012-08-25 04:00:00,13.924882811171
2012-08-25 05:00:00,13.2438786955425
2012-08-25 06:00:00,32.0663393670553
2012-08-25 07:00:00,76.4358444047722
2012-08-25 08:00:00,185.068805639194
2012-08-25 09:00:00,295.657880699541
2012-08-25 10:00:00,391.528549399186
2012-08-25 11:00:00,428.823450223233
2012-08-25 12:00:00,455.031316549549
2012-08-25 13:00:00,475.149938938502
2012-08-25 14:00:00,417.57969194121
2012-08-25 15:00:00,381.955789422274
2012-08-25 16:00:00,445.106629079989
2012-08-25 17:00:00,383.76418310098
2012-08-25 18:00:00,433.364170810463
2012-08-25 19:00:00,299.826572198518
2012-08-25 20:00:00,120.851257026776
2012-08-25 21:00:00,138.336210281942
2012-08-25 22:00:00,127.41104630908
2012-08-25 23:00:00,95.3518786255272
2012-08-26 00:00:00,141.974657403518
2012-08-26 01:00:00,96.6347934248217
2012-08-26 02:00:00,71.2539859117829
2012-08-26 03:00:00,39.1721899605365
2012-08-26 04:00:00,10.2898959229196
2012-08-26 05:00:00,10.1453737980017
2012-08-26 06:00:00,18.663684687856
2012-08-26 07:00:00,46.8704537185857
2012-08-26 08:00:00,137.92419727061
2012-08-26 09:00:00,244.555696093037
2012-08-26 10:00:00,346.870258549616
2012-08-26 11:00:00,381.592178356238
2012-08-26 12:00:00,302.210108866151
2012-08-26 13:00:00,312.298955034035
2012-08-26 14:00:00,267.362238616211
2012-08-26 15:00:00,227.138121343334
2012-08-26 16:00:00,226.835833818823
2012-08-26 17:00:00,304.178244864943
2012-08-26 18:00:00,222.957441029588
2012-08-26 19:00:00,237.077158092969
2012-08-26 20:00:00,195.479937154157
2012-08-26 21:00:00,159.162731349181
2012-08-26 22:00:00,146.007339734657
2012-08-26 23:00:00,88.1819796396716
2012-08-27 00:00:00,33.807099239149
2012-08-27 01:00:00,16.7324554472543
2012-08-27 02:00:00,9.21786739974286
2012-08-27 03:00:00,6.79809148464199
2012-08-27 04:00:00,6.36182287199249
2012-08-27 05:00:00,30.7386369994574
2012-08-27 06:00:00,117.56587712363
2012-08-27 07:00:00,331.096772939304
2012-08-27 08:00:00,479.008979683064
2012-08-27 09:00:00,285.978734415176
2012-08-27 10:00:00,185.821422818187
2012-08-27 11:00:00,228.384752496295
2012-08-27 12:00:00,285.168416418234
2012-08-27 13:00:00,305.043181894941
2012-08-27 14:00:00,258.898195066407
2012-08-27 15:00:00,282.331583835796
2012-08-27 16:00:00,426.792196336811
2012-08-27 17:00:00,785.091902504443
2012-08-27 18:00:00,777.196901252327
2012-08-27 19:00:00,540.866649047302
2012-08-27 20:00:00,420.085384602034
2012-08-27 21:00:00,276.692256939769
2012-08-27 22:00:00,159.430297347176
2012-08-27 23:00:00,109.090067520165
2012-08-28 00:00:00,40.9766491141421
2012-08-28 01:00:00,18.1620180596439
2012-08-28 02:00:00,10.3386645929219
2012-08-28 03:00:00,7.99674639132521
2012-08-28 04:00:00,7.77973665182664
2012-08-28 05:00:00,37.3369048785577
2012-08-28 06:00:00,141.729316147714
2012-08-28 07:00:00,389.205724787543
2012-08-28 08:00:00,556.253761246252
2012-08-28 09:00:00,310.09682642175
2012-08-28 10:00:00,231.550111119368
2012-08-28 11:00:00,246.731147633514
2012-08-28 12:00:00,300.886208221004
2012-08-28 13:00:00,289.259304583671
2012-08-28 14:00:00,270.756366904977
2012-08-28 15:00:00,305.757624552811
2012-08-28 16:00:00,445.036632144357
2012-08-28 17:00:00,885.087596943475
2012-08-28 18:00:00,824.357910280165
2012-08-28 19:00:00,638.319875268391
2012-08-28 20:00:00,403.796905812412
2012-08-28 21:00:00,293.945402989637
2012-08-28 22:00:00,252.31516681495
2012-08-28 23:00:00,146.333558472159
2012-08-29 00:00:00,51.3032128735151
2012-08-29 01:00:00,21.3979717413459
2012-08-29 02:00:00,8.7919299936195
2012-08-29 03:00:00,7.58157501555684
2012-08-29 04:00:00,6.44580081508659
2012-08-29 05:00:00,38.1211667061994
2012-08-29 06:00:00,150.701799118893
2012-08-29 07:00:00,443.461933825967
2012-08-29 08:00:00,775.676138258582
2012-08-29 09:00:00,385.65365743436
2012-08-29 10:00:00,228.090111121218
2012-08-29 11:00:00,246.556493443598
2012-08-29 12:00:00,315.853602646322
2012-08-29 13:00:00,291.965598482121
2012-08-29 14:00:00,280.626389667232
2012-08-29 15:00:00,317.315682299027
2012-08-29 16:00:00,482.737391005799
2012-08-29 17:00:00,879.348129986767
2012-08-29 18:00:00,865.284386819182
2012-08-29 19:00:00,624.853441136767
2012-08-29 20:00:00,388.17888919235
2012-08-29 21:00:00,345.852596240477
2012-08-29 22:00:00,241.962516121975
2012-08-29 23:00:00,146.606632958517
2012-08-30 00:00:00,55.6466765794215
2012-08-30 01:00:00,24.8483179162725
2012-08-30 02:00:00,10.7346137112459
2012-08-30 03:00:00,6.76046624958825
2012-08-30 04:00:00,6.96733360122234
2012-08-30 05:00:00,32.8891174305247
2012-08-30 06:00:00,152.573603771557
2012-08-30 07:00:00,444.637278889863
2012-08-30 08:00:00,687.714902354685
2012-08-30 09:00:00,364.507700438832
2012-08-30 10:00:00,207.191501890642
2012-08-30 11:00:00,256.648791940151
2012-08-30 12:00:00,333.97455529597
2012-08-30 13:00:00,318.167620501923
2012-08-30 14:00:00,295.724763289931
2012-08-30 15:00:00,282.02204634835
2012-08-30 16:00:00,441.498561944604
2012-08-30 17:00:00,845.717034633809
2012-08-30 18:00:00,811.214939295697
2012-08-30 19:00:00,661.882562812326
2012-08-30 20:00:00,461.242591408866
2012-08-30 21:00:00,310.792282695144
2012-08-30 22:00:00,246.597166801104
2012-08-30 23:00:00,176.030623104707
2012-08-31 00:00:00,69.7566973758986
2012-08-31 01:00:00,33.7329152142065
2012-08-31 02:00:00,18.1601589243767
2012-08-31 03:00:00,10.3475366167567
2012-08-31 04:00:00,8.83203162700184
2012-08-31 05:00:00,34.8138062068672
2012-08-31 06:00:00,128.029482711541
2012-08-31 07:00:00,302.126066974067
2012-08-31 08:00:00,695.670986716507
2012-08-31 09:00:00,352.364564561426
2012-08-31 10:00:00,230.521709414974
2012-08-31 11:00:00,279.942149844611
2012-08-31 12:00:00,394.73660774539
2012-08-31 13:00:00,310.827474088059
2012-08-31 14:00:00,341.99784066198
2012-08-31 15:00:00,304.492648593993
2012-08-31 16:00:00,452.591067835963
2012-08-31 17:00:00,745.35284906278
2012-08-31 18:00:00,761.522566916744
2012-08-31 19:00:00,573.862090889862
2012-08-31 20:00:00,435.312828791864
2012-08-31 21:00:00,323.731770426627
2012-08-31 22:00:00,271.341417833937
2012-08-31 23:00:00,214.542919084736
2012-09-20 00:00:00,64.7271594161554
2012-09-20 01:00:00,24.7295542240559
2012-09-20 02:00:00,13.6564967144473
2012-09-20 03:00:00,8.18234336430717
2012-09-20 04:00:00,7.73891175537453
2012-09-20 05:00:00,39.7119338313885
2012-09-20 06:00:00,179.469331473006
2012-09-20 07:00:00,673.473604398892
2012-09-20 08:00:00,856.291445059093
2012-09-20 09:00:00,466.233558492709
2012-09-20 10:00:00,278.272464653382
2012-09-20 11:00:00,257.456674624104
2012-09-20 12:00:00,330.212561590691
2012-09-20 13:00:00,321.194896443046
2012-09-20 14:00:00,305.692817225253
2012-09-20 15:00:00,321.050269042969
2012-09-20 16:00:00,502.549683572223
2012-09-20 17:00:00,892.411609524313
2012-09-20 18:00:00,805.83295645218
2012-09-20 19:00:00,655.049644518272
2012-09-20 20:00:00,392.259469283635
2012-09-20 21:00:00,282.104608985393
2012-09-20 22:00:00,231.341359219619
2012-09-20 23:00:00,152.566031167074
2012-09-21 00:00:00,81.362955215506
2012-09-21 01:00:00,41.2955343391197
2012-09-21 02:00:00,22.658301988643
2012-09-21 03:00:00,12.9995672650744
2012-09-21 04:00:00,12.1496206828883
2012-09-21 05:00:00,50.8041385260839
2012-09-21 06:00:00,205.755360103795
2012-09-21 07:00:00,640.381425671915
2012-09-21 08:00:00,785.57276185263
2012-09-21 09:00:00,402.223625527976
2012-09-21 10:00:00,255.848927701448
2012-09-21 11:00:00,304.653693076724
2012-09-21 12:00:00,387.80330380849
2012-09-21 13:00:00,372.074624419046
2012-09-21 14:00:00,332.869777891907
2012-09-21 15:00:00,371.324105389016
2012-09-21 16:00:00,524.947852610869
2012-09-21 17:00:00,859.408143213823
2012-09-21 18:00:00,827.2776146632
2012-09-21 19:00:00,600.998929398841
2012-09-21 20:00:00,375.456254167838
2012-09-21 21:00:00,249.785108324668
2012-09-21 22:00:00,221.890705845135
2012-09-21 23:00:00,135.316989354107
2012-09-22 00:00:00,142.073664330264
2012-09-22 01:00:00,109.075110378662
2012-09-22 02:00:00,86.5202583879817
2012-09-22 03:00:00,39.53914032907
2012-09-22 04:00:00,12.014753196988
2012-09-22 05:00:00,14.4690229072156
2012-09-22 06:00:00,32.230786139168
2012-09-22 07:00:00,102.784616575444
2012-09-22 08:00:00,164.075305441752
2012-09-22 09:00:00,300.074381578572
2012-09-22 10:00:00,419.677677788939
2012-09-22 11:00:00,524.465209469362
2012-09-22 12:00:00,595.421188446231
2012-09-22 13:00:00,553.439160719773
2012-09-22 14:00:00,667.962080597106
2012-09-22 15:00:00,639.247291441143
2012-09-22 16:00:00,550.478072082547
2012-09-22 17:00:00,514.921761662345
2012-09-22 18:00:00,502.574092878695
2012-09-22 19:00:00,442.754611478565
2012-09-22 20:00:00,407.67954876717
2012-09-22 21:00:00,360.500620045758
2012-09-22 22:00:00,278.797142940027
2012-09-22 23:00:00,211.097369070515
2012-09-23 00:00:00,198.770916948274
2012-09-23 01:00:00,95.6319115621463
2012-09-23 02:00:00,79.2750187060377
2012-09-23 03:00:00,35.001993463171
2012-09-23 04:00:00,11.7643917176497
2012-09-23 05:00:00,12.8456849786186
2012-09-23 06:00:00,28.9463704817603
2012-09-23 07:00:00,76.5221608627121
2012-09-23 08:00:00,166.358297459303
2012-09-23 09:00:00,263.933993121597
2012-09-23 10:00:00,471.571729179754
2012-09-23 11:00:00,551.645093066218
2012-09-23 12:00:00,678.485861320928
2012-09-23 13:00:00,659.043625844254
2012-09-23 14:00:00,620.459818682109
2012-09-23 15:00:00,701.04239412933
2012-09-23 16:00:00,659.480518336263
2012-09-23 17:00:00,561.893165270302
2012-09-23 18:00:00,503.106618126047
2012-09-23 19:00:00,405.543531656446
2012-09-23 20:00:00,300.249934416417
2012-09-23 21:00:00,217.186757036771
2012-09-23 22:00:00,204.660135282978
2012-09-23 23:00:00,107.897861885042
2012-09-24 00:00:00,41.4348592593941
2012-09-24 01:00:00,18.763428382326
2012-09-24 02:00:00,10.2817806268268
2012-09-24 03:00:00,7.3651835498653
2012-09-24 04:00:00,9.05502666866436
2012-09-24 05:00:00,42.7324982208621
2012-09-24 06:00:00,183.508775530425
2012-09-24 07:00:00,462.725566434525
2012-09-24 08:00:00,831.857737526329
2012-09-24 09:00:00,424.407688125377
2012-09-24 10:00:00,233.667970762253
2012-09-24 11:00:00,281.341691629352
2012-09-24 12:00:00,340.290488131357
2012-09-24 13:00:00,317.269287954648
2012-09-24 14:00:00,287.184135065471
2012-09-24 15:00:00,294.736486675408
2012-09-24 16:00:00,456.405999440143
2012-09-24 17:00:00,699.617349688692
2012-09-24 18:00:00,848.137742395272
2012-09-24 19:00:00,550.221823101742
2012-09-24 20:00:00,396.452392012678
2012-09-24 21:00:00,275.396715200791
2012-09-24 22:00:00,184.235449336588
2012-09-24 23:00:00,105.160976164377
2012-09-25 00:00:00,40.4694110116494
2012-09-25 01:00:00,16.7960989239004
2012-09-25 02:00:00,7.92182060620317
2012-09-25 03:00:00,6.79007628486262
2012-09-25 04:00:00,8.35583355335739
2012-09-25 05:00:00,41.1705321905095
2012-09-25 06:00:00,159.740206842845
2012-09-25 07:00:00,457.895541991352
2012-09-25 08:00:00,792.596595169146
2012-09-25 09:00:00,433.548314130274
2012-09-25 10:00:00,224.182325564092
2012-09-25 11:00:00,279.094660037938
2012-09-25 12:00:00,358.793396465387
2012-09-25 13:00:00,362.49266614394
2012-09-25 14:00:00,303.899761021239
2012-09-25 15:00:00,346.740417775211
2012-09-25 16:00:00,493.485742750496
2012-09-25 17:00:00,907.742793415951
2012-09-25 18:00:00,908.000877569496
2012-09-25 19:00:00,631.783462650355
2012-09-25 20:00:00,444.909166088883
2012-09-25 21:00:00,332.68623130238
2012-09-25 22:00:00,246.109749672442
2012-09-25 23:00:00,152.200824201903
2012-09-26 00:00:00,46.4247313513638
2012-09-26 01:00:00,17.8052762282544
2012-09-26 02:00:00,7.17663310885915
2012-09-26 03:00:00,5.90146929128163
2012-09-26 04:00:00,7.94672155789726
2012-09-26 05:00:00,44.9245018863192
2012-09-26 06:00:00,181.05487284802
2012-09-26 07:00:00,549.305494461618
2012-09-26 08:00:00,772.359175864444
2012-09-26 09:00:00,428.099787510814
2012-09-26 10:00:00,222.971347964281
2012-09-26 11:00:00,280.970354210846
2012-09-26 12:00:00,349.355002712606
2012-09-26 13:00:00,341.122776721308
2012-09-26 14:00:00,324.599700959855
2012-09-26 15:00:00,321.490185043803
2012-09-26 16:00:00,488.970254274613
2012-09-26 17:00:00,894.576954426597
2012-09-26 18:00:00,954.474338499894
2012-09-26 19:00:00,666.299700642907
2012-09-26 20:00:00,413.565988771296
2012-09-26 21:00:00,327.255325905068
2012-09-26 22:00:00,178.180312370243
2012-09-26 23:00:00,125.222771663087
2012-09-27 00:00:00,69.4501092507964
2012-09-27 01:00:00,30.8204292543886
2012-09-27 02:00:00,15.9394219963281
2012-09-27 03:00:00,9.99711089399044
2012-09-27 04:00:00,6.98774708033101
2012-09-27 05:00:00,40.0702761897597
2012-09-27 06:00:00,183.278792109792
2012-09-27 07:00:00,636.1092340526
2012-09-27 08:00:00,1027.37653619894
2012-09-27 09:00:00,472.79682388065
2012-09-27 10:00:00,254.27567412049
2012-09-27 11:00:00,279.334326807037
2012-09-27 12:00:00,366.635419715774
2012-09-27 13:00:00,345.356725258019
2012-09-27 14:00:00,328.443059101971
2012-09-27 15:00:00,336.647463913334
2012-09-27 16:00:00,441.7758272184
2012-09-27 17:00:00,743.873916828037
2012-09-27 18:00:00,750.487049667624
2012-09-27 19:00:00,614.942010066695
2012-09-27 20:00:00,433.234325542258
2012-09-27 21:00:00,150.804174790946
2012-09-27 22:00:00,130.886174343649
2012-09-27 23:00:00,105.68231524635
2012-09-28 00:00:00,46.1522918437118
2012-09-28 01:00:00,23.5023589282131
2012-09-28 02:00:00,9.48263963450966
2012-09-28 03:00:00,8.45347724350692
2012-09-28 04:00:00,6.27274007364391
2012-09-28 05:00:00,38.926336891002
2012-09-28 06:00:00,124.391349065421
2012-09-28 07:00:00,354.912792266667
2012-09-28 08:00:00,800.420745788119
2012-09-28 09:00:00,343.050510244251
2012-09-28 10:00:00,237.150807199631
2012-09-28 11:00:00,268.378821984799
2012-09-28 12:00:00,393.09134782615
2012-09-28 13:00:00,380.777280906568
2012-09-28 14:00:00,353.393157725171
2012-09-28 15:00:00,358.92066465303
2012-09-28 16:00:00,521.389880289434
2012-09-28 17:00:00,810.925859696043
2012-09-28 18:00:00,787.645666590344
2012-09-28 19:00:00,554.00180084115
2012-09-28 20:00:00,382.057801826259
2012-09-28 21:00:00,270.184304220972
2012-09-28 22:00:00,240.279464161244
2012-09-28 23:00:00,155.583309982773
2012-09-29 00:00:00,188.816826140779
2012-09-29 01:00:00,146.453493874852
2012-09-29 02:00:00,95.3877948633965
2012-09-29 03:00:00,45.0749141874249
2012-09-29 04:00:00,16.2313369561722
2012-09-29 05:00:00,16.5431494503825
2012-09-29 06:00:00,38.2954435991166
2012-09-29 07:00:00,94.0162752454137
2012-09-29 08:00:00,217.790098813408
2012-09-29 09:00:00,324.404438295929
2012-09-29 10:00:00,496.278844700939
2012-09-29 11:00:00,545.797399835595
2012-09-29 12:00:00,739.54481848384
2012-09-29 13:00:00,739.766434718353
2012-09-29 14:00:00,735.260616384973
2012-09-29 15:00:00,751.996787407733
2012-09-29 16:00:00,772.989641867461
2012-09-29 17:00:00,606.238230162423
2012-09-29 18:00:00,547.23350291338
2012-09-29 19:00:00,399.141204874464
2012-09-29 20:00:00,287.302614015163
2012-09-29 21:00:00,258.936495420671
2012-09-29 22:00:00,213.699246815528
2012-09-29 23:00:00,208.253596521647
2012-09-30 00:00:00,184.199976329204
2012-09-30 01:00:00,138.195922167846
2012-09-30 02:00:00,78.0689730389593
2012-09-30 03:00:00,40.6458421667275
2012-09-30 04:00:00,15.2837259647201
2012-09-30 05:00:00,15.5470773522811
2012-09-30 06:00:00,30.6645811233189
2012-09-30 07:00:00,78.1389777902587
2012-09-30 08:00:00,164.230099920741
2012-09-30 09:00:00,318.993008430372
2012-09-30 10:00:00,512.451186304847
2012-09-30 11:00:00,583.050269654952
2012-09-30 12:00:00,675.155281956104
2012-09-30 13:00:00,683.154585171
2012-09-30 14:00:00,665.315460625783
2012-09-30 15:00:00,693.317743230384
2012-09-30 16:00:00,726.256221450141
2012-09-30 17:00:00,657.527926863793
2012-09-30 18:00:00,426.802202556085
2012-09-30 19:00:00,197.083932343747
2012-09-30 20:00:00,156.744445354108
2012-09-30 21:00:00,218.18810528703
2012-09-30 22:00:00,170.817474228498
2012-09-30 23:00:00,116.895602854911
2012-10-20 00:00:00,128.350445646179
2012-10-20 01:00:00,107.437385214502
2012-10-20 02:00:00,65.5220101766515
2012-10-20 03:00:00,35.6067943222936
2012-10-20 04:00:00,12.2388624811906
2012-10-20 05:00:00,12.2197603126857
2012-10-20 06:00:00,32.3857359133376
2012-10-20 07:00:00,71.6335797218182
2012-10-20 08:00:00,177.111478577273
2012-10-20 09:00:00,324.45674657735
2012-10-20 10:00:00,451.185838383198
2012-10-20 11:00:00,561.502029403212
2012-10-20 12:00:00,684.577924595151
2012-10-20 13:00:00,737.589460535
2012-10-20 14:00:00,679.915269905983
2012-10-20 15:00:00,674.958489167127
2012-10-20 16:00:00,715.647630637742
2012-10-20 17:00:00,631.491805445275
2012-10-20 18:00:00,533.597377577016
2012-10-20 19:00:00,405.858500510548
2012-10-20 20:00:00,295.228784860551
2012-10-20 21:00:00,221.269702248046
2012-10-20 22:00:00,166.608808474941
2012-10-20 23:00:00,190.965888350045
2012-10-21 00:00:00,143.19505290719
2012-10-21 01:00:00,113.100847005322
2012-10-21 02:00:00,66.4697761052696
2012-10-21 03:00:00,34.6062335945463
2012-10-21 04:00:00,15.8498304258507
2012-10-21 05:00:00,12.6310114965442
2012-10-21 06:00:00,29.1593375718358
2012-10-21 07:00:00,74.8588672926719
2012-10-21 08:00:00,143.719049136711
2012-10-21 09:00:00,268.027124556263
2012-10-21 10:00:00,420.535998757558
2012-10-21 11:00:00,485.63402876312
2012-10-21 12:00:00,611.311884745733
2012-10-21 13:00:00,683.350491255845
2012-10-21 14:00:00,619.580395050328
2012-10-21 15:00:00,595.883902018308
2012-10-21 16:00:00,692.878581854218
2012-10-21 17:00:00,547.319076834805
2012-10-21 18:00:00,495.31583783417
2012-10-21 19:00:00,364.380791885854
2012-10-21 20:00:00,245.26358631918
2012-10-21 21:00:00,188.68786811668
2012-10-21 22:00:00,163.898737552603
2012-10-21 23:00:00,110.942080775371
2012-10-22 00:00:00,48.5464367460214
2012-10-22 01:00:00,19.7160057059817
2012-10-22 02:00:00,9.76749386203006
2012-10-22 03:00:00,7.2461560423097
2012-10-22 04:00:00,9.05596190907095
2012-10-22 05:00:00,33.5682280793921
2012-10-22 06:00:00,122.183213246544
2012-10-22 07:00:00,393.033753653555
2012-10-22 08:00:00,714.240866365729
2012-10-22 09:00:00,371.437858654804
2012-10-22 10:00:00,215.073150203088
2012-10-22 11:00:00,275.436469075663
2012-10-22 12:00:00,289.003586689829
2012-10-22 13:00:00,325.482382823775
2012-10-22 14:00:00,293.484053907088
2012-10-22 15:00:00,326.133974813742
2012-10-22 16:00:00,519.782349504682
2012-10-22 17:00:00,869.149102283952
2012-10-22 18:00:00,760.776450578154
2012-10-22 19:00:00,521.56064646873
2012-10-22 20:00:00,379.390170259587
2012-10-22 21:00:00,246.25309516835
2012-10-22 22:00:00,161.325166643815
2012-10-22 23:00:00,106.532615107372
2012-10-23 00:00:00,40.7848488742325
2012-10-23 01:00:00,17.5515194360839
2012-10-23 02:00:00,5.46226760922396
2012-10-23 03:00:00,5.37984278497733
2012-10-23 04:00:00,8.22913623227311
2012-10-23 05:00:00,39.737682811421
2012-10-23 06:00:00,155.235580115972
2012-10-23 07:00:00,434.320283381284
2012-10-23 08:00:00,729.724487557706
2012-10-23 09:00:00,363.35415495585
2012-10-23 10:00:00,212.643596238462
2012-10-23 11:00:00,253.386824719441
2012-10-23 12:00:00,319.568591082123
2012-10-23 13:00:00,310.100446894354
2012-10-23 14:00:00,331.908635710789
2012-10-23 15:00:00,360.472204068854
2012-10-23 16:00:00,512.740364446869
2012-10-23 17:00:00,902.994447294526
2012-10-23 18:00:00,878.984867938522
2012-10-23 19:00:00,607.279112962798
2012-10-23 20:00:00,351.759349751043
2012-10-23 21:00:00,279.109554803619
2012-10-23 22:00:00,206.717248252488
2012-10-23 23:00:00,129.652098508449
2012-10-24 00:00:00,50.9474066404578
2012-10-24 01:00:00,21.9138493415998
2012-10-24 02:00:00,8.95870857255817
2012-10-24 03:00:00,7.67384233228591
2012-10-24 04:00:00,8.76719710527086
2012-10-24 05:00:00,44.3621902051589
2012-10-24 06:00:00,181.734138914904
2012-10-24 07:00:00,520.083382013307
2012-10-24 08:00:00,665.709508460524
2012-10-24 09:00:00,384.204038641338
2012-10-24 10:00:00,193.881920294321
2012-10-24 11:00:00,236.674148829096
2012-10-24 12:00:00,335.55025898989
2012-10-24 13:00:00,345.212961090536
2012-10-24 14:00:00,343.515643151499
2012-10-24 15:00:00,334.065303818834
2012-10-24 16:00:00,536.44952402424
2012-10-24 17:00:00,835.950024481935
2012-10-24 18:00:00,851.176410010902
2012-10-24 19:00:00,593.069281569425
2012-10-24 20:00:00,407.973821793703
2012-10-24 21:00:00,311.727023430862
2012-10-24 22:00:00,215.094267307635
2012-10-24 23:00:00,116.582418460388
2012-10-25 00:00:00,72.4464901860104
2012-10-25 01:00:00,27.3360798951513
2012-10-25 02:00:00,12.3078285613768
2012-10-25 03:00:00,6.87851427806121
2012-10-25 04:00:00,8.92032727119032
2012-10-25 05:00:00,40.5806976296925
2012-10-25 06:00:00,170.169644958258
2012-10-25 07:00:00,527.469737629768
2012-10-25 08:00:00,761.203720353194
2012-10-25 09:00:00,322.429204842133
2012-10-25 10:00:00,169.252448531039
2012-10-25 11:00:00,186.320570630911
2012-10-25 12:00:00,279.170713932979
2012-10-25 13:00:00,242.986524253795
2012-10-25 14:00:00,284.340549198231
2012-10-25 15:00:00,312.304856012765
2012-10-25 16:00:00,471.956876573118
2012-10-25 17:00:00,862.31870641025
2012-10-25 18:00:00,561.845572920278
2012-10-25 19:00:00,410.779811673037
2012-10-25 20:00:00,328.611539486357
2012-10-25 21:00:00,262.602864338408
2012-10-25 22:00:00,196.20180989639
2012-10-25 23:00:00,123.88519023215
2012-10-26 00:00:00,63.8184620073097
2012-10-26 01:00:00,31.7011485029237
2012-10-26 02:00:00,14.026654735446
2012-10-26 03:00:00,8.34503891259068
2012-10-26 04:00:00,10.0723436439485
2012-10-26 05:00:00,41.6065412390441
2012-10-26 06:00:00,172.515021415001
2012-10-26 07:00:00,507.107673892409
2012-10-26 08:00:00,657.911275048458
2012-10-26 09:00:00,318.80228213297
2012-10-26 10:00:00,194.014246778982
2012-10-26 11:00:00,236.91411338199
2012-10-26 12:00:00,265.577201517597
2012-10-26 13:00:00,275.757457934927
2012-10-26 14:00:00,322.681563760302
2012-10-26 15:00:00,356.756891999731
2012-10-26 16:00:00,411.478322343792
2012-10-26 17:00:00,604.808744608531
2012-10-26 18:00:00,613.129937346068
2012-10-26 19:00:00,344.114562248998
2012-10-26 20:00:00,243.29269090651
2012-10-26 21:00:00,224.828368648541
2012-10-26 22:00:00,171.944828045083
2012-10-26 23:00:00,157.085585065129
2012-10-27 00:00:00,173.884951092828
2012-10-27 01:00:00,116.751877338949
2012-10-27 02:00:00,72.3706356858703
2012-10-27 03:00:00,46.7353935456697
2012-10-27 04:00:00,16.0858373876832
2012-10-27 05:00:00,13.5575211167006
2012-10-27 06:00:00,29.7701795670453
2012-10-27 07:00:00,79.3272357327492
2012-10-27 08:00:00,219.186395674061
2012-10-27 09:00:00,303.829082107681
2012-10-27 10:00:00,463.852610975945
2012-10-27 11:00:00,550.405566306497
2012-10-27 12:00:00,753.067729276165
2012-10-27 13:00:00,758.218738277452
2012-10-27 14:00:00,723.178592507049
2012-10-27 15:00:00,573.095739060774
2012-10-27 16:00:00,548.882586254916
2012-10-27 17:00:00,470.072949929139
2012-10-27 18:00:00,433.617691308347
2012-10-27 19:00:00,321.476480566356
2012-10-27 20:00:00,241.853129144412
2012-10-27 21:00:00,207.013016464589
2012-10-27 22:00:00,166.621542468
2012-10-27 23:00:00,128.219474485294
2012-10-28 00:00:00,86.3915244147908
2012-10-28 01:00:00,99.1028786850424
2012-10-28 02:00:00,56.4592429263268
2012-10-28 03:00:00,28.4791533724662
2012-10-28 04:00:00,12.2860690456209
2012-10-28 05:00:00,13.5547583206331
2012-10-28 06:00:00,19.5901172616255
2012-10-28 07:00:00,67.7691678720974
2012-10-28 08:00:00,200.338029917615
2012-10-28 09:00:00,245.51940113116
2012-10-28 10:00:00,338.902996061051
2012-10-28 11:00:00,388.417930905088
2012-10-28 12:00:00,515.78327973962
2012-10-28 13:00:00,458.641151128715
2012-10-28 14:00:00,502.737985473602
2012-10-28 15:00:00,498.033981384588
2012-10-28 16:00:00,300.817699781077
2012-10-28 17:00:00,262.372852837651
2012-10-28 18:00:00,120.380513668173
2012-10-28 19:00:00,83.9926222955212
2012-10-28 20:00:00,72.4879009541575
2012-10-28 21:00:00,77.7494272686304
2012-10-28 22:00:00,72.8304147876238
2012-10-28 23:00:00,35.0492329459596
2012-10-29 00:00:00,23.9779087670002
2012-10-30 13:00:00,95.7702808760244
2012-10-30 14:00:00,83.7902930249182
2012-10-30 15:00:00,95.1232217014685
2012-10-30 16:00:00,133.645577445229
2012-10-30 17:00:00,256.146652437708
2012-10-30 18:00:00,298.622029126622
2012-10-30 19:00:00,472.346452976946
2012-10-30 20:00:00,210.444304074997
2012-10-30 21:00:00,149.085637492195
2012-10-30 22:00:00,106.003445684255
2012-10-30 23:00:00,67.235541604492
2012-10-31 00:00:00,35.7964597904216
2012-10-31 01:00:00,14.2598358527815
2012-10-31 02:00:00,6.00486475724882
2012-10-31 03:00:00,5.61963738652969
2012-10-31 04:00:00,6.54721633104254
2012-10-31 05:00:00,35.797463114771
2012-10-31 06:00:00,143.062419369543
2012-10-31 07:00:00,388.22681613753
2012-10-31 08:00:00,663.506369692761
2012-10-31 09:00:00,313.258203581217
2012-10-31 10:00:00,210.724802946012
2012-10-31 11:00:00,213.866238692824
2012-10-31 12:00:00,300.115155952534
2012-10-31 13:00:00,272.566853193359
2012-10-31 14:00:00,239.283187844269
2012-10-31 15:00:00,291.252038143358
2012-10-31 16:00:00,389.470931098413
2012-10-31 17:00:00,741.906921514343
2012-10-31 18:00:00,722.197264734067
2012-10-31 19:00:00,468.858054975845
2012-10-31 20:00:00,343.010326700149
2012-10-31 21:00:00,231.897535024995
2012-10-31 22:00:00,175.615151080916
2012-10-31 23:00:00,94.707633550903
2012-11-20 00:00:00,34.2439113190008
2012-11-20 01:00:00,15.6811470858344
2012-11-20 02:00:00,5.77738626033479
2012-11-20 03:00:00,6.87029978479689
2012-11-20 04:00:00,6.76997185416183
2012-11-20 05:00:00,36.5248124610434
2012-11-20 06:00:00,151.930389060527
2012-11-20 07:00:00,356.082218041031
2012-11-20 08:00:00,725.946986669509
2012-11-20 09:00:00,346.073319390262
2012-11-20 10:00:00,176.16918592125
2012-11-20 11:00:00,191.259296072508
2012-11-20 12:00:00,234.694865698622
2012-11-20 13:00:00,234.316648691433
2012-11-20 14:00:00,223.625416297062
2012-11-20 15:00:00,249.041080459277
2012-11-20 16:00:00,349.201739744778
2012-11-20 17:00:00,651.469449688518
2012-11-20 18:00:00,525.720111270323
2012-11-20 19:00:00,419.889042946982
2012-11-20 20:00:00,276.96955488742
2012-11-20 21:00:00,213.847361460324
2012-11-20 22:00:00,161.624340210138
2012-11-20 23:00:00,85.4672384108662
2012-11-21 00:00:00,33.7912536710583
2012-11-21 01:00:00,16.4921338694003
2012-11-21 02:00:00,6.57403341368659
2012-11-21 03:00:00,5.58347234992253
2012-11-21 04:00:00,6.58463522260445
2012-11-21 05:00:00,35.2194541558453
2012-11-21 06:00:00,123.682933131609
2012-11-21 07:00:00,389.704250072944
2012-11-21 08:00:00,573.839779660395
2012-11-21 09:00:00,292.204094416324
2012-11-21 10:00:00,204.369697849199
2012-11-21 11:00:00,218.770399358029
2012-11-21 12:00:00,280.789497604233
2012-11-21 13:00:00,252.832250135627
2012-11-21 14:00:00,248.4623756195
2012-11-21 15:00:00,267.74612657666
2012-11-21 16:00:00,338.722665279704
2012-11-21 17:00:00,672.878420886714
2012-11-21 18:00:00,628.296405239181
2012-11-21 19:00:00,428.179974099697
2012-11-21 20:00:00,287.227217692668
2012-11-21 21:00:00,207.292468764921
2012-11-21 22:00:00,148.903643437446
2012-11-21 23:00:00,107.851408943865
2012-11-22 00:00:00,70.7714788474269
2012-11-22 01:00:00,34.0999286357417
2012-11-22 02:00:00,19.6092690133127
2012-11-22 03:00:00,12.8801609842458
2012-11-22 04:00:00,8.71855900142599
2012-11-22 05:00:00,15.7340292397888
2012-11-22 06:00:00,44.0289981740914
2012-11-22 07:00:00,123.252444098979
2012-11-22 08:00:00,284.255092316421
2012-11-22 09:00:00,234.654913761466
2012-11-22 10:00:00,307.234722909206
2012-11-22 11:00:00,348.633192221541
2012-11-22 12:00:00,402.591222288065
2012-11-22 13:00:00,373.809025193615
2012-11-22 14:00:00,342.602412386238
2012-11-22 15:00:00,346.678397057
2012-11-22 16:00:00,461.290419997743
2012-11-22 17:00:00,466.337410962306
2012-11-22 18:00:00,453.201239344774
2012-11-22 19:00:00,276.303668946815
2012-11-22 20:00:00,226.985122127828
2012-11-22 21:00:00,206.092134408212
2012-11-22 22:00:00,158.687041633973
2012-11-22 23:00:00,91.2034689185284
2012-11-23 00:00:00,40.4830828848739
2012-11-23 01:00:00,23.0742402390742
2012-11-23 02:00:00,10.9047576138243
2012-11-23 03:00:00,6.14048135395922
2012-11-23 04:00:00,7.2509888551986
2012-11-23 05:00:00,30.8157621347569
2012-11-23 06:00:00,120.712848048969
2012-11-23 07:00:00,345.962184596415
2012-11-23 08:00:00,677.776689485044
2012-11-23 09:00:00,328.129199195591
2012-11-23 10:00:00,208.884250402985
2012-11-23 11:00:00,231.817587946052
2012-11-23 12:00:00,307.004150613306
2012-11-23 13:00:00,307.198908762502
2012-11-23 14:00:00,312.009513704415
2012-11-23 15:00:00,305.821197669106
2012-11-23 16:00:00,433.109908052472
2012-11-23 17:00:00,676.65132022475
2012-11-23 18:00:00,613.734679209264
2012-11-23 19:00:00,439.304734544185
2012-11-23 20:00:00,317.616697857036
2012-11-23 21:00:00,220.621353457822
2012-11-23 22:00:00,172.370568429533
2012-11-23 23:00:00,143.088886268597
2012-11-24 00:00:00,140.917064619342
2012-11-24 01:00:00,80.5941837535767
2012-11-24 02:00:00,46.366708281383
2012-11-24 03:00:00,25.7165356648197
2012-11-24 04:00:00,9.21449735500081
2012-11-24 05:00:00,7.58809170043518
2012-11-24 06:00:00,20.5901570909937
2012-11-24 07:00:00,56.8619434026101
2012-11-24 08:00:00,123.113260618376
2012-11-24 09:00:00,193.42782923855
2012-11-24 10:00:00,254.551671963248
2012-11-24 11:00:00,343.029622677318
2012-11-24 12:00:00,331.161740942325
2012-11-24 13:00:00,460.706198958348
2012-11-24 14:00:00,385.035205822583
2012-11-24 15:00:00,330.530945071108
2012-11-24 16:00:00,352.505248794019
2012-11-24 17:00:00,274.558231454708
2012-11-24 18:00:00,241.208774818151
2012-11-24 19:00:00,214.052623813155
2012-11-24 20:00:00,151.984646196499
2012-11-24 21:00:00,116.19609823752
2012-11-24 22:00:00,102.47900488752
2012-11-24 23:00:00,92.7571007391595
2012-11-25 00:00:00,89.3462752500152
2012-11-25 01:00:00,65.7565627567099
2012-11-25 02:00:00,46.2740092897387
2012-11-25 03:00:00,26.8739577208236
2012-11-25 04:00:00,9.31290417891831
2012-11-25 05:00:00,6.70153147006933
2012-11-25 06:00:00,12.5210015295413
2012-11-25 07:00:00,37.8424954443958
2012-11-25 08:00:00,84.0229621798041
2012-11-25 09:00:00,162.496925536107
2012-11-25 10:00:00,236.998806106584
2012-11-25 11:00:00,288.71277119169
2012-11-25 12:00:00,341.486214959889
2012-11-25 13:00:00,314.042700946903
2012-11-25 14:00:00,333.528853184492
2012-11-25 15:00:00,340.659727622295
2012-11-25 16:00:00,342.038137180407
2012-11-25 17:00:00,261.10201761966
2012-11-25 18:00:00,223.960427936798
2012-11-25 19:00:00,200.648068399994
2012-11-25 20:00:00,140.35247241128
2012-11-25 21:00:00,125.600046815413
2012-11-25 22:00:00,100.152232585817
2012-11-25 23:00:00,71.0632673523007
2012-11-26 00:00:00,22.7948227547254
2012-11-26 01:00:00,11.5830753005485
2012-11-26 02:00:00,6.53342928744144
2012-11-26 03:00:00,4.55461371822239
2012-11-26 04:00:00,6.18208435521204
2012-11-26 05:00:00,29.4945683235073
2012-11-26 06:00:00,108.067587644705
2012-11-26 07:00:00,269.84370351384
2012-11-26 08:00:00,468.006415473173
2012-11-26 09:00:00,308.136304585969
2012-11-26 10:00:00,172.830475611099
2012-11-26 11:00:00,224.700750922417
2012-11-26 12:00:00,280.011406770732
2012-11-26 13:00:00,268.7618458085
2012-11-26 14:00:00,242.960864247334
2012-11-26 15:00:00,244.335037237942
2012-11-26 16:00:00,327.956208058241
2012-11-26 17:00:00,634.287964563573
2012-11-26 18:00:00,562.291793060059
2012-11-26 19:00:00,377.017904991441
2012-11-26 20:00:00,265.545007093797
2012-11-26 21:00:00,187.097496648874
2012-11-26 22:00:00,132.861781250395
2012-11-26 23:00:00,74.4565006586418
2012-11-27 00:00:00,31.800451114947
2012-11-27 01:00:00,15.2433754509331
2012-11-27 02:00:00,7.26544095800093
2012-11-27 03:00:00,4.31178583098935
2012-11-27 04:00:00,3.32027967524264
2012-11-27 05:00:00,28.8065617373182
2012-11-27 06:00:00,128.207223871038
2012-11-27 07:00:00,251.641812393481
2012-11-27 08:00:00,291.031534091077
2012-11-27 09:00:00,305.557357132342
2012-11-27 10:00:00,71.4196832980751
2012-11-27 11:00:00,77.8430489527705
2012-11-27 12:00:00,83.1496374963128
2012-11-27 13:00:00,80.4435895387795
2012-11-27 14:00:00,64.4929461254038
2012-11-27 15:00:00,176.294795261113
2012-11-27 16:00:00,244.937969270908
2012-11-27 17:00:00,433.291809552393
2012-11-27 18:00:00,376.693327566014
2012-11-27 19:00:00,282.634693135093
2012-11-27 20:00:00,217.783062571337
2012-11-27 21:00:00,142.008732853375
2012-11-27 22:00:00,116.005469644109
2012-11-27 23:00:00,64.2173129482328
2012-11-28 00:00:00,29.5848416620322
2012-11-28 01:00:00,13.8090771616756
2012-11-28 02:00:00,5.56257572107042
2012-11-28 03:00:00,5.86197596632449
2012-11-28 04:00:00,6.53067825529679
2012-11-28 05:00:00,31.1963022725512
2012-11-28 06:00:00,126.994519590016
2012-11-28 07:00:00,401.621557147665
2012-11-28 08:00:00,498.362527106326
2012-11-28 09:00:00,342.714326417171
2012-11-28 10:00:00,176.268775595784
2012-11-28 11:00:00,198.738295023643
2012-11-28 12:00:00,252.697374293369
2012-11-28 13:00:00,238.277754171125
2012-11-28 14:00:00,215.43865448879
2012-11-28 15:00:00,221.187757938161
2012-11-28 16:00:00,279.168846657428
2012-11-28 17:00:00,519.265044196374
2012-11-28 18:00:00,483.319236047114
2012-11-28 19:00:00,374.169005958676
2012-11-28 20:00:00,269.806148844285
2012-11-28 21:00:00,190.221838539938
2012-11-28 22:00:00,122.63142801896
2012-11-28 23:00:00,80.3630670905866
2012-11-29 00:00:00,34.3273558755838
2012-11-29 01:00:00,14.255221701479
2012-11-29 02:00:00,5.3720339975921
2012-11-29 04:00:00,7.59356269552927
2012-11-29 05:00:00,28.254737404197
2012-11-29 06:00:00,117.485234045489
2012-11-29 07:00:00,329.84232719507
2012-11-29 08:00:00,781.390271291563
2012-11-29 09:00:00,297.259617739898
2012-11-29 10:00:00,148.695411866272
2012-11-29 11:00:00,233.597142960212
2012-11-29 12:00:00,269.070732793873
2012-11-29 13:00:00,270.176138957383
2012-11-29 14:00:00,228.503000089371
2012-11-29 15:00:00,236.823994194416
2012-11-29 16:00:00,342.48896432524
2012-11-29 17:00:00,592.487727526327
2012-11-29 18:00:00,505.224960977479
2012-11-29 19:00:00,317.692940260241
2012-11-29 20:00:00,251.841607889488
2012-11-29 21:00:00,165.501651318476
2012-11-29 22:00:00,139.731576662121
2012-11-29 23:00:00,97.3945324222605
2012-11-30 00:00:00,44.2644828264566
2012-11-30 01:00:00,22.8256591672866
2012-11-30 02:00:00,9.16108039004756
2012-11-30 03:00:00,5.38205794463613
2012-11-30 04:00:00,5.64008672501976
2012-11-30 05:00:00,25.1627444354926
2012-11-30 06:00:00,105.533811251034
2012-11-30 07:00:00,269.200285540459
2012-11-30 08:00:00,496.122656942125
2012-11-30 09:00:00,302.528877942113
2012-11-30 10:00:00,149.649925718072
2012-11-30 11:00:00,209.440181680799
2012-11-30 12:00:00,279.780268778523
2012-11-30 13:00:00,289.91612657542
2012-11-30 14:00:00,257.6669946523
2012-11-30 15:00:00,272.85224244915
2012-11-30 16:00:00,404.370351012868
2012-11-30 17:00:00,561.247468171784
2012-11-30 18:00:00,481.407470449744
2012-11-30 19:00:00,331.885322069835
2012-11-30 20:00:00,246.115738375659
2012-11-30 21:00:00,161.329214450871
2012-11-30 22:00:00,132.436258740399
2012-11-30 23:00:00,95.5252239527096
2012-12-20 00:00:00,47.705460740622
2012-12-20 01:00:00,22.2535504499619
2012-12-20 02:00:00,11.4225999370003
2012-12-20 03:00:00,5.84058493848206
2012-12-20 04:00:00,6.78474576328771
2012-12-20 05:00:00,32.8098056904381
2012-12-20 06:00:00,134.059023445894
2012-12-20 07:00:00,413.319848186702
2012-12-20 08:00:00,692.034885950655
2012-12-20 09:00:00,343.665113912273
2012-12-20 10:00:00,181.946806349269
2012-12-20 11:00:00,212.047724415319
2012-12-20 12:00:00,257.943971721964
2012-12-20 13:00:00,249.164966338292
2012-12-20 14:00:00,218.361723515219
2012-12-20 15:00:00,226.841724225913
2012-12-20 16:00:00,306.114911496013
2012-12-20 17:00:00,524.200243362694
2012-12-20 18:00:00,521.378601595765
2012-12-20 19:00:00,204.028364872801
2012-12-20 20:00:00,176.593904702446
2012-12-20 21:00:00,120.189367658844
2012-12-20 22:00:00,69.3692136493075
2012-12-20 23:00:00,64.3141175912629
2012-12-21 00:00:00,19.2001901736506
2012-12-21 01:00:00,10.8481188174878
2012-12-21 02:00:00,5.92003923077052
2012-12-21 03:00:00,3.12288115366202
2012-12-21 04:00:00,5.40784140289856
2012-12-21 05:00:00,20.9736362239094
2012-12-21 06:00:00,93.8164513260729
2012-12-21 07:00:00,241.387818567983
2012-12-21 08:00:00,479.902985011533
2012-12-21 09:00:00,223.974107408956
2012-12-21 10:00:00,125.51811705007
2012-12-21 11:00:00,141.421430380523
2012-12-21 12:00:00,178.164329124209
2012-12-21 13:00:00,171.078819301312
2012-12-21 14:00:00,138.49236529561
2012-12-21 15:00:00,149.784829095792
2012-12-21 16:00:00,203.236964355805
2012-12-21 17:00:00,321.975328612255
2012-12-21 18:00:00,288.492658282466
2012-12-21 19:00:00,186.460092864269
2012-12-21 20:00:00,149.454574716033
2012-12-21 21:00:00,109.605632737291
2012-12-21 22:00:00,81.3175138479396
2012-12-21 23:00:00,59.2060764422606
2012-12-22 00:00:00,58.2856451719282
2012-12-22 01:00:00,47.9227110542619
2012-12-22 02:00:00,32.9410682679232
2012-12-22 03:00:00,18.1018975674702
2012-12-22 04:00:00,4.8711945629853
2012-12-22 05:00:00,4.22749456120387
2012-12-22 06:00:00,10.9416540700525
2012-12-22 07:00:00,33.8695338683634
2012-12-22 08:00:00,88.3119035918642
2012-12-22 09:00:00,119.639632294709
2012-12-22 10:00:00,167.866085935289
2012-12-22 11:00:00,202.540359337204
2012-12-22 12:00:00,213.800896311854
2012-12-22 13:00:00,268.413824110211
2012-12-22 14:00:00,245.96702957099
2012-12-22 15:00:00,219.828390742853
2012-12-22 16:00:00,216.516262663456
2012-12-22 17:00:00,170.988672209922
2012-12-22 18:00:00,164.758624152769
2012-12-22 19:00:00,127.046125503082
2012-12-22 20:00:00,100.596017099561
2012-12-22 21:00:00,80.2213182309405
2012-12-22 22:00:00,73.4240853520034
2012-12-22 23:00:00,53.2844064302197
2012-12-23 00:00:00,63.3660203213205
2012-12-23 01:00:00,43.1694536907779
2012-12-23 02:00:00,30.5625518718884
2012-12-23 03:00:00,17.5761026818074
2012-12-23 04:00:00,6.3472475184415
2012-12-23 05:00:00,3.26883711183167
2012-12-23 06:00:00,13.0302490345086
2012-12-23 07:00:00,31.8397662462299
2012-12-23 08:00:00,51.5400682780129
2012-12-23 09:00:00,105.509440413366
2012-12-23 10:00:00,119.407485720462
2012-12-23 11:00:00,154.942643473396
2012-12-23 12:00:00,243.308098883551
2012-12-23 13:00:00,264.093265433454
2012-12-23 14:00:00,274.486739679569
2012-12-23 15:00:00,266.757233463598
2012-12-23 16:00:00,240.523360484697
2012-12-23 17:00:00,180.992149184956
2012-12-23 18:00:00,170.467569843083
2012-12-23 19:00:00,138.584015412983
2012-12-23 20:00:00,86.0876629359673
2012-12-23 21:00:00,72.1706159479497
2012-12-23 22:00:00,65.0042507529356
2012-12-23 23:00:00,50.785322541762
2012-12-24 00:00:00,15.2882648113472
2012-12-24 01:00:00,7.32395423700972
2012-12-24 02:00:00,4.46298424301763
2012-12-24 03:00:00,2.97877072371486
2012-12-24 05:00:00,20.308193048057
2012-12-24 06:00:00,66.613462356011
2012-12-24 07:00:00,179.591270606048
2012-12-24 08:00:00,318.878116819622
2012-12-24 09:00:00,187.760617084217
2012-12-24 10:00:00,81.8024337768953
2012-12-24 11:00:00,103.392224259317
2012-12-24 12:00:00,117.848974756045
2012-12-24 13:00:00,85.0935283616297
2012-12-24 14:00:00,65.7203425313185
2012-12-24 15:00:00,61.167336353494
2012-12-24 16:00:00,81.1361652087906
2012-12-24 17:00:00,174.741258677638
2012-12-24 18:00:00,182.123516790319
2012-12-24 19:00:00,189.689832660725
2012-12-24 20:00:00,114.29280440054
2012-12-24 21:00:00,65.9127632463705
2012-12-24 22:00:00,59.2662924726997
2012-12-24 23:00:00,34.6184294575837
2012-12-25 00:00:00,24.1596579664097
2012-12-25 01:00:00,20.6254772902541
2012-12-25 02:00:00,12.2269049478933
2012-12-25 04:00:00,3.86956376350518
2012-12-25 05:00:00,9.17166661246848
2012-12-25 06:00:00,19.8675956726411
2012-12-25 07:00:00,51.5593247725161
2012-12-25 08:00:00,97.5483273251704
2012-12-25 09:00:00,92.1355297547868
2012-12-25 10:00:00,113.735775778513
2012-12-25 11:00:00,141.929328213281
2012-12-25 12:00:00,153.68856456876
2012-12-25 13:00:00,171.067523317083
2012-12-25 14:00:00,179.267442561191
2012-12-25 15:00:00,187.34538123659
2012-12-25 16:00:00,214.75531954072
2012-12-25 17:00:00,248.608655854944
2012-12-25 18:00:00,226.761024223129
2012-12-25 19:00:00,179.788972664843
2012-12-25 20:00:00,130.856170434403
2012-12-25 21:00:00,94.1577799397897
2012-12-25 22:00:00,72.9959729034732
2012-12-25 23:00:00,42.0055035612466
2012-12-26 00:00:00,20.771870085297
2012-12-26 01:00:00,9.0641066753616
2012-12-26 02:00:00,3.96990275391297
2012-12-26 03:00:00,4.02212050214915
2012-12-26 04:00:00,3.45733006080612
2012-12-26 05:00:00,22.6104105012555
2012-12-26 06:00:00,78.9301028509586
2012-12-26 07:00:00,148.290753100455
2012-12-26 08:00:00,255.093512401911
2012-12-26 09:00:00,140.328194467069
2012-12-26 10:00:00,65.4413619910999
2012-12-26 11:00:00,46.3356115209878
2012-12-26 12:00:00,76.1439251851615
2012-12-26 13:00:00,72.4727719628209
2012-12-26 14:00:00,56.537024682181
2012-12-26 15:00:00,40.0522897836642
2012-12-26 16:00:00,54.7521641432608
2012-12-26 17:00:00,93.4126690986446
2012-12-26 18:00:00,113.159457379564
2012-12-26 19:00:00,88.8835593708646
2012-12-26 20:00:00,55.1176179454408
2012-12-26 21:00:00,82.2623906731372
2012-12-26 22:00:00,25.2698776136761
2012-12-26 23:00:00,23.7153290562442
2012-12-27 00:00:00,12.9855768951913
2012-12-27 01:00:00,4.2212486955792
2012-12-27 02:00:00,4.44063901792756
2012-12-27 03:00:00,3.46596672119815
2012-12-27 04:00:00,3.62648332424131
2012-12-27 05:00:00,18.5495707916682
2012-12-27 06:00:00,81.4384902470495
2012-12-27 07:00:00,237.552402195777
2012-12-27 08:00:00,522.639410742009
2012-12-27 09:00:00,239.588839055712
2012-12-27 10:00:00,137.048145866192
2012-12-27 11:00:00,134.038183407192
2012-12-27 12:00:00,128.548339334052
2012-12-27 13:00:00,122.490456934872
2012-12-27 14:00:00,127.504406297462
2012-12-27 15:00:00,141.135487752216
2012-12-27 16:00:00,162.80886674725
2012-12-27 17:00:00,298.382778412848
2012-12-27 18:00:00,339.37121413411
2012-12-27 19:00:00,220.2784871323
2012-12-27 20:00:00,172.13822742121
2012-12-27 21:00:00,131.139802344906
2012-12-27 22:00:00,94.2632795560192
2012-12-27 23:00:00,66.2935701858296
2012-12-28 00:00:00,30.9072016319788
2012-12-28 01:00:00,15.4966679105866
2012-12-28 02:00:00,8.22042961251115
2012-12-28 03:00:00,5.04595895652208
2012-12-28 04:00:00,4.46431569517023
2012-12-28 05:00:00,20.8527517428509
2012-12-28 06:00:00,90.3241659160225
2012-12-28 07:00:00,213.222665012671
2012-12-28 08:00:00,463.273362375376
2012-12-28 09:00:00,215.313324780463
2012-12-28 10:00:00,113.468132605409
2012-12-28 11:00:00,124.509487760552
2012-12-28 12:00:00,155.318846363521
2012-12-28 13:00:00,149.321976299312
2012-12-28 14:00:00,133.624644755175
2012-12-28 15:00:00,134.42164461039
2012-12-28 16:00:00,199.880458499214
2012-12-28 17:00:00,308.134139124653
2012-12-28 18:00:00,294.026571451363
2012-12-28 19:00:00,200.196767119106
2012-12-28 20:00:00,139.119241668508
2012-12-28 21:00:00,99.8009494560749
2012-12-28 22:00:00,84.8395406608785
2012-12-28 23:00:00,65.6429049236646
2012-12-29 00:00:00,54.6606923981341
2012-12-29 01:00:00,52.431557006564
2012-12-29 02:00:00,33.5941105618489
2012-12-29 03:00:00,18.9613573045241
2012-12-29 04:00:00,5.66403343160895
2012-12-29 05:00:00,5.61159039162615
2012-12-29 06:00:00,9.01132869017833
2012-12-29 07:00:00,24.8052024951922
2012-12-29 08:00:00,73.1679586658379
2012-12-29 09:00:00,107.983855916298
2012-12-29 10:00:00,122.365660748344
2012-12-29 11:00:00,132.77466371718
2012-12-29 12:00:00,118.39740247427
2012-12-29 13:00:00,120.994352258672
2012-12-29 14:00:00,173.029186821302
2012-12-29 15:00:00,174.821574910654
2012-12-29 16:00:00,218.464138228864
2012-12-29 17:00:00,139.076775356631
2012-12-29 18:00:00,182.494548131827
2012-12-29 19:00:00,143.115266531293
2012-12-29 20:00:00,112.638742025119
2012-12-29 21:00:00,77.5268785034309
2012-12-29 22:00:00,71.8367433119544
2012-12-29 23:00:00,68.6501751054871
2012-12-30 00:00:00,54.2854792072399
2012-12-30 01:00:00,49.2864066119859
2012-12-30 02:00:00,34.0308208918001
2012-12-30 03:00:00,17.5341469462061
2012-12-30 04:00:00,3.86996788345669
2012-12-30 05:00:00,3.63229072654866
2012-12-30 06:00:00,5.97932267848843
2012-12-30 07:00:00,24.7946559048209
2012-12-30 08:00:00,52.9961775528236
2012-12-30 09:00:00,99.0854827268656
2012-12-30 10:00:00,178.941644409182
2012-12-30 11:00:00,197.649515679851
2012-12-30 12:00:00,240.100838116381
2012-12-30 13:00:00,194.636855763522
2012-12-30 14:00:00,196.161625997611
2012-12-30 15:00:00,188.325390596832
2012-12-30 16:00:00,222.94805985043
2012-12-30 17:00:00,163.9407263965
2012-12-30 18:00:00,138.684732970585
2012-12-30 19:00:00,142.369440634695
2012-12-30 20:00:00,91.0705800336427
2012-12-30 21:00:00,63.8287113229172
2012-12-30 22:00:00,62.1721406900246
2012-12-30 23:00:00,32.9473113477891
2012-12-31 00:00:00,17.8101803603063
2012-12-31 01:00:00,8.42313402216549
2012-12-31 02:00:00,5.34111915980994
2012-12-31 03:00:00,3.14440867301377
2012-12-31 04:00:00,3.31951659936587
2012-12-31 05:00:00,23.7341212434004
2012-12-31 06:00:00,88.4046371034127
2012-12-31 07:00:00,209.548444881772
2012-12-31 08:00:00,322.518934251784
2012-12-31 09:00:00,231.801323761068
2012-12-31 10:00:00,100.092796333042
2012-12-31 11:00:00,108.373510565697
2012-12-31 12:00:00,135.077810696218
2012-12-31 13:00:00,117.582153826138
2012-12-31 14:00:00,116.464706059357
2012-12-31 15:00:00,117.883686375043
2012-12-31 16:00:00,149.120910815808
2012-12-31 17:00:00,246.569260533481
2012-12-31 18:00:00,255.558452412966
2012-12-31 19:00:00,195.115988272475
2012-12-31 20:00:00,146.061634806271
2012-12-31 21:00:00,102.476380600102
2012-12-31 22:00:00,71.7898529767107
2012-12-31 23:00:00,40.9949856134565
