datetime,count
2011-01-20 00:00:00,10.6301989899135
2011-01-20 01:00:00,4.86560265552562
2011-01-20 02:00:00,3.35201774426667
2011-01-20 03:00:00,2.87329374225897
2011-01-20 04:00:00,2.21843725255861
2011-01-20 05:00:00,17.3354025499873
2011-01-20 06:00:00,45.3416782950662
2011-01-20 07:00:00,137.628173251069
2011-01-20 08:00:00,287.271358423839
2011-01-20 09:00:00,155.244130345234
2011-01-20 10:00:00,63.3590217692102
2011-01-20 11:00:00,106.438867569076
2011-01-20 12:00:00,86.2502390706314
2011-01-20 13:00:00,106.438867569076
2011-01-20 14:00:00,87.6095169184057
2011-01-20 15:00:00,87.6095169184057
2011-01-20 16:00:00,94.9908038461758
2011-01-20 17:00:00,191.475752580464
2011-01-20 18:00:00,191.475752580464
2011-01-20 19:00:00,101.887015132193
2011-01-20 20:00:00,89.7679960737874
2011-01-20 21:00:00,103.383203646853
2011-01-20 22:00:00,41.6846844910747
2011-01-20 23:00:00,16.6206453829192
2011-01-21 00:00:00,10.6301989899135
2011-01-21 01:00:00,5.99663598838382
2011-01-21 02:00:00,4.61261076417762
2011-01-21 03:00:00,1.86606598307361
2011-01-21 04:00:00,1.51385904479011
2011-01-21 05:00:00,4.88524497971948
2011-01-21 06:00:00,45.3416782950662
2011-01-21 07:00:00,137.628173251069
2011-01-21 08:00:00,204.495795764473
2011-01-21 09:00:00,155.244130345234
2011-01-21 10:00:00,49.2403441924312
2011-01-21 11:00:00,49.2403441924312
2011-01-21 12:00:00,66.2136649510461
2011-01-21 13:00:00,66.2136649510461
2011-01-21 14:00:00,66.2136649510461
2011-01-21 15:00:00,66.2136649510461
2011-01-21 16:00:00,143.498693404534
2011-01-21 17:00:00,202.052058150394
2011-01-21 18:00:00,202.052058150394
2011-01-21 19:00:00,139.256490380506
2011-01-21 20:00:00,114.39610134391
2011-01-21 21:00:00,58.5360943798487
2011-01-21 22:00:00,58.5360943798487
2011-01-21 23:00:00,28.1142955984038
2011-01-22 00:00:00,25.9021105254463
2011-01-22 01:00:00,25.9021105254463
2011-01-22 02:00:00,21.9189704222733
2011-01-22 03:00:00,9.71851553680926
2011-01-22 04:00:00,3.39526022911643
2011-01-22 06:00:00,3.992634267919
2011-01-22 07:00:00,12.5062439252129
2011-01-22 08:00:00,33.6661115800159
2011-01-22 09:00:00,50.3670836325057
2011-01-22 10:00:00,87.3952061581042
2011-01-22 11:00:00,87.3952061581042
2011-01-22 12:00:00,117.935543982683
2011-01-22 13:00:00,117.935543982683
2011-01-22 14:00:00,117.935543982683
2011-01-22 15:00:00,117.935543982683
2011-01-22 16:00:00,117.935543982683
2011-01-22 17:00:00,82.1494087473808
2011-01-22 18:00:00,82.1494087473808
2011-01-22 19:00:00,67.8166338791553
2011-01-22 20:00:00,67.8166338791553
2011-01-22 21:00:00,58.5360943798487
2011-01-22 22:00:00,23.3535931502341
2011-01-22 23:00:00,16.6206453829192
2011-01-23 00:00:00,25.9021105254463
2011-01-23 01:00:00,25.9021105254463
2011-01-23 02:00:00,21.9189704222733
2011-01-23 03:00:00,13.9076775310514
2011-01-23 05:00:00,4.0983826990374
2011-01-23 06:00:00,3.992634267919
2011-01-23 07:00:00,12.5062439252129
2011-01-23 08:00:00,33.6661115800159
2011-01-23 09:00:00,50.3670836325057
2011-01-23 10:00:00,87.3952061581042
2011-01-23 11:00:00,87.3952061581042
2011-01-23 12:00:00,117.935543982683
2011-01-23 13:00:00,117.935543982683
2011-01-23 14:00:00,117.935543982683
2011-01-23 15:00:00,117.935543982683
2011-01-23 16:00:00,117.935543982683
2011-01-23 17:00:00,82.1494087473808
2011-01-23 18:00:00,82.1494087473808
2011-01-23 19:00:00,67.8166338791553
2011-01-23 20:00:00,67.8166338791553
2011-01-23 21:00:00,58.5360943798487
2011-01-23 22:00:00,58.5360943798487
2011-01-23 23:00:00,28.1142955984038
2011-01-24 00:00:00,10.6301989899135
2011-01-24 01:00:00,4.86560265552562
2011-01-24 03:00:00,1.61775354507793
2011-01-24 04:00:00,1.61775354507793
2011-01-24 05:00:00,8.38477541127575
2011-01-24 06:00:00,29.2622016829037
2011-01-24 07:00:00,98.8724242342205
2011-01-24 08:00:00,204.495795764473
2011-01-24 09:00:00,179.418063704427
2011-01-24 10:00:00,49.2403441924312
2011-01-24 11:00:00,49.2403441924312
2011-01-24 12:00:00,60.2085252358242
2011-01-24 13:00:00,60.2085252358242
2011-01-24 14:00:00,60.2085252358242
2011-01-24 15:00:00,60.2085252358242
2011-01-24 16:00:00,94.9908038461758
2011-01-24 17:00:00,191.475752580464
2011-01-24 18:00:00,191.475752580464
2011-01-24 19:00:00,139.256490380506
2011-01-24 20:00:00,74.1026823501893
2011-01-24 21:00:00,41.6846844910747
2011-01-24 22:00:00,41.6846844910747
2011-01-24 23:00:00,16.6206453829192
2011-01-25 00:00:00,10.6301989899135
2011-01-25 01:00:00,5.99663598838382
2011-01-25 02:00:00,2.1983752102188
2011-01-25 04:00:00,1.19422009496884
2011-01-25 05:00:00,8.38477541127575
2011-01-25 06:00:00,60.8820449752604
2011-01-25 07:00:00,98.8724242342205
2011-01-25 08:00:00,287.271358423839
2011-01-25 09:00:00,179.418063704427
2011-01-25 10:00:00,162.71807405436
2011-01-25 11:00:00,162.71807405436
2011-01-25 12:00:00,86.2502390706314
2011-01-25 13:00:00,106.438867569076
2011-01-25 14:00:00,86.2502390706314
2011-01-25 15:00:00,86.2502390706314
2011-01-25 16:00:00,94.9908038461758
2011-01-25 17:00:00,211.251743595145
2011-01-25 18:00:00,191.475752580464
2011-01-25 19:00:00,101.887015132193
2011-01-25 20:00:00,74.1026823501893
2011-01-25 21:00:00,71.960016177397
2011-01-25 22:00:00,71.960016177397
2011-01-25 23:00:00,16.6206453829192
2011-01-26 00:00:00,10.6301989899135
2011-01-26 01:00:00,5.99663598838382
2011-01-26 02:00:00,4.61261076417762
2011-01-26 05:00:00,4.88524497971948
2011-01-26 06:00:00,45.3416782950662
2011-01-26 07:00:00,137.628173251069
2011-01-26 08:00:00,287.271358423839
2011-01-26 09:00:00,116.66057625453
2011-01-26 10:00:00,37.0926894065422
2011-01-26 11:00:00,37.0926894065422
2011-01-26 12:00:00,37.0926894065422
2011-01-26 13:00:00,37.0926894065422
2011-01-26 14:00:00,37.0926894065422
2011-01-26 15:00:00,37.0926894065422
2011-01-26 16:00:00,143.498693404534
2011-01-26 17:00:00,145.487879409153
2011-01-27 16:00:00,94.9908038461758
2011-01-27 17:00:00,191.475752580464
2011-01-27 18:00:00,191.475752580464
2011-01-27 19:00:00,101.887015132193
2011-01-27 20:00:00,74.1026823501893
2011-01-27 21:00:00,41.6846844910747
2011-01-27 22:00:00,41.6846844910747
2011-01-27 23:00:00,16.6206453829192
2011-01-28 00:00:00,10.6301989899135
2011-01-28 01:00:00,5.99663598838382
2011-01-28 02:00:00,2.1983752102188
2011-01-28 03:00:00,2.87329374225897
2011-01-28 05:00:00,8.38477541127575
2011-01-28 06:00:00,60.8820449752604
2011-01-28 07:00:00,137.628173251069
2011-01-28 08:00:00,287.271358423839
2011-01-28 09:00:00,179.418063704427
2011-01-28 10:00:00,37.0926894065422
2011-01-28 11:00:00,37.0926894065422
2011-01-28 12:00:00,37.0926894065422
2011-01-28 13:00:00,37.0926894065422
2011-01-28 14:00:00,41.6992513109447
2011-01-28 15:00:00,60.9821429571061
2011-01-28 16:00:00,94.9908038461758
2011-01-28 17:00:00,191.475752580464
2011-01-28 18:00:00,191.475752580464
2011-01-28 19:00:00,101.887015132193
2011-01-28 20:00:00,74.1026823501893
2011-01-28 21:00:00,71.960016177397
2011-01-28 22:00:00,41.6846844910747
2011-01-28 23:00:00,16.6206453829192
2011-01-29 00:00:00,25.9021105254463
2011-01-29 01:00:00,25.9021105254463
2011-01-29 02:00:00,21.9189704222733
2011-01-29 03:00:00,13.9076775310514
2011-01-29 04:00:00,4.0983826990374
2011-01-29 06:00:00,5.41818973363666
2011-01-29 07:00:00,12.5062439252129
2011-01-29 08:00:00,33.6661115800159
2011-01-29 09:00:00,50.3670836325057
2011-01-29 10:00:00,134.351622584082
2011-01-29 11:00:00,87.3952061581042
2011-01-29 12:00:00,117.935543982683
2011-01-29 13:00:00,150.807264833601
2011-01-29 14:00:00,150.807264833601
2011-01-29 15:00:00,150.807264833601
2011-01-29 16:00:00,150.807264833601
2011-01-29 17:00:00,111.284047286447
2011-01-29 18:00:00,111.284047286447
2011-01-29 19:00:00,67.8166338791553
2011-01-29 20:00:00,67.8166338791553
2011-01-29 21:00:00,23.3535931502341
2011-01-29 22:00:00,23.3535931502341
2011-01-29 23:00:00,16.6206453829192
2011-01-30 00:00:00,25.9021105254463
2011-01-30 01:00:00,25.9021105254463
2011-01-30 02:00:00,21.9189704222733
2011-01-30 03:00:00,13.9076775310514
2011-01-30 04:00:00,4.0983826990374
2011-01-30 05:00:00,4.0983826990374
2011-01-30 07:00:00,12.5062439252129
2011-01-30 08:00:00,33.6661115800159
2011-01-30 09:00:00,86.0132336864487
2011-01-30 10:00:00,134.351622584082
2011-01-30 11:00:00,141.509656911655
2011-01-30 12:00:00,205.657073154256
2011-01-30 13:00:00,205.657073154256
2011-01-30 14:00:00,205.657073154256
2011-01-30 15:00:00,205.657073154256
2011-01-30 16:00:00,205.657073154256
2011-01-30 17:00:00,111.284047286447
2011-01-30 18:00:00,111.284047286447
2011-01-30 19:00:00,67.8166338791553
2011-01-30 20:00:00,50.6025687254719
2011-01-30 21:00:00,71.960016177397
2011-01-30 22:00:00,71.960016177397
2011-01-30 23:00:00,16.6206453829192
2011-01-31 00:00:00,10.6301989899135
2011-01-31 01:00:00,5.99663598838382
2011-01-31 02:00:00,4.61261076417762
2011-01-31 03:00:00,2.87329374225897
2011-01-31 04:00:00,1.19422009496884
2011-01-31 05:00:00,4.88524497971948
2011-01-31 06:00:00,39.6318314456746
2011-01-31 07:00:00,98.8724242342205
2011-01-31 08:00:00,287.271358423839
2011-01-31 09:00:00,155.244130345234
2011-01-31 10:00:00,49.2403441924312
2011-01-31 11:00:00,49.2403441924312
2011-01-31 12:00:00,86.9002169096976
2011-01-31 13:00:00,86.9002169096976
2011-01-31 14:00:00,60.2085252358242
2011-01-31 15:00:00,60.2085252358242
2011-01-31 16:00:00,94.9908038461758
2011-01-31 17:00:00,191.475752580464
2011-01-31 18:00:00,191.475752580464
2011-01-31 19:00:00,208.122528037224
2011-01-31 20:00:00,74.1026823501893
2011-01-31 21:00:00,41.6846844910747
2011-01-31 22:00:00,41.6846844910747
2011-01-31 23:00:00,16.6206453829192
2011-02-20 00:00:00,25.9021105254463
2011-02-20 01:00:00,25.9021105254463
2011-02-20 02:00:00,21.9189704222733
2011-02-20 03:00:00,9.71851553680926
2011-02-20 04:00:00,3.39526022911643
2011-02-20 06:00:00,3.992634267919
2011-02-20 07:00:00,12.5062439252129
2011-02-20 08:00:00,33.6661115800159
2011-02-20 09:00:00,50.3670836325057
2011-02-20 10:00:00,134.351622584082
2011-02-20 11:00:00,215.011419822116
2011-02-20 12:00:00,215.011419822116
2011-02-20 13:00:00,215.011419822116
2011-02-20 14:00:00,215.011419822116
2011-02-20 15:00:00,215.011419822116
2011-02-20 16:00:00,215.011419822116
2011-02-20 17:00:00,215.011419822116
2011-02-20 18:00:00,111.284047286447
2011-02-20 19:00:00,94.7139232329018
2011-02-20 20:00:00,94.7139232329018
2011-02-20 21:00:00,98.1993585947635
2011-02-20 22:00:00,56.2077942369164
2011-02-20 23:00:00,53.3808100543903
2011-02-21 00:00:00,55.8345313309007
2011-02-21 01:00:00,55.8345313309007
2011-02-21 02:00:00,21.9189704222733
2011-02-21 03:00:00,24.357995028731
2011-02-21 04:00:00,3.99967217692061
2011-02-21 05:00:00,3.99967217692061
2011-02-21 06:00:00,10.1155570209129
2011-02-21 07:00:00,60.9042757232087
2011-02-21 08:00:00,54.5519976789789
2011-02-21 09:00:00,86.0132336864487
2011-02-21 10:00:00,134.351622584082
2011-02-21 11:00:00,205.657073154256
2011-02-21 12:00:00,205.657073154256
2011-02-21 13:00:00,141.509656911655
2011-02-21 14:00:00,141.509656911655
2011-02-21 15:00:00,150.807264833601
2011-02-21 16:00:00,141.509656911655
2011-02-21 17:00:00,111.284047286447
2011-02-21 18:00:00,111.284047286447
2011-02-21 19:00:00,67.8166338791553
2011-02-21 20:00:00,67.8166338791553
2011-02-21 21:00:00,23.3535931502341
2011-02-21 22:00:00,23.3535931502341
2011-02-21 23:00:00,16.6206453829192
2011-02-22 06:00:00,39.6318314456746
2011-02-22 07:00:00,98.8724242342205
2011-02-22 08:00:00,287.271358423839
2011-02-22 09:00:00,116.66057625453
2011-02-22 10:00:00,37.0926894065422
2011-02-22 11:00:00,63.3590217692102
2011-02-22 12:00:00,86.9002169096976
2011-02-22 13:00:00,86.9002169096976
2011-02-22 14:00:00,86.9002169096976
2011-02-22 15:00:00,86.9002169096976
2011-02-22 16:00:00,94.9908038461758
2011-02-22 17:00:00,191.475752580464
2011-02-22 18:00:00,191.475752580464
2011-02-22 19:00:00,139.256490380506
2011-02-22 20:00:00,74.1026823501893
2011-02-22 21:00:00,41.6846844910747
2011-02-22 22:00:00,41.6846844910747
2011-02-22 23:00:00,28.1142955984038
2011-02-23 00:00:00,10.6301989899135
2011-02-23 01:00:00,4.86560265552562
2011-02-23 02:00:00,2.1983752102188
2011-02-23 03:00:00,1.61775354507793
2011-02-23 05:00:00,8.38477541127575
2011-02-23 06:00:00,39.6318314456746
2011-02-23 07:00:00,98.8724242342205
2011-02-23 08:00:00,287.271358423839
2011-02-23 09:00:00,179.418063704427
2011-02-23 10:00:00,86.2502390706314
2011-02-23 11:00:00,117.204176419286
2011-02-23 12:00:00,86.2502390706314
2011-02-23 13:00:00,86.2502390706314
2011-02-23 14:00:00,111.456556481075
2011-02-23 15:00:00,86.2502390706314
2011-02-23 16:00:00,94.9908038461758
2011-02-23 17:00:00,211.251743595145
2011-02-23 18:00:00,211.251743595145
2011-02-23 19:00:00,208.122528037224
2011-02-23 20:00:00,89.7679960737874
2011-02-23 21:00:00,72.9280987625083
2011-02-23 22:00:00,72.9280987625083
2011-02-23 23:00:00,37.2208656248988
2011-02-24 00:00:00,14.8380250690586
2011-02-24 01:00:00,4.86560265552562
2011-02-24 02:00:00,3.35201774426667
2011-02-24 03:00:00,1.86606598307361
2011-02-24 05:00:00,8.38477541127575
2011-02-24 06:00:00,60.8820449752604
2011-02-24 07:00:00,137.628173251069
2011-02-24 08:00:00,287.271358423839
2011-02-24 09:00:00,116.66057625453
2011-02-24 10:00:00,77.8344660773872
2011-02-24 11:00:00,106.438867569076
2011-02-24 12:00:00,143.09205137412
2011-02-24 13:00:00,105.588702262761
2011-02-24 14:00:00,105.588702262761
2011-02-24 15:00:00,216.009241611574
2011-02-24 16:00:00,216.009241611574
2011-02-24 17:00:00,191.475752580464
2011-02-24 18:00:00,145.487879409153
2011-02-24 19:00:00,101.887015132193
2011-02-24 20:00:00,89.7679960737874
2011-02-24 21:00:00,47.7529711741195
2011-02-24 22:00:00,47.7529711741195
2011-02-24 23:00:00,30.0726572254519
2011-02-25 00:00:00,7.16789095078735
2011-02-25 01:00:00,7.07499049141015
2011-02-25 02:00:00,3.35201774426667
2011-02-25 03:00:00,1.51385904479011
2011-02-25 05:00:00,7.2493459763829
2011-02-25 06:00:00,82.381333409024
2011-02-25 07:00:00,121.206006681105
2011-02-25 08:00:00,225.785076417507
2011-02-25 09:00:00,116.66057625453
2011-02-25 10:00:00,102.242416390862
2011-02-25 11:00:00,136.584067971403
2011-02-25 12:00:00,176.627413720632
2011-02-25 13:00:00,176.627413720632
2011-02-25 14:00:00,185.740133729505
2011-02-25 15:00:00,183.432213389818
2011-02-25 16:00:00,143.498693404534
2011-02-25 17:00:00,191.475752580464
2011-02-25 18:00:00,191.475752580464
2011-02-25 19:00:00,139.256490380506
2011-02-25 20:00:00,89.7679960737874
2011-02-25 21:00:00,72.9280987625083
2011-02-25 22:00:00,41.6846844910747
2011-02-25 23:00:00,28.1142955984038
2011-02-26 00:00:00,25.9021105254463
2011-02-26 01:00:00,25.9021105254463
2011-02-26 02:00:00,21.9189704222733
2011-02-26 03:00:00,13.9076775310514
2011-02-26 04:00:00,4.0983826990374
2011-02-26 05:00:00,4.0983826990374
2011-02-26 06:00:00,3.992634267919
2011-02-26 07:00:00,12.5062439252129
2011-02-26 08:00:00,54.5519976789789
2011-02-26 09:00:00,86.0132336864487
2011-02-26 10:00:00,134.351622584082
2011-02-26 11:00:00,205.657073154256
2011-02-26 12:00:00,205.657073154256
2011-02-26 13:00:00,205.657073154256
2011-02-26 14:00:00,205.657073154256
2011-02-26 15:00:00,205.657073154256
2011-02-26 16:00:00,205.657073154256
2011-02-26 17:00:00,111.284047286447
2011-02-26 18:00:00,111.284047286447
2011-02-26 19:00:00,94.7139232329018
2011-02-26 20:00:00,94.7139232329018
2011-02-26 21:00:00,47.7529711741195
2011-02-26 22:00:00,47.7529711741195
2011-02-26 23:00:00,37.2208656248988
2011-02-27 00:00:00,34.865456536426
2011-02-27 01:00:00,34.865456536426
2011-02-27 02:00:00,21.9189704222733
2011-02-27 03:00:00,13.9076775310514
2011-02-27 04:00:00,4.0983826990374
2011-02-27 06:00:00,5.41818973363666
2011-02-27 07:00:00,12.5062439252129
2011-02-27 08:00:00,54.5519976789789
2011-02-27 09:00:00,86.0132336864487
2011-02-27 10:00:00,134.351622584082
2011-02-27 11:00:00,205.657073154256
2011-02-27 12:00:00,105.588702262761
2011-02-27 13:00:00,352.964216318213
2011-02-27 14:00:00,352.964216318213
2011-02-27 15:00:00,352.964216318213
2011-02-27 16:00:00,204.84515919379
2011-02-27 17:00:00,157.193346890543
2011-02-27 18:00:00,157.193346890543
2011-02-27 19:00:00,157.193346890543
2011-02-27 20:00:00,79.1533183384628
2011-02-27 21:00:00,79.1533183384628
2011-02-27 22:00:00,100.985174612178
2011-02-27 23:00:00,53.3808100543903
2011-02-28 00:00:00,14.8380250690586
2011-02-28 01:00:00,10.1559732435045
2011-02-28 03:00:00,1.51385904479011
2011-02-28 05:00:00,18.8500310994217
2011-02-28 06:00:00,62.6117774625374
2011-02-28 07:00:00,121.206006681105
2011-02-28 08:00:00,225.785076417507
2011-02-28 09:00:00,233.705245996888
2011-02-28 10:00:00,136.584067971403
2011-02-28 11:00:00,183.227749762354
2011-02-28 12:00:00,183.432213389818
2011-02-28 13:00:00,56.0707790091766
2011-02-28 14:00:00,56.0707790091766
2011-02-28 15:00:00,56.0707790091766
2011-02-28 16:00:00,125.239368259932
2011-02-28 17:00:00,125.239368259932
2011-02-28 18:00:00,125.239368259932
2011-02-28 19:00:00,125.239368259932
2011-02-28 20:00:00,125.239368259932
2011-02-28 21:00:00,146.480782100965
2011-02-28 22:00:00,47.7529711741195
2011-02-28 23:00:00,37.2208656248988
2011-03-20 00:00:00,55.8345313309007
2011-03-20 01:00:00,55.8345313309007
2011-03-20 02:00:00,21.9189704222733
2011-03-20 03:00:00,9.71851553680926
2011-03-20 04:00:00,2.2054211793046
2011-03-20 05:00:00,2.2054211793046
2011-03-20 06:00:00,3.992634267919
2011-03-20 07:00:00,12.5062439252129
2011-03-20 08:00:00,54.5519976789789
2011-03-20 09:00:00,86.0132336864487
2011-03-20 10:00:00,134.351622584082
2011-03-20 11:00:00,205.657073154256
2011-03-20 12:00:00,205.657073154256
2011-03-20 13:00:00,90.7477129716211
2011-03-20 14:00:00,90.7477129716211
2011-03-20 15:00:00,90.7477129716211
2011-03-20 16:00:00,157.193346890543
2011-03-20 17:00:00,157.193346890543
2011-03-20 18:00:00,157.193346890543
2011-03-20 19:00:00,94.7139232329018
2011-03-20 20:00:00,94.7139232329018
2011-03-20 21:00:00,56.2077942369164
2011-03-20 22:00:00,56.2077942369164
2011-03-20 23:00:00,53.3808100543903
2011-03-21 00:00:00,20.8344574282736
2011-03-21 01:00:00,10.1559732435045
2011-03-21 02:00:00,4.61261076417762
2011-03-21 03:00:00,3.54051973628984
2011-03-21 05:00:00,7.2493459763829
2011-03-21 06:00:00,43.885362378565
2011-03-21 07:00:00,121.206006681105
2011-03-21 08:00:00,225.785076417507
2011-03-21 09:00:00,116.66057625453
2011-03-21 10:00:00,88.7004049340835
2011-03-21 11:00:00,136.584067971403
2011-03-21 12:00:00,143.576565165577
2011-03-21 13:00:00,188.362068690242
2011-03-21 14:00:00,188.362068690242
2011-03-21 15:00:00,188.362068690242
2011-03-21 16:00:00,287.205885713541
2011-03-21 17:00:00,692.497989849207
2011-03-21 18:00:00,692.497989849207
2011-03-21 19:00:00,433.349911387059
2011-03-21 20:00:00,342.714577166227
2011-03-21 21:00:00,161.689738206903
2011-03-21 22:00:00,111.795430201657
2011-03-21 23:00:00,77.416442491402
2011-03-22 00:00:00,34.4355626648632
2011-03-22 01:00:00,7.07499049141015
2011-03-22 02:00:00,9.35719975454896
2011-03-22 03:00:00,2.69094325024673
2011-03-22 04:00:00,6.48168347401505
2011-03-22 05:00:00,18.8500310994217
2011-03-22 06:00:00,62.6117774625374
2011-03-22 07:00:00,88.7004049340835
2011-03-22 08:00:00,203.767773398795
2011-03-22 09:00:00,203.767773398795
2011-03-22 10:00:00,136.584067971403
2011-03-22 11:00:00,136.584067971403
2011-03-22 12:00:00,188.362068690242
2011-03-22 13:00:00,188.362068690242
2011-03-22 14:00:00,188.362068690242
2011-03-22 15:00:00,188.362068690242
2011-03-22 16:00:00,287.205885713541
2011-03-22 17:00:00,694.174268287297
2011-03-22 18:00:00,430.101151543522
2011-03-22 19:00:00,261.169106270326
2011-03-22 20:00:00,179.929562293702
2011-03-22 21:00:00,192.26559853701
2011-03-22 22:00:00,100.985174612178
2011-03-22 23:00:00,53.1109431948573
2011-03-23 00:00:00,20.8344574282736
2011-03-23 01:00:00,10.1559732435045
2011-03-23 02:00:00,4.61261076417762
2011-03-23 03:00:00,3.54051973628984
2011-03-23 05:00:00,12.6698748895901
2011-03-23 06:00:00,62.6117774625374
2011-03-23 07:00:00,121.206006681105
2011-03-23 08:00:00,225.785076417507
2011-03-23 09:00:00,116.66057625453
2011-03-23 10:00:00,77.8344660773872
2011-03-23 11:00:00,77.8344660773872
2011-03-23 12:00:00,77.8344660773872
2011-03-23 13:00:00,41.6992513109447
2011-03-23 14:00:00,77.8344660773872
2011-03-23 15:00:00,88.7004049340835
2011-03-23 16:00:00,195.60341443755
2011-03-23 17:00:00,384.212239355683
2011-03-23 18:00:00,216.009241611574
2011-03-23 19:00:00,133.052192141174
2011-03-23 20:00:00,89.7679960737874
2011-03-23 21:00:00,47.7529711741195
2011-03-23 22:00:00,47.7529711741195
2011-03-23 23:00:00,30.0726572254519
2011-03-24 00:00:00,7.16789095078735
2011-03-24 01:00:00,5.99663598838382
2011-03-24 02:00:00,4.61261076417762
2011-03-24 03:00:00,1.51385904479011
2011-03-24 04:00:00,1.51385904479011
2011-03-24 05:00:00,7.2493459763829
2011-03-24 06:00:00,45.3416782950662
2011-03-24 07:00:00,121.206006681105
2011-03-24 08:00:00,287.271358423839
2011-03-24 09:00:00,116.66057625453
2011-03-24 10:00:00,37.0926894065422
2011-03-24 11:00:00,77.8344660773872
2011-03-24 12:00:00,77.8344660773872
2011-03-24 13:00:00,77.8344660773872
2011-03-24 14:00:00,77.8344660773872
2011-03-24 15:00:00,77.8344660773872
2011-03-24 16:00:00,94.9908038461758
2011-03-24 17:00:00,191.475752580464
2011-03-24 18:00:00,191.475752580464
2011-03-24 19:00:00,101.887015132193
2011-03-24 20:00:00,89.7679960737874
2011-03-24 21:00:00,47.7529711741195
2011-03-24 22:00:00,47.7529711741195
2011-03-24 23:00:00,16.6206453829192
2011-03-25 00:00:00,10.6301989899135
2011-03-25 01:00:00,5.99663598838382
2011-03-25 02:00:00,2.1983752102188
2011-03-25 03:00:00,2.87329374225897
2011-03-25 04:00:00,1.86606598307361
2011-03-25 05:00:00,8.38477541127575
2011-03-25 06:00:00,45.3416782950662
2011-03-25 07:00:00,137.628173251069
2011-03-25 08:00:00,204.495795764473
2011-03-25 09:00:00,155.244130345234
2011-03-25 10:00:00,86.2502390706314
2011-03-25 11:00:00,106.438867569076
2011-03-25 12:00:00,117.204176419286
2011-03-25 13:00:00,117.204176419286
2011-03-25 14:00:00,111.456556481075
2011-03-25 15:00:00,117.204176419286
2011-03-25 16:00:00,143.498693404534
2011-03-25 17:00:00,335.142541973946
2011-03-25 18:00:00,335.142541973946
2011-03-25 19:00:00,139.256490380506
2011-03-25 20:00:00,114.39610134391
2011-03-25 21:00:00,72.9280987625083
2011-03-25 22:00:00,72.9280987625083
2011-03-25 23:00:00,37.2208656248988
2011-03-26 00:00:00,55.8345313309007
2011-03-26 01:00:00,25.9021105254463
2011-03-26 02:00:00,21.9189704222733
2011-03-26 03:00:00,9.71851553680926
2011-03-26 04:00:00,2.2054211793046
2011-03-26 05:00:00,2.2054211793046
2011-03-26 06:00:00,3.992634267919
2011-03-26 07:00:00,12.5062439252129
2011-03-26 08:00:00,33.6661115800159
2011-03-26 09:00:00,86.0132336864487
2011-03-26 10:00:00,134.351622584082
2011-03-26 11:00:00,150.807264833601
2011-03-26 12:00:00,205.657073154256
2011-03-26 13:00:00,215.011419822116
2011-03-26 14:00:00,215.011419822116
2011-03-26 15:00:00,215.011419822116
2011-03-26 16:00:00,215.011419822116
2011-03-26 17:00:00,215.011419822116
2011-03-26 18:00:00,215.011419822116
2011-03-26 19:00:00,50.6025687254719
2011-03-26 20:00:00,50.6025687254719
2011-03-26 21:00:00,56.2077942369164
2011-03-26 22:00:00,56.2077942369164
2011-03-26 23:00:00,37.2208656248988
2011-03-27 00:00:00,55.8345313309007
2011-03-27 01:00:00,25.9021105254463
2011-03-27 02:00:00,21.9189704222733
2011-03-27 03:00:00,9.71851553680926
2011-03-27 04:00:00,2.2054211793046
2011-03-27 06:00:00,5.41818973363666
2011-03-27 07:00:00,12.5062439252129
2011-03-27 08:00:00,33.6661115800159
2011-03-27 09:00:00,86.0132336864487
2011-03-27 10:00:00,134.351622584082
2011-03-27 11:00:00,150.807264833601
2011-03-27 12:00:00,150.807264833601
2011-03-27 13:00:00,205.657073154256
2011-03-27 14:00:00,205.657073154256
2011-03-27 15:00:00,205.657073154256
2011-03-27 16:00:00,215.011419822116
2011-03-27 17:00:00,215.011419822116
2011-03-27 18:00:00,215.011419822116
2011-03-27 19:00:00,50.6025687254719
2011-03-27 20:00:00,50.6025687254719
2011-03-27 21:00:00,56.2077942369164
2011-03-27 22:00:00,56.2077942369164
2011-03-27 23:00:00,37.2208656248988
2011-03-28 00:00:00,10.6301989899135
2011-03-28 01:00:00,4.86560265552562
2011-03-28 02:00:00,4.61261076417762
2011-03-28 03:00:00,2.87329374225897
2011-03-28 05:00:00,8.38477541127575
2011-03-28 06:00:00,39.6318314456746
2011-03-28 07:00:00,137.628173251069
2011-03-28 08:00:00,204.495795764473
2011-03-28 09:00:00,155.244130345234
2011-03-28 10:00:00,63.3590217692102
2011-03-28 11:00:00,162.71807405436
2011-03-28 12:00:00,86.2502390706314
2011-03-28 13:00:00,82.9135945877008
2011-03-28 14:00:00,82.9135945877008
2011-03-28 15:00:00,82.9135945877008
2011-03-28 16:00:00,94.9908038461758
2011-03-28 17:00:00,335.142541973946
2011-03-28 18:00:00,335.142541973946
2011-03-28 19:00:00,139.256490380506
2011-03-28 20:00:00,141.931030575597
2011-03-28 21:00:00,78.5611858044968
2011-03-28 22:00:00,72.9280987625083
2011-03-28 23:00:00,37.2208656248988
2011-03-29 00:00:00,10.6301989899135
2011-03-29 01:00:00,2.93287512656574
2011-03-29 02:00:00,2.1983752102188
2011-03-29 03:00:00,1.86606598307361
2011-03-29 04:00:00,1.86606598307361
2011-03-29 05:00:00,4.88524497971948
2011-03-29 06:00:00,45.3416782950662
2011-03-29 07:00:00,137.628173251069
2011-03-29 08:00:00,204.495795764473
2011-03-29 09:00:00,155.244130345234
2011-03-29 10:00:00,82.9135945877008
2011-03-29 11:00:00,82.9135945877008
2011-03-29 12:00:00,143.09205137412
2011-03-29 13:00:00,82.9135945877008
2011-03-29 14:00:00,111.456556481075
2011-03-29 15:00:00,90.7477129716211
2011-03-29 16:00:00,195.60341443755
2011-03-29 17:00:00,430.101151543522
2011-03-29 18:00:00,211.251743595145
2011-03-29 19:00:00,208.122528037224
2011-03-29 20:00:00,141.931030575597
2011-03-29 21:00:00,98.1993585947635
2011-03-29 22:00:00,98.1993585947635
2011-03-29 23:00:00,53.3808100543903
2011-03-30 00:00:00,14.8380250690586
2011-03-30 01:00:00,9.0429557884334
2011-03-30 02:00:00,3.35201774426667
2011-03-30 03:00:00,2.87329374225897
2011-03-30 04:00:00,2.21843725255861
2011-03-30 05:00:00,17.3354025499873
2011-03-30 06:00:00,82.926745387053
2011-03-30 07:00:00,236.493970693439
2011-03-30 08:00:00,458.632923452012
2011-03-30 09:00:00,155.244130345234
2011-03-30 10:00:00,106.438867569076
2011-03-30 11:00:00,106.438867569076
2011-03-30 12:00:00,143.09205137412
2011-03-30 13:00:00,111.456556481075
2011-03-30 14:00:00,111.456556481075
2011-03-30 15:00:00,41.6992513109447
2011-03-30 16:00:00,94.9908038461758
2011-03-30 17:00:00,145.487879409153
2011-03-30 18:00:00,145.487879409153
2011-03-30 19:00:00,101.887015132193
2011-03-30 20:00:00,74.1026823501893
2011-03-30 21:00:00,71.960016177397
2011-03-30 22:00:00,71.960016177397
2011-03-30 23:00:00,16.6206453829192
2011-03-31 00:00:00,7.16789095078735
2011-03-31 01:00:00,5.99663598838382
2011-03-31 02:00:00,4.61261076417762
2011-03-31 03:00:00,1.51385904479011
2011-03-31 04:00:00,3.54051973628984
2011-03-31 05:00:00,12.6698748895901
2011-03-31 06:00:00,45.3416782950662
2011-03-31 07:00:00,137.628173251069
2011-03-31 08:00:00,287.271358423839
2011-03-31 09:00:00,116.66057625453
2011-03-31 10:00:00,41.6992513109447
2011-03-31 11:00:00,41.6992513109447
2011-03-31 12:00:00,41.6992513109447
2011-03-31 13:00:00,41.6992513109447
2011-03-31 14:00:00,41.6992513109447
2011-03-31 15:00:00,41.6992513109447
2011-03-31 16:00:00,94.9908038461758
2011-03-31 17:00:00,145.487879409153
2011-03-31 18:00:00,145.487879409153
2011-03-31 19:00:00,101.887015132193
2011-03-31 20:00:00,89.7679960737874
2011-03-31 21:00:00,47.7529711741195
2011-03-31 22:00:00,47.7529711741195
2011-03-31 23:00:00,30.0726572254519
2011-04-20 00:00:00,34.4355626648632
2011-04-20 01:00:00,7.07499049141015
2011-04-20 02:00:00,9.35719975454896
2011-04-20 03:00:00,4.21855199718364
2011-04-20 04:00:00,4.21855199718364
2011-04-20 05:00:00,18.8500310994217
2011-04-20 06:00:00,101.654252785665
2011-04-20 07:00:00,339.172126938408
2011-04-20 08:00:00,535.422508205846
2011-04-20 09:00:00,227.736578747452
2011-04-20 10:00:00,160.717993696267
2011-04-20 11:00:00,160.717993696267
2011-04-20 12:00:00,255.933480601599
2011-04-20 13:00:00,255.933480601599
2011-04-20 14:00:00,189.67551149983
2011-04-20 15:00:00,255.933480601599
2011-04-20 16:00:00,397.548998870186
2011-04-20 17:00:00,594.456460393033
2011-04-20 18:00:00,594.456460393033
2011-04-20 19:00:00,491.876846308792
2011-04-20 20:00:00,272.633198244476
2011-04-20 21:00:00,281.065324261835
2011-04-20 22:00:00,187.83397712662
2011-04-20 23:00:00,113.69484460666
2011-04-21 00:00:00,30.7991504346536
2011-04-21 01:00:00,13.6299929203255
2011-04-21 02:00:00,6.1857701747819
2011-04-21 03:00:00,4.75402695500788
2011-04-21 04:00:00,4.75402695500788
2011-04-21 05:00:00,19.4732476238163
2011-04-21 06:00:00,82.926745387053
2011-04-21 07:00:00,197.989917437518
2011-04-21 08:00:00,203.767773398795
2011-04-21 09:00:00,233.705245996888
2011-04-21 10:00:00,136.584067971403
2011-04-21 11:00:00,136.584067971403
2011-04-21 12:00:00,188.362068690242
2011-04-21 13:00:00,282.345442408637
2011-04-21 14:00:00,188.362068690242
2011-04-21 15:00:00,282.345442408637
2011-04-21 16:00:00,287.205885713541
2011-04-21 17:00:00,619.401265987634
2011-04-21 18:00:00,473.824310412486
2011-04-21 19:00:00,261.169106270326
2011-04-21 20:00:00,179.929562293702
2011-04-21 21:00:00,192.26559853701
2011-04-21 22:00:00,149.49198647762
2011-04-21 23:00:00,68.5777042776937
2011-04-22 00:00:00,20.8344574282736
2011-04-22 01:00:00,9.0429557884334
2011-04-22 02:00:00,4.61261076417762
2011-04-22 03:00:00,3.54051973628984
2011-04-22 04:00:00,3.54051973628984
2011-04-22 05:00:00,17.3354025499873
2011-04-22 06:00:00,82.926745387053
2011-04-22 07:00:00,236.493970693439
2011-04-22 08:00:00,458.632923452012
2011-04-22 09:00:00,116.66057625453
2011-04-22 10:00:00,143.09205137412
2011-04-22 11:00:00,41.6992513109447
2011-04-22 12:00:00,41.6992513109447
2011-04-22 13:00:00,41.6992513109447
2011-04-22 14:00:00,41.6992513109447
2011-04-22 15:00:00,41.6992513109447
2011-04-22 16:00:00,94.9908038461758
2011-04-22 17:00:00,145.487879409153
2011-04-22 18:00:00,145.487879409153
2011-04-22 19:00:00,101.887015132193
2011-04-22 20:00:00,89.7679960737874
2011-04-22 21:00:00,47.7529711741195
2011-04-22 22:00:00,47.7529711741195
2011-04-22 23:00:00,30.0726572254519
2011-04-23 00:00:00,34.865456536426
2011-04-23 01:00:00,34.865456536426
2011-04-23 02:00:00,54.9855754242355
2011-04-23 03:00:00,24.357995028731
2011-04-23 04:00:00,6.93507204313882
2011-04-23 05:00:00,6.93507204313882
2011-04-23 06:00:00,10.6250615144394
2011-04-23 07:00:00,26.7738625145883
2011-04-23 08:00:00,54.5519976789789
2011-04-23 09:00:00,88.7004049340835
2011-04-23 10:00:00,352.964216318213
2011-04-23 11:00:00,352.964216318213
2011-04-23 12:00:00,142.877161333305
2011-04-23 13:00:00,142.877161333305
2011-04-23 14:00:00,142.877161333305
2011-04-23 15:00:00,142.877161333305
2011-04-23 16:00:00,373.408902869956
2011-04-23 17:00:00,535.310941868257
2011-04-23 18:00:00,333.070591326162
2011-04-23 19:00:00,253.992575120676
2011-04-23 20:00:00,198.182780166138
2011-04-23 21:00:00,159.879683147878
2011-04-23 22:00:00,164.918157434086
2011-04-23 23:00:00,74.2259432282044
2011-04-24 00:00:00,118.359587735357
2011-04-24 01:00:00,86.3916725452743
2011-04-24 02:00:00,60.0423583054665
2011-04-24 03:00:00,28.2205849066916
2011-04-24 04:00:00,10.5889819331865
2011-04-24 05:00:00,10.5889819331865
2011-04-24 06:00:00,10.6250615144394
2011-04-24 07:00:00,66.2522495625034
2011-04-24 08:00:00,150.367060283136
2011-04-24 09:00:00,142.877161333305
2011-04-24 10:00:00,352.964216318213
2011-04-24 11:00:00,417.980302361552
2011-04-24 12:00:00,417.980302361552
2011-04-24 13:00:00,417.980302361552
2011-04-24 14:00:00,470.57719507345
2011-04-24 15:00:00,417.980302361552
2011-04-24 16:00:00,540.10687996506
2011-04-24 17:00:00,535.310941868257
2011-04-24 18:00:00,464.707653228218
2011-04-24 19:00:00,196.438197521759
2011-04-24 20:00:00,110.097925762704
2011-04-24 21:00:00,50.1472949972286
2011-04-24 22:00:00,43.3803016929579
2011-04-24 23:00:00,46.4538443313785
2011-04-25 00:00:00,20.5964457426911
2011-04-25 01:00:00,7.07499049141015
2011-04-25 02:00:00,9.35719975454896
2011-04-25 03:00:00,4.21855199718364
2011-04-25 04:00:00,7.62484861028641
2011-04-25 05:00:00,19.4732476238163
2011-04-25 06:00:00,97.897447165678
2011-04-25 07:00:00,66.2522495625034
2011-04-25 08:00:00,535.422508205846
2011-04-25 09:00:00,280.303869432341
2011-04-25 10:00:00,183.227749762354
2011-04-25 11:00:00,183.227749762354
2011-04-25 12:00:00,265.470661707264
2011-04-25 13:00:00,284.984923799124
2011-04-25 14:00:00,206.544187121585
2011-04-25 15:00:00,206.544187121585
2011-04-25 16:00:00,293.033268223043
2011-04-25 17:00:00,658.484645933177
2011-04-25 18:00:00,658.484645933177
2011-04-25 19:00:00,433.349911387059
2011-04-25 20:00:00,320.056635812654
2011-04-25 21:00:00,260.415416053952
2011-04-25 22:00:00,164.918157434086
2011-04-25 23:00:00,79.2633850123063
2011-04-26 00:00:00,52.6586622753038
2011-04-26 01:00:00,14.9429345475135
2011-04-26 02:00:00,9.35719975454896
2011-04-26 03:00:00,5.30369036086965
2011-04-26 04:00:00,7.32291749746238
2011-04-26 05:00:00,21.148978004177
2011-04-26 06:00:00,128.329350665793
2011-04-26 07:00:00,339.172126938408
2011-04-26 08:00:00,535.422508205846
2011-04-26 09:00:00,280.303869432341
2011-04-26 10:00:00,156.444549010719
2011-04-26 11:00:00,190.519497088409
2011-04-26 12:00:00,218.879142724636
2011-04-26 13:00:00,189.67551149983
2011-04-26 14:00:00,218.879142724636
2011-04-26 15:00:00,218.879142724636
2011-04-26 16:00:00,293.033268223043
2011-04-26 17:00:00,658.484645933177
2011-04-26 18:00:00,658.484645933177
2011-04-26 19:00:00,433.349911387059
2011-04-26 20:00:00,320.056635812654
2011-04-26 21:00:00,166.834552700431
2011-04-26 22:00:00,164.918157434086
2011-04-26 23:00:00,122.136229274733
2011-04-27 00:00:00,27.5324638690716
2011-04-27 01:00:00,16.1714161075064
2011-04-27 02:00:00,9.35719975454896
2011-04-27 03:00:00,3.99399509774209
2011-04-27 04:00:00,5.44365238712566
2011-04-27 05:00:00,30.0393316095633
2011-04-27 06:00:00,97.897447165678
2011-04-27 07:00:00,197.989917437518
2011-04-27 08:00:00,535.422508205846
2011-04-27 09:00:00,252.323638352526
2011-04-27 10:00:00,100.755471777924
2011-04-27 11:00:00,183.227749762354
2011-04-27 12:00:00,143.576565165577
2011-04-27 13:00:00,143.576565165577
2011-04-27 14:00:00,218.879142724636
2011-04-27 15:00:00,189.67551149983
2011-04-27 16:00:00,293.033268223043
2011-04-27 17:00:00,196.438197521759
2011-04-27 18:00:00,196.438197521759
2011-04-27 19:00:00,333.070591326162
2011-04-27 20:00:00,206.448856437057
2011-04-27 21:00:00,161.689738206903
2011-04-27 22:00:00,111.795430201657
2011-04-27 23:00:00,79.2633850123063
2011-04-28 00:00:00,52.6586622753038
2011-04-28 01:00:00,16.1714161075064
2011-04-28 02:00:00,5.65121124206207
2011-04-28 03:00:00,3.99399509774209
2011-04-28 04:00:00,7.32291749746238
2011-04-28 05:00:00,30.0393316095633
2011-04-28 06:00:00,108.914056524454
2011-04-28 07:00:00,197.989917437518
2011-04-28 08:00:00,535.422508205846
2011-04-28 09:00:00,157.774131511873
2011-04-28 10:00:00,100.755471777924
2011-04-28 11:00:00,100.755471777924
2011-04-28 12:00:00,143.576565165577
2011-04-28 13:00:00,143.576565165577
2011-04-28 14:00:00,143.576565165577
2011-04-28 15:00:00,218.879142724636
2011-04-28 16:00:00,333.070591326162
2011-04-28 17:00:00,480.202025081773
2011-04-28 18:00:00,480.202025081773
2011-04-28 19:00:00,433.349911387059
2011-04-28 20:00:00,342.714577166227
2011-04-28 21:00:00,245.828118612717
2011-04-28 22:00:00,164.918157434086
2011-04-28 23:00:00,111.375739460566
2011-04-29 00:00:00,30.7991504346536
2011-04-29 01:00:00,19.506591375193
2011-04-29 02:00:00,8.50603753971467
2011-04-29 03:00:00,3.51044094382437
2011-04-29 04:00:00,3.51044094382437
2011-04-29 05:00:00,28.3681122454139
2011-04-29 06:00:00,120.668224347913
2011-04-29 07:00:00,397.77704352508
2011-04-29 08:00:00,613.368175385558
2011-04-29 09:00:00,280.303869432341
2011-04-29 10:00:00,183.227749762354
2011-04-29 11:00:00,190.519497088409
2011-04-29 12:00:00,188.362068690242
2011-04-29 13:00:00,188.362068690242
2011-04-29 14:00:00,255.933480601599
2011-04-29 15:00:00,188.362068690242
2011-04-29 16:00:00,287.205885713541
2011-04-29 17:00:00,473.824310412486
2011-04-29 18:00:00,473.824310412486
2011-04-29 19:00:00,261.169106270326
2011-04-29 20:00:00,247.527908329474
2011-04-29 21:00:00,199.671123896201
2011-04-29 22:00:00,129.328770624747
2011-04-29 23:00:00,111.375739460566
2011-04-30 00:00:00,41.8444540011916
2011-04-30 01:00:00,70.3963316029031
2011-04-30 02:00:00,35.2478094687934
2011-04-30 03:00:00,18.1555189329947
2011-04-30 04:00:00,6.93507204313882
2011-04-30 05:00:00,6.93507204313882
2011-04-30 06:00:00,10.1155570209129
2011-04-30 07:00:00,203.767773398795
2011-04-30 08:00:00,203.767773398795
2011-04-30 09:00:00,258.414218465506
2011-04-30 10:00:00,258.414218465506
2011-04-30 11:00:00,258.414218465506
2011-04-30 12:00:00,258.414218465506
2011-04-30 13:00:00,258.414218465506
2011-04-30 14:00:00,352.964216318213
2011-04-30 15:00:00,352.964216318213
2011-04-30 16:00:00,461.510087970566
2011-04-30 17:00:00,343.721444210442
2011-04-30 18:00:00,343.721444210442
2011-04-30 19:00:00,267.284950998083
2011-04-30 20:00:00,79.1533183384628
2011-04-30 21:00:00,79.1533183384628
2011-04-30 22:00:00,129.328770624747
2011-04-30 23:00:00,77.416442491402
2011-05-20 00:00:00,20.5964457426911
2011-05-20 01:00:00,7.07499049141015
2011-05-20 02:00:00,9.35719975454896
2011-05-20 03:00:00,4.21855199718364
2011-05-20 04:00:00,4.21855199718364
2011-05-20 05:00:00,21.148978004177
2011-05-20 06:00:00,154.197716988712
2011-05-20 07:00:00,397.77704352508
2011-05-20 08:00:00,613.368175385558
2011-05-20 09:00:00,280.303869432341
2011-05-20 10:00:00,183.227749762354
2011-05-20 11:00:00,183.227749762354
2011-05-20 12:00:00,265.470661707264
2011-05-20 13:00:00,185.740133729505
2011-05-20 14:00:00,218.519747553631
2011-05-20 15:00:00,218.519747553631
2011-05-20 16:00:00,397.548998870186
2011-05-20 17:00:00,694.174268287297
2011-05-20 18:00:00,694.174268287297
2011-05-20 19:00:00,433.349911387059
2011-05-20 20:00:00,342.714577166227
2011-05-20 21:00:00,245.828118612717
2011-05-20 22:00:00,160.967674232028
2011-05-20 23:00:00,77.416442491402
2011-05-21 00:00:00,118.359587735357
2011-05-21 01:00:00,99.955446655473
2011-05-21 02:00:00,60.0423583054665
2011-05-21 03:00:00,28.2205849066916
2011-05-21 04:00:00,6.93507204313882
2011-05-21 05:00:00,6.93507204313882
2011-05-21 06:00:00,32.1251965892711
2011-05-21 07:00:00,60.9042757232087
2011-05-21 08:00:00,150.367060283136
2011-05-21 09:00:00,222.361351626863
2011-05-21 10:00:00,352.964216318213
2011-05-21 11:00:00,470.57719507345
2011-05-21 12:00:00,470.57719507345
2011-05-21 13:00:00,470.57719507345
2011-05-21 14:00:00,599.548322695586
2011-05-21 15:00:00,470.57719507345
2011-05-21 16:00:00,540.10687996506
2011-05-21 17:00:00,535.310941868257
2011-05-21 18:00:00,464.707653228218
2011-05-21 19:00:00,408.028679910184
2011-05-21 20:00:00,257.976425432498
2011-05-21 21:00:00,260.415416053952
2011-05-21 22:00:00,160.967674232028
2011-05-21 23:00:00,122.136229274733
2011-05-22 00:00:00,118.359587735357
2011-05-22 01:00:00,99.955446655473
2011-05-22 02:00:00,60.0423583054665
2011-05-22 03:00:00,28.2205849066916
2011-05-22 04:00:00,10.5889819331865
2011-05-22 05:00:00,10.5889819331865
2011-05-22 06:00:00,10.6250615144394
2011-05-22 07:00:00,60.9042757232087
2011-05-22 08:00:00,150.367060283136
2011-05-22 09:00:00,222.361351626863
2011-05-22 10:00:00,352.964216318213
2011-05-22 11:00:00,470.57719507345
2011-05-22 12:00:00,374.728510010337
2011-05-22 13:00:00,470.57719507345
2011-05-22 14:00:00,273.801718205566
2011-05-22 15:00:00,417.980302361552
2011-05-22 16:00:00,373.408902869956
2011-05-22 17:00:00,535.310941868257
2011-05-22 18:00:00,464.707653228218
2011-05-22 19:00:00,342.90819930284
2011-05-22 20:00:00,257.976425432498
2011-05-22 21:00:00,159.879683147878
2011-05-22 22:00:00,160.967674232028
2011-05-22 23:00:00,122.136229274733
2011-05-23 00:00:00,27.5324638690716
2011-05-23 01:00:00,16.1714161075064
2011-05-23 02:00:00,3.95333720621014
2011-05-23 03:00:00,3.5147994440781
2011-05-23 04:00:00,7.62484861028641
2011-05-23 05:00:00,19.4732476238163
2011-05-23 06:00:00,97.897447165678
2011-05-23 07:00:00,346.577287790174
2011-05-23 08:00:00,535.422508205846
2011-05-23 09:00:00,280.303869432341
2011-05-23 10:00:00,156.444549010719
2011-05-23 11:00:00,190.519497088409
2011-05-23 12:00:00,218.879142724636
2011-05-23 13:00:00,213.859101639607
2011-05-23 14:00:00,189.67551149983
2011-05-23 15:00:00,189.67551149983
2011-05-23 16:00:00,397.548998870186
2011-05-23 17:00:00,214.315766139112
2011-05-23 18:00:00,487.023609168107
2011-05-23 19:00:00,487.023609168107
2011-05-23 20:00:00,206.448856437057
2011-05-23 21:00:00,161.689738206903
2011-05-23 22:00:00,111.795430201657
2011-05-23 23:00:00,122.136229274733
2011-05-24 00:00:00,20.5964457426911
2011-05-24 01:00:00,7.07499049141015
2011-05-24 02:00:00,5.65121124206207
2011-05-24 03:00:00,3.99399509774209
2011-05-24 04:00:00,5.44365238712566
2011-05-24 05:00:00,30.0393316095633
2011-05-24 06:00:00,97.897447165678
2011-05-24 07:00:00,185.740133729505
2011-05-24 08:00:00,157.774131511873
2011-05-24 09:00:00,252.323638352526
2011-05-24 10:00:00,135.984799450973
2011-05-24 11:00:00,165.421949995558
2011-05-24 12:00:00,213.859101639607
2011-05-24 13:00:00,206.544187121585
2011-05-24 14:00:00,213.859101639607
2011-05-24 15:00:00,395.395891659878
2011-05-24 16:00:00,349.788968456734
2011-05-24 17:00:00,650.834722004693
2011-05-24 18:00:00,650.834722004693
2011-05-24 19:00:00,333.070591326162
2011-05-24 20:00:00,320.056635812654
2011-05-24 21:00:00,245.828118612717
2011-05-24 22:00:00,43.3803016929579
2011-05-24 23:00:00,116.396842442434
2011-05-25 00:00:00,27.5324638690716
2011-05-25 01:00:00,16.1714161075064
2011-05-25 02:00:00,5.65121124206207
2011-05-25 03:00:00,5.30369036086965
2011-05-25 04:00:00,5.44365238712566
2011-05-25 05:00:00,30.0393316095633
2011-05-25 06:00:00,97.897447165678
2011-05-25 07:00:00,397.77704352508
2011-05-25 08:00:00,535.422508205846
2011-05-25 09:00:00,259.478559196138
2011-05-25 10:00:00,182.655626770301
2011-05-25 11:00:00,182.313439081682
2011-05-25 12:00:00,206.544187121585
2011-05-25 13:00:00,206.544187121585
2011-05-25 14:00:00,206.544187121585
2011-05-25 15:00:00,206.544187121585
2011-05-25 16:00:00,349.788968456734
2011-05-25 17:00:00,694.174268287297
2011-05-25 18:00:00,694.174268287297
2011-05-25 19:00:00,433.349911387059
2011-05-25 20:00:00,367.309783978693
2011-05-25 21:00:00,222.992509729858
2011-05-25 22:00:00,162.870246236339
2011-05-25 23:00:00,116.396842442434
2011-05-26 00:00:00,41.8740262286374
2011-05-26 01:00:00,14.9429345475135
2011-05-26 02:00:00,9.35719975454896
2011-05-26 03:00:00,3.99399509774209
2011-05-26 04:00:00,7.62484861028641
2011-05-26 05:00:00,30.0393316095633
2011-05-26 06:00:00,97.897447165678
2011-05-26 07:00:00,197.989917437518
2011-05-26 08:00:00,535.422508205846
2011-05-26 09:00:00,259.478559196138
2011-05-26 10:00:00,135.984799450973
2011-05-26 11:00:00,165.421949995558
2011-05-26 12:00:00,213.859101639607
2011-05-26 13:00:00,213.859101639607
2011-05-26 14:00:00,213.859101639607
2011-05-26 15:00:00,213.859101639607
2011-05-26 16:00:00,397.548998870186
2011-05-26 17:00:00,480.202025081773
2011-05-26 18:00:00,480.202025081773
2011-05-26 19:00:00,433.349911387059
2011-05-26 20:00:00,367.309783978693
2011-05-26 21:00:00,266.300003338258
2011-05-26 22:00:00,162.870246236339
2011-05-26 23:00:00,148.502692929716
2011-05-27 00:00:00,52.6586622753038
2011-05-27 01:00:00,14.9429345475135
2011-05-27 02:00:00,10.9724558551338
2011-05-27 03:00:00,3.99399509774209
2011-05-27 04:00:00,7.32291749746238
2011-05-27 05:00:00,30.0393316095633
2011-05-27 06:00:00,120.668224347913
2011-05-27 07:00:00,397.77704352508
2011-05-27 08:00:00,490.654062458429
2011-05-27 09:00:00,227.736578747452
2011-05-27 10:00:00,135.984799450973
2011-05-27 11:00:00,165.421949995558
2011-05-27 12:00:00,213.859101639607
2011-05-27 13:00:00,206.544187121585
2011-05-27 14:00:00,206.544187121585
2011-05-27 15:00:00,213.859101639607
2011-05-27 16:00:00,397.548998870186
2011-05-27 17:00:00,658.484645933177
2011-05-27 18:00:00,658.484645933177
2011-05-27 19:00:00,214.315766139112
2011-05-27 20:00:00,342.714577166227
2011-05-27 21:00:00,161.689738206903
2011-05-27 22:00:00,160.967674232028
2011-05-27 23:00:00,122.136229274733
2011-05-28 00:00:00,118.359587735357
2011-05-28 01:00:00,86.3916725452743
2011-05-28 02:00:00,60.0423583054665
2011-05-28 03:00:00,28.2205849066916
2011-05-28 04:00:00,10.5889819331865
2011-05-28 05:00:00,10.5889819331865
2011-05-28 06:00:00,32.1251965892711
2011-05-28 07:00:00,60.9042757232087
2011-05-28 08:00:00,150.367060283136
2011-05-28 09:00:00,142.877161333305
2011-05-28 10:00:00,386.774607543529
2011-05-28 11:00:00,417.980302361552
2011-05-28 12:00:00,374.728510010337
2011-05-28 13:00:00,374.728510010337
2011-05-28 14:00:00,374.728510010337
2011-05-28 15:00:00,374.728510010337
2011-05-28 16:00:00,373.408902869956
2011-05-28 17:00:00,477.643567237211
2011-05-28 18:00:00,357.434428448429
2011-05-28 19:00:00,342.90819930284
2011-05-28 20:00:00,257.976425432498
2011-05-28 21:00:00,222.992509729858
2011-05-28 22:00:00,164.918157434086
2011-05-28 23:00:00,98.7048700305048
2011-05-29 00:00:00,118.359587735357
2011-05-29 01:00:00,86.3916725452743
2011-05-29 02:00:00,60.0423583054665
2011-05-29 03:00:00,28.2205849066916
2011-05-29 04:00:00,10.5889819331865
2011-05-29 05:00:00,10.5889819331865
2011-05-29 06:00:00,17.6187949589938
2011-05-29 07:00:00,60.9042757232087
2011-05-29 08:00:00,150.367060283136
2011-05-29 09:00:00,142.877161333305
2011-05-29 10:00:00,352.964216318213
2011-05-29 11:00:00,142.877161333305
2011-05-29 12:00:00,343.002128012917
2011-05-29 13:00:00,343.002128012917
2011-05-29 14:00:00,343.002128012917
2011-05-29 15:00:00,343.002128012917
2011-05-29 16:00:00,373.408902869956
2011-05-29 17:00:00,357.434428448429
2011-05-29 18:00:00,291.643565587202
2011-05-29 19:00:00,291.643565587202
2011-05-29 20:00:00,234.290973201632
2011-05-29 21:00:00,179.141873899822
2011-05-29 22:00:00,111.795430201657
2011-05-29 23:00:00,116.396842442434
2011-05-30 00:00:00,118.359587735357
2011-05-30 01:00:00,99.955446655473
2011-05-30 02:00:00,60.0423583054665
2011-05-30 03:00:00,28.2205849066916
2011-05-30 04:00:00,10.5889819331865
2011-05-30 05:00:00,10.5889819331865
2011-05-30 06:00:00,10.6250615144394
2011-05-30 07:00:00,60.9042757232087
2011-05-30 08:00:00,150.367060283136
2011-05-30 09:00:00,223.981246357757
2011-05-30 10:00:00,320.520033077017
2011-05-30 11:00:00,374.728510010337
2011-05-30 12:00:00,374.728510010337
2011-05-30 13:00:00,432.116370878768
2011-05-30 14:00:00,432.116370878768
2011-05-30 15:00:00,432.116370878768
2011-05-30 16:00:00,417.193385901575
2011-05-30 17:00:00,403.676325542502
2011-05-30 18:00:00,403.676325542502
2011-05-30 19:00:00,267.284950998083
2011-05-30 20:00:00,257.976425432498
2011-05-30 21:00:00,266.300003338258
2011-05-30 22:00:00,189.050285300132
2011-05-30 23:00:00,92.5814581225635
2011-05-31 00:00:00,52.0176901663571
2011-05-31 01:00:00,16.1714161075064
2011-05-31 02:00:00,5.65121124206207
2011-05-31 03:00:00,3.99399509774209
2011-05-31 04:00:00,7.32291749746238
2011-05-31 05:00:00,30.0393316095633
2011-05-31 06:00:00,149.204946716105
2011-05-31 07:00:00,334.96104709472
2011-05-31 08:00:00,590.519104108656
2011-05-31 09:00:00,259.478559196138
2011-05-31 10:00:00,182.655626770301
2011-05-31 11:00:00,159.217966481355
2011-05-31 12:00:00,139.408422397692
2011-05-31 13:00:00,139.408422397692
2011-05-31 14:00:00,139.408422397692
2011-05-31 15:00:00,139.408422397692
2011-05-31 16:00:00,286.245548881553
2011-05-31 17:00:00,622.846424224996
2011-05-31 18:00:00,622.846424224996
2011-05-31 19:00:00,433.349911387059
2011-05-31 20:00:00,367.309783978693
2011-05-31 21:00:00,266.300003338258
2011-05-31 22:00:00,189.050285300132
2011-05-31 23:00:00,127.486377800541
2011-06-20 00:00:00,52.6586622753038
2011-06-20 01:00:00,16.1714161075064
2011-06-20 02:00:00,9.35719975454896
2011-06-20 03:00:00,3.5147994440781
2011-06-20 04:00:00,3.5147994440781
2011-06-20 05:00:00,12.6698748895901
2011-06-20 06:00:00,82.381333409024
2011-06-20 07:00:00,157.774131511873
2011-06-20 08:00:00,157.774131511873
2011-06-20 09:00:00,252.323638352526
2011-06-20 10:00:00,183.227749762354
2011-06-20 11:00:00,160.717993696267
2011-06-20 12:00:00,188.362068690242
2011-06-20 13:00:00,188.362068690242
2011-06-20 14:00:00,218.519747553631
2011-06-20 15:00:00,218.519747553631
2011-06-20 16:00:00,349.788968456734
2011-06-20 17:00:00,694.174268287297
2011-06-20 18:00:00,692.497989849207
2011-06-20 19:00:00,433.349911387059
2011-06-20 20:00:00,320.056635812654
2011-06-20 21:00:00,260.415416053952
2011-06-20 22:00:00,164.918157434086
2011-06-20 23:00:00,98.7048700305048
2011-06-21 00:00:00,52.6586622753038
2011-06-21 01:00:00,20.7570920270742
2011-06-21 02:00:00,3.95333720621014
2011-06-21 03:00:00,3.5147994440781
2011-06-21 04:00:00,5.44365238712566
2011-06-21 05:00:00,26.7929916826914
2011-06-21 06:00:00,128.329350665793
2011-06-21 07:00:00,346.577287790174
2011-06-21 08:00:00,535.422508205846
2011-06-21 09:00:00,252.323638352526
2011-06-21 10:00:00,100.755471777924
2011-06-21 11:00:00,100.755471777924
2011-06-21 12:00:00,186.010673758157
2011-06-21 13:00:00,186.010673758157
2011-06-21 14:00:00,224.728411469508
2011-06-21 15:00:00,224.728411469508
2011-06-21 16:00:00,349.788968456734
2011-06-21 17:00:00,692.497989849207
2011-06-21 18:00:00,692.497989849207
2011-06-21 19:00:00,487.023609168107
2011-06-21 20:00:00,314.885730769838
2011-06-21 21:00:00,266.300003338258
2011-06-21 22:00:00,189.050285300132
2011-06-21 23:00:00,92.5814581225635
2011-06-22 00:00:00,52.6586622753038
2011-06-22 01:00:00,20.7570920270742
2011-06-22 02:00:00,9.7915968987836
2011-06-22 03:00:00,5.70371085090792
2011-06-22 04:00:00,7.62484861028641
2011-06-22 05:00:00,36.9412080067563
2011-06-22 06:00:00,128.329350665793
2011-06-22 07:00:00,397.610020919225
2011-06-22 08:00:00,590.519104108656
2011-06-22 09:00:00,259.478559196138
2011-06-22 10:00:00,135.984799450973
2011-06-22 11:00:00,182.313439081682
2011-06-22 12:00:00,224.728411469508
2011-06-22 13:00:00,166.042448444256
2011-06-22 14:00:00,241.965145256351
2011-06-22 15:00:00,166.042448444256
2011-06-22 16:00:00,286.245548881553
2011-06-22 17:00:00,658.484645933177
2011-06-22 18:00:00,622.846424224996
2011-06-22 19:00:00,445.418268241174
2011-06-22 20:00:00,367.309783978693
2011-06-22 21:00:00,179.141873899822
2011-06-22 22:00:00,156.796647826135
2011-06-22 23:00:00,98.7048700305048
2011-06-23 00:00:00,52.6586622753038
2011-06-23 01:00:00,20.7570920270742
2011-06-23 02:00:00,7.18687643185479
2011-06-23 03:00:00,4.81164155733606
2011-06-23 04:00:00,6.10242769572437
2011-06-23 05:00:00,28.7000476749087
2011-06-23 06:00:00,149.204946716105
2011-06-23 07:00:00,397.610020919225
2011-06-23 08:00:00,490.654062458429
2011-06-23 09:00:00,291.305785556024
2011-06-23 10:00:00,182.655626770301
2011-06-23 11:00:00,185.740133729505
2011-06-23 12:00:00,182.518820798867
2011-06-23 13:00:00,241.965145256351
2011-06-23 14:00:00,182.518820798867
2011-06-23 15:00:00,241.965145256351
2011-06-23 16:00:00,397.548998870186
2011-06-23 17:00:00,658.484645933177
2011-06-23 18:00:00,658.484645933177
2011-06-23 19:00:00,513.143138363996
2011-06-23 20:00:00,367.309783978693
2011-06-23 21:00:00,266.300003338258
2011-06-23 22:00:00,156.796647826135
2011-06-23 23:00:00,98.7048700305048
2011-06-24 00:00:00,52.6586622753038
2011-06-24 01:00:00,16.1714161075064
2011-06-24 02:00:00,7.50373607979913
2011-06-24 03:00:00,5.70371085090792
2011-06-24 04:00:00,7.05515463565654
2011-06-24 05:00:00,36.9412080067563
2011-06-24 06:00:00,128.329350665793
2011-06-24 07:00:00,197.989917437518
2011-06-24 08:00:00,490.654062458429
2011-06-24 09:00:00,259.478559196138
2011-06-24 10:00:00,135.984799450973
2011-06-24 11:00:00,165.421949995558
2011-06-24 12:00:00,172.883944069215
2011-06-24 13:00:00,256.496860898993
2011-06-24 14:00:00,172.883944069215
2011-06-24 15:00:00,172.883944069215
2011-06-24 16:00:00,379.979387888471
2011-06-24 17:00:00,694.174268287297
2011-06-24 18:00:00,594.456460393033
2011-06-24 19:00:00,489.98925478289
2011-06-24 20:00:00,299.920906298558
2011-06-24 21:00:00,222.992509729858
2011-06-24 22:00:00,187.83397712662
2011-06-24 23:00:00,113.69484460666
2011-06-25 00:00:00,139.746278879495
2011-06-25 01:00:00,86.3916725452743
2011-06-25 02:00:00,65.6423280960127
2011-06-25 03:00:00,38.4592991464861
2011-06-25 04:00:00,8.55286808258621
2011-06-25 05:00:00,8.55286808258621
2011-06-25 06:00:00,24.2695293300146
2011-06-25 07:00:00,55.7983651266209
2011-06-25 08:00:00,127.613321867784
2011-06-25 09:00:00,223.981246357757
2011-06-25 10:00:00,386.774607543529
2011-06-25 11:00:00,554.204974505092
2011-06-25 12:00:00,660.687553482992
2011-06-25 13:00:00,660.687553482992
2011-06-25 14:00:00,424.691511617034
2011-06-25 15:00:00,424.691511617034
2011-06-25 16:00:00,417.193385901575
2011-06-25 17:00:00,477.643567237211
2011-06-25 18:00:00,464.707653228218
2011-06-25 19:00:00,408.028679910184
2011-06-25 20:00:00,322.272403012227
2011-06-25 21:00:00,222.992509729858
2011-06-25 22:00:00,187.83397712662
2011-06-25 23:00:00,113.69484460666
2011-06-26 00:00:00,139.746278879495
2011-06-26 01:00:00,99.955446655473
2011-06-26 02:00:00,77.1753529782674
2011-06-26 03:00:00,38.4592991464861
2011-06-26 04:00:00,10.4224011594839
2011-06-26 05:00:00,13.9783245799215
2011-06-26 06:00:00,24.2695293300146
2011-06-26 07:00:00,44.0946343965432
2011-06-26 08:00:00,127.613321867784
2011-06-26 09:00:00,265.793582549382
2011-06-26 10:00:00,320.520033077017
2011-06-26 11:00:00,660.687553482992
2011-06-26 12:00:00,660.687553482992
2011-06-26 13:00:00,660.687553482992
2011-06-26 14:00:00,660.687553482992
2011-06-26 15:00:00,660.687553482992
2011-06-26 16:00:00,540.10687996506
2011-06-26 17:00:00,535.310941868257
2011-06-26 18:00:00,464.707653228218
2011-06-26 19:00:00,408.028679910184
2011-06-26 20:00:00,322.272403012227
2011-06-26 21:00:00,199.020657136439
2011-06-26 22:00:00,227.760996738575
2011-06-26 23:00:00,148.502692929716
2011-06-27 00:00:00,52.6586622753038
2011-06-27 01:00:00,20.7570920270742
2011-06-27 02:00:00,9.7915968987836
2011-06-27 03:00:00,3.5147994440781
2011-06-27 04:00:00,6.10242769572437
2011-06-27 05:00:00,28.7000476749087
2011-06-27 06:00:00,128.329350665793
2011-06-27 07:00:00,197.989917437518
2011-06-27 08:00:00,490.654062458429
2011-06-27 09:00:00,291.305785556024
2011-06-27 10:00:00,182.655626770301
2011-06-27 11:00:00,219.217806860778
2011-06-27 12:00:00,224.728411469508
2011-06-27 13:00:00,224.728411469508
2011-06-27 14:00:00,224.728411469508
2011-06-27 15:00:00,224.728411469508
2011-06-27 16:00:00,349.788968456734
2011-06-27 17:00:00,694.174268287297
2011-06-27 18:00:00,694.174268287297
2011-06-27 19:00:00,513.143138363996
2011-06-27 20:00:00,367.309783978693
2011-06-27 21:00:00,222.992509729858
2011-06-27 22:00:00,162.870246236339
2011-06-27 23:00:00,127.486377800541
2011-06-28 00:00:00,39.6940463063006
2011-06-28 01:00:00,19.474583113894
2011-06-28 02:00:00,9.7915968987836
2011-06-28 03:00:00,9.95197523799943
2011-06-28 04:00:00,7.62484861028641
2011-06-28 05:00:00,28.7000476749087
2011-06-28 06:00:00,128.329350665793
2011-06-28 07:00:00,397.610020919225
2011-06-28 08:00:00,490.654062458429
2011-06-28 09:00:00,259.478559196138
2011-06-28 10:00:00,160.03045194919
2011-06-28 11:00:00,211.000300899678
2011-06-28 12:00:00,256.496860898993
2011-06-28 13:00:00,256.496860898993
2011-06-28 14:00:00,197.775484558546
2011-06-28 15:00:00,197.775484558546
2011-06-28 16:00:00,286.245548881553
2011-06-28 17:00:00,395.395891659878
2011-06-28 18:00:00,395.395891659878
2011-06-28 19:00:00,489.98925478289
2011-06-28 20:00:00,367.309783978693
2011-06-28 21:00:00,266.300003338258
2011-06-28 22:00:00,189.050285300132
2011-06-28 23:00:00,127.2567064298
2011-06-29 00:00:00,39.6940463063006
2011-06-29 01:00:00,20.7570920270742
2011-06-29 02:00:00,7.50373607979913
2011-06-29 03:00:00,5.70371085090792
2011-06-29 04:00:00,7.05515463565654
2011-06-29 05:00:00,28.7000476749087
2011-06-29 06:00:00,108.914056524454
2011-06-29 07:00:00,334.96104709472
2011-06-29 08:00:00,490.654062458429
2011-06-29 09:00:00,227.736578747452
2011-06-29 10:00:00,135.984799450973
2011-06-29 11:00:00,165.421949995558
2011-06-29 12:00:00,256.496860898993
2011-06-29 13:00:00,172.883944069215
2011-06-29 14:00:00,256.496860898993
2011-06-29 15:00:00,256.496860898993
2011-06-29 16:00:00,379.979387888471
2011-06-29 17:00:00,594.456460393033
2011-06-29 18:00:00,594.456460393033
2011-06-29 19:00:00,489.98925478289
2011-06-29 20:00:00,405.549901334838
2011-06-29 21:00:00,281.065324261835
2011-06-29 22:00:00,187.83397712662
2011-06-29 23:00:00,113.69484460666
2011-06-30 00:00:00,52.6586622753038
2011-06-30 01:00:00,22.4613807728157
2011-06-30 02:00:00,9.7915968987836
2011-06-30 03:00:00,9.95197523799943
2011-06-30 04:00:00,6.10242769572437
2011-06-30 05:00:00,33.3895200754248
2011-06-30 06:00:00,120.668224347913
2011-06-30 07:00:00,397.77704352508
2011-06-30 08:00:00,490.654062458429
2011-06-30 09:00:00,227.736578747452
2011-06-30 10:00:00,160.03045194919
2011-06-30 11:00:00,219.217806860778
2011-06-30 12:00:00,256.496860898993
2011-06-30 13:00:00,256.496860898993
2011-06-30 14:00:00,256.496860898993
2011-06-30 15:00:00,256.496860898993
2011-06-30 16:00:00,322.496631402382
2011-06-30 17:00:00,594.456460393033
2011-06-30 18:00:00,619.401265987634
2011-06-30 19:00:00,489.98925478289
2011-06-30 20:00:00,272.633198244476
2011-06-30 21:00:00,281.065324261835
2011-06-30 22:00:00,187.83397712662
2011-06-30 23:00:00,113.69484460666
2011-07-20 00:00:00,52.0176901663571
2011-07-20 01:00:00,16.1714161075064
2011-07-20 02:00:00,7.50373607979913
2011-07-20 03:00:00,4.81164155733606
2011-07-20 04:00:00,7.62484861028641
2011-07-20 05:00:00,28.7000476749087
2011-07-20 06:00:00,149.204946716105
2011-07-20 07:00:00,397.610020919225
2011-07-20 08:00:00,590.519104108656
2011-07-20 09:00:00,259.478559196138
2011-07-20 10:00:00,182.655626770301
2011-07-20 11:00:00,159.217966481355
2011-07-20 12:00:00,166.042448444256
2011-07-20 13:00:00,166.042448444256
2011-07-20 14:00:00,166.042448444256
2011-07-20 15:00:00,197.775484558546
2011-07-20 16:00:00,286.245548881553
2011-07-20 17:00:00,622.846424224996
2011-07-20 18:00:00,622.846424224996
2011-07-20 19:00:00,513.143138363996
2011-07-20 20:00:00,367.309783978693
2011-07-20 21:00:00,266.300003338258
2011-07-20 22:00:00,189.050285300132
2011-07-20 23:00:00,98.7048700305048
2011-07-21 00:00:00,39.6940463063006
2011-07-21 01:00:00,16.1714161075064
2011-07-21 02:00:00,5.65121124206207
2011-07-21 03:00:00,4.81164155733606
2011-07-21 04:00:00,7.05515463565654
2011-07-21 05:00:00,36.9412080067563
2011-07-21 06:00:00,149.204946716105
2011-07-21 07:00:00,397.610020919225
2011-07-21 08:00:00,490.654062458429
2011-07-21 09:00:00,291.305785556024
2011-07-21 10:00:00,135.984799450973
2011-07-21 11:00:00,159.217966481355
2011-07-21 12:00:00,166.042448444256
2011-07-21 13:00:00,166.042448444256
2011-07-21 14:00:00,197.775484558546
2011-07-21 15:00:00,166.042448444256
2011-07-21 16:00:00,286.245548881553
2011-07-21 17:00:00,594.456460393033
2011-07-21 18:00:00,480.202025081773
2011-07-21 19:00:00,513.143138363996
2011-07-21 20:00:00,367.309783978693
2011-07-21 21:00:00,179.141873899822
2011-07-21 22:00:00,189.050285300132
2011-07-21 23:00:00,127.2567064298
2011-07-22 00:00:00,52.0176901663571
2011-07-22 01:00:00,19.474583113894
2011-07-22 02:00:00,7.50373607979913
2011-07-22 03:00:00,4.81164155733606
2011-07-22 04:00:00,7.05515463565654
2011-07-22 05:00:00,28.7000476749087
2011-07-22 06:00:00,149.204946716105
2011-07-22 07:00:00,334.96104709472
2011-07-22 08:00:00,490.654062458429
2011-07-22 09:00:00,259.478559196138
2011-07-22 10:00:00,182.655626770301
2011-07-22 11:00:00,159.217966481355
2011-07-22 12:00:00,222.370687783213
2011-07-22 13:00:00,222.370687783213
2011-07-22 14:00:00,197.775484558546
2011-07-22 15:00:00,197.775484558546
2011-07-22 16:00:00,395.395891659878
2011-07-22 17:00:00,622.846424224996
2011-07-22 18:00:00,622.846424224996
2011-07-22 19:00:00,445.418268241174
2011-07-22 20:00:00,367.309783978693
2011-07-22 21:00:00,266.300003338258
2011-07-22 22:00:00,156.796647826135
2011-07-22 23:00:00,148.502692929716
2011-07-23 00:00:00,139.746278879495
2011-07-23 01:00:00,99.955446655473
2011-07-23 02:00:00,77.1753529782674
2011-07-23 03:00:00,38.4592991464861
2011-07-23 04:00:00,10.4224011594839
2011-07-23 05:00:00,8.55286808258621
2011-07-23 06:00:00,24.2695293300146
2011-07-23 07:00:00,55.7983651266209
2011-07-23 08:00:00,127.613321867784
2011-07-23 09:00:00,223.981246357757
2011-07-23 10:00:00,320.520033077017
2011-07-23 11:00:00,432.116370878768
2011-07-23 12:00:00,363.776886583947
2011-07-23 13:00:00,363.776886583947
2011-07-23 14:00:00,363.776886583947
2011-07-23 15:00:00,363.776886583947
2011-07-23 16:00:00,417.193385901575
2011-07-23 17:00:00,403.676325542502
2011-07-23 18:00:00,403.676325542502
2011-07-23 19:00:00,342.90819930284
2011-07-23 20:00:00,257.976425432498
2011-07-23 21:00:00,266.300003338258
2011-07-23 22:00:00,227.760996738575
2011-07-23 23:00:00,148.502692929716
2011-07-24 00:00:00,139.746278879495
2011-07-24 01:00:00,99.955446655473
2011-07-24 02:00:00,77.1753529782674
2011-07-24 03:00:00,38.4592991464861
2011-07-24 04:00:00,10.4224011594839
2011-07-24 05:00:00,13.9783245799215
2011-07-24 06:00:00,24.2695293300146
2011-07-24 07:00:00,55.7983651266209
2011-07-24 08:00:00,127.613321867784
2011-07-24 09:00:00,223.981246357757
2011-07-24 10:00:00,320.520033077017
2011-07-24 11:00:00,424.691511617034
2011-07-24 12:00:00,363.776886583947
2011-07-24 13:00:00,424.691511617034
2011-07-24 14:00:00,424.691511617034
2011-07-24 15:00:00,363.776886583947
2011-07-24 16:00:00,417.193385901575
2011-07-24 17:00:00,403.676325542502
2011-07-24 18:00:00,403.676325542502
2011-07-24 19:00:00,408.028679910184
2011-07-24 20:00:00,322.272403012227
2011-07-24 21:00:00,266.300003338258
2011-07-24 22:00:00,162.870246236339
2011-07-24 23:00:00,127.486377800541
2011-07-25 00:00:00,39.6940463063006
2011-07-25 01:00:00,19.474583113894
2011-07-25 02:00:00,5.65121124206207
2011-07-25 03:00:00,4.81164155733606
2011-07-25 04:00:00,7.05515463565654
2011-07-25 05:00:00,36.9412080067563
2011-07-25 06:00:00,149.204946716105
2011-07-25 07:00:00,397.610020919225
2011-07-25 08:00:00,590.519104108656
2011-07-25 09:00:00,259.478559196138
2011-07-25 10:00:00,182.655626770301
2011-07-25 11:00:00,159.217966481355
2011-07-25 12:00:00,166.042448444256
2011-07-25 13:00:00,186.010673758157
2011-07-25 14:00:00,186.010673758157
2011-07-25 15:00:00,182.518820798867
2011-07-25 16:00:00,487.023609168107
2011-07-25 17:00:00,487.023609168107
2011-07-25 18:00:00,487.023609168107
2011-07-25 19:00:00,513.143138363996
2011-07-25 20:00:00,367.309783978693
2011-07-25 21:00:00,179.141873899822
2011-07-25 22:00:00,189.050285300132
2011-07-25 23:00:00,127.486377800541
2011-07-26 00:00:00,52.0176901663571
2011-07-26 01:00:00,27.8474443794873
2011-07-26 02:00:00,7.50373607979913
2011-07-26 03:00:00,5.70371085090792
2011-07-26 04:00:00,5.44365238712566
2011-07-26 05:00:00,36.9412080067563
2011-07-26 06:00:00,149.204946716105
2011-07-26 07:00:00,334.96104709472
2011-07-26 08:00:00,490.654062458429
2011-07-26 09:00:00,227.736578747452
2011-07-26 10:00:00,135.984799450973
2011-07-26 11:00:00,211.000300899678
2011-07-26 12:00:00,256.496860898993
2011-07-26 13:00:00,172.883944069215
2011-07-26 14:00:00,172.883944069215
2011-07-26 15:00:00,172.883944069215
2011-07-26 16:00:00,379.979387888471
2011-07-26 17:00:00,594.456460393033
2011-07-26 18:00:00,594.456460393033
2011-07-26 19:00:00,445.418268241174
2011-07-26 20:00:00,299.920906298558
2011-07-26 21:00:00,266.300003338258
2011-07-26 22:00:00,227.760996738575
2011-07-26 23:00:00,148.502692929716
2011-07-27 00:00:00,39.6940463063006
2011-07-27 01:00:00,22.4613807728157
2011-07-27 02:00:00,6.1857701747819
2011-07-27 03:00:00,4.81164155733606
2011-07-27 04:00:00,5.53650894585926
2011-07-27 05:00:00,33.3895200754248
2011-07-27 06:00:00,120.668224347913
2011-07-27 07:00:00,334.96104709472
2011-07-27 08:00:00,490.654062458429
2011-07-27 09:00:00,227.736578747452
2011-07-27 10:00:00,182.655626770301
2011-07-27 11:00:00,182.313439081682
2011-07-27 12:00:00,172.883944069215
2011-07-27 13:00:00,172.883944069215
2011-07-27 14:00:00,256.496860898993
2011-07-27 15:00:00,256.496860898993
2011-07-27 16:00:00,322.496631402382
2011-07-27 17:00:00,619.401265987634
2011-07-27 18:00:00,619.401265987634
2011-07-27 19:00:00,445.418268241174
2011-07-27 20:00:00,299.920906298558
2011-07-27 21:00:00,266.300003338258
2011-07-27 22:00:00,187.83397712662
2011-07-27 23:00:00,113.69484460666
2011-07-28 00:00:00,52.0176901663571
2011-07-28 01:00:00,19.474583113894
2011-07-28 02:00:00,9.7915968987836
2011-07-28 03:00:00,4.81164155733606
2011-07-28 04:00:00,5.53650894585926
2011-07-28 05:00:00,33.3895200754248
2011-07-28 06:00:00,149.204946716105
2011-07-28 07:00:00,397.610020919225
2011-07-28 08:00:00,490.654062458429
2011-07-28 09:00:00,227.736578747452
2011-07-28 10:00:00,135.984799450973
2011-07-28 11:00:00,159.217966481355
2011-07-28 12:00:00,166.042448444256
2011-07-28 13:00:00,222.370687783213
2011-07-28 14:00:00,197.775484558546
2011-07-28 15:00:00,197.775484558546
2011-07-28 16:00:00,286.245548881553
2011-07-28 17:00:00,622.846424224996
2011-07-28 18:00:00,622.846424224996
2011-07-28 19:00:00,445.418268241174
2011-07-28 20:00:00,367.309783978693
2011-07-28 21:00:00,266.300003338258
2011-07-28 22:00:00,189.050285300132
2011-07-28 23:00:00,98.7048700305048
2011-07-29 00:00:00,52.6586622753038
2011-07-29 01:00:00,20.7570920270742
2011-07-29 02:00:00,7.50373607979913
2011-07-29 03:00:00,4.81164155733606
2011-07-29 04:00:00,6.10242769572437
2011-07-29 05:00:00,36.9412080067563
2011-07-29 06:00:00,149.204946716105
2011-07-29 07:00:00,397.610020919225
2011-07-29 08:00:00,590.519104108656
2011-07-29 09:00:00,227.736578747452
2011-07-29 10:00:00,135.984799450973
2011-07-29 11:00:00,159.217966481355
2011-07-29 12:00:00,222.370687783213
2011-07-29 13:00:00,222.370687783213
2011-07-29 14:00:00,197.775484558546
2011-07-29 15:00:00,197.775484558546
2011-07-29 16:00:00,286.245548881553
2011-07-29 17:00:00,594.456460393033
2011-07-29 18:00:00,594.456460393033
2011-07-29 19:00:00,445.418268241174
2011-07-29 20:00:00,299.920906298558
2011-07-29 21:00:00,266.300003338258
2011-07-29 22:00:00,187.83397712662
2011-07-29 23:00:00,113.69484460666
2011-07-30 00:00:00,139.746278879495
2011-07-30 01:00:00,99.955446655473
2011-07-30 02:00:00,77.1753529782674
2011-07-30 03:00:00,38.4592991464861
2011-07-30 04:00:00,10.4224011594839
2011-07-30 05:00:00,13.9783245799215
2011-07-30 06:00:00,24.2695293300146
2011-07-30 07:00:00,55.7983651266209
2011-07-30 08:00:00,127.613321867784
2011-07-30 09:00:00,223.981246357757
2011-07-30 10:00:00,320.520033077017
2011-07-30 11:00:00,432.116370878768
2011-07-30 12:00:00,432.116370878768
2011-07-30 13:00:00,432.116370878768
2011-07-30 14:00:00,432.116370878768
2011-07-30 15:00:00,432.116370878768
2011-07-30 16:00:00,417.193385901575
2011-07-30 17:00:00,403.676325542502
2011-07-30 18:00:00,403.676325542502
2011-07-30 19:00:00,408.028679910184
2011-07-30 20:00:00,322.272403012227
2011-07-30 21:00:00,266.300003338258
2011-07-30 22:00:00,227.760996738575
2011-07-30 23:00:00,148.502692929716
2011-07-31 00:00:00,139.746278879495
2011-07-31 01:00:00,99.955446655473
2011-07-31 02:00:00,77.1753529782674
2011-07-31 03:00:00,38.4592991464861
2011-07-31 04:00:00,10.4224011594839
2011-07-31 05:00:00,13.9783245799215
2011-07-31 06:00:00,24.2695293300146
2011-07-31 07:00:00,55.7983651266209
2011-07-31 08:00:00,127.613321867784
2011-07-31 09:00:00,223.981246357757
2011-07-31 10:00:00,320.520033077017
2011-07-31 11:00:00,432.116370878768
2011-07-31 12:00:00,432.116370878768
2011-07-31 13:00:00,432.116370878768
2011-07-31 14:00:00,432.116370878768
2011-07-31 15:00:00,432.116370878768
2011-07-31 16:00:00,417.193385901575
2011-07-31 17:00:00,403.676325542502
2011-07-31 18:00:00,403.676325542502
2011-07-31 19:00:00,342.90819930284
2011-07-31 20:00:00,322.272403012227
2011-07-31 21:00:00,266.300003338258
2011-07-31 22:00:00,189.050285300132
2011-07-31 23:00:00,127.2567064298
2011-08-20 00:00:00,139.746278879495
2011-08-20 01:00:00,99.955446655473
2011-08-20 02:00:00,77.1753529782674
2011-08-20 03:00:00,32.2504784868014
2011-08-20 04:00:00,10.5889819331865
2011-08-20 05:00:00,10.5889819331865
2011-08-20 06:00:00,32.1251965892711
2011-08-20 07:00:00,44.0946343965432
2011-08-20 08:00:00,127.613321867784
2011-08-20 09:00:00,223.981246357757
2011-08-20 10:00:00,320.520033077017
2011-08-20 11:00:00,424.691511617034
2011-08-20 12:00:00,424.691511617034
2011-08-20 13:00:00,424.691511617034
2011-08-20 14:00:00,424.691511617034
2011-08-20 15:00:00,432.116370878768
2011-08-20 16:00:00,417.193385901575
2011-08-20 17:00:00,403.676325542502
2011-08-20 18:00:00,357.434428448429
2011-08-20 19:00:00,342.90819930284
2011-08-20 20:00:00,257.976425432498
2011-08-20 21:00:00,266.300003338258
2011-08-20 22:00:00,156.796647826135
2011-08-20 23:00:00,116.396842442434
2011-08-21 00:00:00,139.746278879495
2011-08-21 01:00:00,86.3916725452743
2011-08-21 02:00:00,65.6423280960127
2011-08-21 03:00:00,32.2504784868014
2011-08-21 04:00:00,7.59169812226946
2011-08-21 05:00:00,7.59169812226946
2011-08-21 06:00:00,17.6187949589938
2011-08-21 07:00:00,55.7983651266209
2011-08-21 08:00:00,127.613321867784
2011-08-21 09:00:00,223.981246357757
2011-08-21 10:00:00,320.520033077017
2011-08-21 11:00:00,424.691511617034
2011-08-21 12:00:00,424.691511617034
2011-08-21 13:00:00,505.913423270761
2011-08-21 14:00:00,273.801718205566
2011-08-21 15:00:00,343.002128012917
2011-08-21 16:00:00,291.643565587202
2011-08-21 17:00:00,291.643565587202
2011-08-21 18:00:00,291.643565587202
2011-08-21 19:00:00,342.90819930284
2011-08-21 20:00:00,234.290973201632
2011-08-21 21:00:00,179.141873899822
2011-08-21 22:00:00,156.796647826135
2011-08-21 23:00:00,116.396842442434
2011-08-22 00:00:00,52.6586622753038
2011-08-22 01:00:00,19.474583113894
2011-08-22 02:00:00,9.7915968987836
2011-08-22 03:00:00,3.5147994440781
2011-08-22 04:00:00,6.10242769572437
2011-08-22 05:00:00,33.3895200754248
2011-08-22 06:00:00,108.914056524454
2011-08-22 07:00:00,334.96104709472
2011-08-22 08:00:00,490.654062458429
2011-08-22 09:00:00,227.736578747452
2011-08-22 10:00:00,135.984799450973
2011-08-22 11:00:00,165.421949995558
2011-08-22 12:00:00,172.883944069215
2011-08-22 13:00:00,172.883944069215
2011-08-22 14:00:00,172.883944069215
2011-08-22 15:00:00,172.883944069215
2011-08-22 16:00:00,379.979387888471
2011-08-22 17:00:00,594.456460393033
2011-08-22 18:00:00,594.456460393033
2011-08-22 19:00:00,489.98925478289
2011-08-22 20:00:00,405.549901334838
2011-08-22 21:00:00,281.065324261835
2011-08-22 22:00:00,187.83397712662
2011-08-22 23:00:00,113.69484460666
2011-08-23 00:00:00,52.6586622753038
2011-08-23 01:00:00,22.4613807728157
2011-08-23 02:00:00,10.9724558551338
2011-08-23 03:00:00,5.11019184325679
2011-08-23 04:00:00,5.53650894585926
2011-08-23 05:00:00,33.3895200754248
2011-08-23 06:00:00,120.668224347913
2011-08-23 07:00:00,334.96104709472
2011-08-23 08:00:00,590.519104108656
2011-08-23 09:00:00,291.305785556024
2011-08-23 10:00:00,182.655626770301
2011-08-23 11:00:00,219.217806860778
2011-08-23 12:00:00,329.788215347012
2011-08-23 13:00:00,256.459606189582
2011-08-23 14:00:00,256.459606189582
2011-08-23 15:00:00,256.459606189582
2011-08-23 16:00:00,379.979387888471
2011-08-23 17:00:00,694.174268287297
2011-08-23 18:00:00,694.174268287297
2011-08-23 19:00:00,489.98925478289
2011-08-23 20:00:00,320.056635812654
2011-08-23 21:00:00,222.992509729858
2011-08-23 22:00:00,227.760996738575
2011-08-23 23:00:00,148.502692929716
2011-08-24 00:00:00,41.8740262286374
2011-08-24 01:00:00,27.8474443794873
2011-08-24 02:00:00,12.7829990278672
2011-08-24 03:00:00,9.95197523799943
2011-08-24 04:00:00,7.05515463565654
2011-08-24 05:00:00,26.7929916826914
2011-08-24 06:00:00,128.329350665793
2011-08-24 07:00:00,397.77704352508
2011-08-24 08:00:00,535.422508205846
2011-08-24 09:00:00,280.303869432341
2011-08-24 10:00:00,135.984799450973
2011-08-24 11:00:00,165.421949995558
2011-08-24 12:00:00,241.965145256351
2011-08-24 13:00:00,172.883944069215
2011-08-24 14:00:00,172.883944069215
2011-08-24 15:00:00,172.883944069215
2011-08-24 16:00:00,293.033268223043
2011-08-24 17:00:00,658.484645933177
2011-08-24 18:00:00,658.484645933177
2011-08-24 19:00:00,489.98925478289
2011-08-24 20:00:00,367.309783978693
2011-08-24 21:00:00,222.992509729858
2011-08-24 22:00:00,162.870246236339
2011-08-24 23:00:00,127.2567064298
2011-08-25 00:00:00,52.6586622753038
2011-08-25 01:00:00,14.9429345475135
2011-08-25 02:00:00,6.1857701747819
2011-08-25 03:00:00,5.11019184325679
2011-08-25 04:00:00,6.10242769572437
2011-08-25 05:00:00,28.7000476749087
2011-08-25 06:00:00,108.914056524454
2011-08-25 07:00:00,397.610020919225
2011-08-25 08:00:00,490.654062458429
2011-08-25 09:00:00,291.305785556024
2011-08-25 10:00:00,135.984799450973
2011-08-25 11:00:00,185.740133729505
2011-08-25 12:00:00,185.740133729505
2011-08-25 13:00:00,186.010673758157
2011-08-25 14:00:00,186.010673758157
2011-08-25 15:00:00,186.010673758157
2011-08-25 16:00:00,487.023609168107
2011-08-25 17:00:00,487.023609168107
2011-08-25 18:00:00,487.023609168107
2011-08-25 19:00:00,333.070591326162
2011-08-25 20:00:00,342.714577166227
2011-08-25 21:00:00,166.834552700431
2011-08-25 22:00:00,160.967674232028
2011-08-25 23:00:00,127.486377800541
2011-08-26 00:00:00,41.8740262286374
2011-08-26 01:00:00,16.1714161075064
2011-08-26 02:00:00,7.50373607979913
2011-08-26 03:00:00,5.70371085090792
2011-08-26 04:00:00,7.62484861028641
2011-08-26 05:00:00,26.7929916826914
2011-08-26 06:00:00,128.329350665793
2011-08-26 07:00:00,339.172126938408
2011-08-26 08:00:00,535.422508205846
2011-08-26 09:00:00,259.478559196138
2011-08-26 10:00:00,182.655626770301
2011-08-26 11:00:00,211.000300899678
2011-08-26 12:00:00,186.010673758157
2011-08-26 13:00:00,224.728411469508
2011-08-26 14:00:00,224.728411469508
2011-08-26 15:00:00,224.728411469508
2011-08-26 16:00:00,349.788968456734
2011-08-26 17:00:00,487.023609168107
2011-08-26 18:00:00,487.023609168107
2011-08-26 19:00:00,487.023609168107
2011-08-26 20:00:00,234.290973201632
2011-08-26 21:00:00,179.141873899822
2011-08-26 22:00:00,189.050285300132
2011-08-26 23:00:00,127.486377800541
2011-08-27 00:00:00,139.746278879495
2011-08-27 01:00:00,86.3916725452743
2011-08-27 02:00:00,65.6423280960127
2011-08-27 03:00:00,32.2504784868014
2011-08-27 04:00:00,7.59169812226946
2011-08-27 05:00:00,7.59169812226946
2011-08-27 06:00:00,17.6187949589938
2011-08-27 07:00:00,55.7983651266209
2011-08-27 08:00:00,127.613321867784
2011-08-27 09:00:00,223.981246357757
2011-08-27 10:00:00,320.520033077017
2011-08-27 11:00:00,77.7771469197175
2011-08-27 12:00:00,77.7771469197175
2011-08-27 13:00:00,77.7771469197175
2011-08-27 14:00:00,77.7771469197175
2011-08-27 15:00:00,77.7771469197175
2011-08-27 16:00:00,196.438197521759
2011-08-27 17:00:00,196.438197521759
2011-08-28 07:00:00,157.774131511873
2011-08-28 08:00:00,157.774131511873
2011-08-28 09:00:00,265.793582549382
2011-08-28 10:00:00,386.774607543529
2011-08-28 11:00:00,417.980302361552
2011-08-28 12:00:00,505.913423270761
2011-08-28 13:00:00,505.913423270761
2011-08-28 14:00:00,505.913423270761
2011-08-28 15:00:00,505.913423270761
2011-08-28 16:00:00,417.193385901575
2011-08-28 17:00:00,477.643567237211
2011-08-28 18:00:00,477.643567237211
2011-08-28 19:00:00,408.028679910184
2011-08-28 20:00:00,322.272403012227
2011-08-28 21:00:00,222.992509729858
2011-08-28 22:00:00,160.967674232028
2011-08-28 23:00:00,92.5814581225635
2011-08-29 00:00:00,41.8740262286374
2011-08-29 01:00:00,27.8474443794873
2011-08-29 02:00:00,7.18687643185479
2011-08-29 03:00:00,9.95197523799943
2011-08-29 04:00:00,6.10242769572437
2011-08-29 05:00:00,26.7929916826914
2011-08-29 06:00:00,128.329350665793
2011-08-29 07:00:00,397.77704352508
2011-08-29 08:00:00,490.654062458429
2011-08-29 09:00:00,227.736578747452
2011-08-29 10:00:00,156.444549010719
2011-08-29 11:00:00,219.217806860778
2011-08-29 12:00:00,329.788215347012
2011-08-29 13:00:00,329.788215347012
2011-08-29 14:00:00,329.788215347012
2011-08-29 15:00:00,329.788215347012
2011-08-29 16:00:00,379.979387888471
2011-08-29 17:00:00,694.174268287297
2011-08-29 18:00:00,694.174268287297
2011-08-29 19:00:00,489.98925478289
2011-08-29 20:00:00,320.056635812654
2011-08-29 21:00:00,222.992509729858
2011-08-29 22:00:00,227.760996738575
2011-08-29 23:00:00,148.502692929716
2011-08-30 00:00:00,49.3762978143666
2011-08-30 01:00:00,27.8474443794873
2011-08-30 02:00:00,12.7829990278672
2011-08-30 03:00:00,5.11019184325679
2011-08-30 04:00:00,6.10242769572437
2011-08-30 05:00:00,26.7929916826914
2011-08-30 06:00:00,128.329350665793
2011-08-30 07:00:00,397.77704352508
2011-08-30 08:00:00,590.519104108656
2011-08-30 09:00:00,227.736578747452
2011-08-30 10:00:00,156.444549010719
2011-08-30 11:00:00,219.217806860778
2011-08-30 12:00:00,329.788215347012
2011-08-30 13:00:00,256.459606189582
2011-08-30 14:00:00,256.459606189582
2011-08-30 15:00:00,256.459606189582
2011-08-30 16:00:00,379.979387888471
2011-08-30 17:00:00,694.174268287297
2011-08-30 18:00:00,694.174268287297
2011-08-30 19:00:00,489.98925478289
2011-08-30 20:00:00,320.056635812654
2011-08-30 21:00:00,260.415416053952
2011-08-30 22:00:00,203.198727467034
2011-08-30 23:00:00,148.502692929716
2011-08-31 00:00:00,41.8740262286374
2011-08-31 01:00:00,19.474583113894
2011-08-31 02:00:00,12.7829990278672
2011-08-31 03:00:00,5.70371085090792
2011-08-31 04:00:00,7.62484861028641
2011-08-31 05:00:00,26.7929916826914
2011-08-31 06:00:00,128.329350665793
2011-08-31 07:00:00,397.77704352508
2011-08-31 08:00:00,535.422508205846
2011-08-31 09:00:00,294.02110003534
2011-08-31 10:00:00,182.655626770301
2011-08-31 11:00:00,219.217806860778
2011-08-31 12:00:00,256.496860898993
2011-08-31 13:00:00,329.788215347012
2011-08-31 14:00:00,329.788215347012
2011-08-31 15:00:00,329.788215347012
2011-08-31 16:00:00,379.979387888471
2011-08-31 17:00:00,694.174268287297
2011-08-31 18:00:00,694.174268287297
2011-08-31 19:00:00,445.418268241174
2011-08-31 20:00:00,320.056635812654
2011-08-31 21:00:00,222.992509729858
2011-08-31 22:00:00,160.967674232028
2011-08-31 23:00:00,92.5814581225635
2011-09-20 00:00:00,49.3762978143666
2011-09-20 01:00:00,19.506591375193
2011-09-20 02:00:00,5.65121124206207
2011-09-20 03:00:00,5.11019184325679
2011-09-20 04:00:00,5.44365238712566
2011-09-20 05:00:00,26.7929916826914
2011-09-20 06:00:00,128.329350665793
2011-09-20 07:00:00,346.577287790174
2011-09-20 08:00:00,169.01144601841
2011-09-20 09:00:00,56.0707790091766
2011-09-20 10:00:00,77.7771469197175
2011-09-20 11:00:00,77.7771469197175
2011-09-20 12:00:00,143.576565165577
2011-09-20 13:00:00,143.576565165577
2011-09-20 14:00:00,143.576565165577
2011-09-20 15:00:00,143.576565165577
2011-09-20 16:00:00,253.992575120676
2011-09-20 17:00:00,253.992575120676
2011-09-20 18:00:00,253.992575120676
2011-09-20 19:00:00,253.992575120676
2011-09-20 20:00:00,206.448856437057
2011-09-20 21:00:00,161.689738206903
2011-09-20 22:00:00,111.795430201657
2011-09-20 23:00:00,98.8598002443796
2011-09-21 00:00:00,20.5964457426911
2011-09-21 01:00:00,7.07499049141015
2011-09-21 02:00:00,7.50373607979913
2011-09-21 03:00:00,5.70371085090792
2011-09-21 04:00:00,5.44365238712566
2011-09-21 05:00:00,26.7929916826914
2011-09-21 06:00:00,97.897447165678
2011-09-21 07:00:00,66.2522495625034
2011-09-21 08:00:00,66.2522495625034
2011-09-21 09:00:00,66.2522495625034
2011-09-21 10:00:00,100.755471777924
2011-09-21 11:00:00,100.755471777924
2011-09-21 12:00:00,143.576565165577
2011-09-21 13:00:00,265.470661707264
2011-09-21 14:00:00,218.519747553631
2011-09-21 15:00:00,218.519747553631
2011-09-21 16:00:00,333.070591326162
2011-09-21 17:00:00,314.885730769838
2011-09-21 18:00:00,196.438197521759
2011-09-21 19:00:00,196.438197521759
2011-09-21 20:00:00,110.097925762704
2011-09-21 21:00:00,161.689738206903
2011-09-21 22:00:00,111.795430201657
2011-09-21 23:00:00,98.8598002443796
2011-09-22 00:00:00,20.5964457426911
2011-09-22 01:00:00,7.07499049141015
2011-09-22 02:00:00,5.65121124206207
2011-09-22 03:00:00,5.70371085090792
2011-09-22 04:00:00,5.44365238712566
2011-09-22 05:00:00,26.7929916826914
2011-09-22 06:00:00,97.897447165678
2011-09-22 07:00:00,66.2522495625034
2011-09-22 08:00:00,66.2522495625034
2011-09-22 09:00:00,252.323638352526
2011-09-22 10:00:00,100.755471777924
2011-09-22 11:00:00,100.755471777924
2011-09-22 12:00:00,143.576565165577
2011-09-22 13:00:00,143.576565165577
2011-09-22 14:00:00,143.576565165577
2011-09-22 15:00:00,284.984923799124
2011-09-22 16:00:00,487.023609168107
2011-09-22 17:00:00,333.070591326162
2011-09-22 18:00:00,253.992575120676
2011-09-22 19:00:00,174.550966739683
2011-09-22 20:00:00,206.448856437057
2011-09-22 21:00:00,161.689738206903
2011-09-22 22:00:00,111.795430201657
2011-09-22 23:00:00,122.136229274733
2011-09-23 00:00:00,20.5964457426911
2011-09-23 01:00:00,7.07499049141015
2011-09-23 02:00:00,5.65121124206207
2011-09-23 03:00:00,5.70371085090792
2011-09-23 04:00:00,3.5147994440781
2011-09-23 05:00:00,27.0187440351465
2011-09-23 06:00:00,97.897447165678
2011-09-23 07:00:00,157.774131511873
2011-09-23 08:00:00,157.774131511873
2011-09-23 09:00:00,56.0707790091766
2011-09-23 10:00:00,56.0707790091766
2011-09-23 11:00:00,56.0707790091766
2011-09-23 12:00:00,77.7771469197175
2011-09-23 13:00:00,56.0707790091766
2011-09-23 14:00:00,56.0707790091766
2011-09-23 15:00:00,77.7771469197175
2011-09-23 16:00:00,324.46345832985
2011-09-23 17:00:00,174.550966739683
2011-09-23 18:00:00,174.550966739683
2011-09-23 19:00:00,174.550966739683
2011-09-23 20:00:00,206.448856437057
2011-09-23 21:00:00,161.689738206903
2011-09-23 22:00:00,111.795430201657
2011-09-23 23:00:00,122.136229274733
2011-09-24 00:00:00,118.359587735357
2011-09-24 01:00:00,79.949022741162
2011-09-24 02:00:00,60.0423583054665
2011-09-24 03:00:00,28.2205849066916
2011-09-24 04:00:00,10.5889819331865
2011-09-24 05:00:00,10.5889819331865
2011-09-24 06:00:00,10.6250615144394
2011-09-24 07:00:00,108.421570515567
2011-09-24 08:00:00,108.421570515567
2011-09-24 09:00:00,214.505039077593
2011-09-24 10:00:00,347.21972086433
2011-09-24 11:00:00,347.21972086433
2011-09-24 12:00:00,347.21972086433
2011-09-24 13:00:00,395.280705969588
2011-09-24 14:00:00,417.980302361552
2011-09-24 15:00:00,417.980302361552
2011-09-24 16:00:00,333.070591326162
2011-09-24 17:00:00,333.070591326162
2011-09-24 18:00:00,333.070591326162
2011-09-24 19:00:00,253.992575120676
2011-09-24 20:00:00,198.182780166138
2011-09-24 21:00:00,159.879683147878
2011-09-24 22:00:00,111.795430201657
2011-09-24 23:00:00,122.136229274733
2011-09-25 00:00:00,100.477416010081
2011-09-25 01:00:00,79.949022741162
2011-09-25 02:00:00,60.0423583054665
2011-09-25 03:00:00,28.2205849066916
2011-09-25 04:00:00,10.5889819331865
2011-09-25 05:00:00,10.5889819331865
2011-09-25 06:00:00,17.6187949589938
2011-09-25 07:00:00,108.421570515567
2011-09-25 08:00:00,108.421570515567
2011-09-25 09:00:00,214.505039077593
2011-09-25 10:00:00,347.21972086433
2011-09-25 11:00:00,347.21972086433
2011-09-25 12:00:00,347.21972086433
2011-09-25 13:00:00,417.980302361552
2011-09-25 14:00:00,347.21972086433
2011-09-25 15:00:00,347.21972086433
2011-09-25 16:00:00,373.408902869956
2011-09-25 17:00:00,291.643565587202
2011-09-25 18:00:00,291.643565587202
2011-09-25 19:00:00,253.992575120676
2011-09-25 20:00:00,198.182780166138
2011-09-25 21:00:00,159.879683147878
2011-09-25 22:00:00,111.795430201657
2011-09-25 23:00:00,122.136229274733
2011-09-26 00:00:00,20.5964457426911
2011-09-26 01:00:00,16.1714161075064
2011-09-26 02:00:00,5.65121124206207
2011-09-26 03:00:00,5.70371085090792
2011-09-26 04:00:00,5.44365238712566
2011-09-26 05:00:00,27.0187440351465
2011-09-26 06:00:00,97.897447165678
2011-09-26 07:00:00,347.98087458584
2011-09-26 08:00:00,490.208903171226
2011-09-26 09:00:00,261.525286090852
2011-09-26 10:00:00,165.217185926396
2011-09-26 11:00:00,190.519497088409
2011-09-26 12:00:00,284.984923799124
2011-09-26 13:00:00,186.010673758157
2011-09-26 14:00:00,284.984923799124
2011-09-26 15:00:00,224.728411469508
2011-09-26 16:00:00,349.788968456734
2011-09-26 17:00:00,650.834722004693
2011-09-26 18:00:00,253.992575120676
2011-09-26 19:00:00,253.992575120676
2011-09-26 20:00:00,206.448856437057
2011-09-26 21:00:00,161.689738206903
2011-09-26 22:00:00,111.795430201657
2011-09-26 23:00:00,122.136229274733
2011-09-27 00:00:00,20.5964457426911
2011-09-27 01:00:00,16.1714161075064
2011-09-27 02:00:00,7.50373607979913
2011-09-27 03:00:00,5.70371085090792
2011-09-27 04:00:00,3.5147994440781
2011-09-27 05:00:00,12.6698748895901
2011-09-27 06:00:00,97.897447165678
2011-09-27 07:00:00,347.98087458584
2011-09-27 08:00:00,490.208903171226
2011-09-27 09:00:00,157.774131511873
2011-09-27 10:00:00,77.7771469197175
2011-09-27 11:00:00,165.217185926396
2011-09-27 12:00:00,170.525531987296
2011-09-27 13:00:00,186.010673758157
2011-09-27 14:00:00,284.984923799124
2011-09-27 15:00:00,284.984923799124
2011-09-27 16:00:00,253.992575120676
2011-09-27 17:00:00,174.550966739683
2011-09-27 18:00:00,174.550966739683
2011-09-27 19:00:00,174.550966739683
2011-09-27 20:00:00,342.714577166227
2011-09-27 21:00:00,161.689738206903
2011-09-27 22:00:00,111.795430201657
2011-09-27 23:00:00,122.136229274733
2011-09-28 00:00:00,27.5324638690716
2011-09-28 01:00:00,16.1714161075064
2011-09-28 02:00:00,7.50373607979913
2011-09-28 03:00:00,5.70371085090792
2011-09-28 04:00:00,7.62484861028641
2011-09-28 05:00:00,27.0187440351465
2011-09-28 06:00:00,82.381333409024
2011-09-28 07:00:00,169.01144601841
2011-09-28 08:00:00,157.774131511873
2011-09-28 09:00:00,157.774131511873
2011-09-28 10:00:00,165.217185926396
2011-09-28 11:00:00,165.217185926396
2011-09-28 12:00:00,284.984923799124
2011-09-28 13:00:00,186.010673758157
2011-09-28 14:00:00,224.728411469508
2011-09-28 15:00:00,284.984923799124
2011-09-28 16:00:00,349.788968456734
2011-09-28 17:00:00,692.497989849207
2011-09-28 18:00:00,324.46345832985
2011-09-28 19:00:00,324.46345832985
2011-09-28 20:00:00,324.46345832985
2011-09-28 21:00:00,324.46345832985
2011-09-28 22:00:00,111.795430201657
2011-09-28 23:00:00,98.8598002443796
2011-09-29 00:00:00,20.5964457426911
2011-09-29 01:00:00,7.07499049141015
2011-09-29 02:00:00,5.65121124206207
2011-09-29 03:00:00,5.11019184325679
2011-09-29 04:00:00,5.44365238712566
2011-09-29 05:00:00,27.0187440351465
2011-09-29 06:00:00,128.329350665793
2011-09-29 07:00:00,347.98087458584
2011-09-29 08:00:00,490.208903171226
2011-09-29 09:00:00,261.525286090852
2011-09-29 10:00:00,165.217185926396
2011-09-29 11:00:00,165.217185926396
2011-09-29 12:00:00,265.470661707264
2011-09-29 13:00:00,265.470661707264
2011-09-29 14:00:00,241.965145256351
2011-09-29 15:00:00,209.554721742049
2011-09-29 16:00:00,379.979387888471
2011-09-29 17:00:00,480.202025081773
2011-09-29 18:00:00,694.174268287297
2011-09-29 19:00:00,396.15570140556
2011-09-29 20:00:00,320.056635812654
2011-09-29 21:00:00,245.828118612717
2011-09-29 22:00:00,160.967674232028
2011-09-29 23:00:00,98.8598002443796
2011-09-30 00:00:00,34.4355626648632
2011-09-30 01:00:00,19.506591375193
2011-09-30 02:00:00,7.50373607979913
2011-09-30 03:00:00,5.70371085090792
2011-09-30 04:00:00,7.32291749746238
2011-09-30 05:00:00,34.3486592227311
2011-09-30 06:00:00,128.329350665793
2011-09-30 07:00:00,347.98087458584
2011-09-30 08:00:00,619.282692187013
2011-09-30 09:00:00,261.525286090852
2011-09-30 10:00:00,165.217185926396
2011-09-30 11:00:00,219.217806860778
2011-09-30 12:00:00,265.470661707264
2011-09-30 13:00:00,209.554721742049
2011-09-30 14:00:00,209.554721742049
2011-09-30 15:00:00,241.965145256351
2011-09-30 16:00:00,349.788968456734
2011-09-30 17:00:00,694.174268287297
2011-09-30 18:00:00,480.202025081773
2011-09-30 19:00:00,367.78639999455
2011-09-30 20:00:00,247.527908329474
2011-09-30 21:00:00,199.671123896201
2011-09-30 22:00:00,140.327950501971
2011-09-30 23:00:00,79.2633850123063
2011-10-20 00:00:00,20.5964457426911
2011-10-20 01:00:00,16.1714161075064
2011-10-20 02:00:00,7.50373607979913
2011-10-20 03:00:00,4.91539157934162
2011-10-20 04:00:00,4.91539157934162
2011-10-20 05:00:00,34.3486592227311
2011-10-20 06:00:00,123.046595636134
2011-10-20 07:00:00,347.98087458584
2011-10-20 08:00:00,619.282692187013
2011-10-20 09:00:00,261.525286090852
2011-10-20 10:00:00,137.17275139977
2011-10-20 11:00:00,184.952870514835
2011-10-20 12:00:00,184.952870514835
2011-10-20 13:00:00,184.952870514835
2011-10-20 14:00:00,184.952870514835
2011-10-20 15:00:00,184.952870514835
2011-10-20 16:00:00,316.232670892033
2011-10-20 17:00:00,564.428809742878
2011-10-20 18:00:00,564.428809742878
2011-10-20 19:00:00,357.026869975631
2011-10-20 20:00:00,247.527908329474
2011-10-20 21:00:00,192.26559853701
2011-10-20 22:00:00,97.4509261049145
2011-10-20 23:00:00,53.1109431948573
2011-10-21 00:00:00,40.5308308229912
2011-10-21 01:00:00,18.9591097909626
2011-10-21 02:00:00,14.5707525246691
2011-10-21 03:00:00,5.58595309984274
2011-10-21 04:00:00,7.60471613122115
2011-10-21 05:00:00,31.862026241932
2011-10-21 06:00:00,123.046595636134
2011-10-21 07:00:00,272.565095556496
2011-10-21 08:00:00,619.282692187013
2011-10-21 09:00:00,312.105507203566
2011-10-21 10:00:00,207.356671156184
2011-10-21 11:00:00,184.952870514835
2011-10-21 12:00:00,184.952870514835
2011-10-21 13:00:00,184.952870514835
2011-10-21 14:00:00,280.836433704791
2011-10-21 15:00:00,184.952870514835
2011-10-21 16:00:00,287.205885713541
2011-10-21 17:00:00,564.428809742878
2011-10-21 18:00:00,564.428809742878
2011-10-21 19:00:00,357.026869975631
2011-10-21 20:00:00,230.6794236425
2011-10-21 21:00:00,146.480782100965
2011-10-21 22:00:00,129.328770624747
2011-10-21 23:00:00,68.5777042776937
2011-10-22 00:00:00,105.603038684178
2011-10-22 01:00:00,80.6729322314713
2011-10-22 02:00:00,35.2478094687934
2011-10-22 03:00:00,18.1555189329947
2011-10-22 04:00:00,6.40828818595334
2011-10-22 05:00:00,6.40828818595334
2011-10-22 06:00:00,19.3244495295051
2011-10-22 07:00:00,39.9529583038193
2011-10-22 08:00:00,108.421570515567
2011-10-22 09:00:00,214.505039077593
2011-10-22 10:00:00,347.21972086433
2011-10-22 11:00:00,347.21972086433
2011-10-22 12:00:00,395.280705969588
2011-10-22 13:00:00,582.300598770439
2011-10-22 14:00:00,347.21972086433
2011-10-22 15:00:00,395.280705969588
2011-10-22 16:00:00,461.510087970566
2011-10-22 17:00:00,348.076995931682
2011-10-22 18:00:00,231.981164900637
2011-10-22 19:00:00,231.981164900637
2011-10-22 20:00:00,154.598738750977
2011-10-22 21:00:00,154.598738750977
2011-10-22 22:00:00,149.49198647762
2011-10-22 23:00:00,68.5777042776937
2011-10-23 00:00:00,105.603038684178
2011-10-23 01:00:00,80.6729322314713
2011-10-23 02:00:00,54.9855754242355
2011-10-23 03:00:00,24.357995028731
2011-10-23 04:00:00,10.0382281478895
2011-10-23 05:00:00,10.0382281478895
2011-10-23 06:00:00,19.3244495295051
2011-10-23 07:00:00,39.9529583038193
2011-10-23 08:00:00,103.284357970672
2011-10-23 09:00:00,214.505039077593
2011-10-23 10:00:00,395.280705969588
2011-10-23 11:00:00,395.280705969588
2011-10-23 12:00:00,395.280705969588
2011-10-23 13:00:00,395.280705969588
2011-10-23 14:00:00,395.280705969588
2011-10-23 15:00:00,395.280705969588
2011-10-23 16:00:00,373.408902869956
2011-10-23 17:00:00,406.077190303424
2011-10-23 18:00:00,406.077190303424
2011-10-23 19:00:00,231.981164900637
2011-10-23 20:00:00,154.598738750977
2011-10-23 21:00:00,154.598738750977
2011-10-23 22:00:00,129.328770624747
2011-10-23 23:00:00,98.8598002443796
2011-10-24 00:00:00,34.4355626648632
2011-10-24 01:00:00,12.5536648471196
2011-10-24 02:00:00,7.50373607979913
2011-10-24 03:00:00,6.48168347401505
2011-10-24 04:00:00,6.48168347401505
2011-10-24 05:00:00,34.3486592227311
2011-10-24 06:00:00,105.215527288392
2011-10-24 07:00:00,347.98087458584
2011-10-24 08:00:00,490.208903171226
2011-10-24 09:00:00,261.525286090852
2011-10-24 10:00:00,137.17275139977
2011-10-24 11:00:00,165.217185926396
2011-10-24 12:00:00,228.287288016013
2011-10-24 13:00:00,228.287288016013
2011-10-24 14:00:00,228.287288016013
2011-10-24 15:00:00,228.287288016013
2011-10-24 16:00:00,287.205885713541
2011-10-24 17:00:00,560.849442223082
2011-10-24 18:00:00,560.849442223082
2011-10-24 19:00:00,133.052192141174
2011-10-24 20:00:00,206.448856437057
2011-10-24 21:00:00,161.689738206903
2011-10-24 22:00:00,129.328770624747
2011-10-24 23:00:00,98.8598002443796
2011-10-25 00:00:00,34.4355626648632
2011-10-25 01:00:00,12.5536648471196
2011-10-25 02:00:00,7.50373607979913
2011-10-25 03:00:00,6.48168347401505
2011-10-25 04:00:00,6.48168347401505
2011-10-25 05:00:00,34.3486592227311
2011-10-25 06:00:00,123.046595636134
2011-10-25 07:00:00,347.98087458584
2011-10-25 08:00:00,619.282692187013
2011-10-25 09:00:00,312.105507203566
2011-10-25 10:00:00,184.952870514835
2011-10-25 11:00:00,184.952870514835
2011-10-25 12:00:00,280.836433704791
2011-10-25 13:00:00,280.836433704791
2011-10-25 14:00:00,280.836433704791
2011-10-25 15:00:00,280.836433704791
2011-10-25 16:00:00,287.205885713541
2011-10-25 17:00:00,694.174268287297
2011-10-25 18:00:00,694.174268287297
2011-10-25 19:00:00,357.026869975631
2011-10-25 20:00:00,280.100305721933
2011-10-25 21:00:00,146.480782100965
2011-10-25 22:00:00,129.328770624747
2011-10-25 23:00:00,98.8598002443796
2011-10-26 00:00:00,40.5308308229912
2011-10-26 01:00:00,18.9591097909626
2011-10-26 02:00:00,14.5707525246691
2011-10-26 03:00:00,4.91539157934162
2011-10-26 04:00:00,4.91539157934162
2011-10-26 05:00:00,34.3486592227311
2011-10-26 06:00:00,123.046595636134
2011-10-26 07:00:00,347.98087458584
2011-10-26 08:00:00,619.282692187013
2011-10-26 09:00:00,312.105507203566
2011-10-26 10:00:00,165.217185926396
2011-10-26 11:00:00,165.217185926396
2011-10-26 12:00:00,185.740133729505
2011-10-26 13:00:00,185.740133729505
2011-10-26 14:00:00,170.525531987296
2011-10-26 15:00:00,170.525531987296
2011-10-26 16:00:00,333.070591326162
2011-10-26 17:00:00,333.070591326162
2011-10-26 18:00:00,333.070591326162
2011-10-26 19:00:00,253.992575120676
2011-10-26 20:00:00,206.448856437057
2011-10-26 21:00:00,199.671123896201
2011-10-26 22:00:00,111.795430201657
2011-10-26 23:00:00,74.2259432282044
2011-10-27 00:00:00,20.5964457426911
2011-10-27 01:00:00,7.07499049141015
2011-10-27 02:00:00,3.95333720621014
2011-10-27 03:00:00,2.12640595781652
2011-10-27 04:00:00,3.5147994440781
2011-10-27 05:00:00,12.6698748895901
2011-10-27 06:00:00,82.381333409024
2011-10-27 07:00:00,347.98087458584
2011-10-27 08:00:00,169.01144601841
2011-10-27 09:00:00,261.525286090852
2011-10-27 10:00:00,83.3027988266423
2011-10-27 11:00:00,83.3027988266423
2011-10-27 12:00:00,83.3027988266423
2011-10-27 13:00:00,170.525531987296
2011-10-27 14:00:00,170.525531987296
2011-10-27 15:00:00,170.525531987296
2011-10-27 16:00:00,287.205885713541
2011-10-27 17:00:00,473.824310412486
2011-10-27 18:00:00,422.184984235279
2011-10-27 19:00:00,357.026869975631
2011-10-27 20:00:00,230.6794236425
2011-10-27 21:00:00,146.480782100965
2011-10-27 22:00:00,120.663843568197
2011-10-27 23:00:00,96.7986290989358
2011-10-28 00:00:00,35.7298981720824
2011-10-28 01:00:00,18.9591097909626
2011-10-28 02:00:00,5.58595309984274
2011-10-28 03:00:00,5.58595309984274
2011-10-28 04:00:00,7.60471613122115
2011-10-28 05:00:00,31.862026241932
2011-10-28 06:00:00,97.9919804939896
2011-10-28 07:00:00,348.816444296731
2011-10-28 08:00:00,578.238397226557
2011-10-28 09:00:00,280.394022287154
2011-10-28 10:00:00,149.890847636599
2011-10-28 11:00:00,228.48725953707
2011-10-28 12:00:00,217.179891350411
2011-10-28 13:00:00,217.179891350411
2011-10-28 14:00:00,228.48725953707
2011-10-28 15:00:00,197.822875185237
2011-10-28 16:00:00,263.29085606644
2011-10-28 17:00:00,387.872856702278
2011-10-28 18:00:00,387.872856702278
2011-10-28 19:00:00,289.340304877776
2011-10-28 20:00:00,208.213773834844
2011-10-28 21:00:00,156.994019610218
2011-10-28 22:00:00,120.663843568197
2011-10-28 23:00:00,61.2123706886126
2011-10-29 00:00:00,55.2891861848874
2011-10-29 01:00:00,55.2891861848874
2011-10-29 02:00:00,43.8507729438032
2011-10-29 03:00:00,9.71851553680926
2011-10-29 04:00:00,5.50882060427088
2011-10-29 05:00:00,5.50882060427088
2011-10-29 06:00:00,13.663844746617
2011-10-29 07:00:00,39.9529583038193
2011-10-29 08:00:00,103.284357970672
2011-10-29 09:00:00,137.072162492183
2011-10-29 10:00:00,193.026492472729
2011-10-29 11:00:00,193.026492472729
2011-10-29 12:00:00,193.026492472729
2011-10-29 13:00:00,193.026492472729
2011-10-29 14:00:00,193.026492472729
2011-10-29 15:00:00,193.026492472729
2011-10-29 16:00:00,193.026492472729
2011-10-29 17:00:00,193.026492472729
2011-10-29 18:00:00,193.026492472729
2011-10-29 19:00:00,178.628598894007
2011-10-29 20:00:00,127.751354238679
2011-10-29 21:00:00,74.7660773554404
2011-10-29 22:00:00,74.7660773554404
2011-10-29 23:00:00,51.5623084451876
2011-10-30 00:00:00,64.908284683463
2011-10-30 01:00:00,55.2891861848874
2011-10-30 02:00:00,43.8507729438032
2011-10-30 03:00:00,9.71851553680926
2011-10-30 04:00:00,5.50882060427088
2011-10-30 05:00:00,5.50882060427088
2011-10-30 06:00:00,13.663844746617
2011-10-30 07:00:00,39.9529583038193
2011-10-30 08:00:00,103.284357970672
2011-10-30 09:00:00,198.759092672257
2011-10-30 10:00:00,285.797039082657
2011-10-30 11:00:00,285.797039082657
2011-10-30 12:00:00,395.280705969588
2011-10-30 13:00:00,435.64472709964
2011-10-30 14:00:00,435.64472709964
2011-10-30 15:00:00,435.64472709964
2011-10-30 16:00:00,348.076995931682
2011-10-30 17:00:00,348.076995931682
2011-10-30 18:00:00,230.081109299334
2011-10-30 19:00:00,267.284950998083
2011-10-30 20:00:00,127.751354238679
2011-10-30 21:00:00,88.9800662170178
2011-10-30 22:00:00,88.9800662170178
2011-10-30 23:00:00,51.5623084451876
2011-10-31 00:00:00,19.6593474287557
2011-10-31 01:00:00,10.1559732435045
2011-10-31 02:00:00,3.07034693076311
2011-10-31 03:00:00,5.58595309984274
2011-10-31 04:00:00,4.19308802507634
2011-10-31 05:00:00,22.8348133194496
2011-10-31 06:00:00,105.215527288392
2011-10-31 07:00:00,272.565095556496
2011-10-31 08:00:00,429.984520979791
2011-10-31 09:00:00,280.394022287154
2011-10-31 10:00:00,149.890847636599
2011-10-31 11:00:00,207.356671156184
2011-10-31 12:00:00,207.356671156184
2011-10-31 13:00:00,207.356671156184
2011-10-31 14:00:00,207.356671156184
2011-10-31 15:00:00,207.356671156184
2011-10-31 16:00:00,316.232670892033
2011-10-31 17:00:00,473.155244192675
2011-10-31 18:00:00,473.155244192675
2011-10-31 19:00:00,357.026869975631
2011-10-31 20:00:00,230.6794236425
2011-10-31 21:00:00,156.994019610218
2011-10-31 22:00:00,120.663843568197
2011-10-31 23:00:00,77.1469789144338
2011-11-20 00:00:00,105.603038684178
2011-11-20 01:00:00,55.2891861848874
2011-11-20 02:00:00,35.2478094687934
2011-11-20 03:00:00,18.1555189329947
2011-11-20 04:00:00,10.1673666818206
2011-11-20 05:00:00,10.1673666818206
2011-11-20 06:00:00,19.3244495295051
2011-11-20 07:00:00,108.421570515567
2011-11-20 08:00:00,108.421570515567
2011-11-20 09:00:00,214.505039077593
2011-11-20 10:00:00,347.21972086433
2011-11-20 11:00:00,347.21972086433
2011-11-20 12:00:00,347.21972086433
2011-11-20 13:00:00,347.21972086433
2011-11-20 14:00:00,395.280705969588
2011-11-20 15:00:00,347.21972086433
2011-11-20 16:00:00,373.408902869956
2011-11-20 17:00:00,406.077190303424
2011-11-20 18:00:00,406.077190303424
2011-11-20 19:00:00,267.284950998083
2011-11-20 20:00:00,198.182780166138
2011-11-20 21:00:00,159.879683147878
2011-11-20 22:00:00,43.3803016929579
2011-11-20 23:00:00,46.4538443313785
2011-11-21 00:00:00,20.5964457426911
2011-11-21 01:00:00,7.07499049141015
2011-11-21 02:00:00,3.95333720621014
2011-11-21 03:00:00,2.12640595781652
2011-11-21 04:00:00,2.12640595781652
2011-11-21 05:00:00,27.0187440351465
2011-11-21 06:00:00,105.215527288392
2011-11-21 07:00:00,347.98087458584
2011-11-21 08:00:00,490.208903171226
2011-11-21 09:00:00,261.525286090852
2011-11-21 10:00:00,165.217185926396
2011-11-21 11:00:00,165.217185926396
2011-11-21 12:00:00,170.525531987296
2011-11-21 13:00:00,170.525531987296
2011-11-21 14:00:00,170.525531987296
2011-11-21 15:00:00,56.0707790091766
2011-11-21 16:00:00,125.239368259932
2011-11-21 17:00:00,125.239368259932
2011-11-21 18:00:00,125.239368259932
2011-11-21 19:00:00,125.239368259932
2011-11-21 20:00:00,125.239368259932
2011-11-21 21:00:00,125.239368259932
2011-11-21 22:00:00,43.3803016929579
2011-11-21 23:00:00,46.4538443313785
2011-11-22 00:00:00,19.6593474287557
2011-11-22 01:00:00,7.07499049141015
2011-11-22 02:00:00,3.95333720621014
2011-11-22 03:00:00,2.12640595781652
2011-11-22 04:00:00,2.12640595781652
2011-11-22 05:00:00,12.6698748895901
2011-11-22 06:00:00,105.215527288392
2011-11-22 07:00:00,169.01144601841
2011-11-22 08:00:00,169.01144601841
2011-11-22 09:00:00,56.0707790091766
2011-11-22 10:00:00,56.0707790091766
2011-11-22 11:00:00,56.0707790091766
2011-11-22 12:00:00,56.0707790091766
2011-11-22 13:00:00,56.0707790091766
2011-11-22 14:00:00,56.0707790091766
2011-11-22 15:00:00,56.0707790091766
2011-11-22 16:00:00,125.239368259932
2011-11-22 17:00:00,125.239368259932
2011-11-22 18:00:00,125.239368259932
2011-11-22 19:00:00,125.239368259932
2011-11-22 20:00:00,206.448856437057
2011-11-22 21:00:00,161.689738206903
2011-11-22 22:00:00,111.795430201657
2011-11-22 23:00:00,79.2633850123063
2011-11-23 00:00:00,20.5964457426911
2011-11-23 01:00:00,7.07499049141015
2011-11-23 02:00:00,3.95333720621014
2011-11-23 03:00:00,3.5147994440781
2011-11-23 04:00:00,3.5147994440781
2011-11-23 05:00:00,27.0187440351465
2011-11-23 06:00:00,105.215527288392
2011-11-23 07:00:00,66.2522495625034
2011-11-23 08:00:00,490.208903171226
2011-11-23 09:00:00,261.525286090852
2011-11-23 10:00:00,165.217185926396
2011-11-23 11:00:00,165.217185926396
2011-11-23 12:00:00,184.952870514835
2011-11-23 13:00:00,207.356671156184
2011-11-23 14:00:00,207.356671156184
2011-11-23 15:00:00,207.356671156184
2011-11-23 16:00:00,316.232670892033
2011-11-23 17:00:00,216.009241611574
2011-11-23 18:00:00,564.428809742878
2011-11-23 19:00:00,357.026869975631
2011-11-23 20:00:00,168.118188327721
2011-11-23 21:00:00,156.994019610218
2011-11-23 22:00:00,120.663843568197
2011-11-23 23:00:00,96.7986290989358
2011-11-24 00:00:00,105.603038684178
2011-11-24 01:00:00,55.2891861848874
2011-11-24 02:00:00,43.8507729438032
2011-11-24 03:00:00,13.9076775310514
2011-11-24 04:00:00,6.40828818595334
2011-11-24 05:00:00,6.40828818595334
2011-11-24 06:00:00,10.1155570209129
2011-11-24 07:00:00,39.9529583038193
2011-11-24 08:00:00,103.284357970672
2011-11-24 09:00:00,198.759092672257
2011-11-24 10:00:00,285.797039082657
2011-11-24 11:00:00,328.183547277041
2011-11-24 12:00:00,328.183547277041
2011-11-24 13:00:00,328.183547277041
2011-11-24 14:00:00,328.183547277041
2011-11-24 15:00:00,328.183547277041
2011-11-24 16:00:00,461.510087970566
2011-11-24 17:00:00,348.076995931682
2011-11-24 18:00:00,231.981164900637
2011-11-24 19:00:00,231.981164900637
2011-11-24 20:00:00,127.751354238679
2011-11-24 21:00:00,88.9800662170178
2011-11-24 22:00:00,88.9800662170178
2011-11-24 23:00:00,77.1469789144338
2011-11-25 00:00:00,35.7298981720824
2011-11-25 01:00:00,10.1559732435045
2011-11-25 02:00:00,5.58595309984274
2011-11-25 03:00:00,5.58595309984274
2011-11-25 04:00:00,7.60471613122115
2011-11-25 05:00:00,31.862026241932
2011-11-25 06:00:00,97.9919804939896
2011-11-25 07:00:00,272.565095556496
2011-11-25 08:00:00,429.984520979791
2011-11-25 09:00:00,280.394022287154
2011-11-25 10:00:00,149.890847636599
2011-11-25 11:00:00,137.17275139977
2011-11-25 12:00:00,207.356671156184
2011-11-25 13:00:00,184.952870514835
2011-11-25 14:00:00,280.836433704791
2011-11-25 15:00:00,280.836433704791
2011-11-25 16:00:00,287.205885713541
2011-11-25 17:00:00,694.174268287297
2011-11-25 18:00:00,473.155244192675
2011-11-25 19:00:00,357.026869975631
2011-11-25 20:00:00,230.6794236425
2011-11-25 21:00:00,156.994019610218
2011-11-25 22:00:00,120.663843568197
2011-11-25 23:00:00,77.1469789144338
2011-11-26 00:00:00,105.603038684178
2011-11-26 01:00:00,80.6729322314713
2011-11-26 02:00:00,43.8507729438032
2011-11-26 03:00:00,24.357995028731
2011-11-26 04:00:00,6.40828818595334
2011-11-26 05:00:00,6.40828818595334
2011-11-26 06:00:00,19.3244495295051
2011-11-26 07:00:00,39.9529583038193
2011-11-26 08:00:00,103.284357970672
2011-11-26 09:00:00,198.759092672257
2011-11-26 10:00:00,285.797039082657
2011-11-26 11:00:00,395.280705969588
2011-11-26 12:00:00,395.280705969588
2011-11-26 13:00:00,582.300598770439
2011-11-26 14:00:00,347.21972086433
2011-11-26 15:00:00,347.21972086433
2011-11-26 16:00:00,348.076995931682
2011-11-26 17:00:00,348.076995931682
2011-11-26 18:00:00,231.981164900637
2011-11-26 19:00:00,231.981164900637
2011-11-26 20:00:00,154.598738750977
2011-11-26 21:00:00,154.598738750977
2011-11-26 22:00:00,149.49198647762
2011-11-26 23:00:00,77.1469789144338
2011-11-27 00:00:00,105.603038684178
2011-11-27 01:00:00,80.6729322314713
2011-11-27 02:00:00,42.4389860784946
2011-11-27 03:00:00,24.357995028731
2011-11-27 04:00:00,10.0382281478895
2011-11-27 05:00:00,10.1673666818206
2011-11-27 06:00:00,19.3244495295051
2011-11-27 07:00:00,108.421570515567
2011-11-27 08:00:00,108.421570515567
2011-11-27 09:00:00,214.505039077593
2011-11-27 10:00:00,383.978764461972
2011-11-27 11:00:00,383.978764461972
2011-11-27 12:00:00,383.978764461972
2011-11-27 13:00:00,395.280705969588
2011-11-27 14:00:00,475.434812973047
2011-11-27 15:00:00,475.434812973047
2011-11-27 16:00:00,461.510087970566
2011-11-27 17:00:00,406.077190303424
2011-11-27 18:00:00,406.077190303424
2011-11-27 19:00:00,231.981164900637
2011-11-27 20:00:00,198.182780166138
2011-11-27 21:00:00,159.879683147878
2011-11-27 22:00:00,129.328770624747
2011-11-27 23:00:00,79.2633850123063
2011-11-28 00:00:00,34.4355626648632
2011-11-28 01:00:00,13.6299929203255
2011-11-28 03:00:00,4.91539157934162
2011-11-28 04:00:00,7.94472511923318
2011-11-28 05:00:00,34.3486592227311
2011-11-28 06:00:00,123.046595636134
2011-11-28 07:00:00,347.98087458584
2011-11-28 08:00:00,490.208903171226
2011-11-28 09:00:00,261.525286090852
2011-11-28 10:00:00,165.217185926396
2011-11-28 11:00:00,165.217185926396
2011-11-28 12:00:00,228.287288016013
2011-11-28 13:00:00,214.951033394904
2011-11-28 14:00:00,266.231448185366
2011-11-28 15:00:00,228.287288016013
2011-11-28 16:00:00,287.205885713541
2011-11-28 17:00:00,694.174268287297
2011-11-28 18:00:00,692.497989849207
2011-11-28 19:00:00,367.78639999455
2011-11-28 20:00:00,247.527908329474
2011-11-28 21:00:00,245.828118612717
2011-11-28 22:00:00,160.967674232028
2011-11-28 23:00:00,74.2259432282044
2011-11-29 00:00:00,34.4355626648632
2011-11-29 01:00:00,19.506591375193
2011-11-29 02:00:00,5.65121124206207
2011-11-29 03:00:00,4.21855199718364
2011-11-29 04:00:00,7.32291749746238
2011-11-29 05:00:00,34.3486592227311
2011-11-29 06:00:00,128.329350665793
2011-11-29 07:00:00,347.98087458584
2011-11-29 08:00:00,619.282692187013
2011-11-29 09:00:00,185.740133729505
2011-11-29 10:00:00,185.740133729505
2011-11-29 11:00:00,83.3027988266423
2011-11-29 12:00:00,80.3071409906951
2011-11-29 13:00:00,80.3071409906951
2011-11-29 14:00:00,56.0707790091766
2011-11-29 15:00:00,102.242416390862
2011-11-29 16:00:00,125.239368259932
2011-11-29 17:00:00,422.184984235279
2011-11-29 18:00:00,422.184984235279
2011-11-29 19:00:00,357.026869975631
2011-11-29 20:00:00,230.6794236425
2011-11-29 21:00:00,146.480782100965
2011-11-29 22:00:00,97.4509261049145
2011-11-29 23:00:00,77.1469789144338
2011-11-30 00:00:00,35.7298981720824
2011-11-30 01:00:00,18.9591097909626
2011-11-30 02:00:00,5.58595309984274
2011-11-30 03:00:00,5.58595309984274
2011-11-30 04:00:00,7.60471613122115
2011-11-30 05:00:00,22.8348133194496
2011-11-30 06:00:00,97.9919804939896
2011-11-30 07:00:00,272.565095556496
2011-11-30 08:00:00,429.984520979791
2011-11-30 09:00:00,280.394022287154
2011-11-30 10:00:00,149.890847636599
2011-11-30 11:00:00,207.356671156184
2011-11-30 12:00:00,197.822875185237
2011-11-30 13:00:00,217.179891350411
2011-11-30 14:00:00,217.179891350411
2011-11-30 15:00:00,197.822875185237
2011-11-30 16:00:00,263.29085606644
2011-11-30 17:00:00,506.318601882011
2011-11-30 18:00:00,506.318601882011
2011-11-30 19:00:00,168.118188327721
2011-11-30 20:00:00,168.118188327721
2011-11-30 21:00:00,156.994019610218
2011-11-30 22:00:00,74.7660773554404
2011-11-30 23:00:00,61.2123706886126
2011-12-20 00:00:00,35.7298981720824
2011-12-20 01:00:00,9.0429557884334
2011-12-20 02:00:00,8.50603753971467
2011-12-20 03:00:00,3.51044094382437
2011-12-20 04:00:00,3.51044094382437
2011-12-20 05:00:00,27.0187440351465
2011-12-20 06:00:00,123.046595636134
2011-12-20 07:00:00,348.816444296731
2011-12-20 08:00:00,619.282692187013
2011-12-20 09:00:00,280.394022287154
2011-12-20 10:00:00,137.17275139977
2011-12-20 11:00:00,137.17275139977
2011-12-20 12:00:00,207.356671156184
2011-12-20 13:00:00,207.356671156184
2011-12-20 14:00:00,228.287288016013
2011-12-20 15:00:00,207.356671156184
2011-12-20 16:00:00,316.232670892033
2011-12-20 17:00:00,564.428809742878
2011-12-20 18:00:00,564.428809742878
2011-12-20 19:00:00,357.026869975631
2011-12-20 20:00:00,208.213773834844
2011-12-20 21:00:00,156.994019610218
2011-12-20 22:00:00,120.663843568197
2011-12-20 23:00:00,68.5777042776937
2011-12-21 00:00:00,20.8344574282736
2011-12-21 01:00:00,18.9591097909626
2011-12-21 02:00:00,8.50603753971467
2011-12-21 03:00:00,3.51044094382437
2011-12-21 04:00:00,3.51044094382437
2011-12-21 05:00:00,18.8500310994217
2011-12-21 06:00:00,62.6117774625374
2011-12-21 07:00:00,121.206006681105
2011-12-21 08:00:00,225.785076417507
2011-12-21 09:00:00,88.7004049340835
2011-12-21 10:00:00,100.755471777924
2011-12-21 11:00:00,100.755471777924
2011-12-21 12:00:00,102.242416390862
2011-12-21 13:00:00,56.0707790091766
2011-12-21 14:00:00,143.576565165577
2011-12-21 15:00:00,143.576565165577
2011-12-21 16:00:00,125.239368259932
2011-12-21 17:00:00,125.239368259932
2011-12-21 18:00:00,309.547708686978
2011-12-21 19:00:00,174.550966739683
2011-12-21 20:00:00,206.448856437057
2011-12-21 21:00:00,161.689738206903
2011-12-21 22:00:00,111.795430201657
2011-12-21 23:00:00,98.8598002443796
2011-12-22 00:00:00,34.4355626648632
2011-12-22 01:00:00,7.07499049141015
2011-12-22 02:00:00,7.50373607979913
2011-12-22 03:00:00,3.51044094382437
2011-12-22 04:00:00,6.48168347401505
2011-12-22 05:00:00,18.8500310994217
2011-12-22 06:00:00,62.6117774625374
2011-12-22 07:00:00,121.206006681105
2011-12-22 08:00:00,225.785076417507
2011-12-22 09:00:00,88.7004049340835
2011-12-22 10:00:00,88.7004049340835
2011-12-22 11:00:00,186.404501508684
2011-12-22 12:00:00,183.432213389818
2011-12-22 13:00:00,183.432213389818
2011-12-22 14:00:00,183.432213389818
2011-12-22 15:00:00,183.432213389818
2011-12-22 16:00:00,195.60341443755
2011-12-22 17:00:00,430.101151543522
2011-12-22 18:00:00,430.101151543522
2011-12-22 19:00:00,261.169106270326
2011-12-22 20:00:00,133.052192141174
2011-12-22 21:00:00,133.052192141174
2011-12-22 22:00:00,98.1993585947635
2011-12-22 23:00:00,46.4538443313785
2011-12-23 00:00:00,34.4355626648632
2011-12-23 01:00:00,12.5536648471196
2011-12-23 02:00:00,3.95333720621014
2011-12-23 03:00:00,2.12640595781652
2011-12-23 04:00:00,2.12640595781652
2011-12-23 05:00:00,18.8500310994217
2011-12-23 06:00:00,62.6117774625374
2011-12-23 07:00:00,88.7004049340835
2011-12-23 08:00:00,88.7004049340835
2011-12-23 09:00:00,105.588702262761
2011-12-23 10:00:00,105.588702262761
2011-12-23 11:00:00,105.588702262761
2011-12-23 12:00:00,105.588702262761
2011-12-23 13:00:00,105.588702262761
2011-12-23 14:00:00,105.588702262761
2011-12-23 15:00:00,105.588702262761
2011-12-23 16:00:00,195.60341443755
2011-12-23 17:00:00,191.475752580464
2011-12-23 18:00:00,191.475752580464
2011-12-23 19:00:00,208.122528037224
2011-12-23 20:00:00,89.7679960737874
2011-12-23 21:00:00,103.383203646853
2011-12-23 22:00:00,47.7529711741195
2011-12-23 23:00:00,53.3808100543903
2011-12-24 00:00:00,34.865456536426
2011-12-24 01:00:00,47.8386118667236
2011-12-24 02:00:00,54.9855754242355
2011-12-24 03:00:00,24.357995028731
2011-12-24 04:00:00,3.99967217692061
2011-12-24 05:00:00,3.99967217692061
2011-12-24 06:00:00,5.41818973363666
2011-12-24 07:00:00,12.5062439252129
2011-12-24 08:00:00,54.5519976789789
2011-12-24 09:00:00,86.0132336864487
2011-12-24 10:00:00,134.351622584082
2011-12-24 11:00:00,205.657073154256
2011-12-24 12:00:00,205.657073154256
2011-12-24 13:00:00,205.657073154256
2011-12-24 14:00:00,205.657073154256
2011-12-24 15:00:00,205.657073154256
2011-12-24 16:00:00,205.657073154256
2011-12-24 17:00:00,111.284047286447
2011-12-24 18:00:00,111.284047286447
2011-12-24 19:00:00,94.7139232329018
2011-12-24 20:00:00,50.6025687254719
2011-12-24 21:00:00,56.2077942369164
2011-12-24 22:00:00,56.2077942369164
2011-12-24 23:00:00,37.2208656248988
2011-12-25 00:00:00,25.9021105254463
2011-12-25 01:00:00,25.9021105254463
2011-12-25 02:00:00,21.9189704222733
2011-12-25 03:00:00,13.9076775310514
2011-12-25 05:00:00,4.0983826990374
2011-12-25 06:00:00,5.41818973363666
2011-12-25 07:00:00,12.5062439252129
2011-12-25 08:00:00,33.6661115800159
2011-12-25 09:00:00,86.0132336864487
2011-12-25 10:00:00,134.351622584082
2011-12-25 11:00:00,205.657073154256
2011-12-25 12:00:00,141.509656911655
2011-12-25 13:00:00,205.657073154256
2011-12-25 14:00:00,205.657073154256
2011-12-25 15:00:00,205.657073154256
2011-12-25 16:00:00,205.657073154256
2011-12-25 17:00:00,111.284047286447
2011-12-25 18:00:00,111.284047286447
2011-12-25 19:00:00,94.7139232329018
2011-12-25 20:00:00,94.7139232329018
2011-12-25 21:00:00,56.2077942369164
2011-12-25 22:00:00,56.2077942369164
2011-12-25 23:00:00,37.2208656248988
2011-12-26 00:00:00,25.9021105254463
2011-12-26 01:00:00,34.865456536426
2011-12-26 02:00:00,21.9189704222733
2011-12-26 04:00:00,3.99967217692061
2011-12-26 05:00:00,3.99967217692061
2011-12-26 06:00:00,3.992634267919
2011-12-26 07:00:00,26.7738625145883
2011-12-26 08:00:00,54.5519976789789
2011-12-26 09:00:00,86.0132336864487
2011-12-26 10:00:00,134.351622584082
2011-12-26 11:00:00,205.657073154256
2011-12-26 12:00:00,205.657073154256
2011-12-26 13:00:00,202.53127693027
2011-12-26 14:00:00,202.53127693027
2011-12-26 15:00:00,202.53127693027
2011-12-26 16:00:00,205.657073154256
2011-12-26 17:00:00,111.284047286447
2011-12-26 18:00:00,111.284047286447
2011-12-26 19:00:00,94.7139232329018
2011-12-26 20:00:00,94.7139232329018
2011-12-26 21:00:00,47.7529711741195
2011-12-26 22:00:00,47.7529711741195
2011-12-26 23:00:00,37.2208656248988
2011-12-27 00:00:00,20.8344574282736
2011-12-27 01:00:00,5.99663598838382
2011-12-27 02:00:00,3.35201774426667
2011-12-27 03:00:00,2.87329374225897
2011-12-27 04:00:00,2.21843725255861
2011-12-27 05:00:00,17.3354025499873
2011-12-27 06:00:00,45.3416782950662
2011-12-27 07:00:00,236.493970693439
2011-12-27 08:00:00,458.632923452012
2011-12-27 09:00:00,223.373523249852
2011-12-27 10:00:00,60.9821429571061
2011-12-27 11:00:00,41.6992513109447
2011-12-27 12:00:00,41.6992513109447
2011-12-27 13:00:00,41.6992513109447
2011-12-27 14:00:00,80.3071409906951
2011-12-27 15:00:00,216.009241611574
2011-12-27 16:00:00,125.239368259932
2011-12-27 17:00:00,125.239368259932
2011-12-27 18:00:00,384.212239355683
2011-12-27 19:00:00,208.122528037224
2011-12-27 20:00:00,141.931030575597
2011-12-27 21:00:00,98.1993585947635
2011-12-27 22:00:00,98.1993585947635
2011-12-27 23:00:00,30.0726572254519
2011-12-28 00:00:00,7.16789095078735
2011-12-28 01:00:00,10.1559732435045
2011-12-28 02:00:00,4.61261076417762
2011-12-28 03:00:00,3.54051973628984
2011-12-28 05:00:00,17.3354025499873
2011-12-28 06:00:00,82.926745387053
2011-12-28 07:00:00,236.493970693439
2011-12-28 08:00:00,458.632923452012
2011-12-28 09:00:00,155.244130345234
2011-12-28 10:00:00,106.438867569076
2011-12-28 11:00:00,143.09205137412
2011-12-28 12:00:00,106.438867569076
2011-12-28 13:00:00,117.204176419286
2011-12-28 14:00:00,117.204176419286
2011-12-28 15:00:00,117.204176419286
2011-12-28 16:00:00,143.498693404534
2011-12-28 17:00:00,335.142541973946
2011-12-28 18:00:00,202.052058150394
2011-12-28 19:00:00,139.256490380506
2011-12-28 20:00:00,114.39610134391
2011-12-28 21:00:00,72.9280987625083
2011-12-28 22:00:00,72.9280987625083
2011-12-28 23:00:00,28.1142955984038
2011-12-29 00:00:00,10.6301989899135
2011-12-29 01:00:00,4.86560265552562
2011-12-29 02:00:00,3.35201774426667
2011-12-29 03:00:00,1.19422009496884
2011-12-29 04:00:00,1.86606598307361
2011-12-29 05:00:00,17.3354025499873
2011-12-29 06:00:00,29.2622016829037
2011-12-29 07:00:00,137.628173251069
2011-12-29 08:00:00,458.632923452012
2011-12-29 09:00:00,179.418063704427
2011-12-29 10:00:00,63.3590217692102
2011-12-29 11:00:00,86.2502390706314
2011-12-29 12:00:00,106.438867569076
2011-12-29 13:00:00,106.438867569076
2011-12-29 14:00:00,86.2502390706314
2011-12-29 15:00:00,86.2502390706314
2011-12-29 16:00:00,94.9908038461758
2011-12-29 17:00:00,191.475752580464
2011-12-29 18:00:00,191.475752580464
2011-12-29 19:00:00,208.122528037224
2011-12-29 20:00:00,89.7679960737874
2011-12-29 21:00:00,103.383203646853
2011-12-29 22:00:00,47.7529711741195
2011-12-29 23:00:00,53.3808100543903
2011-12-30 00:00:00,20.8344574282736
2011-12-30 01:00:00,5.99663598838382
2011-12-30 02:00:00,3.35201774426667
2011-12-30 03:00:00,2.87329374225897
2011-12-30 04:00:00,2.21843725255861
2011-12-30 05:00:00,7.2493459763829
2011-12-30 06:00:00,29.2622016829037
2011-12-30 07:00:00,121.206006681105
2011-12-30 08:00:00,458.632923452012
2011-12-30 09:00:00,223.373523249852
2011-12-30 10:00:00,106.438867569076
2011-12-30 11:00:00,77.8344660773872
2011-12-30 12:00:00,143.09205137412
2011-12-30 13:00:00,111.456556481075
2011-12-30 14:00:00,105.588702262761
2011-12-30 15:00:00,183.432213389818
2011-12-30 16:00:00,195.60341443755
2011-12-30 17:00:00,430.101151543522
2011-12-30 18:00:00,191.475752580464
2011-12-30 19:00:00,139.256490380506
2011-12-30 20:00:00,141.931030575597
2011-12-30 21:00:00,98.1993585947635
2011-12-30 22:00:00,78.5611858044968
2011-12-30 23:00:00,53.3808100543903
2011-12-31 00:00:00,41.8444540011916
2011-12-31 01:00:00,41.8444540011916
2011-12-31 02:00:00,35.2478094687934
2011-12-31 03:00:00,18.1555189329947
2011-12-31 04:00:00,3.99967217692061
2011-12-31 05:00:00,3.99967217692061
2011-12-31 06:00:00,19.3244495295051
2011-12-31 07:00:00,80.3071409906951
2011-12-31 08:00:00,54.5519976789789
2011-12-31 09:00:00,88.7004049340835
2011-12-31 10:00:00,88.7004049340835
2011-12-31 11:00:00,352.964216318213
2011-12-31 12:00:00,258.414218465506
2011-12-31 13:00:00,150.024020278514
2011-12-31 14:00:00,258.414218465506
2011-12-31 15:00:00,150.024020278514
2011-12-31 16:00:00,157.193346890543
2011-12-31 17:00:00,157.193346890543
2011-12-31 18:00:00,157.193346890543
2011-12-31 19:00:00,157.193346890543
2011-12-31 20:00:00,79.1533183384628
2011-12-31 21:00:00,79.1533183384628
2011-12-31 22:00:00,100.985174612178
2011-12-31 23:00:00,53.3808100543903
2012-01-20 00:00:00,10.6301989899135
2012-01-20 01:00:00,4.86560265552562
2012-01-20 02:00:00,3.35201774426667
2012-01-20 03:00:00,2.87329374225897
2012-01-20 04:00:00,2.21843725255861
2012-01-20 05:00:00,17.3354025499873
2012-01-20 06:00:00,45.3416782950662
2012-01-20 07:00:00,137.628173251069
2012-01-20 08:00:00,287.271358423839
2012-01-20 09:00:00,155.244130345234
2012-01-20 10:00:00,63.3590217692102
2012-01-20 11:00:00,66.2136649510461
2012-01-20 12:00:00,66.2136649510461
2012-01-20 13:00:00,86.9002169096976
2012-01-20 14:00:00,86.9002169096976
2012-01-20 15:00:00,86.9002169096976
2012-01-20 16:00:00,94.9908038461758
2012-01-20 17:00:00,211.251743595145
2012-01-20 18:00:00,202.052058150394
2012-01-20 19:00:00,139.256490380506
2012-01-20 20:00:00,114.39610134391
2012-01-20 21:00:00,72.9280987625083
2012-01-20 22:00:00,58.5360943798487
2012-01-20 23:00:00,16.6206453829192
2012-01-21 00:00:00,25.9021105254463
2012-01-21 01:00:00,25.9021105254463
2012-01-21 02:00:00,21.9189704222733
2012-01-21 03:00:00,13.9076775310514
2012-01-21 04:00:00,4.0983826990374
2012-01-21 05:00:00,4.0983826990374
2012-01-21 06:00:00,5.41818973363666
2012-01-21 07:00:00,12.5062439252129
2012-01-21 08:00:00,33.6661115800159
2012-01-21 09:00:00,50.3670836325057
2012-01-21 10:00:00,87.3952061581042
2012-01-21 11:00:00,141.509656911655
2012-01-21 12:00:00,141.509656911655
2012-01-21 13:00:00,117.935543982683
2012-01-21 14:00:00,117.935543982683
2012-01-21 15:00:00,117.935543982683
2012-01-21 16:00:00,117.935543982683
2012-01-21 17:00:00,82.1494087473808
2012-01-21 18:00:00,82.1494087473808
2012-01-21 19:00:00,67.8166338791553
2012-01-21 20:00:00,67.8166338791553
2012-01-21 21:00:00,23.3535931502341
2012-01-21 22:00:00,23.3535931502341
2012-01-21 23:00:00,16.6206453829192
2012-01-22 00:00:00,25.9021105254463
2012-01-22 01:00:00,25.9021105254463
2012-01-22 02:00:00,21.9189704222733
2012-01-22 03:00:00,9.71851553680926
2012-01-22 04:00:00,3.39526022911643
2012-01-22 05:00:00,2.2054211793046
2012-01-22 06:00:00,5.41818973363666
2012-01-22 07:00:00,12.5062439252129
2012-01-22 08:00:00,33.6661115800159
2012-01-22 09:00:00,50.3670836325057
2012-01-22 10:00:00,87.3952061581042
2012-01-22 11:00:00,87.3952061581042
2012-01-22 12:00:00,117.935543982683
2012-01-22 13:00:00,117.935543982683
2012-01-22 14:00:00,117.935543982683
2012-01-22 15:00:00,117.935543982683
2012-01-22 16:00:00,117.935543982683
2012-01-22 17:00:00,82.1494087473808
2012-01-22 18:00:00,82.1494087473808
2012-01-22 19:00:00,67.8166338791553
2012-01-22 20:00:00,67.8166338791553
2012-01-22 21:00:00,23.3535931502341
2012-01-22 22:00:00,23.3535931502341
2012-01-22 23:00:00,16.6206453829192
2012-01-23 00:00:00,14.8380250690586
2012-01-23 01:00:00,5.99663598838382
2012-01-23 02:00:00,2.1983752102188
2012-01-23 03:00:00,1.51385904479011
2012-01-23 04:00:00,1.51385904479011
2012-01-23 05:00:00,7.2493459763829
2012-01-23 06:00:00,29.2622016829037
2012-01-23 07:00:00,121.206006681105
2012-01-23 08:00:00,287.271358423839
2012-01-23 09:00:00,179.418063704427
2012-01-23 10:00:00,60.9821429571061
2012-01-23 11:00:00,37.0926894065422
2012-01-23 12:00:00,60.9821429571061
2012-01-23 13:00:00,41.6992513109447
2012-01-23 14:00:00,37.0926894065422
2012-01-23 15:00:00,37.0926894065422
2012-01-23 16:00:00,94.9908038461758
2012-01-23 17:00:00,145.487879409153
2012-01-23 18:00:00,145.487879409153
2012-01-23 19:00:00,101.887015132193
2012-01-23 20:00:00,89.7679960737874
2012-01-23 21:00:00,71.960016177397
2012-01-23 22:00:00,71.960016177397
2012-01-23 23:00:00,30.0726572254519
2012-01-24 00:00:00,7.16789095078735
2012-01-24 01:00:00,7.07499049141015
2012-01-24 02:00:00,4.61261076417762
2012-01-24 03:00:00,1.51385904479011
2012-01-24 04:00:00,1.51385904479011
2012-01-24 05:00:00,7.2493459763829
2012-01-24 06:00:00,62.6117774625374
2012-01-24 07:00:00,121.206006681105
2012-01-24 08:00:00,225.785076417507
2012-01-24 09:00:00,223.373523249852
2012-01-24 10:00:00,60.9821429571061
2012-01-24 11:00:00,77.8344660773872
2012-01-24 12:00:00,77.8344660773872
2012-01-24 13:00:00,77.8344660773872
2012-01-24 14:00:00,77.8344660773872
2012-01-24 15:00:00,105.588702262761
2012-01-24 16:00:00,195.60341443755
2012-01-24 17:00:00,430.101151543522
2012-01-24 18:00:00,430.101151543522
2012-01-24 19:00:00,261.169106270326
2012-01-24 20:00:00,141.931030575597
2012-01-24 21:00:00,98.1993585947635
2012-01-24 22:00:00,98.1993585947635
2012-01-24 23:00:00,53.3808100543903
2012-01-25 00:00:00,7.16789095078735
2012-01-25 01:00:00,5.99663598838382
2012-01-25 02:00:00,4.61261076417762
2012-01-25 03:00:00,2.87329374225897
2012-01-25 04:00:00,3.54051973628984
2012-01-25 05:00:00,17.3354025499873
2012-01-25 06:00:00,45.3416782950662
2012-01-25 07:00:00,137.628173251069
2012-01-25 08:00:00,287.271358423839
2012-01-25 09:00:00,116.66057625453
2012-01-25 10:00:00,37.0926894065422
2012-01-25 11:00:00,106.438867569076
2012-01-25 12:00:00,143.09205137412
2012-01-25 13:00:00,111.456556481075
2012-01-25 14:00:00,86.2502390706314
2012-01-25 15:00:00,86.2502390706314
2012-01-25 16:00:00,94.9908038461758
2012-01-25 17:00:00,191.475752580464
2012-01-25 18:00:00,191.475752580464
2012-01-25 19:00:00,208.122528037224
2012-01-25 20:00:00,89.7679960737874
2012-01-25 21:00:00,98.1993585947635
2012-01-25 22:00:00,47.7529711741195
2012-01-25 23:00:00,53.3808100543903
2012-01-26 00:00:00,14.8380250690586
2012-01-26 01:00:00,10.1559732435045
2012-01-26 02:00:00,4.61261076417762
2012-01-26 03:00:00,2.87329374225897
2012-01-26 04:00:00,2.21843725255861
2012-01-26 05:00:00,7.2493459763829
2012-01-26 06:00:00,62.6117774625374
2012-01-26 07:00:00,121.206006681105
2012-01-26 08:00:00,225.785076417507
2012-01-26 09:00:00,223.373523249852
2012-01-26 10:00:00,77.8344660773872
2012-01-26 11:00:00,77.8344660773872
2012-01-26 12:00:00,77.8344660773872
2012-01-26 13:00:00,105.588702262761
2012-01-26 14:00:00,105.588702262761
2012-01-26 15:00:00,183.432213389818
2012-01-26 16:00:00,195.60341443755
2012-01-26 17:00:00,430.101151543522
2012-01-26 18:00:00,430.101151543522
2012-01-26 19:00:00,261.169106270326
2012-01-26 20:00:00,179.929562293702
2012-01-26 21:00:00,146.480782100965
2012-01-26 22:00:00,100.985174612178
2012-01-26 23:00:00,68.5777042776937
2012-01-27 00:00:00,34.4355626648632
2012-01-27 01:00:00,12.5536648471196
2012-01-27 02:00:00,7.50373607979913
2012-01-27 03:00:00,2.69094325024673
2012-01-27 04:00:00,2.69094325024673
2012-01-27 05:00:00,19.4732476238163
2012-01-27 06:00:00,101.654252785665
2012-01-27 07:00:00,66.2522495625034
2012-01-27 08:00:00,169.01144601841
2012-01-27 09:00:00,83.3027988266423
2012-01-27 10:00:00,56.0707790091766
2012-01-27 11:00:00,100.755471777924
2012-01-27 12:00:00,143.576565165577
2012-01-27 13:00:00,183.432213389818
2012-01-27 14:00:00,183.432213389818
2012-01-27 15:00:00,183.432213389818
2012-01-27 16:00:00,195.60341443755
2012-01-27 17:00:00,384.212239355683
2012-01-27 18:00:00,384.212239355683
2012-01-27 19:00:00,208.122528037224
2012-01-27 20:00:00,89.7679960737874
2012-01-27 21:00:00,72.9280987625083
2012-01-27 22:00:00,72.9280987625083
2012-01-27 23:00:00,37.2208656248988
2012-01-28 00:00:00,55.8345313309007
2012-01-28 01:00:00,55.8345313309007
2012-01-28 02:00:00,21.9189704222733
2012-01-28 03:00:00,13.9076775310514
2012-01-28 04:00:00,2.2054211793046
2012-01-28 05:00:00,4.0983826990374
2012-01-28 06:00:00,5.41818973363666
2012-01-28 07:00:00,12.5062439252129
2012-01-28 08:00:00,33.6661115800159
2012-01-28 09:00:00,86.0132336864487
2012-01-28 10:00:00,134.351622584082
2012-01-28 11:00:00,205.657073154256
2012-01-28 12:00:00,205.657073154256
2012-01-28 13:00:00,205.657073154256
2012-01-28 14:00:00,105.588702262761
2012-01-28 15:00:00,105.588702262761
2012-01-28 16:00:00,157.193346890543
2012-01-28 17:00:00,157.193346890543
2012-01-28 18:00:00,157.193346890543
2012-01-28 19:00:00,157.193346890543
2012-01-28 20:00:00,79.1533183384628
2012-01-28 21:00:00,78.5611858044968
2012-01-28 22:00:00,78.5611858044968
2012-01-28 23:00:00,53.3808100543903
2012-01-29 00:00:00,55.8345313309007
2012-01-29 01:00:00,55.8345313309007
2012-01-29 02:00:00,21.9189704222733
2012-01-29 03:00:00,9.71851553680926
2012-01-29 04:00:00,4.0983826990374
2012-01-29 05:00:00,4.0983826990374
2012-01-29 06:00:00,3.992634267919
2012-01-29 07:00:00,12.5062439252129
2012-01-29 08:00:00,33.6661115800159
2012-01-29 09:00:00,50.3670836325057
2012-01-29 10:00:00,134.351622584082
2012-01-29 11:00:00,215.011419822116
2012-01-29 12:00:00,215.011419822116
2012-01-29 13:00:00,215.011419822116
2012-01-29 14:00:00,215.011419822116
2012-01-29 15:00:00,215.011419822116
2012-01-29 16:00:00,215.011419822116
2012-01-29 17:00:00,215.011419822116
2012-01-29 18:00:00,215.011419822116
2012-01-29 19:00:00,94.7139232329018
2012-01-29 20:00:00,50.6025687254719
2012-01-29 21:00:00,56.2077942369164
2012-01-29 22:00:00,56.2077942369164
2012-01-29 23:00:00,37.2208656248988
2012-01-30 00:00:00,20.8344574282736
2012-01-30 01:00:00,2.93287512656574
2012-01-30 02:00:00,2.1983752102188
2012-01-30 03:00:00,2.87329374225897
2012-01-30 04:00:00,1.86606598307361
2012-01-30 05:00:00,8.38477541127575
2012-01-30 06:00:00,45.3416782950662
2012-01-30 07:00:00,137.628173251069
2012-01-30 08:00:00,204.495795764473
2012-01-30 09:00:00,155.244130345234
2012-01-30 10:00:00,63.3590217692102
2012-01-30 11:00:00,86.2502390706314
2012-01-30 12:00:00,86.9002169096976
2012-01-30 13:00:00,82.9135945877008
2012-01-30 14:00:00,111.456556481075
2012-01-30 15:00:00,82.9135945877008
2012-01-30 16:00:00,94.9908038461758
2012-01-30 17:00:00,335.142541973946
2012-01-30 18:00:00,335.142541973946
2012-01-30 19:00:00,208.122528037224
2012-01-30 20:00:00,114.39610134391
2012-01-30 21:00:00,72.9280987625083
2012-01-30 22:00:00,72.9280987625083
2012-01-30 23:00:00,37.2208656248988
2012-01-31 00:00:00,20.8344574282736
2012-01-31 01:00:00,2.93287512656574
2012-01-31 02:00:00,4.61261076417762
2012-01-31 03:00:00,2.87329374225897
2012-01-31 04:00:00,2.21843725255861
2012-01-31 05:00:00,17.3354025499873
2012-01-31 06:00:00,60.8820449752604
2012-01-31 07:00:00,236.493970693439
2012-01-31 08:00:00,458.632923452012
2012-01-31 09:00:00,223.373523249852
2012-01-31 10:00:00,106.438867569076
2012-01-31 11:00:00,202.53127693027
2012-01-31 12:00:00,202.53127693027
2012-01-31 13:00:00,183.432213389818
2012-01-31 14:00:00,120.975206371501
2012-01-31 15:00:00,120.975206371501
2012-01-31 16:00:00,287.205885713541
2012-01-31 17:00:00,473.824310412486
2012-01-31 18:00:00,473.824310412486
2012-01-31 19:00:00,367.78639999455
2012-01-31 20:00:00,179.929562293702
2012-01-31 21:00:00,166.834552700431
2012-01-31 22:00:00,97.4509261049145
2012-01-31 23:00:00,53.1109431948573
2012-02-20 00:00:00,34.865456536426
2012-02-20 01:00:00,34.865456536426
2012-02-20 02:00:00,21.9189704222733
2012-02-20 03:00:00,9.71851553680926
2012-02-20 05:00:00,3.39526022911643
2012-02-20 06:00:00,3.992634267919
2012-02-20 07:00:00,12.5062439252129
2012-02-20 08:00:00,33.6661115800159
2012-02-20 09:00:00,50.3670836325057
2012-02-20 10:00:00,87.3952061581042
2012-02-20 11:00:00,150.807264833601
2012-02-20 12:00:00,150.807264833601
2012-02-20 13:00:00,205.657073154256
2012-02-20 14:00:00,205.657073154256
2012-02-20 15:00:00,215.011419822116
2012-02-20 16:00:00,215.011419822116
2012-02-20 17:00:00,157.193346890543
2012-02-20 18:00:00,215.011419822116
2012-02-20 19:00:00,94.7139232329018
2012-02-20 20:00:00,94.7139232329018
2012-02-20 21:00:00,56.2077942369164
2012-02-20 22:00:00,56.2077942369164
2012-02-20 23:00:00,53.3808100543903
2012-02-21 00:00:00,14.8380250690586
2012-02-21 01:00:00,9.0429557884334
2012-02-21 02:00:00,3.35201774426667
2012-02-21 04:00:00,2.21843725255861
2012-02-21 05:00:00,17.3354025499873
2012-02-21 06:00:00,29.2622016829037
2012-02-21 07:00:00,236.493970693439
2012-02-21 08:00:00,287.271358423839
2012-02-21 09:00:00,179.418063704427
2012-02-21 10:00:00,37.0926894065422
2012-02-21 11:00:00,77.8344660773872
2012-02-21 12:00:00,106.438867569076
2012-02-21 13:00:00,106.438867569076
2012-02-21 14:00:00,87.6095169184057
2012-02-21 15:00:00,87.6095169184057
2012-02-21 16:00:00,143.498693404534
2012-02-21 17:00:00,384.212239355683
2012-02-21 18:00:00,384.212239355683
2012-02-21 19:00:00,208.122528037224
2012-02-21 20:00:00,89.7679960737874
2012-02-21 21:00:00,78.5611858044968
2012-02-21 22:00:00,78.5611858044968
2012-02-21 23:00:00,53.3808100543903
2012-02-22 00:00:00,20.8344574282736
2012-02-22 01:00:00,10.1559732435045
2012-02-22 02:00:00,4.61261076417762
2012-02-22 03:00:00,2.87329374225897
2012-02-22 04:00:00,2.21843725255861
2012-02-22 05:00:00,17.3354025499873
2012-02-22 06:00:00,62.6117774625374
2012-02-22 07:00:00,121.206006681105
2012-02-22 08:00:00,458.632923452012
2012-02-22 09:00:00,223.373523249852
2012-02-22 10:00:00,60.9821429571061
2012-02-22 11:00:00,77.8344660773872
2012-02-22 12:00:00,105.588702262761
2012-02-22 13:00:00,183.432213389818
2012-02-22 14:00:00,183.432213389818
2012-02-22 15:00:00,183.432213389818
2012-02-22 16:00:00,287.205885713541
2012-02-22 17:00:00,473.824310412486
2012-02-22 18:00:00,309.547708686978
2012-02-22 19:00:00,261.169106270326
2012-02-22 20:00:00,179.929562293702
2012-02-22 21:00:00,166.834552700431
2012-02-22 22:00:00,129.328770624747
2012-02-22 23:00:00,53.1109431948573
2012-02-23 00:00:00,30.7991504346536
2012-02-23 01:00:00,9.0429557884334
2012-02-23 02:00:00,10.9724558551338
2012-02-23 03:00:00,2.12640595781652
2012-02-23 04:00:00,2.69094325024673
2012-02-23 05:00:00,18.8500310994217
2012-02-23 06:00:00,62.6117774625374
2012-02-23 07:00:00,121.206006681105
2012-02-23 08:00:00,225.785076417507
2012-02-23 09:00:00,116.66057625453
2012-02-23 10:00:00,136.584067971403
2012-02-23 11:00:00,136.584067971403
2012-02-23 12:00:00,183.432213389818
2012-02-23 13:00:00,183.432213389818
2012-02-23 14:00:00,183.432213389818
2012-02-23 15:00:00,183.432213389818
2012-02-23 16:00:00,287.205885713541
2012-02-23 17:00:00,694.174268287297
2012-02-23 18:00:00,694.174268287297
2012-02-23 19:00:00,367.78639999455
2012-02-23 20:00:00,280.100305721933
2012-02-23 21:00:00,192.26559853701
2012-02-23 22:00:00,129.328770624747
2012-02-23 23:00:00,111.375739460566
2012-02-24 00:00:00,49.3762978143666
2012-02-24 01:00:00,18.9591097909626
2012-02-24 02:00:00,7.18687643185479
2012-02-24 03:00:00,6.48168347401505
2012-02-24 04:00:00,6.48168347401505
2012-02-24 05:00:00,18.8500310994217
2012-02-24 06:00:00,62.6117774625374
2012-02-24 07:00:00,88.7004049340835
2012-02-24 08:00:00,88.7004049340835
2012-02-24 09:00:00,116.66057625453
2012-02-24 10:00:00,41.6992513109447
2012-02-24 11:00:00,77.8344660773872
2012-02-24 12:00:00,88.7004049340835
2012-02-24 13:00:00,183.432213389818
2012-02-24 14:00:00,183.432213389818
2012-02-24 15:00:00,83.3027988266423
2012-02-24 16:00:00,125.239368259932
2012-02-24 17:00:00,125.239368259932
2012-02-24 18:00:00,430.101151543522
2012-02-24 19:00:00,261.169106270326
2012-02-24 20:00:00,179.929562293702
2012-02-24 21:00:00,192.26559853701
2012-02-24 22:00:00,97.4509261049145
2012-02-24 23:00:00,53.1109431948573
2012-02-25 00:00:00,55.8345313309007
2012-02-25 01:00:00,55.8345313309007
2012-02-25 02:00:00,21.9189704222733
2012-02-25 03:00:00,9.71851553680926
2012-02-25 04:00:00,3.39526022911643
2012-02-25 05:00:00,3.39526022911643
2012-02-25 06:00:00,3.992634267919
2012-02-25 07:00:00,12.5062439252129
2012-02-25 08:00:00,33.6661115800159
2012-02-25 09:00:00,50.3670836325057
2012-02-25 10:00:00,134.351622584082
2012-02-25 11:00:00,150.807264833601
2012-02-25 12:00:00,215.011419822116
2012-02-25 13:00:00,215.011419822116
2012-02-25 14:00:00,215.011419822116
2012-02-25 15:00:00,215.011419822116
2012-02-25 16:00:00,215.011419822116
2012-02-25 17:00:00,215.011419822116
2012-02-25 18:00:00,215.011419822116
2012-02-25 19:00:00,67.8166338791553
2012-02-25 20:00:00,67.8166338791553
2012-02-25 21:00:00,58.5360943798487
2012-02-25 22:00:00,58.5360943798487
2012-02-25 23:00:00,28.1142955984038
2012-02-26 00:00:00,25.9021105254463
2012-02-26 01:00:00,25.9021105254463
2012-02-26 02:00:00,21.9189704222733
2012-02-26 03:00:00,9.71851553680926
2012-02-26 04:00:00,2.2054211793046
2012-02-26 05:00:00,2.2054211793046
2012-02-26 06:00:00,3.992634267919
2012-02-26 07:00:00,12.5062439252129
2012-02-26 08:00:00,33.6661115800159
2012-02-26 09:00:00,50.3670836325057
2012-02-26 10:00:00,134.351622584082
2012-02-26 11:00:00,150.807264833601
2012-02-26 12:00:00,205.657073154256
2012-02-26 13:00:00,205.657073154256
2012-02-26 14:00:00,215.011419822116
2012-02-26 15:00:00,215.011419822116
2012-02-26 16:00:00,215.011419822116
2012-02-26 17:00:00,215.011419822116
2012-02-26 18:00:00,111.284047286447
2012-02-26 19:00:00,94.7139232329018
2012-02-26 20:00:00,94.7139232329018
2012-02-26 21:00:00,56.2077942369164
2012-02-26 22:00:00,56.2077942369164
2012-02-26 23:00:00,37.2208656248988
2012-02-27 00:00:00,20.8344574282736
2012-02-27 01:00:00,5.99663598838382
2012-02-27 02:00:00,4.61261076417762
2012-02-27 03:00:00,2.87329374225897
2012-02-27 04:00:00,1.51385904479011
2012-02-27 05:00:00,7.2493459763829
2012-02-27 06:00:00,45.3416782950662
2012-02-27 07:00:00,137.628173251069
2012-02-27 08:00:00,458.632923452012
2012-02-27 09:00:00,179.418063704427
2012-02-27 10:00:00,106.438867569076
2012-02-27 11:00:00,143.09205137412
2012-02-27 12:00:00,202.53127693027
2012-02-27 13:00:00,202.53127693027
2012-02-27 14:00:00,183.432213389818
2012-02-27 15:00:00,120.975206371501
2012-02-27 16:00:00,287.205885713541
2012-02-27 17:00:00,473.824310412486
2012-02-27 18:00:00,473.824310412486
2012-02-27 19:00:00,367.78639999455
2012-02-27 20:00:00,247.527908329474
2012-02-27 21:00:00,166.834552700431
2012-02-27 22:00:00,129.328770624747
2012-02-27 23:00:00,111.375739460566
2012-02-28 00:00:00,49.3762978143666
2012-02-28 01:00:00,18.9591097909626
2012-02-28 02:00:00,8.50603753971467
2012-02-28 03:00:00,4.75402695500788
2012-02-28 04:00:00,3.54051973628984
2012-02-28 05:00:00,17.3354025499873
2012-02-28 06:00:00,45.3416782950662
2012-02-28 07:00:00,236.493970693439
2012-02-28 08:00:00,458.632923452012
2012-02-28 09:00:00,155.244130345234
2012-02-28 10:00:00,117.204176419286
2012-02-28 11:00:00,117.204176419286
2012-02-28 12:00:00,143.09205137412
2012-02-28 13:00:00,111.456556481075
2012-02-28 14:00:00,90.7477129716211
2012-02-28 15:00:00,120.975206371501
2012-02-28 16:00:00,195.60341443755
2012-02-28 17:00:00,430.101151543522
2012-02-28 18:00:00,430.101151543522
2012-02-28 19:00:00,261.169106270326
2012-02-28 20:00:00,179.929562293702
2012-02-28 21:00:00,98.1993585947635
2012-02-28 22:00:00,98.1993585947635
2012-02-28 23:00:00,53.3808100543903
2012-02-29 00:00:00,14.8380250690586
2012-02-29 01:00:00,9.0429557884334
2012-02-29 02:00:00,4.61261076417762
2012-02-29 03:00:00,2.87329374225897
2012-02-29 05:00:00,7.2493459763829
2012-02-29 06:00:00,62.6117774625374
2012-02-29 07:00:00,121.206006681105
2012-02-29 08:00:00,458.632923452012
2012-02-29 09:00:00,223.373523249852
2012-02-29 10:00:00,41.6992513109447
2012-02-29 11:00:00,41.6992513109447
2012-02-29 12:00:00,41.6992513109447
2012-02-29 13:00:00,77.8344660773872
2012-02-29 14:00:00,77.8344660773872
2012-02-29 15:00:00,88.7004049340835
2012-02-29 16:00:00,216.009241611574
2012-02-29 17:00:00,430.101151543522
2012-02-29 18:00:00,125.239368259932
2012-02-29 19:00:00,261.169106270326
2012-02-29 20:00:00,125.239368259932
2012-02-29 21:00:00,125.239368259932
2012-02-29 22:00:00,43.3803016929579
2012-02-29 23:00:00,46.4538443313785
2012-03-20 00:00:00,27.5324638690716
2012-03-20 01:00:00,19.506591375193
2012-03-20 02:00:00,7.50373607979913
2012-03-20 03:00:00,5.70371085090792
2012-03-20 04:00:00,5.44365238712566
2012-03-20 05:00:00,19.4732476238163
2012-03-20 06:00:00,97.897447165678
2012-03-20 07:00:00,169.01144601841
2012-03-20 08:00:00,444.075082020803
2012-03-20 09:00:00,252.323638352526
2012-03-20 10:00:00,100.755471777924
2012-03-20 11:00:00,100.755471777924
2012-03-20 12:00:00,143.576565165577
2012-03-20 13:00:00,143.576565165577
2012-03-20 14:00:00,183.432213389818
2012-03-20 15:00:00,183.432213389818
2012-03-20 16:00:00,349.788968456734
2012-03-20 17:00:00,560.849442223082
2012-03-20 18:00:00,692.497989849207
2012-03-20 19:00:00,396.15570140556
2012-03-20 20:00:00,342.714577166227
2012-03-20 21:00:00,245.828118612717
2012-03-20 22:00:00,160.967674232028
2012-03-20 23:00:00,98.8598002443796
2012-03-21 00:00:00,34.4355626648632
2012-03-21 01:00:00,19.506591375193
2012-03-21 02:00:00,9.35719975454896
2012-03-21 03:00:00,2.69094325024673
2012-03-21 04:00:00,4.21855199718364
2012-03-21 05:00:00,19.4732476238163
2012-03-21 06:00:00,97.897447165678
2012-03-21 07:00:00,169.01144601841
2012-03-21 08:00:00,169.01144601841
2012-03-21 09:00:00,252.323638352526
2012-03-21 10:00:00,100.755471777924
2012-03-21 11:00:00,100.755471777924
2012-03-21 12:00:00,143.576565165577
2012-03-21 13:00:00,143.576565165577
2012-03-21 14:00:00,143.576565165577
2012-03-21 15:00:00,143.576565165577
2012-03-21 16:00:00,349.788968456734
2012-03-21 17:00:00,560.849442223082
2012-03-21 18:00:00,560.849442223082
2012-03-21 19:00:00,433.349911387059
2012-03-21 20:00:00,342.714577166227
2012-03-21 21:00:00,161.689738206903
2012-03-21 22:00:00,164.918157434086
2012-03-21 23:00:00,77.416442491402
2012-03-22 00:00:00,34.4355626648632
2012-03-22 01:00:00,19.506591375193
2012-03-22 02:00:00,9.35719975454896
2012-03-22 03:00:00,5.30369036086965
2012-03-22 04:00:00,4.21855199718364
2012-03-22 05:00:00,19.4732476238163
2012-03-22 06:00:00,97.897447165678
2012-03-22 07:00:00,66.2522495625034
2012-03-22 08:00:00,444.075082020803
2012-03-22 09:00:00,294.02110003534
2012-03-22 10:00:00,66.2522495625034
2012-03-22 11:00:00,100.755471777924
2012-03-22 12:00:00,143.576565165577
2012-03-22 13:00:00,143.576565165577
2012-03-22 14:00:00,188.362068690242
2012-03-22 15:00:00,188.362068690242
2012-03-22 16:00:00,349.788968456734
2012-03-22 17:00:00,560.849442223082
2012-03-22 18:00:00,560.849442223082
2012-03-22 19:00:00,433.349911387059
2012-03-22 20:00:00,342.714577166227
2012-03-22 21:00:00,245.828118612717
2012-03-22 22:00:00,164.918157434086
2012-03-22 23:00:00,77.416442491402
2012-03-23 00:00:00,27.5324638690716
2012-03-23 01:00:00,19.506591375193
2012-03-23 02:00:00,9.35719975454896
2012-03-23 03:00:00,5.30369036086965
2012-03-23 04:00:00,4.21855199718364
2012-03-23 05:00:00,19.4732476238163
2012-03-23 06:00:00,154.197716988712
2012-03-23 07:00:00,346.577287790174
2012-03-23 08:00:00,444.075082020803
2012-03-23 09:00:00,294.02110003534
2012-03-23 10:00:00,100.755471777924
2012-03-23 11:00:00,160.717993696267
2012-03-23 12:00:00,265.470661707264
2012-03-23 13:00:00,329.788215347012
2012-03-23 14:00:00,329.788215347012
2012-03-23 15:00:00,329.788215347012
2012-03-23 16:00:00,397.548998870186
2012-03-23 17:00:00,694.174268287297
2012-03-23 18:00:00,694.174268287297
2012-03-23 19:00:00,433.349911387059
2012-03-23 20:00:00,320.056635812654
2012-03-23 21:00:00,222.992509729858
2012-03-23 22:00:00,164.918157434086
2012-03-23 23:00:00,127.2567064298
2012-03-24 00:00:00,118.359587735357
2012-03-24 01:00:00,99.955446655473
2012-03-24 02:00:00,60.0423583054665
2012-03-24 03:00:00,28.2205849066916
2012-03-24 04:00:00,10.5889819331865
2012-03-24 05:00:00,10.5889819331865
2012-03-24 06:00:00,32.1251965892711
2012-03-24 07:00:00,60.9042757232087
2012-03-24 08:00:00,150.367060283136
2012-03-24 09:00:00,222.361351626863
2012-03-24 10:00:00,352.964216318213
2012-03-24 11:00:00,352.964216318213
2012-03-24 12:00:00,50.1472949972286
2012-03-24 13:00:00,50.1472949972286
2012-03-24 14:00:00,50.1472949972286
2012-03-24 15:00:00,50.1472949972286
2012-03-24 16:00:00,50.1472949972286
2012-03-24 17:00:00,50.1472949972286
2012-03-24 18:00:00,50.1472949972286
2012-03-24 19:00:00,50.1472949972286
2012-03-24 20:00:00,50.1472949972286
2012-03-24 21:00:00,50.1472949972286
2012-03-24 22:00:00,43.3803016929579
2012-03-24 23:00:00,53.1109431948573
2012-03-25 00:00:00,41.8444540011916
2012-03-25 01:00:00,41.8444540011916
2012-03-25 02:00:00,35.2478094687934
2012-03-25 03:00:00,18.1555189329947
2012-03-25 04:00:00,6.93507204313882
2012-03-25 05:00:00,6.93507204313882
2012-03-25 06:00:00,10.6250615144394
2012-03-25 07:00:00,88.7004049340835
2012-03-25 08:00:00,88.7004049340835
2012-03-25 09:00:00,88.7004049340835
2012-03-25 10:00:00,88.7004049340835
2012-03-25 11:00:00,88.7004049340835
2012-03-25 12:00:00,88.7004049340835
2012-03-25 13:00:00,352.964216318213
2012-03-25 14:00:00,352.964216318213
2012-03-25 15:00:00,352.964216318213
2012-03-25 16:00:00,204.84515919379
2012-03-25 17:00:00,406.077190303424
2012-03-25 18:00:00,406.077190303424
2012-03-25 19:00:00,267.284950998083
2012-03-25 20:00:00,198.182780166138
2012-03-25 21:00:00,159.879683147878
2012-03-25 22:00:00,129.328770624747
2012-03-25 23:00:00,77.416442491402
2012-03-26 00:00:00,34.4355626648632
2012-03-26 01:00:00,13.6299929203255
2012-03-26 02:00:00,9.35719975454896
2012-03-26 03:00:00,2.69094325024673
2012-03-26 04:00:00,7.94472511923318
2012-03-26 05:00:00,28.3681122454139
2012-03-26 06:00:00,101.654252785665
2012-03-26 07:00:00,397.77704352508
2012-03-26 08:00:00,516.16773681739
2012-03-26 09:00:00,233.705245996888
2012-03-26 10:00:00,136.584067971403
2012-03-26 11:00:00,136.584067971403
2012-03-26 12:00:00,282.345442408637
2012-03-26 13:00:00,282.345442408637
2012-03-26 14:00:00,282.345442408637
2012-03-26 15:00:00,282.345442408637
2012-03-26 16:00:00,195.60341443755
2012-03-26 17:00:00,309.547708686978
2012-03-26 18:00:00,309.547708686978
2012-03-26 19:00:00,261.169106270326
2012-03-26 20:00:00,179.929562293702
2012-03-26 21:00:00,192.26559853701
2012-03-26 22:00:00,78.5611858044968
2012-03-26 23:00:00,37.2208656248988
2012-03-27 00:00:00,20.8344574282736
2012-03-27 01:00:00,2.93287512656574
2012-03-27 02:00:00,4.61261076417762
2012-03-27 03:00:00,3.54051973628984
2012-03-27 04:00:00,1.86606598307361
2012-03-27 05:00:00,4.88524497971948
2012-03-27 06:00:00,60.8820449752604
2012-03-27 07:00:00,137.628173251069
2012-03-27 08:00:00,204.495795764473
2012-03-27 09:00:00,179.418063704427
2012-03-27 10:00:00,82.9135945877008
2012-03-27 11:00:00,82.9135945877008
2012-03-27 12:00:00,82.9135945877008
2012-03-27 13:00:00,86.2502390706314
2012-03-27 14:00:00,90.7477129716211
2012-03-27 15:00:00,282.345442408637
2012-03-27 16:00:00,195.60341443755
2012-03-27 17:00:00,430.101151543522
2012-03-27 18:00:00,430.101151543522
2012-03-27 19:00:00,261.169106270326
2012-03-27 20:00:00,179.929562293702
2012-03-27 21:00:00,78.5611858044968
2012-03-27 22:00:00,78.5611858044968
2012-03-27 23:00:00,53.3808100543903
2012-03-28 00:00:00,20.8344574282736
2012-03-28 01:00:00,9.0429557884334
2012-03-28 02:00:00,4.61261076417762
2012-03-28 03:00:00,3.54051973628984
2012-03-28 04:00:00,3.54051973628984
2012-03-28 05:00:00,17.3354025499873
2012-03-28 06:00:00,82.926745387053
2012-03-28 07:00:00,236.493970693439
2012-03-28 08:00:00,203.767773398795
2012-03-28 09:00:00,202.53127693027
2012-03-28 10:00:00,136.584067971403
2012-03-28 11:00:00,136.584067971403
2012-03-28 12:00:00,188.362068690242
2012-03-28 13:00:00,188.362068690242
2012-03-28 14:00:00,255.933480601599
2012-03-28 15:00:00,255.933480601599
2012-03-28 16:00:00,395.395891659878
2012-03-28 17:00:00,692.497989849207
2012-03-28 18:00:00,692.497989849207
2012-03-28 19:00:00,433.349911387059
2012-03-28 20:00:00,320.056635812654
2012-03-28 21:00:00,245.828118612717
2012-03-28 22:00:00,203.198727467034
2012-03-28 23:00:00,77.416442491402
2012-03-29 00:00:00,40.5308308229912
2012-03-29 01:00:00,14.9429345475135
2012-03-29 02:00:00,6.1857701747819
2012-03-29 03:00:00,3.99399509774209
2012-03-29 04:00:00,5.53650894585926
2012-03-29 05:00:00,28.3681122454139
2012-03-29 06:00:00,120.668224347913
2012-03-29 07:00:00,397.77704352508
2012-03-29 08:00:00,516.16773681739
2012-03-29 09:00:00,280.303869432341
2012-03-29 10:00:00,136.584067971403
2012-03-29 11:00:00,136.584067971403
2012-03-29 12:00:00,188.362068690242
2012-03-29 13:00:00,188.362068690242
2012-03-29 14:00:00,188.362068690242
2012-03-29 15:00:00,188.362068690242
2012-03-29 16:00:00,287.205885713541
2012-03-29 17:00:00,473.824310412486
2012-03-29 18:00:00,473.824310412486
2012-03-29 19:00:00,261.169106270326
2012-03-29 20:00:00,247.527908329474
2012-03-29 21:00:00,192.26559853701
2012-03-29 22:00:00,97.4509261049145
2012-03-29 23:00:00,53.1109431948573
2012-03-30 00:00:00,30.7991504346536
2012-03-30 01:00:00,9.0429557884334
2012-03-30 02:00:00,4.61261076417762
2012-03-30 03:00:00,2.87329374225897
2012-03-30 04:00:00,2.21843725255861
2012-03-30 05:00:00,17.3354025499873
2012-03-30 06:00:00,82.926745387053
2012-03-30 07:00:00,236.493970693439
2012-03-30 08:00:00,458.632923452012
2012-03-30 09:00:00,223.373523249852
2012-03-30 10:00:00,143.09205137412
2012-03-30 11:00:00,86.2502390706314
2012-03-30 12:00:00,203.767773398795
2012-03-30 13:00:00,176.627413720632
2012-03-30 14:00:00,176.627413720632
2012-03-30 15:00:00,216.009241611574
2012-03-30 16:00:00,216.009241611574
2012-03-30 17:00:00,384.212239355683
2012-03-30 18:00:00,430.101151543522
2012-03-30 19:00:00,261.169106270326
2012-03-30 20:00:00,179.929562293702
2012-03-30 21:00:00,146.480782100965
2012-03-30 22:00:00,78.5611858044968
2012-03-30 23:00:00,53.3808100543903
2012-03-31 00:00:00,70.3963316029031
2012-03-31 01:00:00,70.3963316029031
2012-03-31 02:00:00,35.2478094687934
2012-03-31 03:00:00,18.1555189329947
2012-03-31 04:00:00,6.93507204313882
2012-03-31 05:00:00,6.93507204313882
2012-03-31 06:00:00,19.3244495295051
2012-03-31 07:00:00,26.7738625145883
2012-03-31 08:00:00,54.5519976789789
2012-03-31 09:00:00,88.7004049340835
2012-03-31 10:00:00,88.7004049340835
2012-03-31 11:00:00,352.964216318213
2012-03-31 12:00:00,352.964216318213
2012-03-31 13:00:00,352.964216318213
2012-03-31 14:00:00,258.414218465506
2012-03-31 15:00:00,258.414218465506
2012-03-31 16:00:00,373.408902869956
2012-03-31 17:00:00,204.84515919379
2012-03-31 18:00:00,157.193346890543
2012-03-31 19:00:00,157.193346890543
2012-03-31 20:00:00,79.1533183384628
2012-03-31 21:00:00,79.1533183384628
2012-03-31 22:00:00,100.985174612178
2012-03-31 23:00:00,53.3808100543903
2012-04-20 00:00:00,49.3762978143666
2012-04-20 01:00:00,13.6299929203255
2012-04-20 02:00:00,9.35719975454896
2012-04-20 03:00:00,4.21855199718364
2012-04-20 04:00:00,4.21855199718364
2012-04-20 05:00:00,21.148978004177
2012-04-20 06:00:00,101.654252785665
2012-04-20 07:00:00,339.172126938408
2012-04-20 08:00:00,516.16773681739
2012-04-20 09:00:00,294.02110003534
2012-04-20 10:00:00,136.584067971403
2012-04-20 11:00:00,136.584067971403
2012-04-20 12:00:00,188.362068690242
2012-04-20 13:00:00,265.470661707264
2012-04-20 14:00:00,218.519747553631
2012-04-20 15:00:00,218.519747553631
2012-04-20 16:00:00,379.979387888471
2012-04-20 17:00:00,480.202025081773
2012-04-20 18:00:00,480.202025081773
2012-04-20 19:00:00,433.349911387059
2012-04-20 20:00:00,342.714577166227
2012-04-20 21:00:00,245.828118612717
2012-04-20 22:00:00,164.918157434086
2012-04-20 23:00:00,77.416442491402
2012-04-21 00:00:00,118.359587735357
2012-04-21 01:00:00,86.3916725452743
2012-04-21 02:00:00,60.0423583054665
2012-04-21 03:00:00,28.2205849066916
2012-04-21 04:00:00,10.5889819331865
2012-04-21 05:00:00,10.5889819331865
2012-04-21 06:00:00,32.1251965892711
2012-04-21 07:00:00,60.9042757232087
2012-04-21 08:00:00,150.367060283136
2012-04-21 09:00:00,222.361351626863
2012-04-21 10:00:00,258.414218465506
2012-04-21 11:00:00,258.414218465506
2012-04-21 12:00:00,417.980302361552
2012-04-21 13:00:00,470.57719507345
2012-04-21 14:00:00,470.57719507345
2012-04-21 15:00:00,599.548322695586
2012-04-21 16:00:00,540.10687996506
2012-04-21 17:00:00,535.310941868257
2012-04-21 18:00:00,464.707653228218
2012-04-21 19:00:00,214.315766139112
2012-04-21 20:00:00,133.052192141174
2012-04-21 21:00:00,133.052192141174
2012-04-21 22:00:00,97.4509261049145
2012-04-21 23:00:00,53.1109431948573
2012-04-22 00:00:00,70.3963316029031
2012-04-22 01:00:00,41.8444540011916
2012-04-22 02:00:00,35.2478094687934
2012-04-22 03:00:00,18.1555189329947
2012-04-22 04:00:00,6.93507204313882
2012-04-22 05:00:00,6.93507204313882
2012-04-22 06:00:00,19.3244495295051
2012-04-22 07:00:00,80.3071409906951
2012-04-22 08:00:00,80.3071409906951
2012-04-22 09:00:00,80.3071409906951
2012-04-22 10:00:00,80.3071409906951
2012-04-22 11:00:00,50.1472949972286
2012-04-22 12:00:00,50.1472949972286
2012-04-22 13:00:00,80.3071409906951
2012-04-22 14:00:00,50.1472949972286
2012-04-22 15:00:00,50.1472949972286
2012-04-22 16:00:00,50.1472949972286
2012-04-22 17:00:00,111.284047286447
2012-04-22 18:00:00,111.284047286447
2012-04-22 19:00:00,94.7139232329018
2012-04-22 20:00:00,94.7139232329018
2012-04-22 21:00:00,78.5611858044968
2012-04-22 22:00:00,47.7529711741195
2012-04-22 23:00:00,53.3808100543903
2012-04-23 00:00:00,20.8344574282736
2012-04-23 01:00:00,10.1559732435045
2012-04-23 02:00:00,4.61261076417762
2012-04-23 03:00:00,3.54051973628984
2012-04-23 04:00:00,3.54051973628984
2012-04-23 05:00:00,12.6698748895901
2012-04-23 06:00:00,45.3416782950662
2012-04-23 07:00:00,121.206006681105
2012-04-23 08:00:00,458.632923452012
2012-04-23 09:00:00,116.66057625453
2012-04-23 10:00:00,77.8344660773872
2012-04-23 11:00:00,77.8344660773872
2012-04-23 12:00:00,41.6992513109447
2012-04-23 13:00:00,41.6992513109447
2012-04-23 14:00:00,87.6095169184057
2012-04-23 15:00:00,111.456556481075
2012-04-23 16:00:00,143.498693404534
2012-04-23 17:00:00,145.487879409153
2012-04-23 18:00:00,145.487879409153
2012-04-23 19:00:00,208.122528037224
2012-04-23 20:00:00,89.7679960737874
2012-04-23 21:00:00,47.7529711741195
2012-04-23 22:00:00,47.7529711741195
2012-04-23 23:00:00,53.3808100543903
2012-04-24 00:00:00,20.8344574282736
2012-04-24 01:00:00,10.1559732435045
2012-04-24 02:00:00,4.61261076417762
2012-04-24 03:00:00,1.51385904479011
2012-04-24 04:00:00,2.21843725255861
2012-04-24 05:00:00,17.3354025499873
2012-04-24 06:00:00,82.926745387053
2012-04-24 07:00:00,236.493970693439
2012-04-24 08:00:00,458.632923452012
2012-04-24 09:00:00,203.767773398795
2012-04-24 10:00:00,136.584067971403
2012-04-24 11:00:00,136.584067971403
2012-04-24 12:00:00,282.345442408637
2012-04-24 13:00:00,282.345442408637
2012-04-24 14:00:00,282.345442408637
2012-04-24 15:00:00,282.345442408637
2012-04-24 16:00:00,287.205885713541
2012-04-24 17:00:00,473.824310412486
2012-04-24 18:00:00,619.401265987634
2012-04-24 19:00:00,367.78639999455
2012-04-24 20:00:00,247.527908329474
2012-04-24 21:00:00,199.671123896201
2012-04-24 22:00:00,129.328770624747
2012-04-24 23:00:00,111.375739460566
2012-04-25 00:00:00,49.3762978143666
2012-04-25 01:00:00,9.0429557884334
2012-04-25 02:00:00,8.50603753971467
2012-04-25 03:00:00,2.87329374225897
2012-04-25 04:00:00,2.21843725255861
2012-04-25 05:00:00,18.8500310994217
2012-04-25 06:00:00,82.926745387053
2012-04-25 07:00:00,236.493970693439
2012-04-25 08:00:00,225.785076417507
2012-04-25 09:00:00,294.02110003534
2012-04-25 10:00:00,186.404501508684
2012-04-25 11:00:00,136.584067971403
2012-04-25 12:00:00,282.345442408637
2012-04-25 13:00:00,282.345442408637
2012-04-25 14:00:00,282.345442408637
2012-04-25 15:00:00,282.345442408637
2012-04-25 16:00:00,322.496631402382
2012-04-25 17:00:00,594.456460393033
2012-04-25 18:00:00,594.456460393033
2012-04-25 19:00:00,491.876846308792
2012-04-25 20:00:00,342.714577166227
2012-04-25 21:00:00,199.671123896201
2012-04-25 22:00:00,149.49198647762
2012-04-25 23:00:00,111.375739460566
2012-04-26 00:00:00,49.3762978143666
2012-04-26 01:00:00,19.506591375193
2012-04-26 02:00:00,12.7829990278672
2012-04-26 03:00:00,3.51044094382437
2012-04-26 04:00:00,3.51044094382437
2012-04-26 05:00:00,19.4732476238163
2012-04-26 06:00:00,120.668224347913
2012-04-26 07:00:00,80.3071409906951
2012-04-26 08:00:00,80.3071409906951
2012-04-26 09:00:00,83.3027988266423
2012-04-26 10:00:00,100.755471777924
2012-04-26 11:00:00,100.755471777924
2012-04-26 12:00:00,143.576565165577
2012-04-26 13:00:00,143.576565165577
2012-04-26 14:00:00,143.576565165577
2012-04-26 15:00:00,143.576565165577
2012-04-26 16:00:00,253.992575120676
2012-04-26 17:00:00,333.070591326162
2012-04-26 18:00:00,333.070591326162
2012-04-26 19:00:00,333.070591326162
2012-04-26 20:00:00,247.527908329474
2012-04-26 21:00:00,161.689738206903
2012-04-26 22:00:00,164.918157434086
2012-04-26 23:00:00,77.416442491402
2012-04-27 00:00:00,40.5308308229912
2012-04-27 01:00:00,13.6299929203255
2012-04-27 02:00:00,6.1857701747819
2012-04-27 03:00:00,4.75402695500788
2012-04-27 04:00:00,4.75402695500788
2012-04-27 05:00:00,28.3681122454139
2012-04-27 06:00:00,82.926745387053
2012-04-27 07:00:00,203.767773398795
2012-04-27 08:00:00,203.767773398795
2012-04-27 09:00:00,233.705245996888
2012-04-27 10:00:00,136.584067971403
2012-04-27 11:00:00,136.584067971403
2012-04-27 12:00:00,188.362068690242
2012-04-27 13:00:00,282.345442408637
2012-04-27 14:00:00,282.345442408637
2012-04-27 15:00:00,282.345442408637
2012-04-27 16:00:00,287.205885713541
2012-04-27 17:00:00,473.824310412486
2012-04-27 18:00:00,473.824310412486
2012-04-27 19:00:00,367.78639999455
2012-04-27 20:00:00,247.527908329474
2012-04-27 21:00:00,192.26559853701
2012-04-27 22:00:00,129.328770624747
2012-04-27 23:00:00,53.1109431948573
2012-04-28 00:00:00,70.3963316029031
2012-04-28 01:00:00,55.8345313309007
2012-04-28 02:00:00,54.9855754242355
2012-04-28 03:00:00,24.357995028731
2012-04-28 04:00:00,6.93507204313882
2012-04-28 05:00:00,6.93507204313882
2012-04-28 06:00:00,10.1155570209129
2012-04-28 07:00:00,26.7738625145883
2012-04-28 08:00:00,176.764166247214
2012-04-28 09:00:00,176.764166247214
2012-04-28 10:00:00,176.764166247214
2012-04-28 11:00:00,176.764166247214
2012-04-28 12:00:00,176.764166247214
2012-04-28 13:00:00,176.764166247214
2012-04-28 14:00:00,352.964216318213
2012-04-28 15:00:00,352.964216318213
2012-04-28 16:00:00,157.193346890543
2012-04-28 17:00:00,157.193346890543
2012-04-28 18:00:00,216.009241611574
2012-04-28 19:00:00,94.7139232329018
2012-04-28 20:00:00,79.1533183384628
2012-04-28 21:00:00,78.5611858044968
2012-04-28 22:00:00,78.5611858044968
2012-04-28 23:00:00,68.5777042776937
2012-04-29 00:00:00,70.3963316029031
2012-04-29 01:00:00,70.3963316029031
2012-04-29 02:00:00,54.9855754242355
2012-04-29 03:00:00,24.357995028731
2012-04-29 04:00:00,6.93507204313882
2012-04-29 05:00:00,6.93507204313882
2012-04-29 06:00:00,19.3244495295051
2012-04-29 07:00:00,26.7738625145883
2012-04-29 08:00:00,88.7004049340835
2012-04-29 09:00:00,203.767773398795
2012-04-29 10:00:00,352.964216318213
2012-04-29 11:00:00,352.964216318213
2012-04-29 12:00:00,352.964216318213
2012-04-29 13:00:00,352.964216318213
2012-04-29 14:00:00,416.745714530128
2012-04-29 15:00:00,352.964216318213
2012-04-29 16:00:00,461.510087970566
2012-04-29 17:00:00,535.310941868257
2012-04-29 18:00:00,464.707653228218
2012-04-29 19:00:00,267.284950998083
2012-04-29 20:00:00,198.182780166138
2012-04-29 21:00:00,159.879683147878
2012-04-29 22:00:00,149.49198647762
2012-04-29 23:00:00,146.007368493528
2012-04-30 00:00:00,49.3762978143666
2012-04-30 01:00:00,12.5536648471196
2012-04-30 02:00:00,8.50603753971467
2012-04-30 03:00:00,6.48168347401505
2012-04-30 04:00:00,2.69094325024673
2012-04-30 05:00:00,18.8500310994217
2012-04-30 06:00:00,82.926745387053
2012-04-30 07:00:00,203.767773398795
2012-04-30 08:00:00,176.764166247214
2012-04-30 09:00:00,176.764166247214
2012-04-30 10:00:00,136.584067971403
2012-04-30 11:00:00,136.584067971403
2012-04-30 12:00:00,188.362068690242
2012-04-30 13:00:00,188.362068690242
2012-04-30 14:00:00,188.362068690242
2012-04-30 15:00:00,188.362068690242
2012-04-30 16:00:00,287.205885713541
2012-04-30 17:00:00,560.849442223082
2012-04-30 18:00:00,692.497989849207
2012-04-30 19:00:00,367.78639999455
2012-04-30 20:00:00,247.527908329474
2012-04-30 21:00:00,199.671123896201
2012-04-30 22:00:00,164.918157434086
2012-04-30 23:00:00,111.375739460566
2012-05-20 00:00:00,118.359587735357
2012-05-20 01:00:00,99.955446655473
2012-05-20 02:00:00,60.0423583054665
2012-05-20 03:00:00,28.2205849066916
2012-05-20 04:00:00,10.4224011594839
2012-05-20 05:00:00,13.9783245799215
2012-05-20 06:00:00,32.1251965892711
2012-05-20 07:00:00,60.9042757232087
2012-05-20 08:00:00,150.367060283136
2012-05-20 09:00:00,265.793582549382
2012-05-20 10:00:00,386.774607543529
2012-05-20 11:00:00,538.618873684441
2012-05-20 12:00:00,538.618873684441
2012-05-20 13:00:00,599.548322695586
2012-05-20 14:00:00,599.548322695586
2012-05-20 15:00:00,599.548322695586
2012-05-20 16:00:00,540.10687996506
2012-05-20 17:00:00,535.310941868257
2012-05-20 18:00:00,464.707653228218
2012-05-20 19:00:00,342.90819930284
2012-05-20 20:00:00,257.976425432498
2012-05-20 21:00:00,260.415416053952
2012-05-20 22:00:00,164.918157434086
2012-05-20 23:00:00,98.7048700305048
2012-05-21 00:00:00,27.5324638690716
2012-05-21 01:00:00,16.1714161075064
2012-05-21 02:00:00,3.95333720621014
2012-05-21 03:00:00,5.30369036086965
2012-05-21 04:00:00,3.5147994440781
2012-05-21 05:00:00,12.6698748895901
2012-05-21 06:00:00,43.885362378565
2012-05-21 07:00:00,157.774131511873
2012-05-21 08:00:00,157.774131511873
2012-05-21 09:00:00,157.774131511873
2012-05-21 10:00:00,77.7771469197175
2012-05-21 11:00:00,100.755471777924
2012-05-21 12:00:00,143.576565165577
2012-05-21 13:00:00,77.7771469197175
2012-05-21 14:00:00,77.7771469197175
2012-05-21 15:00:00,188.362068690242
2012-05-21 16:00:00,397.548998870186
2012-05-21 17:00:00,692.497989849207
2012-05-21 18:00:00,560.849442223082
2012-05-21 19:00:00,433.349911387059
2012-05-21 20:00:00,320.056635812654
2012-05-21 21:00:00,260.415416053952
2012-05-21 22:00:00,164.918157434086
2012-05-21 23:00:00,98.7048700305048
2012-05-22 00:00:00,27.5324638690716
2012-05-22 01:00:00,16.1714161075064
2012-05-22 02:00:00,5.65121124206207
2012-05-22 03:00:00,3.99399509774209
2012-05-22 04:00:00,5.44365238712566
2012-05-22 05:00:00,12.6698748895901
2012-05-22 06:00:00,82.381333409024
2012-05-22 07:00:00,157.774131511873
2012-05-22 08:00:00,535.422508205846
2012-05-22 09:00:00,252.323638352526
2012-05-22 10:00:00,160.717993696267
2012-05-22 11:00:00,160.717993696267
2012-05-22 12:00:00,143.576565165577
2012-05-22 13:00:00,188.362068690242
2012-05-22 14:00:00,188.362068690242
2012-05-22 15:00:00,284.984923799124
2012-05-22 16:00:00,349.788968456734
2012-05-22 17:00:00,694.174268287297
2012-05-22 18:00:00,560.849442223082
2012-05-22 19:00:00,433.349911387059
2012-05-22 20:00:00,320.056635812654
2012-05-22 21:00:00,245.828118612717
2012-05-22 22:00:00,160.967674232028
2012-05-22 23:00:00,92.5814581225635
2012-05-23 00:00:00,41.8740262286374
2012-05-23 01:00:00,16.1714161075064
2012-05-23 02:00:00,5.65121124206207
2012-05-23 03:00:00,3.99399509774209
2012-05-23 04:00:00,3.5147994440781
2012-05-23 05:00:00,12.6698748895901
2012-05-23 06:00:00,128.329350665793
2012-05-23 07:00:00,339.172126938408
2012-05-23 08:00:00,535.422508205846
2012-05-23 09:00:00,294.02110003534
2012-05-23 10:00:00,160.717993696267
2012-05-23 11:00:00,160.717993696267
2012-05-23 12:00:00,265.470661707264
2012-05-23 13:00:00,265.470661707264
2012-05-23 14:00:00,284.984923799124
2012-05-23 15:00:00,284.984923799124
2012-05-23 16:00:00,395.395891659878
2012-05-23 17:00:00,314.885730769838
2012-05-23 18:00:00,314.885730769838
2012-05-23 19:00:00,253.992575120676
2012-05-23 20:00:00,206.448856437057
2012-05-23 21:00:00,161.689738206903
2012-05-23 22:00:00,164.918157434086
2012-05-23 23:00:00,122.136229274733
2012-05-24 00:00:00,27.5324638690716
2012-05-24 01:00:00,16.1714161075064
2012-05-24 02:00:00,9.35719975454896
2012-05-24 03:00:00,3.99399509774209
2012-05-24 04:00:00,5.44365238712566
2012-05-24 05:00:00,30.0393316095633
2012-05-24 06:00:00,128.329350665793
2012-05-24 07:00:00,339.172126938408
2012-05-24 08:00:00,535.422508205846
2012-05-24 09:00:00,280.303869432341
2012-05-24 10:00:00,160.717993696267
2012-05-24 11:00:00,219.217806860778
2012-05-24 12:00:00,284.984923799124
2012-05-24 13:00:00,206.544187121585
2012-05-24 14:00:00,206.544187121585
2012-05-24 15:00:00,206.544187121585
2012-05-24 16:00:00,293.033268223043
2012-05-24 17:00:00,658.484645933177
2012-05-24 18:00:00,658.484645933177
2012-05-24 19:00:00,433.349911387059
2012-05-24 20:00:00,320.056635812654
2012-05-24 21:00:00,314.885730769838
2012-05-24 22:00:00,160.967674232028
2012-05-24 23:00:00,116.396842442434
2012-05-25 00:00:00,41.8740262286374
2012-05-25 01:00:00,16.1714161075064
2012-05-25 02:00:00,5.65121124206207
2012-05-25 03:00:00,3.99399509774209
2012-05-25 04:00:00,7.62484861028641
2012-05-25 05:00:00,30.0393316095633
2012-05-25 06:00:00,128.329350665793
2012-05-25 07:00:00,346.577287790174
2012-05-25 08:00:00,535.422508205846
2012-05-25 09:00:00,252.323638352526
2012-05-25 10:00:00,160.03045194919
2012-05-25 11:00:00,219.217806860778
2012-05-25 12:00:00,186.010673758157
2012-05-25 13:00:00,206.544187121585
2012-05-25 14:00:00,206.544187121585
2012-05-25 15:00:00,206.544187121585
2012-05-25 16:00:00,349.788968456734
2012-05-25 17:00:00,658.484645933177
2012-05-25 18:00:00,650.834722004693
2012-05-25 19:00:00,433.349911387059
2012-05-25 20:00:00,367.309783978693
2012-05-25 21:00:00,222.992509729858
2012-05-25 22:00:00,189.050285300132
2012-05-25 23:00:00,98.7048700305048
2012-05-26 00:00:00,118.359587735357
2012-05-26 01:00:00,99.955446655473
2012-05-26 02:00:00,60.0423583054665
2012-05-26 03:00:00,28.2205849066916
2012-05-26 04:00:00,10.5889819331865
2012-05-26 05:00:00,7.59169812226946
2012-05-26 06:00:00,17.6187949589938
2012-05-26 07:00:00,60.9042757232087
2012-05-26 08:00:00,150.367060283136
2012-05-26 09:00:00,222.361351626863
2012-05-26 10:00:00,386.774607543529
2012-05-26 11:00:00,343.002128012917
2012-05-26 12:00:00,374.728510010337
2012-05-26 13:00:00,374.728510010337
2012-05-26 14:00:00,374.728510010337
2012-05-26 15:00:00,374.728510010337
2012-05-26 16:00:00,373.408902869956
2012-05-26 17:00:00,403.676325542502
2012-05-26 18:00:00,477.643567237211
2012-05-26 19:00:00,342.90819930284
2012-05-26 20:00:00,322.272403012227
2012-05-26 21:00:00,266.300003338258
2012-05-26 22:00:00,189.050285300132
2012-05-26 23:00:00,98.7048700305048
2012-05-27 00:00:00,100.477416010081
2012-05-27 01:00:00,86.3916725452743
2012-05-27 02:00:00,60.0423583054665
2012-05-27 03:00:00,28.2205849066916
2012-05-27 04:00:00,7.59169812226946
2012-05-27 05:00:00,7.59169812226946
2012-05-27 06:00:00,32.1251965892711
2012-05-27 07:00:00,60.9042757232087
2012-05-27 08:00:00,150.367060283136
2012-05-27 09:00:00,222.361351626863
2012-05-27 10:00:00,386.774607543529
2012-05-27 11:00:00,374.728510010337
2012-05-27 12:00:00,374.728510010337
2012-05-27 13:00:00,374.728510010337
2012-05-27 14:00:00,374.728510010337
2012-05-27 15:00:00,374.728510010337
2012-05-27 16:00:00,417.193385901575
2012-05-27 17:00:00,403.676325542502
2012-05-27 18:00:00,357.434428448429
2012-05-27 19:00:00,342.90819930284
2012-05-27 20:00:00,322.272403012227
2012-05-27 21:00:00,214.315766139112
2012-05-27 22:00:00,160.967674232028
2012-05-27 23:00:00,116.396842442434
2012-05-28 00:00:00,118.359587735357
2012-05-28 01:00:00,79.949022741162
2012-05-28 02:00:00,60.0423583054665
2012-05-28 03:00:00,28.2205849066916
2012-05-28 04:00:00,11.7899894463592
2012-05-28 05:00:00,13.9783245799215
2012-05-28 06:00:00,24.2695293300146
2012-05-28 07:00:00,44.0946343965432
2012-05-28 08:00:00,127.613321867784
2012-05-28 09:00:00,223.981246357757
2012-05-28 10:00:00,386.774607543529
2012-05-28 11:00:00,374.728510010337
2012-05-28 12:00:00,374.728510010337
2012-05-28 13:00:00,374.728510010337
2012-05-28 14:00:00,374.728510010337
2012-05-28 15:00:00,374.728510010337
2012-05-28 16:00:00,373.408902869956
2012-05-28 17:00:00,403.676325542502
2012-05-28 18:00:00,357.434428448429
2012-05-28 19:00:00,342.90819930284
2012-05-28 20:00:00,257.976425432498
2012-05-28 21:00:00,266.300003338258
2012-05-28 22:00:00,189.050285300132
2012-05-28 23:00:00,116.396842442434
2012-05-29 00:00:00,52.6586622753038
2012-05-29 01:00:00,20.7570920270742
2012-05-29 02:00:00,9.35719975454896
2012-05-29 03:00:00,3.99399509774209
2012-05-29 04:00:00,7.32291749746238
2012-05-29 05:00:00,30.0393316095633
2012-05-29 06:00:00,128.329350665793
2012-05-29 07:00:00,397.77704352508
2012-05-29 08:00:00,490.654062458429
2012-05-29 09:00:00,227.736578747452
2012-05-29 10:00:00,135.984799450973
2012-05-29 11:00:00,165.421949995558
2012-05-29 12:00:00,213.859101639607
2012-05-29 13:00:00,213.859101639607
2012-05-29 14:00:00,213.859101639607
2012-05-29 15:00:00,213.859101639607
2012-05-29 16:00:00,293.033268223043
2012-05-29 17:00:00,480.202025081773
2012-05-29 18:00:00,480.202025081773
2012-05-29 19:00:00,433.349911387059
2012-05-29 20:00:00,395.395891659878
2012-05-29 21:00:00,110.097925762704
2012-05-29 22:00:00,111.795430201657
2012-05-29 23:00:00,46.4538443313785
2012-05-30 00:00:00,41.8740262286374
2012-05-30 01:00:00,16.1714161075064
2012-05-30 02:00:00,3.95333720621014
2012-05-30 03:00:00,3.5147994440781
2012-05-30 04:00:00,5.44365238712566
2012-05-30 05:00:00,30.0393316095633
2012-05-30 06:00:00,128.329350665793
2012-05-30 07:00:00,185.740133729505
2012-05-30 08:00:00,535.422508205846
2012-05-30 09:00:00,252.323638352526
2012-05-30 10:00:00,183.227749762354
2012-05-30 11:00:00,219.217806860778
2012-05-30 12:00:00,284.984923799124
2012-05-30 13:00:00,284.984923799124
2012-05-30 14:00:00,329.788215347012
2012-05-30 15:00:00,206.544187121585
2012-05-30 16:00:00,349.788968456734
2012-05-30 17:00:00,694.174268287297
2012-05-30 18:00:00,694.174268287297
2012-05-30 19:00:00,433.349911387059
2012-05-30 20:00:00,280.100305721933
2012-05-30 21:00:00,222.992509729858
2012-05-30 22:00:00,162.870246236339
2012-05-30 23:00:00,148.502692929716
2012-05-31 00:00:00,41.8740262286374
2012-05-31 01:00:00,19.474583113894
2012-05-31 02:00:00,9.7915968987836
2012-05-31 03:00:00,3.99399509774209
2012-05-31 04:00:00,7.62484861028641
2012-05-31 05:00:00,30.0393316095633
2012-05-31 06:00:00,128.329350665793
2012-05-31 07:00:00,397.77704352508
2012-05-31 08:00:00,490.654062458429
2012-05-31 09:00:00,227.736578747452
2012-05-31 10:00:00,156.444549010719
2012-05-31 11:00:00,165.421949995558
2012-05-31 12:00:00,329.788215347012
2012-05-31 13:00:00,256.459606189582
2012-05-31 14:00:00,206.544187121585
2012-05-31 15:00:00,255.933480601599
2012-05-31 16:00:00,379.979387888471
2012-05-31 17:00:00,694.174268287297
2012-05-31 18:00:00,619.401265987634
2012-05-31 19:00:00,491.876846308792
2012-05-31 20:00:00,299.920906298558
2012-05-31 21:00:00,281.065324261835
2012-05-31 22:00:00,187.83397712662
2012-05-31 23:00:00,126.560482539795
2012-06-20 00:00:00,52.6586622753038
2012-06-20 01:00:00,20.7570920270742
2012-06-20 02:00:00,9.35719975454896
2012-06-20 03:00:00,3.99399509774209
2012-06-20 04:00:00,7.32291749746238
2012-06-20 05:00:00,30.0393316095633
2012-06-20 06:00:00,128.329350665793
2012-06-20 07:00:00,346.577287790174
2012-06-20 08:00:00,590.519104108656
2012-06-20 09:00:00,291.305785556024
2012-06-20 10:00:00,182.655626770301
2012-06-20 11:00:00,159.217966481355
2012-06-20 12:00:00,139.408422397692
2012-06-20 13:00:00,139.408422397692
2012-06-20 14:00:00,139.408422397692
2012-06-20 15:00:00,139.408422397692
2012-06-20 16:00:00,286.245548881553
2012-06-20 17:00:00,622.846424224996
2012-06-20 18:00:00,622.846424224996
2012-06-20 19:00:00,491.876846308792
2012-06-20 20:00:00,405.549901334838
2012-06-20 21:00:00,266.300003338258
2012-06-20 22:00:00,187.83397712662
2012-06-20 23:00:00,148.502692929716
2012-06-21 00:00:00,52.0176901663571
2012-06-21 01:00:00,20.7570920270742
2012-06-21 02:00:00,7.50373607979913
2012-06-21 03:00:00,4.81164155733606
2012-06-21 04:00:00,7.05515463565654
2012-06-21 05:00:00,36.9412080067563
2012-06-21 06:00:00,149.204946716105
2012-06-21 07:00:00,397.610020919225
2012-06-21 08:00:00,590.519104108656
2012-06-21 09:00:00,227.736578747452
2012-06-21 10:00:00,182.655626770301
2012-06-21 11:00:00,159.217966481355
2012-06-21 12:00:00,222.370687783213
2012-06-21 13:00:00,222.370687783213
2012-06-21 14:00:00,197.775484558546
2012-06-21 15:00:00,197.775484558546
2012-06-21 16:00:00,286.245548881553
2012-06-21 17:00:00,622.846424224996
2012-06-21 18:00:00,622.846424224996
2012-06-21 19:00:00,445.418268241174
2012-06-21 20:00:00,299.920906298558
2012-06-21 21:00:00,266.300003338258
2012-06-21 22:00:00,227.760996738575
2012-06-21 23:00:00,148.502692929716
2012-06-22 00:00:00,39.6940463063006
2012-06-22 01:00:00,20.7570920270742
2012-06-22 02:00:00,7.50373607979913
2012-06-22 03:00:00,4.81164155733606
2012-06-22 04:00:00,7.62484861028641
2012-06-22 05:00:00,33.3895200754248
2012-06-22 06:00:00,120.668224347913
2012-06-22 07:00:00,334.96104709472
2012-06-22 08:00:00,590.519104108656
2012-06-22 09:00:00,227.736578747452
2012-06-22 10:00:00,135.984799450973
2012-06-22 11:00:00,211.000300899678
2012-06-22 12:00:00,222.370687783213
2012-06-22 13:00:00,222.370687783213
2012-06-22 14:00:00,197.775484558546
2012-06-22 15:00:00,197.775484558546
2012-06-22 16:00:00,286.245548881553
2012-06-22 17:00:00,694.174268287297
2012-06-22 18:00:00,622.846424224996
2012-06-22 19:00:00,445.418268241174
2012-06-22 20:00:00,367.309783978693
2012-06-22 21:00:00,395.395891659878
2012-06-22 22:00:00,162.870246236339
2012-06-22 23:00:00,127.486377800541
2012-06-23 00:00:00,139.746278879495
2012-06-23 01:00:00,99.955446655473
2012-06-23 02:00:00,65.6423280960127
2012-06-23 03:00:00,32.2504784868014
2012-06-23 04:00:00,7.59169812226946
2012-06-23 05:00:00,7.59169812226946
2012-06-23 06:00:00,32.1251965892711
2012-06-23 07:00:00,44.0946343965432
2012-06-23 08:00:00,127.613321867784
2012-06-23 09:00:00,223.981246357757
2012-06-23 10:00:00,320.520033077017
2012-06-23 11:00:00,424.691511617034
2012-06-23 12:00:00,432.116370878768
2012-06-23 13:00:00,432.116370878768
2012-06-23 14:00:00,554.204974505092
2012-06-23 15:00:00,432.116370878768
2012-06-23 16:00:00,417.193385901575
2012-06-23 17:00:00,403.676325542502
2012-06-23 18:00:00,403.676325542502
2012-06-23 19:00:00,408.028679910184
2012-06-23 20:00:00,322.272403012227
2012-06-23 21:00:00,266.300003338258
2012-06-23 22:00:00,187.83397712662
2012-06-23 23:00:00,113.69484460666
2012-06-24 00:00:00,139.746278879495
2012-06-24 01:00:00,79.949022741162
2012-06-24 02:00:00,77.1753529782674
2012-06-24 03:00:00,38.4592991464861
2012-06-24 04:00:00,10.4224011594839
2012-06-24 05:00:00,13.9783245799215
2012-06-24 06:00:00,24.2695293300146
2012-06-24 07:00:00,44.0946343965432
2012-06-24 08:00:00,127.613321867784
2012-06-24 09:00:00,223.981246357757
2012-06-24 10:00:00,320.520033077017
2012-06-24 11:00:00,554.204974505092
2012-06-24 12:00:00,554.204974505092
2012-06-24 13:00:00,554.204974505092
2012-06-24 14:00:00,432.116370878768
2012-06-24 15:00:00,432.116370878768
2012-06-24 16:00:00,417.193385901575
2012-06-24 17:00:00,403.676325542502
2012-06-24 18:00:00,403.676325542502
2012-06-24 19:00:00,408.028679910184
2012-06-24 20:00:00,322.272403012227
2012-06-24 21:00:00,266.300003338258
2012-06-24 22:00:00,227.760996738575
2012-06-24 23:00:00,148.502692929716
2012-06-25 00:00:00,52.6586622753038
2012-06-25 01:00:00,14.9429345475135
2012-06-25 02:00:00,7.18687643185479
2012-06-25 03:00:00,5.11019184325679
2012-06-25 04:00:00,6.10242769572437
2012-06-25 05:00:00,28.7000476749087
2012-06-25 06:00:00,128.329350665793
2012-06-25 07:00:00,397.610020919225
2012-06-25 08:00:00,490.654062458429
2012-06-25 09:00:00,227.736578747452
2012-06-25 10:00:00,160.03045194919
2012-06-25 11:00:00,165.421949995558
2012-06-25 12:00:00,172.883944069215
2012-06-25 13:00:00,241.965145256351
2012-06-25 14:00:00,256.496860898993
2012-06-25 15:00:00,172.883944069215
2012-06-25 16:00:00,379.979387888471
2012-06-25 17:00:00,594.456460393033
2012-06-25 18:00:00,594.456460393033
2012-06-25 19:00:00,489.98925478289
2012-06-25 20:00:00,272.633198244476
2012-06-25 21:00:00,281.065324261835
2012-06-25 22:00:00,187.83397712662
2012-06-25 23:00:00,113.69484460666
2012-06-26 00:00:00,52.6586622753038
2012-06-26 01:00:00,22.4613807728157
2012-06-26 02:00:00,10.9724558551338
2012-06-26 03:00:00,5.11019184325679
2012-06-26 04:00:00,5.53650894585926
2012-06-26 05:00:00,33.3895200754248
2012-06-26 06:00:00,108.914056524454
2012-06-26 07:00:00,397.77704352508
2012-06-26 08:00:00,613.368175385558
2012-06-26 09:00:00,280.303869432341
2012-06-26 10:00:00,156.444549010719
2012-06-26 11:00:00,190.519497088409
2012-06-26 12:00:00,209.554721742049
2012-06-26 13:00:00,209.554721742049
2012-06-26 14:00:00,209.554721742049
2012-06-26 15:00:00,172.883944069215
2012-06-26 16:00:00,322.496631402382
2012-06-26 17:00:00,594.456460393033
2012-06-26 18:00:00,594.456460393033
2012-06-26 19:00:00,489.98925478289
2012-06-26 20:00:00,272.633198244476
2012-06-26 21:00:00,281.065324261835
2012-06-26 22:00:00,187.83397712662
2012-06-26 23:00:00,113.69484460666
2012-06-27 00:00:00,52.6586622753038
2012-06-27 01:00:00,22.4613807728157
2012-06-27 02:00:00,12.7829990278672
2012-06-27 03:00:00,9.95197523799943
2012-06-27 04:00:00,5.53650894585926
2012-06-27 05:00:00,33.3895200754248
2012-06-27 06:00:00,120.668224347913
2012-06-27 07:00:00,334.96104709472
2012-06-27 08:00:00,490.654062458429
2012-06-27 09:00:00,227.736578747452
2012-06-27 10:00:00,156.444549010719
2012-06-27 11:00:00,165.421949995558
2012-06-27 12:00:00,172.883944069215
2012-06-27 13:00:00,172.883944069215
2012-06-27 14:00:00,172.883944069215
2012-06-27 15:00:00,172.883944069215
2012-06-27 16:00:00,322.496631402382
2012-06-27 17:00:00,594.456460393033
2012-06-27 18:00:00,594.456460393033
2012-06-27 19:00:00,489.98925478289
2012-06-27 20:00:00,272.633198244476
2012-06-27 21:00:00,281.065324261835
2012-06-27 22:00:00,187.83397712662
2012-06-27 23:00:00,113.69484460666
2012-06-28 00:00:00,41.8740262286374
2012-06-28 01:00:00,19.474583113894
2012-06-28 02:00:00,9.7915968987836
2012-06-28 03:00:00,9.95197523799943
2012-06-28 04:00:00,5.53650894585926
2012-06-28 05:00:00,33.3895200754248
2012-06-28 06:00:00,120.668224347913
2012-06-28 07:00:00,397.77704352508
2012-06-28 08:00:00,590.519104108656
2012-06-28 09:00:00,259.478559196138
2012-06-28 10:00:00,160.03045194919
2012-06-28 11:00:00,182.313439081682
2012-06-28 12:00:00,172.883944069215
2012-06-28 13:00:00,256.496860898993
2012-06-28 14:00:00,172.883944069215
2012-06-28 15:00:00,172.883944069215
2012-06-28 16:00:00,322.496631402382
2012-06-28 17:00:00,619.401265987634
2012-06-28 18:00:00,619.401265987634
2012-06-28 19:00:00,445.418268241174
2012-06-28 20:00:00,405.549901334838
2012-06-28 21:00:00,266.300003338258
2012-06-28 22:00:00,227.760996738575
2012-06-28 23:00:00,113.69484460666
2012-06-29 00:00:00,52.0176901663571
2012-06-29 01:00:00,22.4613807728157
2012-06-29 02:00:00,10.9724558551338
2012-06-29 03:00:00,4.81164155733606
2012-06-29 04:00:00,6.10242769572437
2012-06-29 05:00:00,33.3895200754248
2012-06-29 06:00:00,120.668224347913
2012-06-29 07:00:00,334.96104709472
2012-06-29 08:00:00,590.519104108656
2012-06-29 09:00:00,259.478559196138
2012-06-29 10:00:00,135.984799450973
2012-06-29 11:00:00,159.217966481355
2012-06-29 12:00:00,222.370687783213
2012-06-29 13:00:00,222.370687783213
2012-06-29 14:00:00,197.775484558546
2012-06-29 15:00:00,197.775484558546
2012-06-29 16:00:00,286.245548881553
2012-06-29 17:00:00,622.846424224996
2012-06-29 18:00:00,622.846424224996
2012-06-29 19:00:00,445.418268241174
2012-06-29 20:00:00,299.920906298558
2012-06-29 21:00:00,266.300003338258
2012-06-29 22:00:00,227.760996738575
2012-06-29 23:00:00,148.502692929716
2012-06-30 00:00:00,139.746278879495
2012-06-30 01:00:00,86.3916725452743
2012-06-30 02:00:00,77.1753529782674
2012-06-30 03:00:00,32.2504784868014
2012-06-30 04:00:00,10.5889819331865
2012-06-30 05:00:00,7.59169812226946
2012-06-30 06:00:00,17.6187949589938
2012-06-30 07:00:00,44.0946343965432
2012-06-30 08:00:00,110.166333258302
2012-06-30 09:00:00,222.361351626863
2012-06-30 10:00:00,320.520033077017
2012-06-30 11:00:00,432.116370878768
2012-06-30 12:00:00,432.116370878768
2012-06-30 13:00:00,432.116370878768
2012-06-30 14:00:00,432.116370878768
2012-06-30 15:00:00,432.116370878768
2012-06-30 16:00:00,417.193385901575
2012-06-30 17:00:00,403.676325542502
2012-06-30 18:00:00,403.676325542502
2012-06-30 19:00:00,408.028679910184
2012-06-30 20:00:00,322.272403012227
2012-06-30 21:00:00,266.300003338258
2012-06-30 22:00:00,227.760996738575
2012-06-30 23:00:00,148.502692929716
2012-07-20 00:00:00,41.8740262286374
2012-07-20 01:00:00,16.1714161075064
2012-07-20 02:00:00,5.65121124206207
2012-07-20 03:00:00,5.70371085090792
2012-07-20 04:00:00,5.44365238712566
2012-07-20 05:00:00,36.9412080067563
2012-07-20 06:00:00,128.329350665793
2012-07-20 07:00:00,346.577287790174
2012-07-20 08:00:00,490.654062458429
2012-07-20 09:00:00,291.305785556024
2012-07-20 10:00:00,160.03045194919
2012-07-20 11:00:00,185.740133729505
2012-07-20 12:00:00,77.7771469197175
2012-07-20 13:00:00,77.7771469197175
2012-07-20 14:00:00,77.7771469197175
2012-07-20 15:00:00,182.518820798867
2012-07-20 16:00:00,487.023609168107
2012-07-20 17:00:00,174.550966739683
2012-07-20 18:00:00,333.070591326162
2012-07-20 19:00:00,253.992575120676
2012-07-20 20:00:00,110.097925762704
2012-07-20 21:00:00,110.097925762704
2012-07-20 22:00:00,140.327950501971
2012-07-20 23:00:00,98.7048700305048
2012-07-21 00:00:00,139.746278879495
2012-07-21 01:00:00,79.949022741162
2012-07-21 02:00:00,65.6423280960127
2012-07-21 03:00:00,32.2504784868014
2012-07-21 04:00:00,10.5889819331865
2012-07-21 05:00:00,10.5889819331865
2012-07-21 06:00:00,17.6187949589938
2012-07-21 07:00:00,60.9042757232087
2012-07-21 08:00:00,110.166333258302
2012-07-21 09:00:00,222.361351626863
2012-07-21 10:00:00,77.7771469197175
2012-07-21 11:00:00,142.877161333305
2012-07-21 12:00:00,77.7771469197175
2012-07-21 13:00:00,77.7771469197175
2012-07-21 14:00:00,142.877161333305
2012-07-21 15:00:00,77.7771469197175
2012-07-21 16:00:00,196.438197521759
2012-07-21 17:00:00,196.438197521759
2012-07-21 18:00:00,253.992575120676
2012-07-21 19:00:00,253.992575120676
2012-07-21 20:00:00,110.097925762704
2012-07-21 21:00:00,159.879683147878
2012-07-21 22:00:00,111.795430201657
2012-07-21 23:00:00,122.136229274733
2012-07-22 00:00:00,100.477416010081
2012-07-22 01:00:00,79.949022741162
2012-07-22 02:00:00,77.1753529782674
2012-07-22 03:00:00,32.2504784868014
2012-07-22 04:00:00,10.5889819331865
2012-07-22 05:00:00,10.5889819331865
2012-07-22 06:00:00,32.1251965892711
2012-07-22 07:00:00,44.0946343965432
2012-07-22 08:00:00,110.166333258302
2012-07-22 09:00:00,265.793582549382
2012-07-22 10:00:00,386.774607543529
2012-07-22 11:00:00,417.980302361552
2012-07-22 12:00:00,417.980302361552
2012-07-22 13:00:00,417.980302361552
2012-07-22 14:00:00,424.691511617034
2012-07-22 15:00:00,424.691511617034
2012-07-22 16:00:00,373.408902869956
2012-07-22 17:00:00,357.434428448429
2012-07-22 18:00:00,357.434428448429
2012-07-22 19:00:00,342.90819930284
2012-07-22 20:00:00,257.976425432498
2012-07-22 21:00:00,179.141873899822
2012-07-22 22:00:00,189.050285300132
2012-07-22 23:00:00,116.396842442434
2012-07-23 00:00:00,41.8740262286374
2012-07-23 01:00:00,16.1714161075064
2012-07-23 02:00:00,5.65121124206207
2012-07-23 03:00:00,5.70371085090792
2012-07-23 04:00:00,5.44365238712566
2012-07-23 05:00:00,36.9412080067563
2012-07-23 06:00:00,149.204946716105
2012-07-23 07:00:00,397.610020919225
2012-07-23 08:00:00,590.519104108656
2012-07-23 09:00:00,291.305785556024
2012-07-23 10:00:00,182.655626770301
2012-07-23 11:00:00,211.000300899678
2012-07-23 12:00:00,224.728411469508
2012-07-23 13:00:00,224.728411469508
2012-07-23 14:00:00,224.728411469508
2012-07-23 15:00:00,224.728411469508
2012-07-23 16:00:00,349.788968456734
2012-07-23 17:00:00,622.846424224996
2012-07-23 18:00:00,622.846424224996
2012-07-23 19:00:00,445.418268241174
2012-07-23 20:00:00,367.309783978693
2012-07-23 21:00:00,266.300003338258
2012-07-23 22:00:00,227.760996738575
2012-07-23 23:00:00,127.2567064298
2012-07-24 00:00:00,52.0176901663571
2012-07-24 01:00:00,20.7570920270742
2012-07-24 02:00:00,7.50373607979913
2012-07-24 03:00:00,5.70371085090792
2012-07-24 04:00:00,7.05515463565654
2012-07-24 05:00:00,28.7000476749087
2012-07-24 06:00:00,128.329350665793
2012-07-24 07:00:00,397.610020919225
2012-07-24 08:00:00,490.654062458429
2012-07-24 09:00:00,259.478559196138
2012-07-24 10:00:00,135.984799450973
2012-07-24 11:00:00,159.217966481355
2012-07-24 12:00:00,166.042448444256
2012-07-24 13:00:00,166.042448444256
2012-07-24 14:00:00,166.042448444256
2012-07-24 15:00:00,241.965145256351
2012-07-24 16:00:00,349.788968456734
2012-07-24 17:00:00,658.484645933177
2012-07-24 18:00:00,658.484645933177
2012-07-24 19:00:00,513.143138363996
2012-07-24 20:00:00,367.309783978693
2012-07-24 21:00:00,266.300003338258
2012-07-24 22:00:00,162.870246236339
2012-07-24 23:00:00,126.560482539795
2012-07-25 00:00:00,52.6586622753038
2012-07-25 01:00:00,14.9429345475135
2012-07-25 02:00:00,10.9724558551338
2012-07-25 03:00:00,5.11019184325679
2012-07-25 04:00:00,6.10242769572437
2012-07-25 05:00:00,33.3895200754248
2012-07-25 06:00:00,120.668224347913
2012-07-25 07:00:00,334.96104709472
2012-07-25 08:00:00,490.654062458429
2012-07-25 09:00:00,227.736578747452
2012-07-25 10:00:00,182.655626770301
2012-07-25 11:00:00,182.313439081682
2012-07-25 12:00:00,256.496860898993
2012-07-25 13:00:00,256.496860898993
2012-07-25 14:00:00,256.496860898993
2012-07-25 15:00:00,256.496860898993
2012-07-25 16:00:00,379.979387888471
2012-07-25 17:00:00,694.174268287297
2012-07-25 18:00:00,619.401265987634
2012-07-25 19:00:00,489.98925478289
2012-07-25 20:00:00,405.549901334838
2012-07-25 21:00:00,222.992509729858
2012-07-25 22:00:00,227.760996738575
2012-07-25 23:00:00,126.560482539795
2012-07-26 00:00:00,52.6586622753038
2012-07-26 01:00:00,14.9429345475135
2012-07-26 02:00:00,7.18687643185479
2012-07-26 03:00:00,5.11019184325679
2012-07-26 04:00:00,6.10242769572437
2012-07-26 05:00:00,28.7000476749087
2012-07-26 06:00:00,128.329350665793
2012-07-26 07:00:00,397.610020919225
2012-07-26 08:00:00,490.654062458429
2012-07-26 09:00:00,291.305785556024
2012-07-26 10:00:00,135.984799450973
2012-07-26 11:00:00,159.217966481355
2012-07-26 12:00:00,166.042448444256
2012-07-26 13:00:00,166.042448444256
2012-07-26 14:00:00,197.775484558546
2012-07-26 15:00:00,197.775484558546
2012-07-26 16:00:00,286.245548881553
2012-07-26 17:00:00,594.456460393033
2012-07-26 18:00:00,594.456460393033
2012-07-26 19:00:00,445.418268241174
2012-07-26 20:00:00,367.309783978693
2012-07-26 21:00:00,266.300003338258
2012-07-26 22:00:00,187.83397712662
2012-07-26 23:00:00,127.2567064298
2012-07-27 00:00:00,52.0176901663571
2012-07-27 01:00:00,27.8474443794873
2012-07-27 02:00:00,7.50373607979913
2012-07-27 03:00:00,4.81164155733606
2012-07-27 04:00:00,7.62484861028641
2012-07-27 05:00:00,36.9412080067563
2012-07-27 06:00:00,149.204946716105
2012-07-27 07:00:00,397.610020919225
2012-07-27 08:00:00,590.519104108656
2012-07-27 09:00:00,227.736578747452
2012-07-27 10:00:00,182.655626770301
2012-07-27 11:00:00,159.217966481355
2012-07-27 12:00:00,222.370687783213
2012-07-27 13:00:00,172.883944069215
2012-07-27 14:00:00,197.775484558546
2012-07-27 15:00:00,197.775484558546
2012-07-27 16:00:00,349.788968456734
2012-07-27 17:00:00,594.456460393033
2012-07-27 18:00:00,622.846424224996
2012-07-27 19:00:00,445.418268241174
2012-07-27 20:00:00,367.309783978693
2012-07-27 21:00:00,266.300003338258
2012-07-27 22:00:00,227.760996738575
2012-07-27 23:00:00,127.486377800541
2012-07-28 00:00:00,139.746278879495
2012-07-28 01:00:00,99.955446655473
2012-07-28 02:00:00,77.1753529782674
2012-07-28 03:00:00,38.4592991464861
2012-07-28 04:00:00,11.7899894463592
2012-07-28 05:00:00,13.9783245799215
2012-07-28 06:00:00,24.2695293300146
2012-07-28 07:00:00,55.7983651266209
2012-07-28 08:00:00,127.613321867784
2012-07-28 09:00:00,223.981246357757
2012-07-28 10:00:00,320.520033077017
2012-07-28 11:00:00,432.116370878768
2012-07-28 12:00:00,432.116370878768
2012-07-28 13:00:00,432.116370878768
2012-07-28 14:00:00,432.116370878768
2012-07-28 15:00:00,432.116370878768
2012-07-28 16:00:00,417.193385901575
2012-07-28 17:00:00,403.676325542502
2012-07-28 18:00:00,403.676325542502
2012-07-28 19:00:00,291.643565587202
2012-07-28 20:00:00,234.290973201632
2012-07-28 21:00:00,179.141873899822
2012-07-28 22:00:00,160.967674232028
2012-07-28 23:00:00,127.486377800541
2012-07-29 00:00:00,139.746278879495
2012-07-29 01:00:00,99.955446655473
2012-07-29 02:00:00,77.1753529782674
2012-07-29 03:00:00,38.4592991464861
2012-07-29 04:00:00,10.4224011594839
2012-07-29 05:00:00,13.9783245799215
2012-07-29 06:00:00,24.2695293300146
2012-07-29 07:00:00,55.7983651266209
2012-07-29 08:00:00,127.613321867784
2012-07-29 09:00:00,223.981246357757
2012-07-29 10:00:00,320.520033077017
2012-07-29 11:00:00,424.691511617034
2012-07-29 12:00:00,424.691511617034
2012-07-29 13:00:00,424.691511617034
2012-07-29 14:00:00,424.691511617034
2012-07-29 15:00:00,432.116370878768
2012-07-29 16:00:00,417.193385901575
2012-07-29 17:00:00,403.676325542502
2012-07-29 18:00:00,403.676325542502
2012-07-29 19:00:00,342.90819930284
2012-07-29 20:00:00,257.976425432498
2012-07-29 21:00:00,266.300003338258
2012-07-29 22:00:00,189.050285300132
2012-07-29 23:00:00,127.486377800541
2012-07-30 00:00:00,52.0176901663571
2012-07-30 01:00:00,19.474583113894
2012-07-30 02:00:00,9.7915968987836
2012-07-30 03:00:00,5.70371085090792
2012-07-30 04:00:00,7.62484861028641
2012-07-30 05:00:00,28.7000476749087
2012-07-30 06:00:00,128.329350665793
2012-07-30 07:00:00,397.610020919225
2012-07-30 08:00:00,590.519104108656
2012-07-30 09:00:00,291.305785556024
2012-07-30 10:00:00,135.984799450973
2012-07-30 11:00:00,211.000300899678
2012-07-30 12:00:00,224.728411469508
2012-07-30 13:00:00,256.496860898993
2012-07-30 14:00:00,256.496860898993
2012-07-30 15:00:00,256.496860898993
2012-07-30 16:00:00,349.788968456734
2012-07-30 17:00:00,658.484645933177
2012-07-30 18:00:00,658.484645933177
2012-07-30 19:00:00,445.418268241174
2012-07-30 20:00:00,367.309783978693
2012-07-30 21:00:00,266.300003338258
2012-07-30 22:00:00,156.796647826135
2012-07-30 23:00:00,98.7048700305048
2012-07-31 00:00:00,52.0176901663571
2012-07-31 01:00:00,16.1714161075064
2012-07-31 02:00:00,7.50373607979913
2012-07-31 03:00:00,5.70371085090792
2012-07-31 04:00:00,7.05515463565654
2012-07-31 05:00:00,28.7000476749087
2012-07-31 06:00:00,128.329350665793
2012-07-31 07:00:00,397.610020919225
2012-07-31 08:00:00,590.519104108656
2012-07-31 09:00:00,259.478559196138
2012-07-31 10:00:00,182.655626770301
2012-07-31 11:00:00,211.000300899678
2012-07-31 12:00:00,256.496860898993
2012-07-31 13:00:00,241.965145256351
2012-07-31 14:00:00,241.965145256351
2012-07-31 15:00:00,224.728411469508
2012-07-31 16:00:00,349.788968456734
2012-07-31 17:00:00,694.174268287297
2012-07-31 18:00:00,658.484645933177
2012-07-31 19:00:00,395.395891659878
2012-07-31 20:00:00,314.885730769838
2012-07-31 21:00:00,179.141873899822
2012-07-31 22:00:00,189.050285300132
2012-07-31 23:00:00,116.396842442434
2012-08-20 00:00:00,27.5324638690716
2012-08-20 01:00:00,16.1714161075064
2012-08-20 02:00:00,7.50373607979913
2012-08-20 03:00:00,5.70371085090792
2012-08-20 04:00:00,7.05515463565654
2012-08-20 05:00:00,26.7929916826914
2012-08-20 06:00:00,128.329350665793
2012-08-20 07:00:00,346.577287790174
2012-08-20 08:00:00,535.422508205846
2012-08-20 09:00:00,294.02110003534
2012-08-20 10:00:00,160.717993696267
2012-08-20 11:00:00,219.217806860778
2012-08-20 12:00:00,265.470661707264
2012-08-20 13:00:00,284.984923799124
2012-08-20 14:00:00,224.728411469508
2012-08-20 15:00:00,224.728411469508
2012-08-20 16:00:00,349.788968456734
2012-08-20 17:00:00,658.484645933177
2012-08-20 18:00:00,333.070591326162
2012-08-20 19:00:00,333.070591326162
2012-08-20 20:00:00,206.448856437057
2012-08-20 21:00:00,161.689738206903
2012-08-20 22:00:00,160.967674232028
2012-08-20 23:00:00,122.136229274733
2012-08-21 00:00:00,27.5324638690716
2012-08-21 01:00:00,16.1714161075064
2012-08-21 02:00:00,5.65121124206207
2012-08-21 03:00:00,5.70371085090792
2012-08-21 04:00:00,7.62484861028641
2012-08-21 05:00:00,26.7929916826914
2012-08-21 06:00:00,128.329350665793
2012-08-21 07:00:00,397.77704352508
2012-08-21 08:00:00,535.422508205846
2012-08-21 09:00:00,294.02110003534
2012-08-21 10:00:00,182.655626770301
2012-08-21 11:00:00,219.217806860778
2012-08-21 12:00:00,329.788215347012
2012-08-21 13:00:00,329.788215347012
2012-08-21 14:00:00,256.496860898993
2012-08-21 15:00:00,256.496860898993
2012-08-21 16:00:00,379.979387888471
2012-08-21 17:00:00,480.202025081773
2012-08-21 18:00:00,694.174268287297
2012-08-21 19:00:00,314.885730769838
2012-08-21 20:00:00,320.056635812654
2012-08-21 21:00:00,260.415416053952
2012-08-21 22:00:00,160.967674232028
2012-08-21 23:00:00,127.486377800541
2012-08-22 00:00:00,41.8740262286374
2012-08-22 01:00:00,19.474583113894
2012-08-22 02:00:00,9.7915968987836
2012-08-22 03:00:00,5.70371085090792
2012-08-22 04:00:00,7.05515463565654
2012-08-22 05:00:00,28.7000476749087
2012-08-22 06:00:00,128.329350665793
2012-08-22 07:00:00,397.77704352508
2012-08-22 08:00:00,535.422508205846
2012-08-22 09:00:00,259.478559196138
2012-08-22 10:00:00,182.655626770301
2012-08-22 11:00:00,182.313439081682
2012-08-22 12:00:00,224.728411469508
2012-08-22 13:00:00,256.496860898993
2012-08-22 14:00:00,256.496860898993
2012-08-22 15:00:00,256.496860898993
2012-08-22 16:00:00,395.395891659878
2012-08-22 17:00:00,395.395891659878
2012-08-22 18:00:00,395.395891659878
2012-08-22 19:00:00,333.070591326162
2012-08-22 20:00:00,320.056635812654
2012-08-22 21:00:00,260.415416053952
2012-08-22 22:00:00,160.967674232028
2012-08-22 23:00:00,127.486377800541
2012-08-23 00:00:00,41.8740262286374
2012-08-23 01:00:00,16.1714161075064
2012-08-23 02:00:00,7.50373607979913
2012-08-23 03:00:00,5.70371085090792
2012-08-23 04:00:00,7.62484861028641
2012-08-23 05:00:00,28.7000476749087
2012-08-23 06:00:00,128.329350665793
2012-08-23 07:00:00,346.577287790174
2012-08-23 08:00:00,590.519104108656
2012-08-23 09:00:00,291.305785556024
2012-08-23 10:00:00,182.655626770301
2012-08-23 11:00:00,182.313439081682
2012-08-23 12:00:00,256.496860898993
2012-08-23 13:00:00,256.496860898993
2012-08-23 14:00:00,256.496860898993
2012-08-23 15:00:00,256.496860898993
2012-08-23 16:00:00,349.788968456734
2012-08-23 17:00:00,694.174268287297
2012-08-23 18:00:00,694.174268287297
2012-08-23 19:00:00,489.98925478289
2012-08-23 20:00:00,367.309783978693
2012-08-23 21:00:00,222.992509729858
2012-08-23 22:00:00,156.796647826135
2012-08-23 23:00:00,127.486377800541
2012-08-24 00:00:00,39.6940463063006
2012-08-24 01:00:00,19.474583113894
2012-08-24 02:00:00,9.7915968987836
2012-08-24 03:00:00,9.95197523799943
2012-08-24 04:00:00,7.62484861028641
2012-08-24 05:00:00,28.7000476749087
2012-08-24 06:00:00,128.329350665793
2012-08-24 07:00:00,346.577287790174
2012-08-24 08:00:00,590.519104108656
2012-08-24 09:00:00,291.305785556024
2012-08-24 10:00:00,182.655626770301
2012-08-24 11:00:00,182.313439081682
2012-08-24 12:00:00,256.496860898993
2012-08-24 13:00:00,256.496860898993
2012-08-24 14:00:00,256.496860898993
2012-08-24 15:00:00,256.496860898993
2012-08-24 16:00:00,397.548998870186
2012-08-24 17:00:00,694.174268287297
2012-08-24 18:00:00,650.834722004693
2012-08-24 19:00:00,489.98925478289
2012-08-24 20:00:00,367.309783978693
2012-08-24 21:00:00,199.020657136439
2012-08-24 22:00:00,156.796647826135
2012-08-24 23:00:00,127.486377800541
2012-08-25 00:00:00,100.477416010081
2012-08-25 01:00:00,79.949022741162
2012-08-25 02:00:00,77.1753529782674
2012-08-25 03:00:00,38.4592991464861
2012-08-25 04:00:00,10.4224011594839
2012-08-25 05:00:00,13.9783245799215
2012-08-25 06:00:00,24.2695293300146
2012-08-25 07:00:00,44.0946343965432
2012-08-25 08:00:00,127.613321867784
2012-08-25 09:00:00,223.981246357757
2012-08-25 10:00:00,386.774607543529
2012-08-25 11:00:00,424.691511617034
2012-08-25 12:00:00,273.801718205566
2012-08-25 13:00:00,505.913423270761
2012-08-25 14:00:00,273.801718205566
2012-08-25 15:00:00,142.877161333305
2012-08-25 16:00:00,333.070591326162
2012-08-25 17:00:00,333.070591326162
2012-08-25 18:00:00,464.707653228218
2012-08-25 19:00:00,333.070591326162
2012-08-25 20:00:00,110.097925762704
2012-08-25 21:00:00,159.879683147878
2012-08-25 22:00:00,140.327950501971
2012-08-25 23:00:00,98.7048700305048
2012-08-26 00:00:00,139.746278879495
2012-08-26 01:00:00,86.3916725452743
2012-08-26 02:00:00,65.6423280960127
2012-08-26 03:00:00,32.2504784868014
2012-08-26 04:00:00,7.59169812226946
2012-08-26 05:00:00,7.59169812226946
2012-08-26 06:00:00,17.6187949589938
2012-08-26 07:00:00,44.0946343965432
2012-08-26 08:00:00,127.613321867784
2012-08-26 09:00:00,223.981246357757
2012-08-26 10:00:00,320.520033077017
2012-08-26 11:00:00,505.913423270761
2012-08-26 12:00:00,273.801718205566
2012-08-26 13:00:00,273.801718205566
2012-08-26 14:00:00,352.964216318213
2012-08-26 15:00:00,77.7771469197175
2012-08-26 16:00:00,196.438197521759
2012-08-26 17:00:00,174.550966739683
2012-08-26 18:00:00,174.550966739683
2012-08-26 19:00:00,174.550966739683
2012-08-26 20:00:00,198.182780166138
2012-08-26 21:00:00,159.879683147878
2012-08-26 22:00:00,111.795430201657
2012-08-26 23:00:00,127.486377800541
2012-08-27 00:00:00,41.8740262286374
2012-08-27 01:00:00,16.1714161075064
2012-08-27 02:00:00,7.50373607979913
2012-08-27 03:00:00,5.70371085090792
2012-08-27 04:00:00,7.62484861028641
2012-08-27 05:00:00,26.7929916826914
2012-08-27 06:00:00,128.329350665793
2012-08-27 07:00:00,339.172126938408
2012-08-27 08:00:00,535.422508205846
2012-08-27 09:00:00,280.303869432341
2012-08-27 10:00:00,182.655626770301
2012-08-27 11:00:00,182.313439081682
2012-08-27 12:00:00,224.728411469508
2012-08-27 13:00:00,224.728411469508
2012-08-27 14:00:00,256.496860898993
2012-08-27 15:00:00,241.965145256351
2012-08-27 16:00:00,349.788968456734
2012-08-27 17:00:00,694.174268287297
2012-08-27 18:00:00,694.174268287297
2012-08-27 19:00:00,513.143138363996
2012-08-27 20:00:00,367.309783978693
2012-08-27 21:00:00,266.300003338258
2012-08-27 22:00:00,189.050285300132
2012-08-27 23:00:00,116.396842442434
2012-08-28 00:00:00,52.6586622753038
2012-08-28 01:00:00,16.1714161075064
2012-08-28 02:00:00,7.50373607979913
2012-08-28 03:00:00,5.70371085090792
2012-08-28 04:00:00,6.10242769572437
2012-08-28 05:00:00,28.7000476749087
2012-08-28 06:00:00,128.329350665793
2012-08-28 07:00:00,346.577287790174
2012-08-28 08:00:00,590.519104108656
2012-08-28 09:00:00,291.305785556024
2012-08-28 10:00:00,135.984799450973
2012-08-28 11:00:00,165.421949995558
2012-08-28 12:00:00,241.965145256351
2012-08-28 13:00:00,172.883944069215
2012-08-28 14:00:00,172.883944069215
2012-08-28 15:00:00,172.883944069215
2012-08-28 16:00:00,379.979387888471
2012-08-28 17:00:00,594.456460393033
2012-08-28 18:00:00,694.174268287297
2012-08-28 19:00:00,489.98925478289
2012-08-28 20:00:00,367.309783978693
2012-08-28 21:00:00,266.300003338258
2012-08-28 22:00:00,227.760996738575
2012-08-28 23:00:00,148.502692929716
2012-08-29 00:00:00,41.8740262286374
2012-08-29 01:00:00,14.9429345475135
2012-08-29 02:00:00,9.7915968987836
2012-08-29 03:00:00,9.95197523799943
2012-08-29 04:00:00,6.10242769572437
2012-08-29 05:00:00,28.7000476749087
2012-08-29 06:00:00,128.329350665793
2012-08-29 07:00:00,397.77704352508
2012-08-29 08:00:00,490.654062458429
2012-08-29 09:00:00,227.736578747452
2012-08-29 10:00:00,160.03045194919
2012-08-29 11:00:00,219.217806860778
2012-08-29 12:00:00,256.496860898993
2012-08-29 13:00:00,256.496860898993
2012-08-29 14:00:00,256.496860898993
2012-08-29 15:00:00,256.496860898993
2012-08-29 16:00:00,379.979387888471
2012-08-29 17:00:00,694.174268287297
2012-08-29 18:00:00,694.174268287297
2012-08-29 19:00:00,489.98925478289
2012-08-29 20:00:00,320.056635812654
2012-08-29 21:00:00,222.992509729858
2012-08-29 22:00:00,227.760996738575
2012-08-29 23:00:00,148.502692929716
2012-08-30 00:00:00,41.8740262286374
2012-08-30 01:00:00,19.474583113894
2012-08-30 02:00:00,9.7915968987836
2012-08-30 03:00:00,9.95197523799943
2012-08-30 04:00:00,7.62484861028641
2012-08-30 05:00:00,28.7000476749087
2012-08-30 06:00:00,128.329350665793
2012-08-30 07:00:00,397.77704352508
2012-08-30 08:00:00,590.519104108656
2012-08-30 09:00:00,259.478559196138
2012-08-30 10:00:00,182.655626770301
2012-08-30 11:00:00,182.313439081682
2012-08-30 12:00:00,256.496860898993
2012-08-30 13:00:00,256.496860898993
2012-08-30 14:00:00,256.496860898993
2012-08-30 15:00:00,256.496860898993
2012-08-30 16:00:00,379.979387888471
2012-08-30 17:00:00,694.174268287297
2012-08-30 18:00:00,694.174268287297
2012-08-30 19:00:00,489.98925478289
2012-08-30 20:00:00,367.309783978693
2012-08-30 21:00:00,266.300003338258
2012-08-30 22:00:00,189.050285300132
2012-08-30 23:00:00,92.5814581225635
2012-08-31 00:00:00,52.6586622753038
2012-08-31 01:00:00,16.1714161075064
2012-08-31 02:00:00,7.50373607979913
2012-08-31 03:00:00,5.70371085090792
2012-08-31 04:00:00,5.44365238712566
2012-08-31 05:00:00,36.9412080067563
2012-08-31 06:00:00,128.329350665793
2012-08-31 07:00:00,346.577287790174
2012-08-31 08:00:00,590.519104108656
2012-08-31 09:00:00,259.478559196138
2012-08-31 10:00:00,182.655626770301
2012-08-31 11:00:00,165.421949995558
2012-08-31 12:00:00,256.496860898993
2012-08-31 13:00:00,172.883944069215
2012-08-31 14:00:00,256.496860898993
2012-08-31 15:00:00,197.775484558546
2012-08-31 16:00:00,286.245548881553
2012-08-31 17:00:00,622.846424224996
2012-08-31 18:00:00,622.846424224996
2012-08-31 19:00:00,445.418268241174
2012-08-31 20:00:00,367.309783978693
2012-08-31 21:00:00,266.300003338258
2012-08-31 22:00:00,227.760996738575
2012-08-31 23:00:00,148.502692929716
2012-09-20 00:00:00,49.3762978143666
2012-09-20 01:00:00,19.506591375193
2012-09-20 02:00:00,8.50603753971467
2012-09-20 03:00:00,7.94472511923318
2012-09-20 04:00:00,7.94472511923318
2012-09-20 05:00:00,26.7929916826914
2012-09-20 06:00:00,101.654252785665
2012-09-20 07:00:00,397.77704352508
2012-09-20 08:00:00,516.16773681739
2012-09-20 09:00:00,294.02110003534
2012-09-20 10:00:00,160.717993696267
2012-09-20 11:00:00,219.217806860778
2012-09-20 12:00:00,265.470661707264
2012-09-20 13:00:00,265.470661707264
2012-09-20 14:00:00,218.519747553631
2012-09-20 15:00:00,218.519747553631
2012-09-20 16:00:00,349.788968456734
2012-09-20 17:00:00,694.174268287297
2012-09-20 18:00:00,694.174268287297
2012-09-20 19:00:00,513.143138363996
2012-09-20 20:00:00,342.714577166227
2012-09-20 21:00:00,245.828118612717
2012-09-20 22:00:00,160.967674232028
2012-09-20 23:00:00,98.8598002443796
2012-09-21 00:00:00,49.3762978143666
2012-09-21 01:00:00,19.506591375193
2012-09-21 02:00:00,12.7829990278672
2012-09-21 03:00:00,7.94472511923318
2012-09-21 04:00:00,7.94472511923318
2012-09-21 05:00:00,26.7929916826914
2012-09-21 06:00:00,154.197716988712
2012-09-21 07:00:00,397.77704352508
2012-09-21 08:00:00,535.422508205846
2012-09-21 09:00:00,280.303869432341
2012-09-21 10:00:00,183.227749762354
2012-09-21 11:00:00,190.519497088409
2012-09-21 12:00:00,284.984923799124
2012-09-21 13:00:00,284.984923799124
2012-09-21 14:00:00,241.965145256351
2012-09-21 15:00:00,284.984923799124
2012-09-21 16:00:00,349.788968456734
2012-09-21 17:00:00,658.484645933177
2012-09-21 18:00:00,692.497989849207
2012-09-21 19:00:00,513.143138363996
2012-09-21 20:00:00,320.056635812654
2012-09-21 21:00:00,245.828118612717
2012-09-21 22:00:00,140.327950501971
2012-09-21 23:00:00,98.7048700305048
2012-09-22 00:00:00,139.746278879495
2012-09-22 01:00:00,86.3916725452743
2012-09-22 02:00:00,65.6423280960127
2012-09-22 03:00:00,32.2504784868014
2012-09-22 04:00:00,10.5889819331865
2012-09-22 05:00:00,10.5889819331865
2012-09-22 06:00:00,32.1251965892711
2012-09-22 07:00:00,60.9042757232087
2012-09-22 08:00:00,110.166333258302
2012-09-22 09:00:00,258.414218465506
2012-09-22 10:00:00,386.774607543529
2012-09-22 11:00:00,417.980302361552
2012-09-22 12:00:00,424.691511617034
2012-09-22 13:00:00,505.913423270761
2012-09-22 14:00:00,424.691511617034
2012-09-22 15:00:00,505.913423270761
2012-09-22 16:00:00,540.10687996506
2012-09-22 17:00:00,477.643567237211
2012-09-22 18:00:00,477.643567237211
2012-09-22 19:00:00,342.90819930284
2012-09-22 20:00:00,322.272403012227
2012-09-22 21:00:00,222.992509729858
2012-09-22 22:00:00,227.760996738575
2012-09-22 23:00:00,113.69484460666
2012-09-23 00:00:00,118.359587735357
2012-09-23 01:00:00,86.3916725452743
2012-09-23 02:00:00,60.0423583054665
2012-09-23 03:00:00,28.2205849066916
2012-09-23 04:00:00,10.1673666818206
2012-09-23 05:00:00,10.1673666818206
2012-09-23 06:00:00,10.1155570209129
2012-09-23 07:00:00,108.421570515567
2012-09-23 08:00:00,108.421570515567
2012-09-23 09:00:00,214.505039077593
2012-09-23 10:00:00,582.300598770439
2012-09-23 11:00:00,582.300598770439
2012-09-23 12:00:00,582.300598770439
2012-09-23 13:00:00,475.434812973047
2012-09-23 14:00:00,475.434812973047
2012-09-23 15:00:00,475.434812973047
2012-09-23 16:00:00,540.10687996506
2012-09-23 17:00:00,343.721444210442
2012-09-23 18:00:00,343.721444210442
2012-09-23 19:00:00,267.284950998083
2012-09-23 20:00:00,198.182780166138
2012-09-23 21:00:00,159.879683147878
2012-09-23 22:00:00,203.198727467034
2012-09-23 23:00:00,146.007368493528
2012-09-24 00:00:00,40.5308308229912
2012-09-24 01:00:00,19.506591375193
2012-09-24 02:00:00,8.50603753971467
2012-09-24 03:00:00,3.51044094382437
2012-09-24 04:00:00,3.51044094382437
2012-09-24 05:00:00,34.3486592227311
2012-09-24 06:00:00,120.668224347913
2012-09-24 07:00:00,347.98087458584
2012-09-24 08:00:00,619.282692187013
2012-09-24 09:00:00,312.105507203566
2012-09-24 10:00:00,214.951033394904
2012-09-24 11:00:00,280.836433704791
2012-09-24 12:00:00,280.836433704791
2012-09-24 13:00:00,209.554721742049
2012-09-24 14:00:00,280.836433704791
2012-09-24 15:00:00,266.231448185366
2012-09-24 16:00:00,379.979387888471
2012-09-24 17:00:00,619.401265987634
2012-09-24 18:00:00,694.174268287297
2012-09-24 19:00:00,367.78639999455
2012-09-24 20:00:00,280.100305721933
2012-09-24 21:00:00,199.671123896201
2012-09-24 22:00:00,129.328770624747
2012-09-24 23:00:00,111.375739460566
2012-09-25 00:00:00,49.3762978143666
2012-09-25 01:00:00,12.5536648471196
2012-09-25 02:00:00,8.50603753971467
2012-09-25 03:00:00,3.51044094382437
2012-09-25 04:00:00,3.51044094382437
2012-09-25 05:00:00,34.3486592227311
2012-09-25 06:00:00,123.046595636134
2012-09-25 07:00:00,347.98087458584
2012-09-25 08:00:00,619.282692187013
2012-09-25 09:00:00,312.105507203566
2012-09-25 10:00:00,214.951033394904
2012-09-25 11:00:00,190.519497088409
2012-09-25 12:00:00,209.554721742049
2012-09-25 13:00:00,265.470661707264
2012-09-25 14:00:00,209.554721742049
2012-09-25 15:00:00,209.554721742049
2012-09-25 16:00:00,379.979387888471
2012-09-25 17:00:00,594.456460393033
2012-09-25 18:00:00,694.174268287297
2012-09-25 19:00:00,396.15570140556
2012-09-25 20:00:00,320.056635812654
2012-09-25 21:00:00,222.992509729858
2012-09-25 22:00:00,227.760996738575
2012-09-25 23:00:00,126.560482539795
2012-09-26 00:00:00,40.5308308229912
2012-09-26 01:00:00,14.9429345475135
2012-09-26 02:00:00,10.9724558551338
2012-09-26 03:00:00,5.11019184325679
2012-09-26 04:00:00,7.32291749746238
2012-09-26 05:00:00,34.3486592227311
2012-09-26 06:00:00,128.329350665793
2012-09-26 07:00:00,347.98087458584
2012-09-26 08:00:00,619.282692187013
2012-09-26 09:00:00,261.525286090852
2012-09-26 10:00:00,165.217185926396
2012-09-26 11:00:00,190.519497088409
2012-09-26 12:00:00,284.984923799124
2012-09-26 13:00:00,284.984923799124
2012-09-26 14:00:00,172.883944069215
2012-09-26 15:00:00,172.883944069215
2012-09-26 16:00:00,379.979387888471
2012-09-26 17:00:00,480.202025081773
2012-09-26 18:00:00,694.174268287297
2012-09-26 19:00:00,396.15570140556
2012-09-26 20:00:00,320.056635812654
2012-09-26 21:00:00,222.992509729858
2012-09-26 22:00:00,140.327950501971
2012-09-26 23:00:00,98.7048700305048
2012-09-27 00:00:00,41.8740262286374
2012-09-27 01:00:00,19.474583113894
2012-09-27 02:00:00,9.7915968987836
2012-09-27 03:00:00,5.70371085090792
2012-09-27 04:00:00,5.44365238712566
2012-09-27 05:00:00,34.3486592227311
2012-09-27 06:00:00,128.329350665793
2012-09-27 07:00:00,347.98087458584
2012-09-27 08:00:00,619.282692187013
2012-09-27 09:00:00,259.478559196138
2012-09-27 10:00:00,135.984799450973
2012-09-27 11:00:00,182.313439081682
2012-09-27 12:00:00,256.496860898993
2012-09-27 13:00:00,256.496860898993
2012-09-27 14:00:00,256.496860898993
2012-09-27 15:00:00,256.496860898993
2012-09-27 16:00:00,397.548998870186
2012-09-27 17:00:00,658.484645933177
2012-09-27 18:00:00,692.497989849207
2012-09-27 19:00:00,396.15570140556
2012-09-27 20:00:00,320.056635812654
2012-09-27 21:00:00,324.46345832985
2012-09-27 22:00:00,140.327950501971
2012-09-27 23:00:00,116.396842442434
2012-09-28 00:00:00,27.5324638690716
2012-09-28 01:00:00,16.1714161075064
2012-09-28 02:00:00,3.95333720621014
2012-09-28 03:00:00,5.70371085090792
2012-09-28 04:00:00,3.5147994440781
2012-09-28 05:00:00,34.3486592227311
2012-09-28 06:00:00,97.897447165678
2012-09-28 07:00:00,347.98087458584
2012-09-28 08:00:00,490.208903171226
2012-09-28 09:00:00,261.525286090852
2012-09-28 10:00:00,165.217185926396
2012-09-28 11:00:00,219.217806860778
2012-09-28 12:00:00,284.984923799124
2012-09-28 13:00:00,284.984923799124
2012-09-28 14:00:00,284.984923799124
2012-09-28 15:00:00,241.965145256351
2012-09-28 16:00:00,397.548998870186
2012-09-28 17:00:00,658.484645933177
2012-09-28 18:00:00,694.174268287297
2012-09-28 19:00:00,395.395891659878
2012-09-28 20:00:00,395.395891659878
2012-09-28 21:00:00,395.395891659878
2012-09-28 22:00:00,140.327950501971
2012-09-28 23:00:00,111.375739460566
2012-09-29 00:00:00,118.359587735357
2012-09-29 01:00:00,86.3916725452743
2012-09-29 02:00:00,60.0423583054665
2012-09-29 03:00:00,28.2205849066916
2012-09-29 04:00:00,8.55286808258621
2012-09-29 05:00:00,13.9783245799215
2012-09-29 06:00:00,32.1251965892711
2012-09-29 07:00:00,108.421570515567
2012-09-29 08:00:00,108.421570515567
2012-09-29 09:00:00,214.505039077593
2012-09-29 10:00:00,395.280705969588
2012-09-29 11:00:00,383.978764461972
2012-09-29 12:00:00,475.434812973047
2012-09-29 13:00:00,475.434812973047
2012-09-29 14:00:00,475.434812973047
2012-09-29 15:00:00,475.434812973047
2012-09-29 16:00:00,540.10687996506
2012-09-29 17:00:00,535.310941868257
2012-09-29 18:00:00,406.077190303424
2012-09-29 19:00:00,267.284950998083
2012-09-29 20:00:00,198.182780166138
2012-09-29 21:00:00,159.879683147878
2012-09-29 22:00:00,129.328770624747
2012-09-29 23:00:00,146.007368493528
2012-09-30 00:00:00,118.359587735357
2012-09-30 01:00:00,99.955446655473
2012-09-30 02:00:00,42.4389860784946
2012-09-30 03:00:00,18.1555189329947
2012-09-30 04:00:00,6.40828818595334
2012-09-30 05:00:00,6.40828818595334
2012-09-30 06:00:00,19.3244495295051
2012-09-30 07:00:00,108.421570515567
2012-09-30 08:00:00,108.421570515567
2012-09-30 09:00:00,214.505039077593
2012-09-30 10:00:00,582.300598770439
2012-09-30 11:00:00,475.434812973047
2012-09-30 12:00:00,475.434812973047
2012-09-30 13:00:00,475.434812973047
2012-09-30 14:00:00,475.434812973047
2012-09-30 15:00:00,475.434812973047
2012-09-30 16:00:00,540.10687996506
2012-09-30 17:00:00,535.310941868257
2012-09-30 18:00:00,406.077190303424
2012-09-30 19:00:00,133.052192141174
2012-09-30 20:00:00,133.052192141174
2012-09-30 21:00:00,159.879683147878
2012-09-30 22:00:00,149.49198647762
2012-09-30 23:00:00,98.8598002443796
2012-10-20 00:00:00,105.603038684178
2012-10-20 01:00:00,80.6729322314713
2012-10-20 02:00:00,54.9855754242355
2012-10-20 03:00:00,18.1555189329947
2012-10-20 04:00:00,6.40828818595334
2012-10-20 05:00:00,6.40828818595334
2012-10-20 06:00:00,19.3244495295051
2012-10-20 07:00:00,108.421570515567
2012-10-20 08:00:00,108.421570515567
2012-10-20 09:00:00,214.505039077593
2012-10-20 10:00:00,395.280705969588
2012-10-20 11:00:00,395.280705969588
2012-10-20 12:00:00,582.300598770439
2012-10-20 13:00:00,582.300598770439
2012-10-20 14:00:00,582.300598770439
2012-10-20 15:00:00,582.300598770439
2012-10-20 16:00:00,461.510087970566
2012-10-20 17:00:00,343.721444210442
2012-10-20 18:00:00,343.721444210442
2012-10-20 19:00:00,267.284950998083
2012-10-20 20:00:00,198.182780166138
2012-10-20 21:00:00,159.879683147878
2012-10-20 22:00:00,129.328770624747
2012-10-20 23:00:00,146.007368493528
2012-10-21 00:00:00,105.603038684178
2012-10-21 01:00:00,80.6729322314713
2012-10-21 02:00:00,54.9855754242355
2012-10-21 03:00:00,18.1555189329947
2012-10-21 04:00:00,6.40828818595334
2012-10-21 05:00:00,6.40828818595334
2012-10-21 06:00:00,10.1155570209129
2012-10-21 07:00:00,108.421570515567
2012-10-21 08:00:00,108.421570515567
2012-10-21 09:00:00,214.505039077593
2012-10-21 10:00:00,383.978764461972
2012-10-21 11:00:00,383.978764461972
2012-10-21 12:00:00,383.978764461972
2012-10-21 13:00:00,582.300598770439
2012-10-21 14:00:00,582.300598770439
2012-10-21 15:00:00,383.978764461972
2012-10-21 16:00:00,461.510087970566
2012-10-21 17:00:00,343.721444210442
2012-10-21 18:00:00,343.721444210442
2012-10-21 19:00:00,267.284950998083
2012-10-21 20:00:00,198.182780166138
2012-10-21 21:00:00,154.598738750977
2012-10-21 22:00:00,149.49198647762
2012-10-21 23:00:00,146.007368493528
2012-10-22 00:00:00,49.3762978143666
2012-10-22 01:00:00,12.5536648471196
2012-10-22 02:00:00,8.50603753971467
2012-10-22 03:00:00,3.51044094382437
2012-10-22 04:00:00,3.51044094382437
2012-10-22 05:00:00,34.3486592227311
2012-10-22 06:00:00,123.046595636134
2012-10-22 07:00:00,347.98087458584
2012-10-22 08:00:00,619.282692187013
2012-10-22 09:00:00,312.105507203566
2012-10-22 10:00:00,184.952870514835
2012-10-22 11:00:00,280.836433704791
2012-10-22 12:00:00,280.836433704791
2012-10-22 13:00:00,265.470661707264
2012-10-22 14:00:00,280.836433704791
2012-10-22 15:00:00,266.231448185366
2012-10-22 16:00:00,379.979387888471
2012-10-22 17:00:00,694.174268287297
2012-10-22 18:00:00,560.849442223082
2012-10-22 19:00:00,367.78639999455
2012-10-22 20:00:00,280.100305721933
2012-10-22 21:00:00,199.671123896201
2012-10-22 22:00:00,129.328770624747
2012-10-22 23:00:00,98.8598002443796
2012-10-23 00:00:00,34.4355626648632
2012-10-23 01:00:00,19.506591375193
2012-10-23 02:00:00,7.50373607979913
2012-10-23 03:00:00,7.94472511923318
2012-10-23 04:00:00,6.48168347401505
2012-10-23 05:00:00,34.3486592227311
2012-10-23 06:00:00,123.046595636134
2012-10-23 07:00:00,347.98087458584
2012-10-23 08:00:00,619.282692187013
2012-10-23 09:00:00,261.525286090852
2012-10-23 10:00:00,165.217185926396
2012-10-23 11:00:00,219.217806860778
2012-10-23 12:00:00,265.470661707264
2012-10-23 13:00:00,265.470661707264
2012-10-23 14:00:00,329.788215347012
2012-10-23 15:00:00,329.788215347012
2012-10-23 16:00:00,379.979387888471
2012-10-23 17:00:00,694.174268287297
2012-10-23 18:00:00,694.174268287297
2012-10-23 19:00:00,396.15570140556
2012-10-23 20:00:00,342.714577166227
2012-10-23 21:00:00,245.828118612717
2012-10-23 22:00:00,160.967674232028
2012-10-23 23:00:00,98.8598002443796
2012-10-24 00:00:00,49.3762978143666
2012-10-24 01:00:00,19.506591375193
2012-10-24 02:00:00,12.7829990278672
2012-10-24 03:00:00,7.94472511923318
2012-10-24 04:00:00,7.94472511923318
2012-10-24 05:00:00,34.3486592227311
2012-10-24 06:00:00,154.197716988712
2012-10-24 07:00:00,347.98087458584
2012-10-24 08:00:00,490.208903171226
2012-10-24 09:00:00,261.525286090852
2012-10-24 10:00:00,165.217185926396
2012-10-24 11:00:00,165.217185926396
2012-10-24 12:00:00,228.287288016013
2012-10-24 13:00:00,265.470661707264
2012-10-24 14:00:00,256.459606189582
2012-10-24 15:00:00,329.788215347012
2012-10-24 16:00:00,379.979387888471
2012-10-24 17:00:00,694.174268287297
2012-10-24 18:00:00,694.174268287297
2012-10-24 19:00:00,396.15570140556
2012-10-24 20:00:00,320.056635812654
2012-10-24 21:00:00,199.020657136439
2012-10-24 22:00:00,203.198727467034
2012-10-24 23:00:00,122.136229274733
2012-10-25 00:00:00,39.6940463063006
2012-10-25 01:00:00,19.474583113894
2012-10-25 02:00:00,12.7829990278672
2012-10-25 03:00:00,5.70371085090792
2012-10-25 04:00:00,5.44365238712566
2012-10-25 05:00:00,27.0187440351465
2012-10-25 06:00:00,128.329350665793
2012-10-25 07:00:00,347.98087458584
2012-10-25 08:00:00,490.208903171226
2012-10-25 09:00:00,261.525286090852
2012-10-25 10:00:00,165.217185926396
2012-10-25 11:00:00,165.217185926396
2012-10-25 12:00:00,170.525531987296
2012-10-25 13:00:00,170.525531987296
2012-10-25 14:00:00,170.525531987296
2012-10-25 15:00:00,228.287288016013
2012-10-25 16:00:00,349.788968456734
2012-10-25 17:00:00,560.849442223082
2012-10-25 18:00:00,253.992575120676
2012-10-25 19:00:00,253.992575120676
2012-10-25 20:00:00,206.448856437057
2012-10-25 21:00:00,161.689738206903
2012-10-25 22:00:00,160.967674232028
2012-10-25 23:00:00,74.2259432282044
2012-10-26 00:00:00,27.5324638690716
2012-10-26 01:00:00,19.506591375193
2012-10-26 02:00:00,5.65121124206207
2012-10-26 03:00:00,5.70371085090792
2012-10-26 04:00:00,5.44365238712566
2012-10-26 05:00:00,27.0187440351465
2012-10-26 06:00:00,128.329350665793
2012-10-26 07:00:00,347.98087458584
2012-10-26 08:00:00,490.208903171226
2012-10-26 09:00:00,261.525286090852
2012-10-26 10:00:00,165.217185926396
2012-10-26 11:00:00,165.217185926396
2012-10-26 12:00:00,170.525531987296
2012-10-26 13:00:00,228.287288016013
2012-10-26 14:00:00,228.287288016013
2012-10-26 15:00:00,228.287288016013
2012-10-26 16:00:00,397.548998870186
2012-10-26 17:00:00,333.070591326162
2012-10-26 18:00:00,333.070591326162
2012-10-26 19:00:00,253.992575120676
2012-10-26 20:00:00,206.448856437057
2012-10-26 21:00:00,245.828118612717
2012-10-26 22:00:00,160.967674232028
2012-10-26 23:00:00,98.8598002443796
2012-10-27 00:00:00,118.359587735357
2012-10-27 01:00:00,79.949022741162
2012-10-27 02:00:00,60.0423583054665
2012-10-27 03:00:00,28.2205849066916
2012-10-27 04:00:00,10.5889819331865
2012-10-27 05:00:00,10.5889819331865
2012-10-27 06:00:00,32.1251965892711
2012-10-27 07:00:00,108.421570515567
2012-10-27 08:00:00,108.421570515567
2012-10-27 09:00:00,214.505039077593
2012-10-27 10:00:00,383.978764461972
2012-10-27 11:00:00,383.978764461972
2012-10-27 12:00:00,475.434812973047
2012-10-27 13:00:00,475.434812973047
2012-10-27 14:00:00,475.434812973047
2012-10-27 15:00:00,262.669473729192
2012-10-27 16:00:00,373.408902869956
2012-10-27 17:00:00,406.077190303424
2012-10-27 18:00:00,406.077190303424
2012-10-27 19:00:00,267.284950998083
2012-10-27 20:00:00,198.182780166138
2012-10-27 21:00:00,159.879683147878
2012-10-27 22:00:00,140.327950501971
2012-10-27 23:00:00,79.2633850123063
2012-10-28 00:00:00,118.359587735357
2012-10-28 01:00:00,79.949022741162
2012-10-28 02:00:00,60.0423583054665
2012-10-28 03:00:00,28.2205849066916
2012-10-28 04:00:00,10.4224011594839
2012-10-28 05:00:00,13.9783245799215
2012-10-28 06:00:00,32.1251965892711
2012-10-28 07:00:00,108.421570515567
2012-10-28 08:00:00,108.421570515567
2012-10-28 09:00:00,214.505039077593
2012-10-28 10:00:00,262.669473729192
2012-10-28 11:00:00,262.669473729192
2012-10-28 12:00:00,262.669473729192
2012-10-28 13:00:00,262.669473729192
2012-10-28 14:00:00,262.669473729192
2012-10-28 15:00:00,262.669473729192
2012-10-28 16:00:00,216.009241611574
2012-10-28 17:00:00,216.009241611574
2012-10-28 18:00:00,50.1472949972286
2012-10-28 19:00:00,50.1472949972286
2012-10-28 20:00:00,50.1472949972286
2012-10-28 21:00:00,50.1472949972286
2012-10-28 22:00:00,43.3803016929579
2012-10-28 23:00:00,46.4538443313785
2012-10-29 00:00:00,34.4355626648632
2012-10-30 13:00:00,123.537530985823
2012-10-30 14:00:00,123.537530985823
2012-10-30 15:00:00,123.537530985823
2012-10-30 16:00:00,263.29085606644
2012-10-30 17:00:00,506.318601882011
2012-10-30 18:00:00,506.318601882011
2012-10-30 19:00:00,367.78639999455
2012-10-30 20:00:00,208.213773834844
2012-10-30 21:00:00,156.994019610218
2012-10-30 22:00:00,120.663843568197
2012-10-30 23:00:00,77.1469789144338
2012-10-31 00:00:00,19.6593474287557
2012-10-31 01:00:00,10.1559732435045
2012-10-31 02:00:00,5.58595309984274
2012-10-31 03:00:00,5.58595309984274
2012-10-31 04:00:00,7.60471613122115
2012-10-31 05:00:00,22.8348133194496
2012-10-31 06:00:00,123.046595636134
2012-10-31 07:00:00,272.565095556496
2012-10-31 08:00:00,429.984520979791
2012-10-31 09:00:00,280.394022287154
2012-10-31 10:00:00,149.890847636599
2012-10-31 11:00:00,149.890847636599
2012-10-31 12:00:00,228.287288016013
2012-10-31 13:00:00,207.356671156184
2012-10-31 14:00:00,207.356671156184
2012-10-31 15:00:00,207.356671156184
2012-10-31 16:00:00,316.232670892033
2012-10-31 17:00:00,564.428809742878
2012-10-31 18:00:00,564.428809742878
2012-10-31 19:00:00,357.026869975631
2012-10-31 20:00:00,230.6794236425
2012-10-31 21:00:00,192.26559853701
2012-10-31 22:00:00,120.663843568197
2012-10-31 23:00:00,96.7986290989358
2012-11-20 00:00:00,35.7298981720824
2012-11-20 01:00:00,18.9591097909626
2012-11-20 02:00:00,3.07034693076311
2012-11-20 03:00:00,5.58595309984274
2012-11-20 04:00:00,7.60471613122115
2012-11-20 05:00:00,31.862026241932
2012-11-20 06:00:00,123.046595636134
2012-11-20 07:00:00,272.565095556496
2012-11-20 08:00:00,429.984520979791
2012-11-20 09:00:00,280.394022287154
2012-11-20 10:00:00,137.17275139977
2012-11-20 11:00:00,137.17275139977
2012-11-20 12:00:00,228.287288016013
2012-11-20 13:00:00,228.287288016013
2012-11-20 14:00:00,228.287288016013
2012-11-20 15:00:00,207.356671156184
2012-11-20 16:00:00,316.232670892033
2012-11-20 17:00:00,422.184984235279
2012-11-20 18:00:00,473.155244192675
2012-11-20 19:00:00,357.026869975631
2012-11-20 20:00:00,230.6794236425
2012-11-20 21:00:00,156.994019610218
2012-11-20 22:00:00,120.663843568197
2012-11-20 23:00:00,77.1469789144338
2012-11-21 00:00:00,19.6593474287557
2012-11-21 01:00:00,10.1559732435045
2012-11-21 02:00:00,5.58595309984274
2012-11-21 03:00:00,5.58595309984274
2012-11-21 04:00:00,7.60471613122115
2012-11-21 05:00:00,22.8348133194496
2012-11-21 06:00:00,105.215527288392
2012-11-21 07:00:00,272.565095556496
2012-11-21 08:00:00,429.984520979791
2012-11-21 09:00:00,280.394022287154
2012-11-21 10:00:00,149.890847636599
2012-11-21 11:00:00,207.356671156184
2012-11-21 12:00:00,217.179891350411
2012-11-21 13:00:00,217.179891350411
2012-11-21 14:00:00,280.836433704791
2012-11-21 15:00:00,280.836433704791
2012-11-21 16:00:00,316.232670892033
2012-11-21 17:00:00,564.428809742878
2012-11-21 18:00:00,473.155244192675
2012-11-21 19:00:00,357.026869975631
2012-11-21 20:00:00,208.213773834844
2012-11-21 21:00:00,156.994019610218
2012-11-21 22:00:00,120.663843568197
2012-11-21 23:00:00,96.7986290989358
2012-11-22 00:00:00,105.603038684178
2012-11-22 01:00:00,80.6729322314713
2012-11-22 02:00:00,43.8507729438032
2012-11-22 03:00:00,13.9076775310514
2012-11-22 04:00:00,5.50882060427088
2012-11-22 05:00:00,5.50882060427088
2012-11-22 06:00:00,13.663844746617
2012-11-22 07:00:00,39.9529583038193
2012-11-22 08:00:00,103.284357970672
2012-11-22 09:00:00,198.759092672257
2012-11-22 10:00:00,285.797039082657
2012-11-22 11:00:00,328.183547277041
2012-11-22 12:00:00,328.183547277041
2012-11-22 13:00:00,328.183547277041
2012-11-22 14:00:00,328.183547277041
2012-11-22 15:00:00,328.183547277041
2012-11-22 16:00:00,348.076995931682
2012-11-22 17:00:00,348.076995931682
2012-11-22 18:00:00,231.981164900637
2012-11-22 19:00:00,178.628598894007
2012-11-22 20:00:00,127.751354238679
2012-11-22 21:00:00,122.327468226383
2012-11-22 22:00:00,122.327468226383
2012-11-22 23:00:00,77.1469789144338
2012-11-23 00:00:00,35.7298981720824
2012-11-23 01:00:00,10.1559732435045
2012-11-23 02:00:00,3.07034693076311
2012-11-23 03:00:00,3.07034693076311
2012-11-23 04:00:00,7.60471613122115
2012-11-23 05:00:00,22.8348133194496
2012-11-23 06:00:00,123.046595636134
2012-11-23 07:00:00,272.565095556496
2012-11-23 08:00:00,429.984520979791
2012-11-23 09:00:00,280.394022287154
2012-11-23 10:00:00,149.890847636599
2012-11-23 11:00:00,207.356671156184
2012-11-23 12:00:00,217.179891350411
2012-11-23 13:00:00,280.836433704791
2012-11-23 14:00:00,280.836433704791
2012-11-23 15:00:00,280.836433704791
2012-11-23 16:00:00,316.232670892033
2012-11-23 17:00:00,473.155244192675
2012-11-23 18:00:00,473.155244192675
2012-11-23 19:00:00,357.026869975631
2012-11-23 20:00:00,280.100305721933
2012-11-23 21:00:00,199.671123896201
2012-11-23 22:00:00,97.4509261049145
2012-11-23 23:00:00,53.1109431948573
2012-11-24 00:00:00,55.2891861848874
2012-11-24 01:00:00,55.2891861848874
2012-11-24 02:00:00,43.8507729438032
2012-11-24 03:00:00,9.71851553680926
2012-11-24 04:00:00,5.50882060427088
2012-11-24 05:00:00,5.50882060427088
2012-11-24 06:00:00,13.663844746617
2012-11-24 07:00:00,39.9529583038193
2012-11-24 08:00:00,103.284357970672
2012-11-24 09:00:00,137.072162492183
2012-11-24 10:00:00,193.026492472729
2012-11-24 11:00:00,193.026492472729
2012-11-24 12:00:00,193.026492472729
2012-11-24 13:00:00,237.072097843385
2012-11-24 14:00:00,237.072097843385
2012-11-24 15:00:00,193.026492472729
2012-11-24 16:00:00,193.026492472729
2012-11-24 17:00:00,193.026492472729
2012-11-24 18:00:00,193.026492472729
2012-11-24 19:00:00,178.628598894007
2012-11-24 20:00:00,127.751354238679
2012-11-24 21:00:00,74.7660773554404
2012-11-24 22:00:00,74.7660773554404
2012-11-24 23:00:00,61.2123706886126
2012-11-25 00:00:00,55.2891861848874
2012-11-25 01:00:00,64.908284683463
2012-11-25 02:00:00,43.8507729438032
2012-11-25 03:00:00,13.9076775310514
2012-11-25 04:00:00,5.50882060427088
2012-11-25 05:00:00,5.50882060427088
2012-11-25 06:00:00,13.663844746617
2012-11-25 07:00:00,39.9529583038193
2012-11-25 08:00:00,103.284357970672
2012-11-25 09:00:00,137.072162492183
2012-11-25 10:00:00,193.026492472729
2012-11-25 11:00:00,193.026492472729
2012-11-25 12:00:00,193.026492472729
2012-11-25 13:00:00,193.026492472729
2012-11-25 14:00:00,326.181198831113
2012-11-25 15:00:00,230.081109299334
2012-11-25 16:00:00,230.081109299334
2012-11-25 17:00:00,193.026492472729
2012-11-25 18:00:00,193.026492472729
2012-11-25 19:00:00,178.628598894007
2012-11-25 20:00:00,127.751354238679
2012-11-25 21:00:00,122.327468226383
2012-11-25 22:00:00,122.327468226383
2012-11-25 23:00:00,61.2123706886126
2012-11-26 00:00:00,35.7298981720824
2012-11-26 01:00:00,14.2061430482645
2012-11-26 02:00:00,3.07034693076311
2012-11-26 03:00:00,3.07034693076311
2012-11-26 04:00:00,4.19308802507634
2012-11-26 05:00:00,31.862026241932
2012-11-26 06:00:00,97.9919804939896
2012-11-26 07:00:00,348.816444296731
2012-11-26 08:00:00,578.238397226557
2012-11-26 09:00:00,280.394022287154
2012-11-26 10:00:00,228.48725953707
2012-11-26 11:00:00,217.179891350411
2012-11-26 12:00:00,217.179891350411
2012-11-26 13:00:00,217.179891350411
2012-11-26 14:00:00,217.179891350411
2012-11-26 15:00:00,217.179891350411
2012-11-26 16:00:00,316.232670892033
2012-11-26 17:00:00,473.155244192675
2012-11-26 18:00:00,387.872856702278
2012-11-26 19:00:00,289.340304877776
2012-11-26 20:00:00,208.213773834844
2012-11-26 21:00:00,156.994019610218
2012-11-26 22:00:00,120.663843568197
2012-11-26 23:00:00,77.1469789144338
2012-11-27 00:00:00,35.7298981720824
2012-11-27 01:00:00,10.1559732435045
2012-11-27 02:00:00,5.58595309984274
2012-11-27 03:00:00,5.58595309984274
2012-11-27 04:00:00,7.60471613122115
2012-11-27 05:00:00,22.8348133194496
2012-11-27 06:00:00,123.046595636134
2012-11-27 07:00:00,272.565095556496
2012-11-27 08:00:00,429.984520979791
2012-11-27 09:00:00,201.653481364914
2012-11-27 10:00:00,149.890847636599
2012-11-27 11:00:00,123.537530985823
2012-11-27 12:00:00,123.537530985823
2012-11-27 13:00:00,123.537530985823
2012-11-27 14:00:00,123.537530985823
2012-11-27 15:00:00,123.537530985823
2012-11-27 16:00:00,263.29085606644
2012-11-27 17:00:00,506.318601882011
2012-11-27 18:00:00,506.318601882011
2012-11-27 19:00:00,168.118188327721
2012-11-27 20:00:00,168.118188327721
2012-11-27 21:00:00,74.7660773554404
2012-11-27 22:00:00,74.7660773554404
2012-11-27 23:00:00,61.2123706886126
2012-11-28 00:00:00,35.7298981720824
2012-11-28 01:00:00,14.2061430482645
2012-11-28 02:00:00,5.58595309984274
2012-11-28 03:00:00,5.58595309984274
2012-11-28 04:00:00,7.60471613122115
2012-11-28 05:00:00,31.862026241932
2012-11-28 06:00:00,97.9919804939896
2012-11-28 07:00:00,348.816444296731
2012-11-28 08:00:00,578.238397226557
2012-11-28 09:00:00,280.394022287154
2012-11-28 10:00:00,176.278893999
2012-11-28 11:00:00,176.278893999
2012-11-28 12:00:00,144.447977755695
2012-11-28 13:00:00,197.822875185237
2012-11-28 14:00:00,197.822875185237
2012-11-28 15:00:00,197.822875185237
2012-11-28 16:00:00,263.29085606644
2012-11-28 17:00:00,410.525143394794
2012-11-28 18:00:00,410.525143394794
2012-11-28 19:00:00,289.340304877776
2012-11-28 20:00:00,208.213773834844
2012-11-28 21:00:00,156.994019610218
2012-11-28 22:00:00,74.7660773554404
2012-11-28 23:00:00,61.2123706886126
2012-11-29 00:00:00,35.7298981720824
2012-11-29 01:00:00,14.2061430482645
2012-11-29 02:00:00,3.07034693076311
2012-11-29 04:00:00,4.19308802507634
2012-11-29 05:00:00,31.862026241932
2012-11-29 06:00:00,97.9919804939896
2012-11-29 07:00:00,348.816444296731
2012-11-29 08:00:00,578.238397226557
2012-11-29 09:00:00,280.394022287154
2012-11-29 10:00:00,123.537530985823
2012-11-29 11:00:00,228.48725953707
2012-11-29 12:00:00,228.48725953707
2012-11-29 13:00:00,217.179891350411
2012-11-29 14:00:00,228.48725953707
2012-11-29 15:00:00,197.822875185237
2012-11-29 16:00:00,263.29085606644
2012-11-29 17:00:00,410.525143394794
2012-11-29 18:00:00,506.318601882011
2012-11-29 19:00:00,289.340304877776
2012-11-29 20:00:00,208.213773834844
2012-11-29 21:00:00,74.7660773554404
2012-11-29 22:00:00,120.663843568197
2012-11-29 23:00:00,96.7986290989358
2012-11-30 00:00:00,35.7298981720824
2012-11-30 01:00:00,14.2061430482645
2012-11-30 02:00:00,3.07034693076311
2012-11-30 03:00:00,3.07034693076311
2012-11-30 04:00:00,4.19308802507634
2012-11-30 05:00:00,22.8348133194496
2012-11-30 06:00:00,97.9919804939896
2012-11-30 07:00:00,272.565095556496
2012-11-30 08:00:00,429.984520979791
2012-11-30 09:00:00,280.394022287154
2012-11-30 10:00:00,149.890847636599
2012-11-30 11:00:00,228.48725953707
2012-11-30 12:00:00,207.356671156184
2012-11-30 13:00:00,217.179891350411
2012-11-30 14:00:00,217.179891350411
2012-11-30 15:00:00,217.179891350411
2012-11-30 16:00:00,316.232670892033
2012-11-30 17:00:00,387.872856702278
2012-11-30 18:00:00,387.872856702278
2012-11-30 19:00:00,289.340304877776
2012-11-30 20:00:00,208.213773834844
2012-11-30 21:00:00,156.994019610218
2012-11-30 22:00:00,120.663843568197
2012-11-30 23:00:00,77.1469789144338
2012-12-20 00:00:00,35.7298981720824
2012-12-20 01:00:00,18.9591097909626
2012-12-20 02:00:00,3.07034693076311
2012-12-20 03:00:00,3.07034693076311
2012-12-20 04:00:00,4.19308802507634
2012-12-20 05:00:00,31.862026241932
2012-12-20 06:00:00,123.046595636134
2012-12-20 07:00:00,272.565095556496
2012-12-20 08:00:00,578.238397226557
2012-12-20 09:00:00,280.394022287154
2012-12-20 10:00:00,149.890847636599
2012-12-20 11:00:00,149.890847636599
2012-12-20 12:00:00,228.48725953707
2012-12-20 13:00:00,149.890847636599
2012-12-20 14:00:00,228.48725953707
2012-12-20 15:00:00,149.890847636599
2012-12-20 16:00:00,263.29085606644
2012-12-20 17:00:00,506.318601882011
2012-12-20 18:00:00,506.318601882011
2012-12-20 19:00:00,289.340304877776
2012-12-20 20:00:00,208.213773834844
2012-12-20 21:00:00,156.994019610218
2012-12-20 22:00:00,120.663843568197
2012-12-20 23:00:00,46.4538443313785
2012-12-21 00:00:00,34.4355626648632
2012-12-21 01:00:00,12.5536648471196
2012-12-21 02:00:00,3.95333720621014
2012-12-21 03:00:00,2.12640595781652
2012-12-21 04:00:00,3.54051973628984
2012-12-21 05:00:00,7.2493459763829
2012-12-21 06:00:00,82.926745387053
2012-12-21 07:00:00,236.493970693439
2012-12-21 08:00:00,458.632923452012
2012-12-21 09:00:00,155.244130345234
2012-12-21 10:00:00,117.204176419286
2012-12-21 11:00:00,117.204176419286
2012-12-21 12:00:00,117.204176419286
2012-12-21 13:00:00,117.204176419286
2012-12-21 14:00:00,117.204176419286
2012-12-21 15:00:00,117.204176419286
2012-12-21 16:00:00,143.498693404534
2012-12-21 17:00:00,191.475752580464
2012-12-21 18:00:00,191.475752580464
2012-12-21 19:00:00,139.256490380506
2012-12-21 20:00:00,114.39610134391
2012-12-21 21:00:00,72.9280987625083
2012-12-21 22:00:00,72.9280987625083
2012-12-21 23:00:00,37.2208656248988
2012-12-22 00:00:00,25.9021105254463
2012-12-22 01:00:00,25.9021105254463
2012-12-22 02:00:00,21.9189704222733
2012-12-22 03:00:00,9.71851553680926
2012-12-22 04:00:00,2.2054211793046
2012-12-22 05:00:00,3.39526022911643
2012-12-22 06:00:00,3.992634267919
2012-12-22 07:00:00,12.5062439252129
2012-12-22 08:00:00,33.6661115800159
2012-12-22 09:00:00,86.0132336864487
2012-12-22 10:00:00,134.351622584082
2012-12-22 11:00:00,150.807264833601
2012-12-22 12:00:00,150.807264833601
2012-12-22 13:00:00,205.657073154256
2012-12-22 14:00:00,205.657073154256
2012-12-22 15:00:00,215.011419822116
2012-12-22 16:00:00,150.807264833601
2012-12-22 17:00:00,111.284047286447
2012-12-22 18:00:00,111.284047286447
2012-12-22 19:00:00,67.8166338791553
2012-12-22 20:00:00,67.8166338791553
2012-12-22 21:00:00,23.3535931502341
2012-12-22 22:00:00,23.3535931502341
2012-12-22 23:00:00,16.6206453829192
2012-12-23 00:00:00,25.9021105254463
2012-12-23 01:00:00,25.9021105254463
2012-12-23 02:00:00,21.9189704222733
2012-12-23 03:00:00,13.9076775310514
2012-12-23 04:00:00,4.0983826990374
2012-12-23 05:00:00,4.0983826990374
2012-12-23 06:00:00,5.41818973363666
2012-12-23 07:00:00,12.5062439252129
2012-12-23 08:00:00,33.6661115800159
2012-12-23 09:00:00,86.0132336864487
2012-12-23 10:00:00,134.351622584082
2012-12-23 11:00:00,150.807264833601
2012-12-23 12:00:00,205.657073154256
2012-12-23 13:00:00,205.657073154256
2012-12-23 14:00:00,215.011419822116
2012-12-23 15:00:00,215.011419822116
2012-12-23 16:00:00,215.011419822116
2012-12-23 17:00:00,111.284047286447
2012-12-23 18:00:00,111.284047286447
2012-12-23 19:00:00,94.7139232329018
2012-12-23 20:00:00,94.7139232329018
2012-12-23 21:00:00,47.7529711741195
2012-12-23 22:00:00,56.2077942369164
2012-12-23 23:00:00,37.2208656248988
2012-12-24 00:00:00,14.8380250690586
2012-12-24 01:00:00,5.99663598838382
2012-12-24 02:00:00,3.35201774426667
2012-12-24 03:00:00,2.87329374225897
2012-12-24 05:00:00,8.38477541127575
2012-12-24 06:00:00,29.2622016829037
2012-12-24 07:00:00,236.493970693439
2012-12-24 08:00:00,458.632923452012
2012-12-24 09:00:00,179.418063704427
2012-12-24 10:00:00,86.2502390706314
2012-12-24 11:00:00,106.438867569076
2012-12-24 12:00:00,86.2502390706314
2012-12-24 13:00:00,41.6992513109447
2012-12-24 14:00:00,41.6992513109447
2012-12-24 15:00:00,37.0926894065422
2012-12-24 16:00:00,94.9908038461758
2012-12-24 17:00:00,145.487879409153
2012-12-24 18:00:00,145.487879409153
2012-12-24 19:00:00,101.887015132193
2012-12-24 20:00:00,89.7679960737874
2012-12-24 21:00:00,47.7529711741195
2012-12-24 22:00:00,47.7529711741195
2012-12-24 23:00:00,30.0726572254519
2012-12-25 00:00:00,34.865456536426
2012-12-25 01:00:00,34.865456536426
2012-12-25 02:00:00,21.9189704222733
2012-12-25 04:00:00,4.0983826990374
2012-12-25 05:00:00,4.0983826990374
2012-12-25 06:00:00,5.41818973363666
2012-12-25 07:00:00,12.5062439252129
2012-12-25 08:00:00,54.5519976789789
2012-12-25 09:00:00,86.0132336864487
2012-12-25 10:00:00,134.351622584082
2012-12-25 11:00:00,141.509656911655
2012-12-25 12:00:00,141.509656911655
2012-12-25 13:00:00,105.588702262761
2012-12-25 14:00:00,105.588702262761
2012-12-25 15:00:00,205.657073154256
2012-12-25 16:00:00,205.657073154256
2012-12-25 17:00:00,111.284047286447
2012-12-25 18:00:00,111.284047286447
2012-12-25 19:00:00,94.7139232329018
2012-12-25 20:00:00,94.7139232329018
2012-12-25 21:00:00,47.7529711741195
2012-12-25 22:00:00,47.7529711741195
2012-12-25 23:00:00,37.2208656248988
2012-12-26 00:00:00,20.8344574282736
2012-12-26 01:00:00,2.93287512656574
2012-12-26 02:00:00,4.61261076417762
2012-12-26 03:00:00,1.86606598307361
2012-12-26 04:00:00,1.19422009496884
2012-12-26 05:00:00,4.88524497971948
2012-12-26 06:00:00,45.3416782950662
2012-12-26 07:00:00,137.628173251069
2012-12-26 08:00:00,287.271358423839
2012-12-26 09:00:00,116.66057625453
2012-12-26 10:00:00,37.0926894065422
2012-12-26 11:00:00,37.0926894065422
2012-12-26 12:00:00,37.0926894065422
2012-12-26 13:00:00,37.0926894065422
2012-12-26 14:00:00,37.0926894065422
2012-12-26 15:00:00,37.0926894065422
2012-12-26 16:00:00,143.498693404534
2012-12-26 17:00:00,145.487879409153
2012-12-26 18:00:00,145.487879409153
2012-12-26 19:00:00,101.887015132193
2012-12-26 20:00:00,89.7679960737874
2012-12-26 21:00:00,47.7529711741195
2012-12-26 22:00:00,41.6846844910747
2012-12-26 23:00:00,16.6206453829192
2012-12-27 00:00:00,7.16789095078735
2012-12-27 01:00:00,2.93287512656574
2012-12-27 02:00:00,2.1983752102188
2012-12-27 03:00:00,1.51385904479011
2012-12-27 04:00:00,1.86606598307361
2012-12-27 05:00:00,7.2493459763829
2012-12-27 06:00:00,45.3416782950662
2012-12-27 07:00:00,137.628173251069
2012-12-27 08:00:00,287.271358423839
2012-12-27 09:00:00,116.66057625453
2012-12-27 10:00:00,63.3590217692102
2012-12-27 11:00:00,162.71807405436
2012-12-27 12:00:00,106.438867569076
2012-12-27 13:00:00,106.438867569076
2012-12-27 14:00:00,86.9002169096976
2012-12-27 15:00:00,86.9002169096976
2012-12-27 16:00:00,143.498693404534
2012-12-27 17:00:00,191.475752580464
2012-12-27 18:00:00,191.475752580464
2012-12-27 19:00:00,101.887015132193
2012-12-27 20:00:00,89.7679960737874
2012-12-27 21:00:00,103.383203646853
2012-12-27 22:00:00,41.6846844910747
2012-12-27 23:00:00,16.6206453829192
2012-12-28 00:00:00,20.8344574282736
2012-12-28 01:00:00,4.86560265552562
2012-12-28 02:00:00,4.61261076417762
2012-12-28 03:00:00,2.87329374225897
2012-12-28 04:00:00,2.21843725255861
2012-12-28 05:00:00,17.3354025499873
2012-12-28 06:00:00,45.3416782950662
2012-12-28 07:00:00,137.628173251069
2012-12-28 08:00:00,458.632923452012
2012-12-28 09:00:00,116.66057625453
2012-12-28 10:00:00,162.71807405436
2012-12-28 11:00:00,106.438867569076
2012-12-28 12:00:00,106.438867569076
2012-12-28 13:00:00,106.438867569076
2012-12-28 14:00:00,87.6095169184057
2012-12-28 15:00:00,86.2502390706314
2012-12-28 16:00:00,94.9908038461758
2012-12-28 17:00:00,191.475752580464
2012-12-28 18:00:00,191.475752580464
2012-12-28 19:00:00,101.887015132193
2012-12-28 20:00:00,89.7679960737874
2012-12-28 21:00:00,71.960016177397
2012-12-28 22:00:00,47.7529711741195
2012-12-28 23:00:00,37.2208656248988
2012-12-29 00:00:00,34.865456536426
2012-12-29 01:00:00,34.865456536426
2012-12-29 02:00:00,21.9189704222733
2012-12-29 03:00:00,13.9076775310514
2012-12-29 04:00:00,4.0983826990374
2012-12-29 05:00:00,4.0983826990374
2012-12-29 06:00:00,5.41818973363666
2012-12-29 07:00:00,12.5062439252129
2012-12-29 08:00:00,54.5519976789789
2012-12-29 09:00:00,86.0132336864487
2012-12-29 10:00:00,134.351622584082
2012-12-29 11:00:00,141.509656911655
2012-12-29 12:00:00,32.8076698467873
2012-12-29 13:00:00,32.8076698467873
2012-12-29 14:00:00,141.509656911655
2012-12-29 15:00:00,141.509656911655
2012-12-29 16:00:00,141.509656911655
2012-12-29 17:00:00,111.284047286447
2012-12-29 18:00:00,111.284047286447
2012-12-29 19:00:00,67.8166338791553
2012-12-29 20:00:00,67.8166338791553
2012-12-29 21:00:00,56.2077942369164
2012-12-29 22:00:00,56.2077942369164
2012-12-29 23:00:00,37.2208656248988
2012-12-30 00:00:00,34.865456536426
2012-12-30 01:00:00,25.9021105254463
2012-12-30 02:00:00,21.9189704222733
2012-12-30 03:00:00,9.71851553680926
2012-12-30 04:00:00,2.2054211793046
2012-12-30 05:00:00,3.39526022911643
2012-12-30 06:00:00,3.992634267919
2012-12-30 07:00:00,12.5062439252129
2012-12-30 08:00:00,33.6661115800159
2012-12-30 09:00:00,50.3670836325057
2012-12-30 10:00:00,134.351622584082
2012-12-30 11:00:00,150.807264833601
2012-12-30 12:00:00,150.807264833601
2012-12-30 13:00:00,150.807264833601
2012-12-30 14:00:00,150.807264833601
2012-12-30 15:00:00,150.807264833601
2012-12-30 16:00:00,150.807264833601
2012-12-30 17:00:00,111.284047286447
2012-12-30 18:00:00,111.284047286447
2012-12-30 19:00:00,94.7139232329018
2012-12-30 20:00:00,67.8166338791553
2012-12-30 21:00:00,23.3535931502341
2012-12-30 22:00:00,23.3535931502341
2012-12-30 23:00:00,16.6206453829192
2012-12-31 00:00:00,10.6301989899135
2012-12-31 01:00:00,4.86560265552562
2012-12-31 02:00:00,2.1983752102188
2012-12-31 03:00:00,1.19422009496884
2012-12-31 04:00:00,1.19422009496884
2012-12-31 05:00:00,8.38477541127575
2012-12-31 06:00:00,39.6318314456746
2012-12-31 07:00:00,137.628173251069
2012-12-31 08:00:00,287.271358423839
2012-12-31 09:00:00,179.418063704427
2012-12-31 10:00:00,37.0926894065422
2012-12-31 11:00:00,63.3590217692102
2012-12-31 12:00:00,86.9002169096976
2012-12-31 13:00:00,106.438867569076
2012-12-31 14:00:00,87.6095169184057
2012-12-31 15:00:00,87.6095169184057
2012-12-31 16:00:00,94.9908038461758
2012-12-31 17:00:00,191.475752580464
2012-12-31 18:00:00,191.475752580464
2012-12-31 19:00:00,101.887015132193
2012-12-31 20:00:00,89.7679960737874
2012-12-31 21:00:00,103.383203646853
2012-12-31 22:00:00,103.383203646853
2012-12-31 23:00:00,37.2208656248988
