datetime,count
2011-01-20 00:00:00,11.5640524596177
2011-01-20 01:00:00,6.181971697513
2011-01-20 02:00:00,3.8324913933744
2011-01-20 03:00:00,3.44689690153979
2011-01-20 04:00:00,2.47968236424993
2011-01-20 05:00:00,12.9317510175567
2011-01-20 06:00:00,62.5400179408212
2011-01-20 07:00:00,153.453475987306
2011-01-20 08:00:00,279.867956748089
2011-01-20 09:00:00,172.15335545344
2011-01-20 10:00:00,86.1492752131586
2011-01-20 11:00:00,98.1060581555467
2011-01-20 12:00:00,132.892537885646
2011-01-20 13:00:00,122.524815177264
2011-01-20 14:00:00,136.555728424148
2011-01-20 15:00:00,129.950702247727
2011-01-20 16:00:00,125.293584099144
2011-01-20 17:00:00,198.191531833744
2011-01-20 18:00:00,172.758377993837
2011-01-20 19:00:00,142.683432264791
2011-01-20 20:00:00,91.1048905143682
2011-01-20 21:00:00,64.6189663027254
2011-01-20 22:00:00,43.5586839421496
2011-01-20 23:00:00,24.6226141531889
2011-01-21 00:00:00,12.7271327945628
2011-01-21 01:00:00,5.50836812552709
2011-01-21 02:00:00,4.5815924682065
2011-01-21 03:00:00,2.29193256323888
2011-01-21 04:00:00,1.90038798881691
2011-01-21 05:00:00,3.83484104266144
2011-01-21 06:00:00,49.969507910734
2011-01-21 07:00:00,116.617398453258
2011-01-21 08:00:00,202.872605429556
2011-01-21 09:00:00,136.915366415606
2011-01-21 10:00:00,55.3949281984867
2011-01-21 11:00:00,62.3363027880547
2011-01-21 12:00:00,87.7055465968679
2011-01-21 13:00:00,88.2311929645829
2011-01-21 14:00:00,86.2074641483686
2011-01-21 15:00:00,77.376336137267
2011-01-21 16:00:00,100.145548940851
2011-01-21 17:00:00,163.94417603798
2011-01-21 18:00:00,145.865897079461
2011-01-21 19:00:00,130.445500060011
2011-01-21 20:00:00,106.098031481084
2011-01-21 21:00:00,55.2314787295371
2011-01-21 22:00:00,37.9482668884187
2011-01-21 23:00:00,21.6677788595622
2011-01-22 00:00:00,27.0953774262619
2011-01-22 01:00:00,20.2405603286567
2011-01-22 02:00:00,16.3957028680986
2011-01-22 03:00:00,8.86985009463597
2011-01-22 04:00:00,2.29649236896115
2011-01-22 06:00:00,3.18784707292708
2011-01-22 07:00:00,22.0425570097335
2011-01-22 08:00:00,36.6249438563271
2011-01-22 09:00:00,51.2333592701444
2011-01-22 10:00:00,71.4422842222325
2011-01-22 11:00:00,73.8514687143265
2011-01-22 12:00:00,85.5625735905139
2011-01-22 13:00:00,107.74647327054
2011-01-22 14:00:00,96.400915942689
2011-01-22 15:00:00,98.0240337180609
2011-01-22 16:00:00,90.9811646998849
2011-01-22 17:00:00,102.204399262654
2011-01-22 18:00:00,62.5990082019802
2011-01-22 19:00:00,51.370723004397
2011-01-22 20:00:00,44.3881747798105
2011-01-22 21:00:00,42.3806321754821
2011-01-22 22:00:00,29.485283077227
2011-01-22 23:00:00,16.0763764528007
2011-01-23 00:00:00,27.7457472066436
2011-01-23 01:00:00,24.5364181343154
2011-01-23 02:00:00,18.0772848781568
2011-01-23 03:00:00,12.2015455689327
2011-01-23 05:00:00,2.61806588634379
2011-01-23 06:00:00,2.8027220405795
2011-01-23 07:00:00,15.6710117257094
2011-01-23 08:00:00,29.0831015047656
2011-01-23 09:00:00,47.6227885547891
2011-01-23 10:00:00,72.519753072528
2011-01-23 11:00:00,96.2824948451483
2011-01-23 12:00:00,94.6408057833703
2011-01-23 13:00:00,95.1355629910889
2011-01-23 14:00:00,97.7781846187151
2011-01-23 15:00:00,94.5283385039109
2011-01-23 16:00:00,90.5641849335304
2011-01-23 17:00:00,81.731007106671
2011-01-23 18:00:00,67.1021345439027
2011-01-23 19:00:00,55.4801061157937
2011-01-23 20:00:00,42.2679090291572
2011-01-23 21:00:00,41.8997896481282
2011-01-23 22:00:00,33.1164675402127
2011-01-23 23:00:00,21.6803426796139
2011-01-24 00:00:00,10.6825324920664
2011-01-24 01:00:00,4.81905440676378
2011-01-24 03:00:00,1.71073123508548
2011-01-24 04:00:00,2.07301712669889
2011-01-24 05:00:00,6.88660173416701
2011-01-24 06:00:00,31.1405946310601
2011-01-24 07:00:00,106.960320225824
2011-01-24 08:00:00,217.554926824286
2011-01-24 09:00:00,153.894211133353
2011-01-24 10:00:00,62.544694433548
2011-01-24 11:00:00,63.4463208464577
2011-01-24 12:00:00,64.4229947543194
2011-01-24 13:00:00,64.0004890678479
2011-01-24 14:00:00,63.9885875071057
2011-01-24 15:00:00,66.3447116584866
2011-01-24 16:00:00,83.6964926777042
2011-01-24 17:00:00,119.881708813441
2011-01-24 18:00:00,113.276988532611
2011-01-24 19:00:00,97.2032296751628
2011-01-24 20:00:00,68.9546885315843
2011-01-24 21:00:00,43.4679654299958
2011-01-24 22:00:00,33.2832340097227
2011-01-24 23:00:00,25.5699407320334
2011-01-25 00:00:00,9.73239736709634
2011-01-25 01:00:00,4.22909535774042
2011-01-25 02:00:00,1.7518362254901
2011-01-25 04:00:00,1.40077393769068
2011-01-25 05:00:00,7.2353620486037
2011-01-25 06:00:00,49.8837325393651
2011-01-25 07:00:00,92.9636875626302
2011-01-25 08:00:00,243.739693039983
2011-01-25 09:00:00,198.744124127783
2011-01-25 10:00:00,86.3333472983375
2011-01-25 11:00:00,86.626814275321
2011-01-25 12:00:00,99.3731121768392
2011-01-25 13:00:00,97.0132128247923
2011-01-25 14:00:00,133.135199063368
2011-01-25 15:00:00,125.312298827308
2011-01-25 16:00:00,155.197730146928
2011-01-25 17:00:00,237.023173424994
2011-01-25 18:00:00,192.325022949919
2011-01-25 19:00:00,124.176712824029
2011-01-25 20:00:00,83.4807349282471
2011-01-25 21:00:00,58.7748585358047
2011-01-25 22:00:00,47.3800945154346
2011-01-25 23:00:00,24.9038781378927
2011-01-26 00:00:00,12.0050696433954
2011-01-26 01:00:00,5.6917314967893
2011-01-26 02:00:00,3.23277732088642
2011-01-26 05:00:00,5.11695448490478
2011-01-26 06:00:00,42.3955106173617
2011-01-26 07:00:00,85.5523005480442
2011-01-26 08:00:00,119.121629146169
2011-01-26 09:00:00,92.1493612196498
2011-01-26 10:00:00,49.0746935733152
2011-01-26 11:00:00,34.4559590539589
2011-01-26 12:00:00,34.2663947267942
2011-01-26 13:00:00,33.9508695115804
2011-01-26 14:00:00,33.3209561281434
2011-01-26 15:00:00,27.6152236215061
2011-01-26 16:00:00,49.2581787325121
2011-01-26 17:00:00,68.0803297840263
2011-01-27 16:00:00,98.2456833754564
2011-01-27 17:00:00,155.587039985399
2011-01-27 18:00:00,132.728991604825
2011-01-27 19:00:00,108.393648603523
2011-01-27 20:00:00,80.7160808400753
2011-01-27 21:00:00,48.836842002105
2011-01-27 22:00:00,39.7669593942153
2011-01-27 23:00:00,23.5931281790849
2011-01-28 00:00:00,10.6642340742631
2011-01-28 01:00:00,5.93553883114071
2011-01-28 02:00:00,2.76759962219156
2011-01-28 03:00:00,2.41899880248967
2011-01-28 05:00:00,11.7978950061738
2011-01-28 06:00:00,55.3459794092389
2011-01-28 07:00:00,171.073676338941
2011-01-28 08:00:00,275.223899329944
2011-01-28 09:00:00,117.647322923409
2011-01-28 10:00:00,56.3182594608801
2011-01-28 11:00:00,57.5372122211327
2011-01-28 12:00:00,58.0180638887208
2011-01-28 13:00:00,57.0722580258903
2011-01-28 14:00:00,55.3883169093401
2011-01-28 15:00:00,53.277158759831
2011-01-28 16:00:00,70.2141291331792
2011-01-28 17:00:00,140.339625506589
2011-01-28 18:00:00,138.299661350085
2011-01-28 19:00:00,113.092625910929
2011-01-28 20:00:00,85.1432058819532
2011-01-28 21:00:00,57.6554283118173
2011-01-28 22:00:00,46.4580465659473
2011-01-28 23:00:00,29.6719006240657
2011-01-29 00:00:00,31.6569509435557
2011-01-29 01:00:00,26.5443663582881
2011-01-29 02:00:00,18.4289827266903
2011-01-29 03:00:00,11.9655551788181
2011-01-29 04:00:00,3.56623166259621
2011-01-29 06:00:00,4.34138665466434
2011-01-29 07:00:00,15.108056985124
2011-01-29 08:00:00,41.605345605096
2011-01-29 09:00:00,62.7086577131962
2011-01-29 10:00:00,83.0214420898107
2011-01-29 11:00:00,75.5535581474657
2011-01-29 12:00:00,94.986437320092
2011-01-29 13:00:00,137.933184410406
2011-01-29 14:00:00,127.359411590337
2011-01-29 15:00:00,118.9470030846
2011-01-29 16:00:00,136.741186873119
2011-01-29 17:00:00,111.243871538259
2011-01-29 18:00:00,91.5411298091584
2011-01-29 19:00:00,80.6815472166403
2011-01-29 20:00:00,58.241965020796
2011-01-29 21:00:00,43.1272103586444
2011-01-29 22:00:00,32.8206501220142
2011-01-29 23:00:00,22.546811957881
2011-01-30 00:00:00,31.7694497707494
2011-01-30 01:00:00,24.775724299548
2011-01-30 02:00:00,18.3002087631575
2011-01-30 03:00:00,10.325725594699
2011-01-30 04:00:00,4.35621386221164
2011-01-30 05:00:00,3.52850516147446
2011-01-30 07:00:00,9.74777334449023
2011-01-30 08:00:00,34.3720557414254
2011-01-30 09:00:00,77.8139806818317
2011-01-30 10:00:00,128.83929302824
2011-01-30 11:00:00,127.172414910259
2011-01-30 12:00:00,177.364117699898
2011-01-30 13:00:00,154.48235422735
2011-01-30 14:00:00,184.643053104729
2011-01-30 15:00:00,171.502815928166
2011-01-30 16:00:00,154.387720839879
2011-01-30 17:00:00,147.308169378399
2011-01-30 18:00:00,96.9307621332333
2011-01-30 19:00:00,70.3461119328309
2011-01-30 20:00:00,58.510180742078
2011-01-30 21:00:00,53.4317668573176
2011-01-30 22:00:00,43.1881586007983
2011-01-30 23:00:00,25.0982922349237
2011-01-31 00:00:00,13.3372335163123
2011-01-31 01:00:00,4.92226459903806
2011-01-31 02:00:00,2.93581186285373
2011-01-31 03:00:00,2.41244939202889
2011-01-31 04:00:00,1.63286705170767
2011-01-31 05:00:00,4.57418162328837
2011-01-31 06:00:00,41.2949657217659
2011-01-31 07:00:00,105.567666268048
2011-01-31 08:00:00,190.747461528667
2011-01-31 09:00:00,115.188428317586
2011-01-31 10:00:00,50.3089493385376
2011-01-31 11:00:00,51.1957411962259
2011-01-31 12:00:00,64.0508150829402
2011-01-31 13:00:00,66.3591416581399
2011-01-31 14:00:00,59.7184003865146
2011-01-31 15:00:00,60.5081579958168
2011-01-31 16:00:00,79.2716435794917
2011-01-31 17:00:00,118.884464240288
2011-01-31 18:00:00,121.727494467723
2011-01-31 19:00:00,142.770231759163
2011-01-31 20:00:00,76.7476638043498
2011-01-31 21:00:00,41.3174500672687
2011-01-31 22:00:00,40.4117830953897
2011-01-31 23:00:00,21.2946755697165
2011-02-20 00:00:00,28.3277393088948
2011-02-20 01:00:00,22.1495867323096
2011-02-20 02:00:00,16.1216265017043
2011-02-20 03:00:00,8.56773436182154
2011-02-20 04:00:00,3.51609431317171
2011-02-20 06:00:00,5.40536648388661
2011-02-20 07:00:00,19.2513483095484
2011-02-20 08:00:00,49.323375644858
2011-02-20 09:00:00,68.589141707223
2011-02-20 10:00:00,140.468302141089
2011-02-20 11:00:00,156.324995319669
2011-02-20 12:00:00,184.406579407812
2011-02-20 13:00:00,234.550935853061
2011-02-20 14:00:00,259.094978754663
2011-02-20 15:00:00,264.158603615528
2011-02-20 16:00:00,233.514715670359
2011-02-20 17:00:00,191.087048666161
2011-02-20 18:00:00,143.841771878741
2011-02-20 19:00:00,126.340835212698
2011-02-20 20:00:00,108.118895878568
2011-02-20 21:00:00,76.5997962039285
2011-02-20 22:00:00,62.7132952162551
2011-02-20 23:00:00,48.7963747984655
2011-02-21 00:00:00,36.2042775479284
2011-02-21 01:00:00,26.4858365679828
2011-02-21 02:00:00,16.3732756995222
2011-02-21 03:00:00,8.26464297119924
2011-02-21 04:00:00,6.17947349015768
2011-02-21 05:00:00,5.03004768849856
2011-02-21 06:00:00,14.4352334772627
2011-02-21 07:00:00,70.9056653858725
2011-02-21 08:00:00,61.0559704546212
2011-02-21 09:00:00,89.9953882726753
2011-02-21 10:00:00,141.049177576507
2011-02-21 11:00:00,150.301551380528
2011-02-21 12:00:00,188.88535413157
2011-02-21 13:00:00,109.391823372738
2011-02-21 14:00:00,140.127394993367
2011-02-21 15:00:00,153.551953928449
2011-02-21 16:00:00,108.465208256677
2011-02-21 17:00:00,128.381832237602
2011-02-21 18:00:00,89.6402135712494
2011-02-21 19:00:00,74.8549080378476
2011-02-21 20:00:00,58.0852600817124
2011-02-21 21:00:00,29.6422444674697
2011-02-21 22:00:00,26.0382896091745
2011-02-21 23:00:00,19.7175063683081
2011-02-22 06:00:00,43.8599760038844
2011-02-22 07:00:00,104.613074576995
2011-02-22 08:00:00,189.974366226232
2011-02-22 09:00:00,124.059102173525
2011-02-22 10:00:00,57.7688918849924
2011-02-22 11:00:00,72.0527431580904
2011-02-22 12:00:00,77.9885301102992
2011-02-22 13:00:00,84.3224813154017
2011-02-22 14:00:00,90.7370674541858
2011-02-22 15:00:00,93.1393817456409
2011-02-22 16:00:00,90.3330216959377
2011-02-22 17:00:00,150.013366680674
2011-02-22 18:00:00,154.649269122983
2011-02-22 19:00:00,106.08732652406
2011-02-22 20:00:00,78.0847207554623
2011-02-22 21:00:00,55.174291595429
2011-02-22 22:00:00,37.5711391699172
2011-02-22 23:00:00,32.9198674769258
2011-02-23 00:00:00,12.4916949241698
2011-02-23 01:00:00,5.03674003110526
2011-02-23 02:00:00,2.47723066604565
2011-02-23 03:00:00,1.61151409012607
2011-02-23 05:00:00,6.27967288824998
2011-02-23 06:00:00,39.0646539733265
2011-02-23 07:00:00,112.687858356726
2011-02-23 08:00:00,226.260958150173
2011-02-23 09:00:00,178.02082807149
2011-02-23 10:00:00,85.2819308768631
2011-02-23 11:00:00,95.2059825166494
2011-02-23 12:00:00,81.3637508569179
2011-02-23 13:00:00,98.6466978985321
2011-02-23 14:00:00,113.280841979059
2011-02-23 15:00:00,114.68687544253
2011-02-23 16:00:00,144.823822477901
2011-02-23 17:00:00,251.013250969519
2011-02-23 18:00:00,250.773032020292
2011-02-23 19:00:00,211.65014510437
2011-02-23 20:00:00,80.3031497136801
2011-02-23 21:00:00,64.5302162950895
2011-02-23 22:00:00,54.1093698155091
2011-02-23 23:00:00,30.9156030559817
2011-02-24 00:00:00,13.1204464947626
2011-02-24 01:00:00,5.54578595155867
2011-02-24 02:00:00,2.52499159492943
2011-02-24 03:00:00,1.97364287109928
2011-02-24 05:00:00,9.66008729072553
2011-02-24 06:00:00,53.8485600208344
2011-02-24 07:00:00,145.373286247417
2011-02-24 08:00:00,361.496313598587
2011-02-24 09:00:00,162.010439577655
2011-02-24 10:00:00,93.4983291441215
2011-02-24 11:00:00,97.0817315154391
2011-02-24 12:00:00,110.558713436953
2011-02-24 13:00:00,94.5944089435053
2011-02-24 14:00:00,106.161301135369
2011-02-24 15:00:00,91.6333699225432
2011-02-24 16:00:00,90.3265454415121
2011-02-24 17:00:00,155.392500922181
2011-02-24 18:00:00,130.348681704143
2011-02-24 19:00:00,77.3718720546977
2011-02-24 20:00:00,70.869686907572
2011-02-24 21:00:00,62.6057593679786
2011-02-24 22:00:00,34.6964790053039
2011-02-24 23:00:00,35.7249681930003
2011-02-25 00:00:00,8.1622654889348
2011-02-25 01:00:00,6.03114505785782
2011-02-25 02:00:00,3.84784494005651
2011-02-25 03:00:00,1.99665109872342
2011-02-25 05:00:00,11.2192639705575
2011-02-25 06:00:00,61.7223214798708
2011-02-25 07:00:00,78.3299261886
2011-02-25 08:00:00,152.530557220269
2011-02-25 09:00:00,60.5777442491245
2011-02-25 10:00:00,51.3441182426512
2011-02-25 11:00:00,125.430605970297
2011-02-25 12:00:00,154.469882518288
2011-02-25 13:00:00,149.951124158638
2011-02-25 14:00:00,160.014469253054
2011-02-25 15:00:00,157.382034846995
2011-02-25 16:00:00,132.800494407116
2011-02-25 17:00:00,211.593028325252
2011-02-25 18:00:00,183.950807405298
2011-02-25 19:00:00,138.560153023409
2011-02-25 20:00:00,97.9447174038827
2011-02-25 21:00:00,71.9404254320834
2011-02-25 22:00:00,52.5168111272176
2011-02-25 23:00:00,36.6147293367602
2011-02-26 00:00:00,33.7804615367687
2011-02-26 01:00:00,29.9122033579092
2011-02-26 02:00:00,18.1859846347281
2011-02-26 03:00:00,13.2373218307567
2011-02-26 04:00:00,3.78455840669665
2011-02-26 05:00:00,3.90044494312066
2011-02-26 06:00:00,3.79321553305269
2011-02-26 07:00:00,13.2758509762759
2011-02-26 08:00:00,39.6113314922271
2011-02-26 09:00:00,87.3322484517751
2011-02-26 10:00:00,153.176450326012
2011-02-26 11:00:00,211.010560342891
2011-02-26 12:00:00,199.202725882383
2011-02-26 13:00:00,196.023508789486
2011-02-26 14:00:00,160.761901066012
2011-02-26 15:00:00,181.269099317141
2011-02-26 16:00:00,164.211362009042
2011-02-26 17:00:00,184.857445126424
2011-02-26 18:00:00,128.183280101267
2011-02-26 19:00:00,95.7940049008747
2011-02-26 20:00:00,80.037362445652
2011-02-26 21:00:00,58.7079177335103
2011-02-26 22:00:00,58.6927402945279
2011-02-26 23:00:00,40.6404650421164
2011-02-27 00:00:00,38.6125522020245
2011-02-27 01:00:00,36.6046365185483
2011-02-27 02:00:00,29.6584011211393
2011-02-27 03:00:00,11.9506605063294
2011-02-27 04:00:00,6.73174841639676
2011-02-27 06:00:00,5.87474123458026
2011-02-27 07:00:00,17.5503863577923
2011-02-27 08:00:00,50.4988204289168
2011-02-27 09:00:00,85.2878236000042
2011-02-27 10:00:00,116.264124991517
2011-02-27 11:00:00,174.78050636094
2011-02-27 12:00:00,199.960317708246
2011-02-27 13:00:00,275.573408192779
2011-02-27 14:00:00,305.920347283789
2011-02-27 15:00:00,356.66591797415
2011-02-27 16:00:00,286.101446357057
2011-02-27 17:00:00,171.824949414836
2011-02-27 18:00:00,140.312207700812
2011-02-27 19:00:00,126.735126951698
2011-02-27 20:00:00,107.559589927126
2011-02-27 21:00:00,89.7176045729324
2011-02-27 22:00:00,73.7429704369971
2011-02-27 23:00:00,55.9160581914516
2011-02-28 00:00:00,27.2054660353968
2011-02-28 01:00:00,6.14884713241462
2011-02-28 03:00:00,1.96761350290702
2011-02-28 05:00:00,15.6062030480597
2011-02-28 06:00:00,65.9794593320927
2011-02-28 07:00:00,171.705450217485
2011-02-28 08:00:00,176.316073331684
2011-02-28 09:00:00,233.599680552273
2011-02-28 10:00:00,139.34956137118
2011-02-28 11:00:00,154.098387383391
2011-02-28 12:00:00,180.692926178382
2011-02-28 13:00:00,73.033015874281
2011-02-28 14:00:00,44.665333960466
2011-02-28 15:00:00,42.3817554347069
2011-02-28 16:00:00,65.5064259634082
2011-02-28 17:00:00,64.5317890758364
2011-02-28 18:00:00,117.045143249044
2011-02-28 19:00:00,83.5170159635415
2011-02-28 20:00:00,79.435184143302
2011-02-28 21:00:00,91.1760029624051
2011-02-28 22:00:00,34.2985963992005
2011-02-28 23:00:00,40.4660722949316
2011-03-20 00:00:00,45.1626877753711
2011-03-20 01:00:00,45.2338029834898
2011-03-20 02:00:00,34.2093687967418
2011-03-20 03:00:00,13.447479832675
2011-03-20 04:00:00,2.44604868919696
2011-03-20 05:00:00,2.72471964745108
2011-03-20 06:00:00,3.05239557293098
2011-03-20 07:00:00,18.6173546337447
2011-03-20 08:00:00,52.6732987052228
2011-03-20 09:00:00,88.4033838301078
2011-03-20 10:00:00,152.314582561267
2011-03-20 11:00:00,233.578013866699
2011-03-20 12:00:00,261.851826365125
2011-03-20 13:00:00,246.989285597109
2011-03-20 14:00:00,253.339029678976
2011-03-20 15:00:00,258.379477356279
2011-03-20 16:00:00,231.422993081829
2011-03-20 17:00:00,174.906836803654
2011-03-20 18:00:00,150.269939578606
2011-03-20 19:00:00,111.125160597114
2011-03-20 20:00:00,94.8459434530982
2011-03-20 21:00:00,69.7980630908311
2011-03-20 22:00:00,55.5776063070504
2011-03-20 23:00:00,34.0329721409831
2011-03-21 00:00:00,15.8870765339892
2011-03-21 01:00:00,8.90719682389311
2011-03-21 02:00:00,5.12861865751435
2011-03-21 03:00:00,3.28154994106969
2011-03-21 05:00:00,10.3046481623219
2011-03-21 06:00:00,47.3464633367411
2011-03-21 07:00:00,83.1327228359933
2011-03-21 08:00:00,191.495003033825
2011-03-21 09:00:00,162.326655403077
2011-03-21 10:00:00,77.5752332973216
2011-03-21 11:00:00,106.377802313472
2011-03-21 12:00:00,102.085106283807
2011-03-21 13:00:00,141.854912168847
2011-03-21 14:00:00,139.110687689375
2011-03-21 15:00:00,185.755057510665
2011-03-21 16:00:00,244.576470904599
2011-03-21 17:00:00,453.4027892538
2011-03-21 18:00:00,453.866457554765
2011-03-21 19:00:00,441.606118353217
2011-03-21 20:00:00,305.327969710406
2011-03-21 21:00:00,123.723049145063
2011-03-21 22:00:00,116.232691116091
2011-03-21 23:00:00,66.7918754690187
2011-03-22 00:00:00,39.7225563183839
2011-03-22 01:00:00,7.90011904880249
2011-03-22 02:00:00,8.85197339550422
2011-03-22 03:00:00,4.08190959405747
2011-03-22 04:00:00,4.23997084950357
2011-03-22 05:00:00,19.685032838982
2011-03-22 06:00:00,75.7747790883249
2011-03-22 07:00:00,224.10209032347
2011-03-22 08:00:00,291.002867428172
2011-03-22 09:00:00,170.075871788782
2011-03-22 10:00:00,121.711265866107
2011-03-22 11:00:00,141.155572705101
2011-03-22 12:00:00,179.429614889364
2011-03-22 13:00:00,158.907761687458
2011-03-22 14:00:00,169.144514613373
2011-03-22 15:00:00,163.432745202832
2011-03-22 16:00:00,301.092937778834
2011-03-22 17:00:00,480.511891167763
2011-03-22 18:00:00,381.501472369975
2011-03-22 19:00:00,215.661126031826
2011-03-22 20:00:00,164.451143862322
2011-03-22 21:00:00,114.378447372667
2011-03-22 22:00:00,96.8684371126799
2011-03-22 23:00:00,55.680572587833
2011-03-23 00:00:00,16.5530364990627
2011-03-23 01:00:00,8.00454186815691
2011-03-23 02:00:00,5.90105877543674
2011-03-23 03:00:00,3.48362493296729
2011-03-23 05:00:00,10.4029911594317
2011-03-23 06:00:00,63.5226309839775
2011-03-23 07:00:00,132.209735380194
2011-03-23 08:00:00,254.748149140793
2011-03-23 09:00:00,165.540038644053
2011-03-23 10:00:00,63.001371231841
2011-03-23 11:00:00,74.1726847220924
2011-03-23 12:00:00,61.7801177492576
2011-03-23 13:00:00,74.6354108946903
2011-03-23 14:00:00,91.5020845091452
2011-03-23 15:00:00,82.1351984498896
2011-03-23 16:00:00,140.804521329484
2011-03-23 17:00:00,259.30352036167
2011-03-23 18:00:00,149.347054311726
2011-03-23 19:00:00,130.434960163419
2011-03-23 20:00:00,60.866524166323
2011-03-23 21:00:00,40.3161397202502
2011-03-23 22:00:00,41.4769507794834
2011-03-23 23:00:00,31.7770002453885
2011-03-24 00:00:00,9.31002744520248
2011-03-24 01:00:00,4.71232819821856
2011-03-24 02:00:00,4.36773807079449
2011-03-24 03:00:00,2.35071829165048
2011-03-24 04:00:00,1.82804864255152
2011-03-24 05:00:00,9.11246867534726
2011-03-24 06:00:00,41.9551788566048
2011-03-24 07:00:00,74.7957498573449
2011-03-24 08:00:00,84.8812942595756
2011-03-24 09:00:00,129.006285495008
2011-03-24 10:00:00,40.8936736346159
2011-03-24 11:00:00,60.5145623523023
2011-03-24 12:00:00,93.0336336515866
2011-03-24 13:00:00,86.8342664957799
2011-03-24 14:00:00,91.9527119592284
2011-03-24 15:00:00,85.3974573035804
2011-03-24 16:00:00,100.250537712535
2011-03-24 17:00:00,149.624855951996
2011-03-24 18:00:00,179.433230764795
2011-03-24 19:00:00,128.563782438991
2011-03-24 20:00:00,87.9650299334066
2011-03-24 21:00:00,61.4458055620384
2011-03-24 22:00:00,53.133710850714
2011-03-24 23:00:00,27.8388620312779
2011-03-25 00:00:00,13.4293849358271
2011-03-25 01:00:00,4.49970342891299
2011-03-25 02:00:00,2.10835796556075
2011-03-25 03:00:00,2.56484580170789
2011-03-25 04:00:00,1.65606738544678
2011-03-25 05:00:00,8.64656947842377
2011-03-25 06:00:00,53.6033899377703
2011-03-25 07:00:00,146.609800682956
2011-03-25 08:00:00,255.187324662468
2011-03-25 09:00:00,165.414697029419
2011-03-25 10:00:00,82.8115335763999
2011-03-25 11:00:00,110.411810852972
2011-03-25 12:00:00,124.918885071081
2011-03-25 13:00:00,126.983856562001
2011-03-25 14:00:00,146.292830718559
2011-03-25 15:00:00,131.296389214138
2011-03-25 16:00:00,142.996585839305
2011-03-25 17:00:00,222.443522626649
2011-03-25 18:00:00,188.465718791342
2011-03-25 19:00:00,160.535161020488
2011-03-25 20:00:00,117.678500805818
2011-03-25 21:00:00,88.9083217294535
2011-03-25 22:00:00,61.8417249647366
2011-03-25 23:00:00,36.334692405716
2011-03-26 00:00:00,40.9199877450157
2011-03-26 01:00:00,29.5036986077616
2011-03-26 02:00:00,18.8203250132623
2011-03-26 03:00:00,9.98585043016014
2011-03-26 04:00:00,3.30361338746528
2011-03-26 05:00:00,2.89123195028472
2011-03-26 06:00:00,8.47761734035946
2011-03-26 07:00:00,19.590669029143
2011-03-26 08:00:00,65.2154446233217
2011-03-26 09:00:00,92.9857629097522
2011-03-26 10:00:00,125.117178631844
2011-03-26 11:00:00,127.328842486877
2011-03-26 12:00:00,153.767723879847
2011-03-26 13:00:00,180.366901178948
2011-03-26 14:00:00,201.695094725851
2011-03-26 15:00:00,207.447686344794
2011-03-26 16:00:00,210.672246553253
2011-03-26 17:00:00,166.137651148306
2011-03-26 18:00:00,146.951885782748
2011-03-26 19:00:00,89.2617751007504
2011-03-26 20:00:00,74.9626445863077
2011-03-26 21:00:00,59.5438846006761
2011-03-26 22:00:00,59.3712212292898
2011-03-26 23:00:00,34.6342313938399
2011-03-27 00:00:00,42.9902750199515
2011-03-27 01:00:00,26.4189972888145
2011-03-27 02:00:00,18.1401608605326
2011-03-27 03:00:00,8.91345378504022
2011-03-27 04:00:00,3.14776238586769
2011-03-27 06:00:00,8.02561430302212
2011-03-27 07:00:00,17.9959945772482
2011-03-27 08:00:00,37.3663338022276
2011-03-27 09:00:00,86.937462164326
2011-03-27 10:00:00,92.864939022749
2011-03-27 11:00:00,135.017018603068
2011-03-27 12:00:00,155.893232474709
2011-03-27 13:00:00,151.313575243343
2011-03-27 14:00:00,171.454318921059
2011-03-27 15:00:00,159.955232297855
2011-03-27 16:00:00,189.889362893109
2011-03-27 17:00:00,147.3179285333
2011-03-27 18:00:00,127.376934127328
2011-03-27 19:00:00,85.5206087873159
2011-03-27 20:00:00,66.823427083449
2011-03-27 21:00:00,64.7901158759422
2011-03-27 22:00:00,62.2127547735205
2011-03-27 23:00:00,37.5727052634081
2011-03-28 00:00:00,13.5664301285491
2011-03-28 01:00:00,5.04438037576833
2011-03-28 02:00:00,3.4483621168135
2011-03-28 03:00:00,2.25703504198823
2011-03-28 05:00:00,7.18697046387934
2011-03-28 06:00:00,39.4926489946024
2011-03-28 07:00:00,120.736755389511
2011-03-28 08:00:00,225.963350869393
2011-03-28 09:00:00,147.465724250425
2011-03-28 10:00:00,76.3029433044865
2011-03-28 11:00:00,81.5675253804462
2011-03-28 12:00:00,83.5977555576322
2011-03-28 13:00:00,93.9699576520617
2011-03-28 14:00:00,113.380173384546
2011-03-28 15:00:00,115.185485832415
2011-03-28 16:00:00,134.135914773434
2011-03-28 17:00:00,232.06729446034
2011-03-28 18:00:00,208.165654335817
2011-03-28 19:00:00,152.953469531365
2011-03-28 20:00:00,148.873770821527
2011-03-28 21:00:00,106.62285982796
2011-03-28 22:00:00,66.060871173374
2011-03-28 23:00:00,38.2355532184954
2011-03-29 00:00:00,11.4606071386108
2011-03-29 01:00:00,2.932022582243
2011-03-29 02:00:00,2.73292147227216
2011-03-29 03:00:00,2.1013516179084
2011-03-29 04:00:00,1.88158322678018
2011-03-29 05:00:00,7.47823846197744
2011-03-29 06:00:00,51.8580353303025
2011-03-29 07:00:00,132.025506767163
2011-03-29 08:00:00,250.963961916862
2011-03-29 09:00:00,185.605149541303
2011-03-29 10:00:00,87.8713507008219
2011-03-29 11:00:00,107.522009682038
2011-03-29 12:00:00,133.714879295621
2011-03-29 13:00:00,115.208617565756
2011-03-29 14:00:00,139.239940145227
2011-03-29 15:00:00,143.551505657152
2011-03-29 16:00:00,164.37977354758
2011-03-29 17:00:00,261.361950965585
2011-03-29 18:00:00,230.043416300488
2011-03-29 19:00:00,234.791718201934
2011-03-29 20:00:00,155.301627673258
2011-03-29 21:00:00,110.429137919335
2011-03-29 22:00:00,98.0670118136294
2011-03-29 23:00:00,57.5113113338358
2011-03-30 00:00:00,21.8619010083056
2011-03-30 01:00:00,10.4790750051691
2011-03-30 02:00:00,4.4485873376301
2011-03-30 03:00:00,3.00827449699637
2011-03-30 04:00:00,2.98081230159301
2011-03-30 05:00:00,19.0256571963828
2011-03-30 06:00:00,77.3718411349283
2011-03-30 07:00:00,222.918299432742
2011-03-30 08:00:00,342.183688949291
2011-03-30 09:00:00,232.503015091343
2011-03-30 10:00:00,125.577694046596
2011-03-30 11:00:00,124.689198897834
2011-03-30 12:00:00,147.641456034223
2011-03-30 13:00:00,145.933607741985
2011-03-30 14:00:00,125.096537140967
2011-03-30 15:00:00,49.364261358901
2011-03-30 16:00:00,58.537097954494
2011-03-30 17:00:00,103.213608665474
2011-03-30 18:00:00,93.3289862273574
2011-03-30 19:00:00,84.1082720534343
2011-03-30 20:00:00,59.0733901340261
2011-03-30 21:00:00,55.6954538985606
2011-03-30 22:00:00,42.4825819814074
2011-03-30 23:00:00,20.2277258477599
2011-03-31 00:00:00,5.44885424104929
2011-03-31 01:00:00,4.07213824163905
2011-03-31 02:00:00,3.93359345857145
2011-03-31 03:00:00,2.32351943265143
2011-03-31 04:00:00,2.39235564079157
2011-03-31 05:00:00,6.95959943875883
2011-03-31 06:00:00,28.6445499523355
2011-03-31 07:00:00,79.3698432553906
2011-03-31 08:00:00,190.594482426189
2011-03-31 09:00:00,84.5010950971588
2011-03-31 10:00:00,50.6518956440516
2011-03-31 11:00:00,50.7145720016778
2011-03-31 12:00:00,51.0001778334487
2011-03-31 13:00:00,56.3669994200436
2011-03-31 14:00:00,55.6209375934293
2011-03-31 15:00:00,44.3691102651949
2011-03-31 16:00:00,71.4492653436722
2011-03-31 17:00:00,118.375322223324
2011-03-31 18:00:00,139.762715876055
2011-03-31 19:00:00,125.230845129162
2011-03-31 20:00:00,65.5788263026112
2011-03-31 21:00:00,56.5615311315474
2011-03-31 22:00:00,43.0176885714407
2011-03-31 23:00:00,33.2079125137162
2011-04-20 00:00:00,37.3743182730195
2011-04-20 01:00:00,9.61224757390944
2011-04-20 02:00:00,8.32891646910113
2011-04-20 03:00:00,4.06428108833377
2011-04-20 04:00:00,3.66763507118475
2011-04-20 05:00:00,16.6503197874533
2011-04-20 06:00:00,88.3114511631819
2011-04-20 07:00:00,250.73015605254
2011-04-20 08:00:00,503.09537686464
2011-04-20 09:00:00,276.945929507042
2011-04-20 10:00:00,173.672623796308
2011-04-20 11:00:00,200.952313727641
2011-04-20 12:00:00,263.327970600283
2011-04-20 13:00:00,257.967389415257
2011-04-20 14:00:00,231.322264714497
2011-04-20 15:00:00,225.764889823161
2011-04-20 16:00:00,391.959451744964
2011-04-20 17:00:00,659.053473845326
2011-04-20 18:00:00,511.407502734769
2011-04-20 19:00:00,501.711470793498
2011-04-20 20:00:00,297.295510700986
2011-04-20 21:00:00,249.132335062602
2011-04-20 22:00:00,178.86188143893
2011-04-20 23:00:00,115.775916732372
2011-04-21 00:00:00,41.2691053188688
2011-04-21 01:00:00,14.4471402912384
2011-04-21 02:00:00,10.0332632077931
2011-04-21 03:00:00,4.29384055996495
2011-04-21 04:00:00,3.97753555155686
2011-04-21 05:00:00,20.5157310033681
2011-04-21 06:00:00,71.7871815479142
2011-04-21 07:00:00,207.619855349533
2011-04-21 08:00:00,231.875399020692
2011-04-21 09:00:00,217.054492901187
2011-04-21 10:00:00,168.941100907265
2011-04-21 11:00:00,174.297465679265
2011-04-21 12:00:00,205.06353365136
2011-04-21 13:00:00,257.50167362873
2011-04-21 14:00:00,200.401102633712
2011-04-21 15:00:00,245.228999328373
2011-04-21 16:00:00,312.45259867206
2011-04-21 17:00:00,602.213993893214
2011-04-21 18:00:00,528.728486723898
2011-04-21 19:00:00,320.148129223492
2011-04-21 20:00:00,248.22359589665
2011-04-21 21:00:00,173.934975972403
2011-04-21 22:00:00,139.282782689807
2011-04-21 23:00:00,65.0967840802913
2011-04-22 00:00:00,23.4524636972122
2011-04-22 01:00:00,10.8812931879514
2011-04-22 02:00:00,6.34256114106744
2011-04-22 03:00:00,4.48376735500698
2011-04-22 04:00:00,3.55502040128062
2011-04-22 05:00:00,16.305485550988
2011-04-22 06:00:00,83.0409729631657
2011-04-22 07:00:00,203.074045541478
2011-04-22 08:00:00,307.442279596753
2011-04-22 09:00:00,113.980453304848
2011-04-22 10:00:00,102.820150660313
2011-04-22 11:00:00,69.684068190229
2011-04-22 12:00:00,67.7289781193588
2011-04-22 13:00:00,64.3713201349746
2011-04-22 14:00:00,36.2817404189998
2011-04-22 15:00:00,65.9586202206246
2011-04-22 16:00:00,112.667533355863
2011-04-22 17:00:00,88.7912835190329
2011-04-22 18:00:00,84.2718064507829
2011-04-22 19:00:00,78.4146414103256
2011-04-22 20:00:00,75.0990623945533
2011-04-22 21:00:00,51.3501381456145
2011-04-22 22:00:00,39.3700414081402
2011-04-22 23:00:00,31.1289981959882
2011-04-23 00:00:00,34.5680915567041
2011-04-23 01:00:00,30.1249841808905
2011-04-23 02:00:00,25.7594103478727
2011-04-23 03:00:00,16.1264096344754
2011-04-23 04:00:00,5.62385416963214
2011-04-23 05:00:00,5.64299130592205
2011-04-23 06:00:00,11.6246754531067
2011-04-23 07:00:00,30.3904308081445
2011-04-23 08:00:00,34.5138235522323
2011-04-23 09:00:00,52.3373484981368
2011-04-23 10:00:00,154.442426126811
2011-04-23 11:00:00,180.919560492299
2011-04-23 12:00:00,191.37507591381
2011-04-23 13:00:00,198.689657807683
2011-04-23 14:00:00,257.665125281049
2011-04-23 15:00:00,327.861122407692
2011-04-23 16:00:00,368.52931510412
2011-04-23 17:00:00,377.188105346791
2011-04-23 18:00:00,273.818373737463
2011-04-23 19:00:00,230.627611168466
2011-04-23 20:00:00,174.841332134814
2011-04-23 21:00:00,164.117735190962
2011-04-23 22:00:00,144.257589882054
2011-04-23 23:00:00,78.1296567108675
2011-04-24 00:00:00,109.227694237003
2011-04-24 01:00:00,78.9414815537747
2011-04-24 02:00:00,53.2331634156791
2011-04-24 03:00:00,24.6515541601187
2011-04-24 04:00:00,8.66667726012459
2011-04-24 05:00:00,10.6102987878937
2011-04-24 06:00:00,15.118355610725
2011-04-24 07:00:00,47.5086364125619
2011-04-24 08:00:00,98.4378212297288
2011-04-24 09:00:00,162.203443971482
2011-04-24 10:00:00,274.269640133469
2011-04-24 11:00:00,404.476304141116
2011-04-24 12:00:00,395.075884643304
2011-04-24 13:00:00,417.075260718307
2011-04-24 14:00:00,487.009830064878
2011-04-24 15:00:00,449.560865487884
2011-04-24 16:00:00,454.752312055989
2011-04-24 17:00:00,478.225657392305
2011-04-24 18:00:00,388.300012883362
2011-04-24 19:00:00,179.686848806302
2011-04-24 20:00:00,127.999833556611
2011-04-24 21:00:00,88.855460652704
2011-04-24 22:00:00,45.0517623129928
2011-04-24 23:00:00,48.2480275045072
2011-04-25 00:00:00,22.3447069016463
2011-04-25 01:00:00,10.19141989842
2011-04-25 02:00:00,10.4547120924714
2011-04-25 03:00:00,4.55186081989321
2011-04-25 04:00:00,5.58211696950863
2011-04-25 05:00:00,14.0965838257739
2011-04-25 06:00:00,86.1598584068355
2011-04-25 07:00:00,179.173144397624
2011-04-25 08:00:00,527.0915629799
2011-04-25 09:00:00,289.31483931484
2011-04-25 10:00:00,176.301248880857
2011-04-25 11:00:00,202.332890589374
2011-04-25 12:00:00,231.611320438981
2011-04-25 13:00:00,262.943450507191
2011-04-25 14:00:00,199.768198666985
2011-04-25 15:00:00,215.807924987996
2011-04-25 16:00:00,328.263410283865
2011-04-25 17:00:00,593.3553869874
2011-04-25 18:00:00,537.203922474641
2011-04-25 19:00:00,427.561992060314
2011-04-25 20:00:00,339.251411131989
2011-04-25 21:00:00,248.609525006817
2011-04-25 22:00:00,180.109040802001
2011-04-25 23:00:00,98.7040684980551
2011-04-26 00:00:00,44.4948136197855
2011-04-26 01:00:00,15.6680950222366
2011-04-26 02:00:00,6.16402570802666
2011-04-26 03:00:00,3.6550169026123
2011-04-26 04:00:00,4.49632811921066
2011-04-26 05:00:00,24.8330102075311
2011-04-26 06:00:00,125.93713465185
2011-04-26 07:00:00,360.046801698666
2011-04-26 08:00:00,457.360550753378
2011-04-26 09:00:00,252.550083339239
2011-04-26 10:00:00,154.54543783173
2011-04-26 11:00:00,177.271372336055
2011-04-26 12:00:00,234.089445172192
2011-04-26 13:00:00,218.310301883266
2011-04-26 14:00:00,212.316034176809
2011-04-26 15:00:00,215.721005793663
2011-04-26 16:00:00,318.788660228706
2011-04-26 17:00:00,578.388946888417
2011-04-26 18:00:00,564.009553375697
2011-04-26 19:00:00,404.492401846003
2011-04-26 20:00:00,317.559181876217
2011-04-26 21:00:00,226.136901076277
2011-04-26 22:00:00,161.765359228307
2011-04-26 23:00:00,98.0867446960956
2011-04-27 00:00:00,37.1459348995191
2011-04-27 01:00:00,17.9525647918918
2011-04-27 02:00:00,7.55894489045368
2011-04-27 03:00:00,3.83800838539185
2011-04-27 04:00:00,5.31363337578052
2011-04-27 05:00:00,18.8574290522763
2011-04-27 06:00:00,98.0769662964752
2011-04-27 07:00:00,291.969687328767
2011-04-27 08:00:00,420.672095631681
2011-04-27 09:00:00,231.303327471238
2011-04-27 10:00:00,146.564919043583
2011-04-27 11:00:00,157.598241862894
2011-04-27 12:00:00,172.214001732604
2011-04-27 13:00:00,174.847960675094
2011-04-27 14:00:00,222.934772145658
2011-04-27 15:00:00,200.741201563312
2011-04-27 16:00:00,315.430212267054
2011-04-27 17:00:00,199.023143727932
2011-04-27 18:00:00,198.214119229252
2011-04-27 19:00:00,384.800370532853
2011-04-27 20:00:00,214.560768095991
2011-04-27 21:00:00,170.947905128861
2011-04-27 22:00:00,112.711920970441
2011-04-27 23:00:00,81.4874276047905
2011-04-28 00:00:00,48.9435857605446
2011-04-28 01:00:00,16.4136282637257
2011-04-28 02:00:00,4.38841738833031
2011-04-28 03:00:00,4.58831724240357
2011-04-28 04:00:00,5.24269970438178
2011-04-28 05:00:00,31.3120066661276
2011-04-28 06:00:00,103.744773232288
2011-04-28 07:00:00,305.469108209323
2011-04-28 08:00:00,476.498389874297
2011-04-28 09:00:00,146.845427566476
2011-04-28 10:00:00,153.22602099102
2011-04-28 11:00:00,143.251635392098
2011-04-28 12:00:00,176.057603726555
2011-04-28 13:00:00,152.61045113892
2011-04-28 14:00:00,160.765278265437
2011-04-28 15:00:00,209.595980202747
2011-04-28 16:00:00,247.944340668727
2011-04-28 17:00:00,523.447605530993
2011-04-28 18:00:00,489.731095408227
2011-04-28 19:00:00,443.72451651519
2011-04-28 20:00:00,348.644630811675
2011-04-28 21:00:00,243.188608988506
2011-04-28 22:00:00,182.460171102749
2011-04-28 23:00:00,133.919824930484
2011-04-29 00:00:00,36.9782207128274
2011-04-29 01:00:00,20.3560718368524
2011-04-29 02:00:00,12.0189774411254
2011-04-29 03:00:00,5.11369377708588
2011-04-29 04:00:00,4.42043275394999
2011-04-29 05:00:00,23.399382544661
2011-04-29 06:00:00,114.471095089324
2011-04-29 07:00:00,345.452884094269
2011-04-29 08:00:00,477.568133242198
2011-04-29 09:00:00,262.176740711247
2011-04-29 10:00:00,169.24230305496
2011-04-29 11:00:00,182.390971214139
2011-04-29 12:00:00,221.719493287566
2011-04-29 13:00:00,223.170995128503
2011-04-29 14:00:00,213.985520469061
2011-04-29 15:00:00,203.534014410901
2011-04-29 16:00:00,251.462903289435
2011-04-29 17:00:00,382.776648589096
2011-04-29 18:00:00,408.646499384748
2011-04-29 19:00:00,247.722412657254
2011-04-29 20:00:00,204.867460699165
2011-04-29 21:00:00,179.793793929128
2011-04-29 22:00:00,131.30203348905
2011-04-29 23:00:00,89.9216356437784
2011-04-30 00:00:00,61.965360621562
2011-04-30 01:00:00,65.8503405148714
2011-04-30 02:00:00,43.0814247028835
2011-04-30 03:00:00,22.0686087097676
2011-04-30 04:00:00,7.54307821302192
2011-04-30 05:00:00,6.34368827074213
2011-04-30 06:00:00,15.1455103606725
2011-04-30 07:00:00,39.0248035531949
2011-04-30 08:00:00,75.7926523078714
2011-04-30 09:00:00,183.600865434149
2011-04-30 10:00:00,284.175210874599
2011-04-30 11:00:00,357.64975267865
2011-04-30 12:00:00,367.347730171058
2011-04-30 13:00:00,432.17021507191
2011-04-30 14:00:00,455.167593402662
2011-04-30 15:00:00,476.807972671933
2011-04-30 16:00:00,422.906801367652
2011-04-30 17:00:00,372.492809960282
2011-04-30 18:00:00,335.377281367297
2011-04-30 19:00:00,277.175206499075
2011-04-30 20:00:00,141.398963497391
2011-04-30 21:00:00,117.999588747138
2011-04-30 22:00:00,101.897269558811
2011-04-30 23:00:00,75.8366284938408
2011-05-20 00:00:00,27.1600086064107
2011-05-20 01:00:00,9.10888088693971
2011-05-20 02:00:00,8.91925155293461
2011-05-20 03:00:00,4.23452728362704
2011-05-20 04:00:00,3.82023203573576
2011-05-20 05:00:00,22.4718390577259
2011-05-20 06:00:00,129.67392616254
2011-05-20 07:00:00,441.600017414658
2011-05-20 08:00:00,574.479977209706
2011-05-20 09:00:00,256.553260067351
2011-05-20 10:00:00,158.388734051179
2011-05-20 11:00:00,182.609452062182
2011-05-20 12:00:00,254.634877459214
2011-05-20 13:00:00,199.780670289995
2011-05-20 14:00:00,212.679869019253
2011-05-20 15:00:00,229.46097315185
2011-05-20 16:00:00,388.310643304642
2011-05-20 17:00:00,627.057367572909
2011-05-20 18:00:00,600.840509658663
2011-05-20 19:00:00,428.489428945904
2011-05-20 20:00:00,291.614720783668
2011-05-20 21:00:00,246.321494851944
2011-05-20 22:00:00,165.679634267895
2011-05-20 23:00:00,99.794964053719
2011-05-21 00:00:00,114.455323801272
2011-05-21 01:00:00,85.8382061978029
2011-05-21 02:00:00,70.5584973584975
2011-05-21 03:00:00,29.4223285266522
2011-05-21 04:00:00,7.56953328409304
2011-05-21 05:00:00,9.48640843921482
2011-05-21 06:00:00,21.945290208279
2011-05-21 07:00:00,68.8514929194102
2011-05-21 08:00:00,153.482340643602
2011-05-21 09:00:00,277.305440514297
2011-05-21 10:00:00,367.59246268722
2011-05-21 11:00:00,503.610753958755
2011-05-21 12:00:00,455.148827913126
2011-05-21 13:00:00,498.245264791038
2011-05-21 14:00:00,526.413444465359
2011-05-21 15:00:00,490.520265930241
2011-05-21 16:00:00,545.589940024558
2011-05-21 17:00:00,494.376373084185
2011-05-21 18:00:00,444.483344295595
2011-05-21 19:00:00,412.731075584533
2011-05-21 20:00:00,268.822078046083
2011-05-21 21:00:00,233.355425408847
2011-05-21 22:00:00,179.896307066474
2011-05-21 23:00:00,116.078816692708
2011-05-22 00:00:00,118.925935987789
2011-05-22 01:00:00,71.6113463431496
2011-05-22 02:00:00,53.9474302529417
2011-05-22 03:00:00,25.468843263232
2011-05-22 04:00:00,9.29208672044764
2011-05-22 05:00:00,10.8466717976853
2011-05-22 06:00:00,14.3561097636308
2011-05-22 07:00:00,71.5573789356909
2011-05-22 08:00:00,143.959206577148
2011-05-22 09:00:00,267.849738105863
2011-05-22 10:00:00,354.458093733968
2011-05-22 11:00:00,468.071919145938
2011-05-22 12:00:00,407.703169442735
2011-05-22 13:00:00,528.649046487769
2011-05-22 14:00:00,284.723076799249
2011-05-22 15:00:00,458.586789570479
2011-05-22 16:00:00,434.886748772519
2011-05-22 17:00:00,428.586607991807
2011-05-22 18:00:00,430.858590718312
2011-05-22 19:00:00,365.320138814463
2011-05-22 20:00:00,279.632555947022
2011-05-22 21:00:00,206.701285203065
2011-05-22 22:00:00,155.4549432593
2011-05-22 23:00:00,100.578994330871
2011-05-23 00:00:00,30.7824790138166
2011-05-23 01:00:00,18.7995457287226
2011-05-23 02:00:00,5.52652614054505
2011-05-23 03:00:00,3.78899667390576
2011-05-23 04:00:00,5.30675268819903
2011-05-23 05:00:00,23.4209543244787
2011-05-23 06:00:00,87.1780261607748
2011-05-23 07:00:00,279.6275777862
2011-05-23 08:00:00,489.442551697608
2011-05-23 09:00:00,266.885697215134
2011-05-23 10:00:00,168.574453663303
2011-05-23 11:00:00,174.712116072235
2011-05-23 12:00:00,215.833657791124
2011-05-23 13:00:00,217.094750404796
2011-05-23 14:00:00,183.327780506684
2011-05-23 15:00:00,202.176949695516
2011-05-23 16:00:00,340.789219255129
2011-05-23 17:00:00,385.261198591084
2011-05-23 18:00:00,542.126177132874
2011-05-23 19:00:00,423.31224310296
2011-05-23 20:00:00,229.462765672031
2011-05-23 21:00:00,180.777634058085
2011-05-23 22:00:00,121.439088602035
2011-05-23 23:00:00,86.9429017335138
2011-05-24 00:00:00,21.9170000041812
2011-05-24 01:00:00,11.3738586556052
2011-05-24 02:00:00,8.01863968533964
2011-05-24 03:00:00,4.93689800956598
2011-05-24 04:00:00,5.54463111753406
2011-05-24 05:00:00,19.474547672391
2011-05-24 06:00:00,108.411287353837
2011-05-24 07:00:00,193.81448706874
2011-05-24 08:00:00,206.316628032618
2011-05-24 09:00:00,275.414767117884
2011-05-24 10:00:00,141.929283900443
2011-05-24 11:00:00,160.591785828775
2011-05-24 12:00:00,233.358220635662
2011-05-24 13:00:00,214.629528519453
2011-05-24 14:00:00,222.267457321841
2011-05-24 15:00:00,195.831333139422
2011-05-24 16:00:00,332.331896502405
2011-05-24 17:00:00,627.893085481084
2011-05-24 18:00:00,546.707099745161
2011-05-24 19:00:00,415.568224465415
2011-05-24 20:00:00,286.569458456226
2011-05-24 21:00:00,223.083556038793
2011-05-24 22:00:00,51.1962901899522
2011-05-24 23:00:00,111.44232670323
2011-05-25 00:00:00,31.370246938276
2011-05-25 01:00:00,15.9982088704641
2011-05-25 02:00:00,8.08170081761133
2011-05-25 03:00:00,5.13142071911611
2011-05-25 04:00:00,5.6371937020128
2011-05-25 05:00:00,27.8298770473634
2011-05-25 06:00:00,114.476880665537
2011-05-25 07:00:00,396.298519021342
2011-05-25 08:00:00,504.586858846026
2011-05-25 09:00:00,279.799162803862
2011-05-25 10:00:00,172.860310999249
2011-05-25 11:00:00,180.875472584007
2011-05-25 12:00:00,230.26385795486
2011-05-25 13:00:00,223.455268608123
2011-05-25 14:00:00,211.192964247135
2011-05-25 15:00:00,226.193037295624
2011-05-25 16:00:00,349.935367032073
2011-05-25 17:00:00,753.028310157479
2011-05-25 18:00:00,671.592534210183
2011-05-25 19:00:00,479.388710834099
2011-05-25 20:00:00,331.115761137706
2011-05-25 21:00:00,234.910034725555
2011-05-25 22:00:00,159.766124169568
2011-05-25 23:00:00,114.293032526968
2011-05-26 00:00:00,44.7561679455595
2011-05-26 01:00:00,16.4439615241251
2011-05-26 02:00:00,7.74426775783702
2011-05-26 03:00:00,4.88748196795529
2011-05-26 04:00:00,5.35134939137559
2011-05-26 05:00:00,26.1427371718061
2011-05-26 06:00:00,86.3618201467037
2011-05-26 07:00:00,245.288270684515
2011-05-26 08:00:00,509.382929745662
2011-05-26 09:00:00,246.205346215079
2011-05-26 10:00:00,165.458327338446
2011-05-26 11:00:00,171.230820169683
2011-05-26 12:00:00,216.231415403927
2011-05-26 13:00:00,194.8215524457
2011-05-26 14:00:00,191.811225007729
2011-05-26 15:00:00,194.823180794138
2011-05-26 16:00:00,367.48667259505
2011-05-26 17:00:00,581.58343180636
2011-05-26 18:00:00,524.409821571765
2011-05-26 19:00:00,432.827619971026
2011-05-26 20:00:00,327.10061630869
2011-05-26 21:00:00,235.896112787412
2011-05-26 22:00:00,170.74457014413
2011-05-26 23:00:00,118.333785787545
2011-05-27 00:00:00,47.0180380594931
2011-05-27 01:00:00,14.8380836630834
2011-05-27 02:00:00,9.36099845503741
2011-05-27 03:00:00,5.26201034257441
2011-05-27 04:00:00,6.08505564815179
2011-05-27 05:00:00,28.5684558839586
2011-05-27 06:00:00,122.496545116464
2011-05-27 07:00:00,372.795356903465
2011-05-27 08:00:00,482.36457472806
2011-05-27 09:00:00,245.492928922352
2011-05-27 10:00:00,134.444644835522
2011-05-27 11:00:00,167.249637921395
2011-05-27 12:00:00,219.092962434884
2011-05-27 13:00:00,230.36785712647
2011-05-27 14:00:00,210.551572437367
2011-05-27 15:00:00,232.310251680687
2011-05-27 16:00:00,360.480081569355
2011-05-27 17:00:00,536.410760886475
2011-05-27 18:00:00,622.682728094935
2011-05-27 19:00:00,235.393453635658
2011-05-27 20:00:00,320.385207761844
2011-05-27 21:00:00,180.396637423709
2011-05-27 22:00:00,171.924042834093
2011-05-27 23:00:00,96.1485558810631
2011-05-28 00:00:00,116.28146587997
2011-05-28 01:00:00,91.2200668297723
2011-05-28 02:00:00,51.0368947411557
2011-05-28 03:00:00,26.7399438373865
2011-05-28 04:00:00,10.0444535402295
2011-05-28 05:00:00,12.8779777719095
2011-05-28 06:00:00,22.503472600587
2011-05-28 07:00:00,65.9188052901501
2011-05-28 08:00:00,130.83906619454
2011-05-28 09:00:00,255.469208994121
2011-05-28 10:00:00,305.749839322289
2011-05-28 11:00:00,366.989966801928
2011-05-28 12:00:00,399.06675118961
2011-05-28 13:00:00,380.500362883944
2011-05-28 14:00:00,376.915863699477
2011-05-28 15:00:00,398.577121903643
2011-05-28 16:00:00,436.887358394525
2011-05-28 17:00:00,434.162329618679
2011-05-28 18:00:00,360.302037758304
2011-05-28 19:00:00,323.157180593755
2011-05-28 20:00:00,287.700402452678
2011-05-28 21:00:00,204.577284890946
2011-05-28 22:00:00,163.329419384678
2011-05-28 23:00:00,119.506640674945
2011-05-29 00:00:00,123.35467515703
2011-05-29 01:00:00,89.1788996335946
2011-05-29 02:00:00,60.242501181858
2011-05-29 03:00:00,26.6014266688111
2011-05-29 04:00:00,8.81350953231635
2011-05-29 05:00:00,11.1361251240575
2011-05-29 06:00:00,20.9129593561
2011-05-29 07:00:00,45.9555850971639
2011-05-29 08:00:00,119.298854509979
2011-05-29 09:00:00,111.356632835171
2011-05-29 10:00:00,233.225659287407
2011-05-29 11:00:00,234.010261798301
2011-05-29 12:00:00,311.914735749884
2011-05-29 13:00:00,372.024025363682
2011-05-29 14:00:00,362.747878059895
2011-05-29 15:00:00,372.743300093356
2011-05-29 16:00:00,390.203869284039
2011-05-29 17:00:00,387.902103784342
2011-05-29 18:00:00,282.850326645776
2011-05-29 19:00:00,274.863254619574
2011-05-29 20:00:00,232.938200686596
2011-05-29 21:00:00,181.387332460815
2011-05-29 22:00:00,135.370694341669
2011-05-29 23:00:00,116.245173797398
2011-05-30 00:00:00,71.7071090689643
2011-05-30 01:00:00,56.2239448496356
2011-05-30 02:00:00,27.3697219647546
2011-05-30 03:00:00,12.9678750134298
2011-05-30 04:00:00,8.0749032934183
2011-05-30 05:00:00,10.2349196075748
2011-05-30 06:00:00,16.1752383822312
2011-05-30 07:00:00,66.7378925940531
2011-05-30 08:00:00,140.138003742666
2011-05-30 09:00:00,220.089141127958
2011-05-30 10:00:00,322.320575388017
2011-05-30 11:00:00,360.547435248002
2011-05-30 12:00:00,373.276319708769
2011-05-30 13:00:00,392.462905735788
2011-05-30 14:00:00,408.295796739137
2011-05-30 15:00:00,392.573160011022
2011-05-30 16:00:00,434.443322298676
2011-05-30 17:00:00,477.047635101488
2011-05-30 18:00:00,458.639880796437
2011-05-30 19:00:00,262.210335599183
2011-05-30 20:00:00,313.805872851487
2011-05-30 21:00:00,260.953023742189
2011-05-30 22:00:00,200.35452633209
2011-05-30 23:00:00,102.127863727094
2011-05-31 00:00:00,35.529318151456
2011-05-31 01:00:00,18.5941691160212
2011-05-31 02:00:00,7.96389762632492
2011-05-31 03:00:00,4.91980068095616
2011-05-31 04:00:00,6.12624484081149
2011-05-31 05:00:00,29.4303728911931
2011-05-31 06:00:00,122.234865744191
2011-05-31 07:00:00,325.231507033869
2011-05-31 08:00:00,488.850269677796
2011-05-31 09:00:00,208.458201644948
2011-05-31 10:00:00,140.551872277454
2011-05-31 11:00:00,152.066713531373
2011-05-31 12:00:00,162.210408497758
2011-05-31 13:00:00,143.933477698575
2011-05-31 14:00:00,149.596065653226
2011-05-31 15:00:00,146.531708845422
2011-05-31 16:00:00,273.354369789887
2011-05-31 17:00:00,558.39413900098
2011-05-31 18:00:00,579.815252525072
2011-05-31 19:00:00,436.713278929148
2011-05-31 20:00:00,297.46121326565
2011-05-31 21:00:00,245.417249035154
2011-05-31 22:00:00,188.086432252554
2011-05-31 23:00:00,123.676167569954
2011-06-20 00:00:00,38.2035414769657
2011-06-20 01:00:00,19.2466951777284
2011-06-20 02:00:00,7.79396453867123
2011-06-20 03:00:00,4.08885875343933
2011-06-20 04:00:00,4.14916041243934
2011-06-20 05:00:00,26.2756891888352
2011-06-20 06:00:00,88.8365716170206
2011-06-20 07:00:00,158.264738952818
2011-06-20 08:00:00,207.575445790466
2011-06-20 09:00:00,255.169678341126
2011-06-20 10:00:00,158.320545621111
2011-06-20 11:00:00,170.359522488304
2011-06-20 12:00:00,229.80585458505
2011-06-20 13:00:00,231.960456760055
2011-06-20 14:00:00,220.727861777907
2011-06-20 15:00:00,230.274981806951
2011-06-20 16:00:00,361.109851092451
2011-06-20 17:00:00,682.211287006765
2011-06-20 18:00:00,661.523559732456
2011-06-20 19:00:00,480.782632118813
2011-06-20 20:00:00,348.010168142238
2011-06-20 21:00:00,275.240391768393
2011-06-20 22:00:00,181.326919677394
2011-06-20 23:00:00,112.619845049539
2011-06-21 00:00:00,43.1109385921749
2011-06-21 01:00:00,17.5968272403114
2011-06-21 02:00:00,7.38118897555301
2011-06-21 03:00:00,4.54426223653412
2011-06-21 04:00:00,6.07713060845162
2011-06-21 05:00:00,24.4442988273862
2011-06-21 06:00:00,122.617628824556
2011-06-21 07:00:00,218.893635085926
2011-06-21 08:00:00,520.084233287421
2011-06-21 09:00:00,243.906208023741
2011-06-21 10:00:00,163.038965771547
2011-06-21 11:00:00,183.741449127997
2011-06-21 12:00:00,204.433357812222
2011-06-21 13:00:00,222.350461348641
2011-06-21 14:00:00,206.482433356054
2011-06-21 15:00:00,243.872390833555
2011-06-21 16:00:00,334.147394872346
2011-06-21 17:00:00,667.603708819676
2011-06-21 18:00:00,674.387389387391
2011-06-21 19:00:00,428.962677176025
2011-06-21 20:00:00,308.649912297239
2011-06-21 21:00:00,270.442026477881
2011-06-21 22:00:00,194.556059520153
2011-06-21 23:00:00,113.908073961978
2011-06-22 00:00:00,41.4058277864725
2011-06-22 01:00:00,17.7558267987102
2011-06-22 02:00:00,8.12911892445999
2011-06-22 03:00:00,6.05666818967007
2011-06-22 04:00:00,6.6644771438535
2011-06-22 05:00:00,32.6991554236639
2011-06-22 06:00:00,131.255191070858
2011-06-22 07:00:00,374.855686931631
2011-06-22 08:00:00,619.134111231301
2011-06-22 09:00:00,277.66891303889
2011-06-22 10:00:00,164.22045242649
2011-06-22 11:00:00,191.594708163825
2011-06-22 12:00:00,222.493845898489
2011-06-22 13:00:00,217.931621935824
2011-06-22 14:00:00,224.089794394453
2011-06-22 15:00:00,207.183554950992
2011-06-22 16:00:00,331.043810903357
2011-06-22 17:00:00,613.55306663836
2011-06-22 18:00:00,700.716307079271
2011-06-22 19:00:00,447.416716572982
2011-06-22 20:00:00,325.608100162673
2011-06-22 21:00:00,250.234011652119
2011-06-22 22:00:00,177.538212837629
2011-06-22 23:00:00,100.804450239095
2011-06-23 00:00:00,38.9724452044231
2011-06-23 01:00:00,22.2560302189918
2011-06-23 02:00:00,10.6141404929642
2011-06-23 03:00:00,6.12942286891165
2011-06-23 04:00:00,6.67796502205297
2011-06-23 05:00:00,30.95714139484
2011-06-23 06:00:00,132.803621637583
2011-06-23 07:00:00,405.713843182493
2011-06-23 08:00:00,490.106634955802
2011-06-23 09:00:00,278.564690111937
2011-06-23 10:00:00,206.789344560707
2011-06-23 11:00:00,175.750106522121
2011-06-23 12:00:00,218.412143221792
2011-06-23 13:00:00,217.22670596247
2011-06-23 14:00:00,211.118354258519
2011-06-23 15:00:00,230.039905347924
2011-06-23 16:00:00,362.360847199996
2011-06-23 17:00:00,610.748462509351
2011-06-23 18:00:00,568.878108461479
2011-06-23 19:00:00,444.450512043084
2011-06-23 20:00:00,322.642069279938
2011-06-23 21:00:00,264.761354745479
2011-06-23 22:00:00,187.023896275904
2011-06-23 23:00:00,124.330606148468
2011-06-24 00:00:00,40.2823194148978
2011-06-24 01:00:00,16.1140309159607
2011-06-24 02:00:00,7.63294944012685
2011-06-24 03:00:00,6.31188630917089
2011-06-24 04:00:00,7.01135261762983
2011-06-24 05:00:00,32.7744346747119
2011-06-24 06:00:00,139.475544630209
2011-06-24 07:00:00,337.213862572881
2011-06-24 08:00:00,483.510979000873
2011-06-24 09:00:00,279.276566876539
2011-06-24 10:00:00,148.981884451229
2011-06-24 11:00:00,169.503492364494
2011-06-24 12:00:00,193.386041083326
2011-06-24 13:00:00,249.637938627402
2011-06-24 14:00:00,189.853914358807
2011-06-24 15:00:00,215.601798031477
2011-06-24 16:00:00,354.77487996991
2011-06-24 17:00:00,686.002757983647
2011-06-24 18:00:00,599.791559813064
2011-06-24 19:00:00,450.94670825576
2011-06-24 20:00:00,348.410833750813
2011-06-24 21:00:00,255.254805558144
2011-06-24 22:00:00,189.765226539786
2011-06-24 23:00:00,137.610458564314
2011-06-25 00:00:00,115.12514994542
2011-06-25 01:00:00,95.606045009123
2011-06-25 02:00:00,69.4180621565495
2011-06-25 03:00:00,35.6928622993157
2011-06-25 04:00:00,11.3928363862134
2011-06-25 05:00:00,10.6645944736326
2011-06-25 06:00:00,25.2147068357865
2011-06-25 07:00:00,81.2505554218902
2011-06-25 08:00:00,157.906934304178
2011-06-25 09:00:00,241.822830591055
2011-06-25 10:00:00,397.753262741691
2011-06-25 11:00:00,478.243707597987
2011-06-25 12:00:00,600.664286409744
2011-06-25 13:00:00,614.569759412521
2011-06-25 14:00:00,452.083384154305
2011-06-25 15:00:00,486.511250080657
2011-06-25 16:00:00,475.030532630673
2011-06-25 17:00:00,518.624647596549
2011-06-25 18:00:00,467.126512348468
2011-06-25 19:00:00,393.580014234268
2011-06-25 20:00:00,313.579923804707
2011-06-25 21:00:00,238.305875029109
2011-06-25 22:00:00,196.502162060023
2011-06-25 23:00:00,125.421673954351
2011-06-26 00:00:00,119.696342060703
2011-06-26 01:00:00,98.7096203259634
2011-06-26 02:00:00,74.8239658783764
2011-06-26 03:00:00,34.0565694434383
2011-06-26 04:00:00,11.6336605862605
2011-06-26 05:00:00,12.5387771706289
2011-06-26 06:00:00,26.291339206047
2011-06-26 07:00:00,61.5359652720264
2011-06-26 08:00:00,140.137605626615
2011-06-26 09:00:00,247.95139536744
2011-06-26 10:00:00,376.561162470525
2011-06-26 11:00:00,506.734476274271
2011-06-26 12:00:00,600.744556707353
2011-06-26 13:00:00,618.672332354505
2011-06-26 14:00:00,611.386093264239
2011-06-26 15:00:00,604.948302580278
2011-06-26 16:00:00,502.339180183188
2011-06-26 17:00:00,534.130985144621
2011-06-26 18:00:00,464.564314403139
2011-06-26 19:00:00,382.245887699973
2011-06-26 20:00:00,298.221383020177
2011-06-26 21:00:00,231.315340889365
2011-06-26 22:00:00,217.565730381944
2011-06-26 23:00:00,157.725707730372
2011-06-27 00:00:00,43.5250130746978
2011-06-27 01:00:00,14.9402038178906
2011-06-27 02:00:00,9.08679622090506
2011-06-27 03:00:00,4.44929431090289
2011-06-27 04:00:00,6.42437151430703
2011-06-27 05:00:00,32.0696608086836
2011-06-27 06:00:00,134.057727657813
2011-06-27 07:00:00,368.337388106995
2011-06-27 08:00:00,517.347632957048
2011-06-27 09:00:00,307.107610389906
2011-06-27 10:00:00,203.471389665203
2011-06-27 11:00:00,207.34328460482
2011-06-27 12:00:00,241.448552152799
2011-06-27 13:00:00,205.589795485498
2011-06-27 14:00:00,215.642750687055
2011-06-27 15:00:00,249.331853553099
2011-06-27 16:00:00,362.7778898769
2011-06-27 17:00:00,678.837719148545
2011-06-27 18:00:00,691.648009706544
2011-06-27 19:00:00,553.035365651888
2011-06-27 20:00:00,391.645664551105
2011-06-27 21:00:00,248.799378090015
2011-06-27 22:00:00,181.533056077428
2011-06-27 23:00:00,123.085848687723
2011-06-28 00:00:00,37.4213968293428
2011-06-28 01:00:00,19.8871650813929
2011-06-28 02:00:00,11.5277049797956
2011-06-28 03:00:00,7.26051550566402
2011-06-28 04:00:00,7.25730330803075
2011-06-28 05:00:00,27.6994194057161
2011-06-28 06:00:00,146.057650543098
2011-06-28 07:00:00,336.177279866427
2011-06-28 08:00:00,539.852172965802
2011-06-28 09:00:00,256.433596596821
2011-06-28 10:00:00,166.330820500705
2011-06-28 11:00:00,199.264354037973
2011-06-28 12:00:00,235.357781096665
2011-06-28 13:00:00,231.031907185347
2011-06-28 14:00:00,217.146044866023
2011-06-28 15:00:00,186.853464523415
2011-06-28 16:00:00,275.43459671472
2011-06-28 17:00:00,482.653172102459
2011-06-28 18:00:00,455.76868511076
2011-06-28 19:00:00,380.725261701795
2011-06-28 20:00:00,336.068510397333
2011-06-28 21:00:00,251.804834257636
2011-06-28 22:00:00,181.679946087899
2011-06-28 23:00:00,133.679856137203
2011-06-29 00:00:00,35.7631798135974
2011-06-29 01:00:00,18.5713390139479
2011-06-29 02:00:00,9.98507046919635
2011-06-29 03:00:00,6.99168527698927
2011-06-29 04:00:00,7.1338862427279
2011-06-29 05:00:00,30.2056625285573
2011-06-29 06:00:00,115.860835183311
2011-06-29 07:00:00,327.449508098746
2011-06-29 08:00:00,453.090830581424
2011-06-29 09:00:00,215.900911888542
2011-06-29 10:00:00,146.620013837296
2011-06-29 11:00:00,175.468368723861
2011-06-29 12:00:00,218.413260584265
2011-06-29 13:00:00,194.696345655015
2011-06-29 14:00:00,226.027392094141
2011-06-29 15:00:00,232.660718694954
2011-06-29 16:00:00,355.479455106359
2011-06-29 17:00:00,525.810582256446
2011-06-29 18:00:00,558.821815428329
2011-06-29 19:00:00,485.428321428374
2011-06-29 20:00:00,356.793461560083
2011-06-29 21:00:00,262.415692609114
2011-06-29 22:00:00,190.802202890629
2011-06-29 23:00:00,122.764980195932
2011-06-30 00:00:00,55.4912365552539
2011-06-30 01:00:00,23.3926527194543
2011-06-30 02:00:00,12.0679491821983
2011-06-30 03:00:00,6.86064417194445
2011-06-30 04:00:00,6.33000520682615
2011-06-30 05:00:00,27.6958198977403
2011-06-30 06:00:00,116.337048815299
2011-06-30 07:00:00,368.962254367301
2011-06-30 08:00:00,459.074731436379
2011-06-30 09:00:00,215.016292372462
2011-06-30 10:00:00,154.312792169073
2011-06-30 11:00:00,191.633471439195
2011-06-30 12:00:00,243.62803022023
2011-06-30 13:00:00,231.708223753142
2011-06-30 14:00:00,217.839798755529
2011-06-30 15:00:00,266.040646627889
2011-06-30 16:00:00,339.906286622822
2011-06-30 17:00:00,517.874089815308
2011-06-30 18:00:00,623.272118231256
2011-06-30 19:00:00,449.425098430098
2011-06-30 20:00:00,301.141902218347
2011-06-30 21:00:00,245.518589543266
2011-06-30 22:00:00,194.004637257259
2011-06-30 23:00:00,127.70199210099
2011-07-20 00:00:00,43.4448526670566
2011-07-20 01:00:00,18.5539044410609
2011-07-20 02:00:00,7.42443840547088
2011-07-20 03:00:00,6.95364211809064
2011-07-20 04:00:00,6.94178996407473
2011-07-20 05:00:00,31.360838155076
2011-07-20 06:00:00,148.185658741711
2011-07-20 07:00:00,437.159072153204
2011-07-20 08:00:00,559.858057677415
2011-07-20 09:00:00,259.383508508542
2011-07-20 10:00:00,185.808635958095
2011-07-20 11:00:00,177.967070300134
2011-07-20 12:00:00,178.249962186195
2011-07-20 13:00:00,162.292511849545
2011-07-20 14:00:00,163.388501540416
2011-07-20 15:00:00,181.894917858354
2011-07-20 16:00:00,316.715239511308
2011-07-20 17:00:00,571.238410771511
2011-07-20 18:00:00,572.890303250369
2011-07-20 19:00:00,528.304057551173
2011-07-20 20:00:00,368.333471262777
2011-07-20 21:00:00,294.807747933207
2011-07-20 22:00:00,209.963882315426
2011-07-20 23:00:00,144.921770837047
2011-07-21 00:00:00,49.944790577572
2011-07-21 01:00:00,16.6546546414555
2011-07-21 02:00:00,8.39048587737775
2011-07-21 03:00:00,5.50336408219227
2011-07-21 04:00:00,6.13032034259735
2011-07-21 05:00:00,29.9556777873543
2011-07-21 06:00:00,150.303024026264
2011-07-21 07:00:00,393.984480927352
2011-07-21 08:00:00,508.076819013688
2011-07-21 09:00:00,232.348755863928
2011-07-21 10:00:00,170.301727190662
2011-07-21 11:00:00,172.933981374377
2011-07-21 12:00:00,162.946884721451
2011-07-21 13:00:00,158.747655519086
2011-07-21 14:00:00,162.602597809798
2011-07-21 15:00:00,166.604362908718
2011-07-21 16:00:00,274.055441499335
2011-07-21 17:00:00,506.041164167481
2011-07-21 18:00:00,538.218867374494
2011-07-21 19:00:00,485.301542360259
2011-07-21 20:00:00,376.649861189942
2011-07-21 21:00:00,296.598991658417
2011-07-21 22:00:00,211.173214677553
2011-07-21 23:00:00,146.781075920604
2011-07-22 00:00:00,68.7303616990278
2011-07-22 01:00:00,21.1440663284481
2011-07-22 02:00:00,8.03524952786026
2011-07-22 03:00:00,5.57011505109655
2011-07-22 04:00:00,6.78910324568725
2011-07-22 05:00:00,28.9634846852055
2011-07-22 06:00:00,124.793066356856
2011-07-22 07:00:00,319.036721100394
2011-07-22 08:00:00,430.790425567717
2011-07-22 09:00:00,231.183124160083
2011-07-22 10:00:00,159.767868773514
2011-07-22 11:00:00,174.177589891221
2011-07-22 12:00:00,171.218693095467
2011-07-22 13:00:00,163.506071029947
2011-07-22 14:00:00,160.824390661166
2011-07-22 15:00:00,160.747099708478
2011-07-22 16:00:00,282.202296581292
2011-07-22 17:00:00,547.652202461097
2011-07-22 18:00:00,588.341017824117
2011-07-22 19:00:00,481.918199768564
2011-07-22 20:00:00,348.567284758888
2011-07-22 21:00:00,287.066441868252
2011-07-22 22:00:00,206.072431245
2011-07-22 23:00:00,146.178645085577
2011-07-23 00:00:00,135.715433038476
2011-07-23 01:00:00,100.589241666874
2011-07-23 02:00:00,67.2010309437491
2011-07-23 03:00:00,33.4707510615742
2011-07-23 04:00:00,11.9311384228382
2011-07-23 05:00:00,10.7015337892611
2011-07-23 06:00:00,27.4218474594107
2011-07-23 07:00:00,80.6100576951586
2011-07-23 08:00:00,157.118579963669
2011-07-23 09:00:00,240.106674521088
2011-07-23 10:00:00,365.831355658562
2011-07-23 11:00:00,413.366890833376
2011-07-23 12:00:00,348.637600149521
2011-07-23 13:00:00,346.262794353802
2011-07-23 14:00:00,348.594724026483
2011-07-23 15:00:00,340.786119781486
2011-07-23 16:00:00,360.852515435276
2011-07-23 17:00:00,373.536181855195
2011-07-23 18:00:00,391.379467015182
2011-07-23 19:00:00,318.084984560811
2011-07-23 20:00:00,312.224145300257
2011-07-23 21:00:00,284.224008736021
2011-07-23 22:00:00,230.371655294463
2011-07-23 23:00:00,149.279213418699
2011-07-24 00:00:00,148.897119385665
2011-07-24 01:00:00,92.7561230535082
2011-07-24 02:00:00,78.0950652379794
2011-07-24 03:00:00,34.0888656441733
2011-07-24 04:00:00,12.109009572921
2011-07-24 05:00:00,11.2980153575224
2011-07-24 06:00:00,26.278201631551
2011-07-24 07:00:00,70.4275591010863
2011-07-24 08:00:00,149.011103296491
2011-07-24 09:00:00,262.207181394978
2011-07-24 10:00:00,369.713327574133
2011-07-24 11:00:00,398.35716333656
2011-07-24 12:00:00,359.477374961714
2011-07-24 13:00:00,419.517077750347
2011-07-24 14:00:00,413.358367410024
2011-07-24 15:00:00,370.748544227573
2011-07-24 16:00:00,381.65095132706
2011-07-24 17:00:00,380.908102561693
2011-07-24 18:00:00,407.587905624901
2011-07-24 19:00:00,384.336381412267
2011-07-24 20:00:00,344.633746776186
2011-07-24 21:00:00,259.538694841564
2011-07-24 22:00:00,202.389018720629
2011-07-24 23:00:00,139.762307133759
2011-07-25 00:00:00,50.8967632237706
2011-07-25 01:00:00,16.9756499592159
2011-07-25 02:00:00,7.10904982438783
2011-07-25 03:00:00,4.66780039610352
2011-07-25 04:00:00,5.94702522566175
2011-07-25 05:00:00,27.1895025899423
2011-07-25 06:00:00,146.928994709373
2011-07-25 07:00:00,348.667898851727
2011-07-25 08:00:00,525.173180091376
2011-07-25 09:00:00,242.092917108132
2011-07-25 10:00:00,159.797994986018
2011-07-25 11:00:00,169.641280423112
2011-07-25 12:00:00,199.952174418884
2011-07-25 13:00:00,193.855317399262
2011-07-25 14:00:00,156.150800953396
2011-07-25 15:00:00,151.849723443495
2011-07-25 16:00:00,244.043942942923
2011-07-25 17:00:00,526.088567752973
2011-07-25 18:00:00,542.010970002693
2011-07-25 19:00:00,455.044615478221
2011-07-25 20:00:00,322.080672577555
2011-07-25 21:00:00,211.714483053
2011-07-25 22:00:00,166.452799173961
2011-07-25 23:00:00,134.658778863978
2011-07-26 00:00:00,38.1114375875854
2011-07-26 01:00:00,20.8525972569182
2011-07-26 02:00:00,7.88169096980102
2011-07-26 03:00:00,5.53328590793688
2011-07-26 04:00:00,6.27458829217262
2011-07-26 05:00:00,32.5377032976916
2011-07-26 06:00:00,144.263953698696
2011-07-26 07:00:00,372.827477434999
2011-07-26 08:00:00,459.138301517855
2011-07-26 09:00:00,215.932432636155
2011-07-26 10:00:00,154.675707059106
2011-07-26 11:00:00,200.568960044486
2011-07-26 12:00:00,237.610301695317
2011-07-26 13:00:00,189.749332559586
2011-07-26 14:00:00,176.966285182692
2011-07-26 15:00:00,176.417379677711
2011-07-26 16:00:00,358.679545030278
2011-07-26 17:00:00,566.637274557704
2011-07-26 18:00:00,570.018849626091
2011-07-26 19:00:00,417.025164142432
2011-07-26 20:00:00,317.437838132504
2011-07-26 21:00:00,285.415521332437
2011-07-26 22:00:00,217.000824783282
2011-07-26 23:00:00,131.737802634209
2011-07-27 00:00:00,52.5208653903981
2011-07-27 01:00:00,20.94724139274
2011-07-27 02:00:00,8.48782702466952
2011-07-27 03:00:00,4.95581409423701
2011-07-27 04:00:00,6.47458450641026
2011-07-27 05:00:00,28.2643644301241
2011-07-27 06:00:00,119.199185681945
2011-07-27 07:00:00,335.007961252182
2011-07-27 08:00:00,454.394268677827
2011-07-27 09:00:00,232.549624192607
2011-07-27 10:00:00,178.247707701857
2011-07-27 11:00:00,196.406673248253
2011-07-27 12:00:00,197.127971414688
2011-07-27 13:00:00,203.680081886129
2011-07-27 14:00:00,224.195152458174
2011-07-27 15:00:00,239.585182304987
2011-07-27 16:00:00,357.084084455768
2011-07-27 17:00:00,585.216190159676
2011-07-27 18:00:00,623.091941685781
2011-07-27 19:00:00,456.457159833662
2011-07-27 20:00:00,338.427676166184
2011-07-27 21:00:00,271.097634785393
2011-07-27 22:00:00,212.244099175823
2011-07-27 23:00:00,125.454249052242
2011-07-28 00:00:00,58.5163786728912
2011-07-28 01:00:00,21.1644937133492
2011-07-28 02:00:00,11.1357947283
2011-07-28 03:00:00,6.45933330467428
2011-07-28 04:00:00,6.42237653626657
2011-07-28 05:00:00,31.2748997963613
2011-07-28 06:00:00,131.748447436916
2011-07-28 07:00:00,405.811556888717
2011-07-28 08:00:00,532.771400221685
2011-07-28 09:00:00,223.771144676754
2011-07-28 10:00:00,149.213758957274
2011-07-28 11:00:00,157.419482829889
2011-07-28 12:00:00,166.767072534481
2011-07-28 13:00:00,182.725525599722
2011-07-28 14:00:00,259.015392863725
2011-07-28 15:00:00,178.55936339009
2011-07-28 16:00:00,311.546676834923
2011-07-28 17:00:00,656.886001027879
2011-07-28 18:00:00,572.122137218606
2011-07-28 19:00:00,489.947934349861
2011-07-28 20:00:00,380.102696938041
2011-07-28 21:00:00,266.088240182327
2011-07-28 22:00:00,189.608267831552
2011-07-28 23:00:00,138.935758203242
2011-07-29 00:00:00,40.4781765540195
2011-07-29 01:00:00,19.4964960493862
2011-07-29 02:00:00,6.85935641975529
2011-07-29 03:00:00,4.66780039610352
2011-07-29 04:00:00,5.961405089179
2011-07-29 05:00:00,26.2188721695438
2011-07-29 06:00:00,139.596326847435
2011-07-29 07:00:00,340.784694877358
2011-07-29 08:00:00,504.107228726946
2011-07-29 09:00:00,228.226259091411
2011-07-29 10:00:00,153.48037540867
2011-07-29 11:00:00,171.831873170523
2011-07-29 12:00:00,191.514780923496
2011-07-29 13:00:00,204.583394817649
2011-07-29 14:00:00,196.369497128086
2011-07-29 15:00:00,201.56453670295
2011-07-29 16:00:00,300.646519821171
2011-07-29 17:00:00,529.019725465821
2011-07-29 18:00:00,513.112177978583
2011-07-29 19:00:00,447.580320746241
2011-07-29 20:00:00,337.463532312558
2011-07-29 21:00:00,270.174600012575
2011-07-29 22:00:00,196.148951651166
2011-07-29 23:00:00,114.453769245022
2011-07-30 00:00:00,140.42445623843
2011-07-30 01:00:00,97.4339475846026
2011-07-30 02:00:00,76.4360358641014
2011-07-30 03:00:00,36.5263286833136
2011-07-30 04:00:00,10.4727010735786
2011-07-30 05:00:00,12.4198831073791
2011-07-30 06:00:00,21.2262769372211
2011-07-30 07:00:00,64.7503062286047
2011-07-30 08:00:00,141.346316495572
2011-07-30 09:00:00,247.898099910638
2011-07-30 10:00:00,366.214865567086
2011-07-30 11:00:00,384.171081554877
2011-07-30 12:00:00,407.579768159741
2011-07-30 13:00:00,419.258043251211
2011-07-30 14:00:00,429.267113311708
2011-07-30 15:00:00,413.652553591341
2011-07-30 16:00:00,400.013906424647
2011-07-30 17:00:00,387.956902691728
2011-07-30 18:00:00,371.844145288555
2011-07-30 19:00:00,434.182925633865
2011-07-30 20:00:00,317.329714659494
2011-07-30 21:00:00,248.622792491085
2011-07-30 22:00:00,208.991541191132
2011-07-30 23:00:00,141.501719972789
2011-07-31 00:00:00,146.609878342286
2011-07-31 01:00:00,96.0671496269532
2011-07-31 02:00:00,80.4394508247414
2011-07-31 03:00:00,33.0565535724252
2011-07-31 04:00:00,10.7952846114061
2011-07-31 05:00:00,12.8632025567563
2011-07-31 06:00:00,28.1197708627347
2011-07-31 07:00:00,68.8421622862325
2011-07-31 08:00:00,142.07296253579
2011-07-31 09:00:00,235.342652535284
2011-07-31 10:00:00,338.085835304455
2011-07-31 11:00:00,391.890823821282
2011-07-31 12:00:00,426.675574475199
2011-07-31 13:00:00,423.935659662282
2011-07-31 14:00:00,421.694023795785
2011-07-31 15:00:00,403.008009273834
2011-07-31 16:00:00,380.794296216029
2011-07-31 17:00:00,375.815476530507
2011-07-31 18:00:00,439.849980573716
2011-07-31 19:00:00,353.640978560759
2011-07-31 20:00:00,302.239483834237
2011-07-31 21:00:00,248.138512539204
2011-07-31 22:00:00,180.622810269292
2011-07-31 23:00:00,102.994062135574
2011-08-20 00:00:00,120.06122360789
2011-08-20 01:00:00,95.0763226933043
2011-08-20 02:00:00,75.6879115448667
2011-08-20 03:00:00,35.4635903126195
2011-08-20 04:00:00,10.3777765781831
2011-08-20 05:00:00,13.0683402734446
2011-08-20 06:00:00,22.9021276620804
2011-08-20 07:00:00,55.3486028239773
2011-08-20 08:00:00,117.069817510029
2011-08-20 09:00:00,227.54512394557
2011-08-20 10:00:00,342.163671496914
2011-08-20 11:00:00,420.6187969745
2011-08-20 12:00:00,410.42551253823
2011-08-20 13:00:00,425.113375105918
2011-08-20 14:00:00,421.509846696314
2011-08-20 15:00:00,414.24309513653
2011-08-20 16:00:00,414.739926918563
2011-08-20 17:00:00,394.683943335604
2011-08-20 18:00:00,360.409699152111
2011-08-20 19:00:00,324.282583973577
2011-08-20 20:00:00,285.447762660094
2011-08-20 21:00:00,215.169530505837
2011-08-20 22:00:00,166.885743195997
2011-08-20 23:00:00,105.582487251059
2011-08-21 00:00:00,138.185232763806
2011-08-21 01:00:00,91.6438823768041
2011-08-21 02:00:00,67.0012999818137
2011-08-21 03:00:00,38.3377089809223
2011-08-21 04:00:00,9.85753148674488
2011-08-21 05:00:00,9.29075794773345
2011-08-21 06:00:00,18.5277332347101
2011-08-21 07:00:00,62.0969963100889
2011-08-21 08:00:00,114.221981162506
2011-08-21 09:00:00,222.401897073591
2011-08-21 10:00:00,278.386500782261
2011-08-21 11:00:00,361.872943526698
2011-08-21 12:00:00,377.872826895973
2011-08-21 13:00:00,457.473116783848
2011-08-21 14:00:00,274.458065539769
2011-08-21 15:00:00,233.875991967924
2011-08-21 16:00:00,305.98637648439
2011-08-21 17:00:00,300.942758003235
2011-08-21 18:00:00,277.838719565762
2011-08-21 19:00:00,333.46126360545
2011-08-21 20:00:00,240.819033287247
2011-08-21 21:00:00,212.434274682168
2011-08-21 22:00:00,162.042832806934
2011-08-21 23:00:00,107.462798913241
2011-08-22 00:00:00,39.8604645426894
2011-08-22 01:00:00,23.2272077738397
2011-08-22 02:00:00,9.95336540641936
2011-08-22 03:00:00,4.13576470881936
2011-08-22 04:00:00,6.01178724023614
2011-08-22 05:00:00,29.070797434854
2011-08-22 06:00:00,112.294536484858
2011-08-22 07:00:00,354.890510359777
2011-08-22 08:00:00,534.622551208318
2011-08-22 09:00:00,231.863129603024
2011-08-22 10:00:00,160.62284672462
2011-08-22 11:00:00,176.100551107675
2011-08-22 12:00:00,236.686561364756
2011-08-22 13:00:00,222.775893617291
2011-08-22 14:00:00,238.889405321962
2011-08-22 15:00:00,212.32103037731
2011-08-22 16:00:00,394.516300271997
2011-08-22 17:00:00,556.480528828088
2011-08-22 18:00:00,604.358772601987
2011-08-22 19:00:00,455.051994021669
2011-08-22 20:00:00,337.407108121084
2011-08-22 21:00:00,247.016444463152
2011-08-22 22:00:00,170.776511335001
2011-08-22 23:00:00,125.522585224004
2011-08-23 00:00:00,50.0598823724447
2011-08-23 01:00:00,20.429585054967
2011-08-23 02:00:00,10.9276370409238
2011-08-23 03:00:00,5.68157318316377
2011-08-23 04:00:00,5.8276270917385
2011-08-23 05:00:00,29.2684558167999
2011-08-23 06:00:00,124.541941845929
2011-08-23 07:00:00,324.282086648332
2011-08-23 08:00:00,556.400906378796
2011-08-23 09:00:00,276.173004496767
2011-08-23 10:00:00,182.031590805175
2011-08-23 11:00:00,197.696010301147
2011-08-23 12:00:00,299.795414480392
2011-08-23 13:00:00,282.310094597556
2011-08-23 14:00:00,257.727920110309
2011-08-23 15:00:00,262.555969338165
2011-08-23 16:00:00,420.519380402833
2011-08-23 17:00:00,770.123860288673
2011-08-23 18:00:00,699.252386505179
2011-08-23 19:00:00,509.516775016099
2011-08-23 20:00:00,349.335352278304
2011-08-23 21:00:00,239.132240011219
2011-08-23 22:00:00,197.339760185479
2011-08-23 23:00:00,144.533769871165
2011-08-24 00:00:00,53.0276001432711
2011-08-24 01:00:00,22.1074887826148
2011-08-24 02:00:00,11.5833867060468
2011-08-24 03:00:00,7.16615522176159
2011-08-24 04:00:00,7.87536468540997
2011-08-24 05:00:00,27.9509418964475
2011-08-24 06:00:00,129.162641657373
2011-08-24 07:00:00,309.651870017504
2011-08-24 08:00:00,494.091611098519
2011-08-24 09:00:00,245.111960962104
2011-08-24 10:00:00,144.331080913348
2011-08-24 11:00:00,168.139710893735
2011-08-24 12:00:00,203.193903428092
2011-08-24 13:00:00,211.377125349
2011-08-24 14:00:00,207.585937278368
2011-08-24 15:00:00,214.616095463664
2011-08-24 16:00:00,308.059824138962
2011-08-24 17:00:00,559.130279505866
2011-08-24 18:00:00,575.817180350638
2011-08-24 19:00:00,436.59088074048
2011-08-24 20:00:00,326.873270720062
2011-08-24 21:00:00,243.26297923336
2011-08-24 22:00:00,159.717460515305
2011-08-24 23:00:00,125.263493836479
2011-08-25 00:00:00,45.5490886792395
2011-08-25 01:00:00,16.9945614614592
2011-08-25 02:00:00,7.80156932348055
2011-08-25 03:00:00,6.12176989698266
2011-08-25 04:00:00,6.59403672107435
2011-08-25 05:00:00,30.9751123296255
2011-08-25 06:00:00,120.81175004744
2011-08-25 07:00:00,327.076048318024
2011-08-25 08:00:00,462.670980611136
2011-08-25 09:00:00,242.93812783497
2011-08-25 10:00:00,153.497057004444
2011-08-25 11:00:00,143.91665426077
2011-08-25 12:00:00,146.591654036517
2011-08-25 13:00:00,161.836657149413
2011-08-25 14:00:00,184.460976538698
2011-08-25 15:00:00,209.013325365859
2011-08-25 16:00:00,242.146391744691
2011-08-25 17:00:00,384.086582661081
2011-08-25 18:00:00,361.520247535904
2011-08-25 19:00:00,327.970731259166
2011-08-25 20:00:00,270.97310588647
2011-08-25 21:00:00,224.908757725212
2011-08-25 22:00:00,166.056867309572
2011-08-25 23:00:00,138.355603998061
2011-08-26 00:00:00,48.4687952939753
2011-08-26 01:00:00,17.7726240556567
2011-08-26 02:00:00,6.66224046601623
2011-08-26 03:00:00,6.29550938666248
2011-08-26 04:00:00,6.35597395742077
2011-08-26 05:00:00,27.8644403526616
2011-08-26 06:00:00,118.812159928751
2011-08-26 07:00:00,341.905903968195
2011-08-26 08:00:00,517.552616409928
2011-08-26 09:00:00,291.716302955959
2011-08-26 10:00:00,186.419664948426
2011-08-26 11:00:00,210.064324486134
2011-08-26 12:00:00,226.443440714199
2011-08-26 13:00:00,242.083739512581
2011-08-26 14:00:00,218.849110553946
2011-08-26 15:00:00,245.493252854692
2011-08-26 16:00:00,349.222398432129
2011-08-26 17:00:00,594.66428159838
2011-08-26 18:00:00,548.466225983314
2011-08-26 19:00:00,365.724697365121
2011-08-26 20:00:00,292.645498247045
2011-08-26 21:00:00,252.179083603173
2011-08-26 22:00:00,197.866263171268
2011-08-26 23:00:00,134.658778863978
2011-08-27 00:00:00,142.011071082575
2011-08-27 01:00:00,85.6635641190293
2011-08-27 02:00:00,67.3596974624087
2011-08-27 03:00:00,39.4404371496426
2011-08-27 04:00:00,9.85092387631685
2011-08-27 05:00:00,10.4553229467461
2011-08-27 06:00:00,20.2973792851674
2011-08-27 07:00:00,59.1407940974654
2011-08-27 08:00:00,130.163325522624
2011-08-27 09:00:00,214.242419457084
2011-08-27 10:00:00,242.38382899597
2011-08-27 11:00:00,127.843874567086
2011-08-27 12:00:00,152.09122723051
2011-08-27 13:00:00,161.061683447899
2011-08-27 14:00:00,113.481020474198
2011-08-27 15:00:00,123.482989664266
2011-08-27 16:00:00,113.601132514367
2011-08-27 17:00:00,94.5622781434487
2011-08-28 07:00:00,108.333726991691
2011-08-28 08:00:00,138.065215944345
2011-08-28 09:00:00,267.998696371151
2011-08-28 10:00:00,367.160899452045
2011-08-28 11:00:00,421.587233580945
2011-08-28 12:00:00,479.679819123914
2011-08-28 13:00:00,476.982444552039
2011-08-28 14:00:00,470.782148380763
2011-08-28 15:00:00,460.199357122508
2011-08-28 16:00:00,443.710343795581
2011-08-28 17:00:00,512.051019400012
2011-08-28 18:00:00,484.067629788572
2011-08-28 19:00:00,371.721984155378
2011-08-28 20:00:00,315.511944065215
2011-08-28 21:00:00,242.390050115811
2011-08-28 22:00:00,168.786849251272
2011-08-28 23:00:00,108.221756511207
2011-08-29 00:00:00,54.6223327503184
2011-08-29 01:00:00,20.9230434999482
2011-08-29 02:00:00,8.19458680778327
2011-08-29 03:00:00,7.08665795884009
2011-08-29 04:00:00,7.07312391807261
2011-08-29 05:00:00,27.1067231346167
2011-08-29 06:00:00,135.514902159276
2011-08-29 07:00:00,372.240570843935
2011-08-29 08:00:00,516.458907817468
2011-08-29 09:00:00,283.745715648205
2011-08-29 10:00:00,181.119093506233
2011-08-29 11:00:00,227.160279165625
2011-08-29 12:00:00,317.987350396804
2011-08-29 13:00:00,292.809680450413
2011-08-29 14:00:00,274.980799801167
2011-08-29 15:00:00,283.251482693701
2011-08-29 16:00:00,428.345364918329
2011-08-29 17:00:00,639.691526899987
2011-08-29 18:00:00,655.509254597776
2011-08-29 19:00:00,510.241300887211
2011-08-29 20:00:00,375.427768626899
2011-08-29 21:00:00,243.198682367686
2011-08-29 22:00:00,197.339760185479
2011-08-29 23:00:00,148.577905856547
2011-08-30 00:00:00,58.3983090989943
2011-08-30 01:00:00,24.5575525279007
2011-08-30 02:00:00,11.1660665072154
2011-08-30 03:00:00,6.90176602245063
2011-08-30 04:00:00,7.53089354313853
2011-08-30 05:00:00,38.2267015440042
2011-08-30 06:00:00,143.191786968206
2011-08-30 07:00:00,430.050977695292
2011-08-30 08:00:00,513.801715358303
2011-08-30 09:00:00,264.971007733991
2011-08-30 10:00:00,151.87182149096
2011-08-30 11:00:00,189.025016769133
2011-08-30 12:00:00,290.08973844636
2011-08-30 13:00:00,290.912398761901
2011-08-30 14:00:00,264.02962435149
2011-08-30 15:00:00,262.921800128904
2011-08-30 16:00:00,470.889933491302
2011-08-30 17:00:00,747.297366544767
2011-08-30 18:00:00,645.117833634782
2011-08-30 19:00:00,468.441490348362
2011-08-30 20:00:00,319.788860503215
2011-08-30 21:00:00,252.494721668563
2011-08-30 22:00:00,200.840503258163
2011-08-30 23:00:00,142.398387772682
2011-08-31 00:00:00,47.8731906493919
2011-08-31 01:00:00,19.5301292617132
2011-08-31 02:00:00,13.4962690994427
2011-08-31 03:00:00,8.03182249094603
2011-08-31 04:00:00,8.62957000819857
2011-08-31 05:00:00,33.015181598429
2011-08-31 06:00:00,133.865104019932
2011-08-31 07:00:00,361.944742079008
2011-08-31 08:00:00,498.524919354826
2011-08-31 09:00:00,236.689583518802
2011-08-31 10:00:00,168.018236275839
2011-08-31 11:00:00,187.664305769619
2011-08-31 12:00:00,232.494477059054
2011-08-31 13:00:00,301.453634893275
2011-08-31 14:00:00,289.158735183063
2011-08-31 15:00:00,295.16215199082
2011-08-31 16:00:00,370.744998562037
2011-08-31 17:00:00,670.117980660223
2011-08-31 18:00:00,665.158490490205
2011-08-31 19:00:00,458.49448480246
2011-08-31 20:00:00,381.989071112574
2011-08-31 21:00:00,243.622307395698
2011-08-31 22:00:00,187.493059901866
2011-08-31 23:00:00,106.736181284187
2011-09-20 00:00:00,42.7966136505136
2011-09-20 01:00:00,12.2034301872375
2011-09-20 02:00:00,5.9427159555413
2011-09-20 03:00:00,6.0750390218423
2011-09-20 04:00:00,5.84331064324637
2011-09-20 05:00:00,26.2661572158054
2011-09-20 06:00:00,114.081184626666
2011-09-20 07:00:00,347.413148579653
2011-09-20 08:00:00,137.85721446316
2011-09-20 09:00:00,111.297883471564
2011-09-20 10:00:00,76.2876089409814
2011-09-20 11:00:00,76.6936763250383
2011-09-20 12:00:00,89.5541393050997
2011-09-20 13:00:00,89.1444784615124
2011-09-20 14:00:00,165.822879465541
2011-09-20 15:00:00,176.152421073304
2011-09-20 16:00:00,208.535250278113
2011-09-20 17:00:00,290.989425963071
2011-09-20 18:00:00,287.24257321227
2011-09-20 19:00:00,251.114190116918
2011-09-20 20:00:00,121.153724178882
2011-09-20 21:00:00,114.212505758719
2011-09-20 22:00:00,136.726887168033
2011-09-20 23:00:00,103.380383905334
2011-09-21 00:00:00,19.661722967739
2011-09-21 01:00:00,10.7363335486913
2011-09-21 02:00:00,5.55031423192782
2011-09-21 03:00:00,4.37469341171104
2011-09-21 04:00:00,4.92910404426498
2011-09-21 05:00:00,15.5843153765231
2011-09-21 06:00:00,74.0766198915141
2011-09-21 07:00:00,175.310046250815
2011-09-21 08:00:00,198.74312376888
2011-09-21 09:00:00,99.0479794761635
2011-09-21 10:00:00,136.997349875809
2011-09-21 11:00:00,156.393907719327
2011-09-21 12:00:00,172.0104462605
2011-09-21 13:00:00,215.771894325583
2011-09-21 14:00:00,210.514229337016
2011-09-21 15:00:00,218.735621396976
2011-09-21 16:00:00,320.45805876106
2011-09-21 17:00:00,409.222760779359
2011-09-21 18:00:00,243.913077046793
2011-09-21 19:00:00,141.117368343942
2011-09-21 20:00:00,98.9636237890664
2011-09-21 21:00:00,103.906644488683
2011-09-21 22:00:00,130.055164382359
2011-09-21 23:00:00,98.6904271536146
2011-09-22 00:00:00,19.6822058347236
2011-09-22 01:00:00,10.7111901148339
2011-09-22 02:00:00,5.91938949867278
2011-09-22 03:00:00,4.37469341171104
2011-09-22 04:00:00,4.56629339659022
2011-09-22 05:00:00,22.5330768227872
2011-09-22 06:00:00,79.4703102723565
2011-09-22 07:00:00,171.057245126438
2011-09-22 08:00:00,202.252387340864
2011-09-22 09:00:00,146.825908604798
2011-09-22 10:00:00,149.884853605432
2011-09-22 11:00:00,155.339404573098
2011-09-22 12:00:00,170.226984279265
2011-09-22 13:00:00,165.983149040603
2011-09-22 14:00:00,157.923066195047
2011-09-22 15:00:00,163.641696514556
2011-09-22 16:00:00,333.112971666451
2011-09-22 17:00:00,363.326372363532
2011-09-22 18:00:00,287.383858405255
2011-09-22 19:00:00,246.665980133684
2011-09-22 20:00:00,125.773645129442
2011-09-22 21:00:00,159.47786710536
2011-09-22 22:00:00,119.656833311802
2011-09-22 23:00:00,102.09720668455
2011-09-23 00:00:00,27.9000308787498
2011-09-23 01:00:00,9.54533689412628
2011-09-23 02:00:00,6.39981773028498
2011-09-23 03:00:00,6.23306827545738
2011-09-23 04:00:00,3.88135637667699
2011-09-23 05:00:00,25.171510187177
2011-09-23 06:00:00,115.000989901399
2011-09-23 07:00:00,142.660024554557
2011-09-23 08:00:00,155.744121387945
2011-09-23 09:00:00,107.164599224062
2011-09-23 10:00:00,89.8826267680204
2011-09-23 11:00:00,93.8749906040475
2011-09-23 12:00:00,102.162904298917
2011-09-23 13:00:00,102.508660277711
2011-09-23 14:00:00,101.390704741293
2011-09-23 15:00:00,104.646578784657
2011-09-23 16:00:00,198.705241988262
2011-09-23 17:00:00,206.161192572317
2011-09-23 18:00:00,203.485068412877
2011-09-23 19:00:00,203.438732560003
2011-09-23 20:00:00,165.577637349219
2011-09-23 21:00:00,140.144478646801
2011-09-23 22:00:00,137.139380841535
2011-09-23 23:00:00,80.7504001265998
2011-09-24 00:00:00,93.517431785079
2011-09-24 01:00:00,79.6603061526351
2011-09-24 02:00:00,57.5603474156084
2011-09-24 03:00:00,27.156974131539
2011-09-24 04:00:00,9.53747965553843
2011-09-24 05:00:00,10.8934621919063
2011-09-24 06:00:00,15.128530412862
2011-09-24 07:00:00,61.9768006487007
2011-09-24 08:00:00,120.761548908042
2011-09-24 09:00:00,202.269520773257
2011-09-24 10:00:00,257.318582829028
2011-09-24 11:00:00,297.984848106799
2011-09-24 12:00:00,306.655431259172
2011-09-24 13:00:00,344.779824319625
2011-09-24 14:00:00,352.994053644097
2011-09-24 15:00:00,356.960384723618
2011-09-24 16:00:00,334.60738635958
2011-09-24 17:00:00,311.205848416817
2011-09-24 18:00:00,312.824971162984
2011-09-24 19:00:00,225.298420012116
2011-09-24 20:00:00,203.167018103437
2011-09-24 21:00:00,167.175249137933
2011-09-24 22:00:00,130.866526140909
2011-09-24 23:00:00,95.9895831064638
2011-09-25 00:00:00,103.732393594764
2011-09-25 01:00:00,87.1114299435391
2011-09-25 02:00:00,48.125022491674
2011-09-25 03:00:00,24.455695027778
2011-09-25 04:00:00,7.25115099067464
2011-09-25 05:00:00,11.6022765924344
2011-09-25 06:00:00,18.8368339922158
2011-09-25 07:00:00,71.0914929655457
2011-09-25 08:00:00,130.368611027593
2011-09-25 09:00:00,212.850284189441
2011-09-25 10:00:00,266.191656325264
2011-09-25 11:00:00,307.607126329614
2011-09-25 12:00:00,307.390234358762
2011-09-25 13:00:00,342.169029402104
2011-09-25 14:00:00,310.497835059309
2011-09-25 15:00:00,310.252132072634
2011-09-25 16:00:00,428.47787227684
2011-09-25 17:00:00,334.415763112117
2011-09-25 18:00:00,331.418279929857
2011-09-25 19:00:00,230.400261897396
2011-09-25 20:00:00,201.979811756337
2011-09-25 21:00:00,134.760294201227
2011-09-25 22:00:00,140.876360531784
2011-09-25 23:00:00,94.7671526139679
2011-09-26 00:00:00,28.8790802956433
2011-09-26 01:00:00,17.2092610871927
2011-09-26 02:00:00,6.48285508976943
2011-09-26 03:00:00,6.37568799283393
2011-09-26 04:00:00,6.57141079342821
2011-09-26 05:00:00,30.4154340258665
2011-09-26 06:00:00,115.000989901399
2011-09-26 07:00:00,311.219310993618
2011-09-26 08:00:00,389.946763017699
2011-09-26 09:00:00,298.349532478633
2011-09-26 10:00:00,161.816347459859
2011-09-26 11:00:00,187.21654603421
2011-09-26 12:00:00,182.492504798186
2011-09-26 13:00:00,249.460142675508
2011-09-26 14:00:00,284.721896055168
2011-09-26 15:00:00,281.722433815083
2011-09-26 16:00:00,395.650585563946
2011-09-26 17:00:00,595.051994015579
2011-09-26 18:00:00,298.104261579919
2011-09-26 19:00:00,258.240829793428
2011-09-26 20:00:00,218.902270161815
2011-09-26 21:00:00,165.701380937482
2011-09-26 22:00:00,145.193829428101
2011-09-26 23:00:00,103.867555961776
2011-09-27 00:00:00,31.3090547218983
2011-09-27 01:00:00,16.9962715786505
2011-09-27 02:00:00,7.67320797386134
2011-09-27 03:00:00,6.37568799283393
2011-09-27 04:00:00,4.10978983611168
2011-09-27 05:00:00,13.4685354046825
2011-09-27 06:00:00,119.821479183481
2011-09-27 07:00:00,339.462565337989
2011-09-27 08:00:00,575.991629435512
2011-09-27 09:00:00,137.320647700027
2011-09-27 10:00:00,100.557592772827
2011-09-27 11:00:00,150.629516026429
2011-09-27 12:00:00,151.590478572916
2011-09-27 13:00:00,254.298780582306
2011-09-27 14:00:00,174.413613166806
2011-09-27 15:00:00,165.159632708367
2011-09-27 16:00:00,222.901792765441
2011-09-27 17:00:00,305.436179573715
2011-09-27 18:00:00,298.434815885713
2011-09-27 19:00:00,242.266157025755
2011-09-27 20:00:00,258.895927863735
2011-09-27 21:00:00,169.661627707929
2011-09-27 22:00:00,146.975255262183
2011-09-27 23:00:00,106.640198018347
2011-09-28 00:00:00,40.3148214530349
2011-09-28 01:00:00,18.1536119485644
2011-09-28 02:00:00,6.77389307218288
2011-09-28 03:00:00,5.47777700633663
2011-09-28 04:00:00,7.42736086743448
2011-09-28 05:00:00,24.8956447288573
2011-09-28 06:00:00,83.3028944703161
2011-09-28 07:00:00,127.843869875724
2011-09-28 08:00:00,156.036124889875
2011-09-28 09:00:00,131.268465617385
2011-09-28 10:00:00,112.900585281216
2011-09-28 11:00:00,168.637943595021
2011-09-28 12:00:00,167.730119482634
2011-09-28 13:00:00,259.031384460028
2011-09-28 14:00:00,286.635816611844
2011-09-28 15:00:00,288.187580985771
2011-09-28 16:00:00,378.502304680304
2011-09-28 17:00:00,609.744408501176
2011-09-28 18:00:00,312.553361715
2011-09-28 19:00:00,276.128269012623
2011-09-28 20:00:00,152.977040841996
2011-09-28 21:00:00,153.045612984506
2011-09-28 22:00:00,146.975255262183
2011-09-28 23:00:00,87.6409144448222
2011-09-29 00:00:00,25.8045682116917
2011-09-29 01:00:00,9.10923384072135
2011-09-29 02:00:00,6.14458401955241
2011-09-29 03:00:00,5.16357385734797
2011-09-29 04:00:00,6.04801923884161
2011-09-29 05:00:00,30.6133783272889
2011-09-29 06:00:00,130.346082238543
2011-09-29 07:00:00,380.098741279124
2011-09-29 08:00:00,553.017383029694
2011-09-29 09:00:00,270.582860236246
2011-09-29 10:00:00,205.285683096823
2011-09-29 11:00:00,236.592277874755
2011-09-29 12:00:00,293.321379084413
2011-09-29 13:00:00,284.133191502113
2011-09-29 14:00:00,253.761984714284
2011-09-29 15:00:00,236.772332642232
2011-09-29 16:00:00,376.433871824078
2011-09-29 17:00:00,516.558024663045
2011-09-29 18:00:00,725.087479247031
2011-09-29 19:00:00,417.385683867184
2011-09-29 20:00:00,307.339326943322
2011-09-29 21:00:00,229.26066062414
2011-09-29 22:00:00,170.702313694582
2011-09-29 23:00:00,92.9885799359587
2011-09-30 00:00:00,37.5872652377844
2011-09-30 01:00:00,20.0781896396589
2011-09-30 02:00:00,7.24013032844221
2011-09-30 03:00:00,6.06446300299222
2011-09-30 04:00:00,5.68264395857197
2011-09-30 05:00:00,30.9762009126945
2011-09-30 06:00:00,131.39816946945
2011-09-30 07:00:00,345.884164878224
2011-09-30 08:00:00,570.437143133315
2011-09-30 09:00:00,262.777331261129
2011-09-30 10:00:00,216.442653056096
2011-09-30 11:00:00,223.398625610815
2011-09-30 12:00:00,288.471989720579
2011-09-30 13:00:00,236.564875708709
2011-09-30 14:00:00,234.439458767804
2011-09-30 15:00:00,232.065446612037
2011-09-30 16:00:00,390.377824892655
2011-09-30 17:00:00,672.503107045001
2011-09-30 18:00:00,529.406619021926
2011-09-30 19:00:00,349.007353917287
2011-09-30 20:00:00,267.099689767135
2011-09-30 21:00:00,212.856535914741
2011-09-30 22:00:00,135.204363418984
2011-09-30 23:00:00,88.1312136723073
2011-10-20 00:00:00,22.918859987063
2011-10-20 01:00:00,13.6465872097104
2011-10-20 02:00:00,4.4383086524778
2011-10-20 03:00:00,4.71739884105515
2011-10-20 04:00:00,5.4334888587408
2011-10-20 05:00:00,29.6584188502325
2011-10-20 06:00:00,94.9394037666768
2011-10-20 07:00:00,319.948158690976
2011-10-20 08:00:00,450.88457352043
2011-10-20 09:00:00,239.226262111914
2011-10-20 10:00:00,157.031538266736
2011-10-20 11:00:00,191.761040341095
2011-10-20 12:00:00,219.660464217569
2011-10-20 13:00:00,230.11215692106
2011-10-20 14:00:00,206.096517781863
2011-10-20 15:00:00,192.293620477344
2011-10-20 16:00:00,312.646250759762
2011-10-20 17:00:00,513.97897779525
2011-10-20 18:00:00,531.515554386164
2011-10-20 19:00:00,389.833639853773
2011-10-20 20:00:00,261.260443455263
2011-10-20 21:00:00,181.771757284977
2011-10-20 22:00:00,141.539517580336
2011-10-20 23:00:00,102.838021279771
2011-10-21 00:00:00,36.2806932114161
2011-10-21 01:00:00,15.978790346249
2011-10-21 02:00:00,7.77900792198592
2011-10-21 03:00:00,4.48543717641407
2011-10-21 04:00:00,6.70607552381956
2011-10-21 05:00:00,26.2003238294742
2011-10-21 06:00:00,121.153869597186
2011-10-21 07:00:00,303.942593017914
2011-10-21 08:00:00,486.509871321941
2011-10-21 09:00:00,292.658739202332
2011-10-21 10:00:00,170.214610790053
2011-10-21 11:00:00,201.71854657162
2011-10-21 12:00:00,228.569090369911
2011-10-21 13:00:00,206.683992702671
2011-10-21 14:00:00,275.520767270056
2011-10-21 15:00:00,214.763332304661
2011-10-21 16:00:00,313.063281857935
2011-10-21 17:00:00,545.876700730488
2011-10-21 18:00:00,520.142090627578
2011-10-21 19:00:00,375.386050440692
2011-10-21 20:00:00,268.722909395343
2011-10-21 21:00:00,202.15886022399
2011-10-21 22:00:00,145.537877319617
2011-10-21 23:00:00,97.1580489932455
2011-10-22 00:00:00,94.2543456342585
2011-10-22 01:00:00,84.3648123176062
2011-10-22 02:00:00,50.2911516278811
2011-10-22 03:00:00,27.1403817639857
2011-10-22 04:00:00,7.45385362345037
2011-10-22 05:00:00,7.969140980397
2011-10-22 06:00:00,14.9390048521653
2011-10-22 07:00:00,61.6532103790441
2011-10-22 08:00:00,137.295709188326
2011-10-22 09:00:00,216.588259727259
2011-10-22 10:00:00,302.999979185565
2011-10-22 11:00:00,350.62308259391
2011-10-22 12:00:00,372.968956153897
2011-10-22 13:00:00,547.326517030474
2011-10-22 14:00:00,418.380227346782
2011-10-22 15:00:00,392.260887457377
2011-10-22 16:00:00,444.812274063422
2011-10-22 17:00:00,370.70921057567
2011-10-22 18:00:00,293.485014402876
2011-10-22 19:00:00,245.324319895809
2011-10-22 20:00:00,179.571323860093
2011-10-22 21:00:00,149.506534211438
2011-10-22 22:00:00,122.698961534286
2011-10-22 23:00:00,69.0431349168884
2011-10-23 00:00:00,94.810800977936
2011-10-23 01:00:00,84.948299886071
2011-10-23 02:00:00,64.6489157050555
2011-10-23 03:00:00,30.2198619849524
2011-10-23 04:00:00,9.74255476812019
2011-10-23 05:00:00,9.42831016850974
2011-10-23 06:00:00,17.2184890873297
2011-10-23 07:00:00,56.0403283528056
2011-10-23 08:00:00,112.393847391354
2011-10-23 09:00:00,196.841278298284
2011-10-23 10:00:00,303.55320011825
2011-10-23 11:00:00,323.614283322087
2011-10-23 12:00:00,394.782136912352
2011-10-23 13:00:00,411.633530665237
2011-10-23 14:00:00,421.714555516196
2011-10-23 15:00:00,412.361540019819
2011-10-23 16:00:00,422.254380645339
2011-10-23 17:00:00,399.346118471575
2011-10-23 18:00:00,354.439205294151
2011-10-23 19:00:00,218.091548758898
2011-10-23 20:00:00,180.608713401299
2011-10-23 21:00:00,157.869776693507
2011-10-23 22:00:00,116.870677140597
2011-10-23 23:00:00,85.2259338187223
2011-10-24 00:00:00,38.23589210324
2011-10-24 01:00:00,14.6426572332306
2011-10-24 02:00:00,5.84408445190211
2011-10-24 03:00:00,6.31653016219353
2011-10-24 04:00:00,6.41150658567763
2011-10-24 05:00:00,27.9641848740153
2011-10-24 06:00:00,104.97418355741
2011-10-24 07:00:00,307.053241500421
2011-10-24 08:00:00,542.225359318575
2011-10-24 09:00:00,282.609017190793
2011-10-24 10:00:00,145.198151246521
2011-10-24 11:00:00,176.305159422439
2011-10-24 12:00:00,213.34698385061
2011-10-24 13:00:00,225.654288077189
2011-10-24 14:00:00,218.867935635913
2011-10-24 15:00:00,209.361552085594
2011-10-24 16:00:00,341.160227758494
2011-10-24 17:00:00,622.831622205073
2011-10-24 18:00:00,561.889365390771
2011-10-24 19:00:00,211.081711210093
2011-10-24 20:00:00,222.98637872537
2011-10-24 21:00:00,182.450292209597
2011-10-24 22:00:00,141.318653887203
2011-10-24 23:00:00,89.2630660037134
2011-10-25 00:00:00,43.361388800506
2011-10-25 01:00:00,16.7701102312637
2011-10-25 02:00:00,6.07949455756942
2011-10-25 03:00:00,6.68373731668014
2011-10-25 04:00:00,6.70194198814733
2011-10-25 05:00:00,27.6943770837757
2011-10-25 06:00:00,122.39999188891
2011-10-25 07:00:00,287.629648990065
2011-10-25 08:00:00,575.765450785684
2011-10-25 09:00:00,295.536598128201
2011-10-25 10:00:00,175.131339380231
2011-10-25 11:00:00,209.0898009985
2011-10-25 12:00:00,315.124922584068
2011-10-25 13:00:00,307.535718436043
2011-10-25 14:00:00,242.90360811911
2011-10-25 15:00:00,215.422295144607
2011-10-25 16:00:00,390.375283041995
2011-10-25 17:00:00,640.190154669782
2011-10-25 18:00:00,630.286148417435
2011-10-25 19:00:00,406.422157854864
2011-10-25 20:00:00,262.411928668284
2011-10-25 21:00:00,184.201172849385
2011-10-25 22:00:00,144.747190986282
2011-10-25 23:00:00,99.2703459934451
2011-10-26 00:00:00,46.332600088947
2011-10-26 01:00:00,13.7906462250336
2011-10-26 02:00:00,7.48560178522795
2011-10-26 03:00:00,4.77436394202767
2011-10-26 04:00:00,5.18145260840656
2011-10-26 05:00:00,32.3781158003913
2011-10-26 06:00:00,121.660161742902
2011-10-26 07:00:00,360.693287872484
2011-10-26 08:00:00,500.940644936227
2011-10-26 09:00:00,261.805388948807
2011-10-26 10:00:00,161.322164859824
2011-10-26 11:00:00,168.416890030384
2011-10-26 12:00:00,195.80192697983
2011-10-26 13:00:00,171.698822833196
2011-10-26 14:00:00,181.38164415352
2011-10-26 15:00:00,185.640260371794
2011-10-26 16:00:00,262.692618680673
2011-10-26 17:00:00,452.040382331244
2011-10-26 18:00:00,489.439322192466
2011-10-26 19:00:00,256.361937516471
2011-10-26 20:00:00,212.686045608818
2011-10-26 21:00:00,187.286093198456
2011-10-26 22:00:00,134.411556205314
2011-10-26 23:00:00,79.6633407738949
2011-10-27 00:00:00,29.8022041686621
2011-10-27 01:00:00,11.560299496429
2011-10-27 02:00:00,5.31316731155507
2011-10-27 03:00:00,3.278301475686
2011-10-27 04:00:00,4.41667439093011
2011-10-27 05:00:00,21.6699460566205
2011-10-27 06:00:00,79.4325975529607
2011-10-27 07:00:00,292.421596822742
2011-10-27 08:00:00,157.65784067854
2011-10-27 09:00:00,300.717397085447
2011-10-27 10:00:00,78.2552665478108
2011-10-27 11:00:00,82.2088767066556
2011-10-27 12:00:00,80.6486364031963
2011-10-27 13:00:00,175.018791935069
2011-10-27 14:00:00,169.144759607496
2011-10-27 15:00:00,187.686809973768
2011-10-27 16:00:00,340.613814064585
2011-10-27 17:00:00,460.871550680968
2011-10-27 18:00:00,447.850877598937
2011-10-27 19:00:00,323.109531973686
2011-10-27 20:00:00,231.856851008766
2011-10-27 21:00:00,145.042565372443
2011-10-27 22:00:00,79.9985719622244
2011-10-27 23:00:00,94.8975406232806
2011-10-28 00:00:00,36.4696964230461
2011-10-28 01:00:00,17.8374136432311
2011-10-28 02:00:00,6.17552671542508
2011-10-28 03:00:00,4.0298718809913
2011-10-28 04:00:00,5.42131649386542
2011-10-28 05:00:00,30.5330242192957
2011-10-28 06:00:00,113.276788903175
2011-10-28 07:00:00,343.698126840113
2011-10-28 08:00:00,544.367179566314
2011-10-28 09:00:00,280.968697439681
2011-10-28 10:00:00,165.321880686385
2011-10-28 11:00:00,200.991769729874
2011-10-28 12:00:00,218.662270787205
2011-10-28 13:00:00,213.873642937783
2011-10-28 14:00:00,203.979085561634
2011-10-28 15:00:00,207.970387372657
2011-10-28 16:00:00,328.101825669138
2011-10-28 17:00:00,416.283506898278
2011-10-28 18:00:00,457.642428625982
2011-10-28 19:00:00,305.44368516315
2011-10-28 20:00:00,177.371385642993
2011-10-28 21:00:00,94.6018541528628
2011-10-28 22:00:00,68.0541943842714
2011-10-28 23:00:00,49.3060345579878
2011-10-29 00:00:00,46.6960732081347
2011-10-29 01:00:00,44.1162109548599
2011-10-29 02:00:00,31.3387094200518
2011-10-29 03:00:00,11.138370190419
2011-10-29 04:00:00,6.29668664293726
2011-10-29 05:00:00,4.45965326523173
2011-10-29 06:00:00,13.3757410097922
2011-10-29 07:00:00,41.4589650842565
2011-10-29 08:00:00,83.7294350610863
2011-10-29 09:00:00,105.421277576407
2011-10-29 10:00:00,101.122012658625
2011-10-29 11:00:00,96.6251819588364
2011-10-29 12:00:00,85.5714545858242
2011-10-29 13:00:00,77.8460220159636
2011-10-29 14:00:00,90.4014507056653
2011-10-29 15:00:00,110.658263062964
2011-10-29 16:00:00,90.2238300781526
2011-10-29 17:00:00,89.0594353351055
2011-10-29 18:00:00,86.6854852066763
2011-10-29 19:00:00,111.144154532472
2011-10-29 20:00:00,94.0173012925748
2011-10-29 21:00:00,59.9253523402936
2011-10-29 22:00:00,54.7411723421631
2011-10-29 23:00:00,47.6784154470406
2011-10-30 00:00:00,55.570203332809
2011-10-30 01:00:00,48.561729780278
2011-10-30 02:00:00,24.6975681715912
2011-10-30 03:00:00,10.1470060452757
2011-10-30 04:00:00,4.36709025999653
2011-10-30 05:00:00,4.47731373160068
2011-10-30 06:00:00,14.1061177260246
2011-10-30 07:00:00,47.875826607568
2011-10-30 08:00:00,99.1430230011022
2011-10-30 09:00:00,166.596909016085
2011-10-30 10:00:00,257.468791418077
2011-10-30 11:00:00,314.115115967729
2011-10-30 12:00:00,409.243871950809
2011-10-30 13:00:00,448.453186571429
2011-10-30 14:00:00,478.814427133031
2011-10-30 15:00:00,459.704687695581
2011-10-30 16:00:00,349.155113449216
2011-10-30 17:00:00,296.367942978923
2011-10-30 18:00:00,254.586562791365
2011-10-30 19:00:00,291.75339647952
2011-10-30 20:00:00,175.777090643323
2011-10-30 21:00:00,130.005566200243
2011-10-30 22:00:00,98.3724583501557
2011-10-30 23:00:00,63.2529079550232
2011-10-31 00:00:00,19.6555410857981
2011-10-31 01:00:00,9.92257189994968
2011-10-31 02:00:00,3.91314714009473
2011-10-31 03:00:00,4.8598014057529
2011-10-31 04:00:00,4.02206455719271
2011-10-31 05:00:00,17.9831844395445
2011-10-31 06:00:00,84.7768293030036
2011-10-31 07:00:00,249.892338096694
2011-10-31 08:00:00,404.208928634326
2011-10-31 09:00:00,241.208758765226
2011-10-31 10:00:00,160.160737864764
2011-10-31 11:00:00,199.536883098068
2011-10-31 12:00:00,212.577447739321
2011-10-31 13:00:00,219.707993863397
2011-10-31 14:00:00,212.956673450348
2011-10-31 15:00:00,219.530932006096
2011-10-31 16:00:00,337.078598213068
2011-10-31 17:00:00,501.180555536041
2011-10-31 18:00:00,409.300573596042
2011-10-31 19:00:00,304.102781179772
2011-10-31 20:00:00,209.162989275802
2011-10-31 21:00:00,158.119488322843
2011-10-31 22:00:00,116.473408768059
2011-10-31 23:00:00,75.874192897926
2011-11-20 00:00:00,101.738935951861
2011-11-20 01:00:00,77.7539246825027
2011-11-20 02:00:00,46.5833942571933
2011-11-20 03:00:00,19.3707595675768
2011-11-20 04:00:00,7.94721379461775
2011-11-20 05:00:00,7.19827256326275
2011-11-20 06:00:00,18.1457604817657
2011-11-20 07:00:00,72.4245405610488
2011-11-20 08:00:00,126.281461311843
2011-11-20 09:00:00,217.846237027511
2011-11-20 10:00:00,290.475549952904
2011-11-20 11:00:00,363.765477670383
2011-11-20 12:00:00,366.130743303177
2011-11-20 13:00:00,389.179302355927
2011-11-20 14:00:00,399.736146746231
2011-11-20 15:00:00,365.161663056989
2011-11-20 16:00:00,384.430090323989
2011-11-20 17:00:00,392.310279063777
2011-11-20 18:00:00,385.751052994093
2011-11-20 19:00:00,257.2489260466
2011-11-20 20:00:00,207.745941289573
2011-11-20 21:00:00,158.470246879671
2011-11-20 22:00:00,62.6524412824277
2011-11-20 23:00:00,55.6318648067246
2011-11-21 00:00:00,25.1658222617031
2011-11-21 01:00:00,7.13380431393533
2011-11-21 02:00:00,4.68930599942682
2011-11-21 03:00:00,2.81144263767432
2011-11-21 04:00:00,2.90122709882457
2011-11-21 05:00:00,16.5207725039493
2011-11-21 06:00:00,91.159106039496
2011-11-21 07:00:00,306.219470241057
2011-11-21 08:00:00,397.288397243402
2011-11-21 09:00:00,239.384856515659
2011-11-21 10:00:00,144.770627117437
2011-11-21 11:00:00,161.361133081081
2011-11-21 12:00:00,202.14912971001
2011-11-21 13:00:00,200.633508178459
2011-11-21 14:00:00,180.73529207338
2011-11-21 15:00:00,63.2322185645726
2011-11-21 16:00:00,88.5854064231997
2011-11-21 17:00:00,75.8210223989928
2011-11-21 18:00:00,120.98248349982
2011-11-21 19:00:00,105.258488900522
2011-11-21 20:00:00,113.093080087887
2011-11-21 21:00:00,89.6804770303181
2011-11-21 22:00:00,62.3956055087036
2011-11-21 23:00:00,51.3747147246906
2011-11-22 00:00:00,17.709015458558
2011-11-22 01:00:00,7.73569861399589
2011-11-22 02:00:00,4.95403143052781
2011-11-22 03:00:00,3.86328472895235
2011-11-22 04:00:00,4.23072593853444
2011-11-22 05:00:00,11.2936543191444
2011-11-22 06:00:00,102.688113112554
2011-11-22 07:00:00,99.7169283721878
2011-11-22 08:00:00,114.533132879539
2011-11-22 09:00:00,99.4420461627459
2011-11-22 10:00:00,66.7178077926892
2011-11-22 11:00:00,69.6749941490973
2011-11-22 12:00:00,60.5221568995668
2011-11-22 13:00:00,48.2940213094167
2011-11-22 14:00:00,45.1458374100093
2011-11-22 15:00:00,51.4225254445964
2011-11-22 16:00:00,85.1264117103291
2011-11-22 17:00:00,86.682386968418
2011-11-22 18:00:00,90.62470458127
2011-11-22 19:00:00,127.712359255618
2011-11-22 20:00:00,194.872236016146
2011-11-22 21:00:00,165.054310507998
2011-11-22 22:00:00,127.809619398103
2011-11-22 23:00:00,78.3296010730909
2011-11-23 00:00:00,20.9853616142668
2011-11-23 01:00:00,8.15954277163242
2011-11-23 02:00:00,4.18943913865631
2011-11-23 03:00:00,3.47558899593465
2011-11-23 04:00:00,4.03864648369866
2011-11-23 05:00:00,19.7261345433548
2011-11-23 06:00:00,87.1602508357866
2011-11-23 07:00:00,244.752319504886
2011-11-23 08:00:00,397.916800492089
2011-11-23 09:00:00,239.444493887807
2011-11-23 10:00:00,139.138991663354
2011-11-23 11:00:00,157.733993609584
2011-11-23 12:00:00,192.466007890578
2011-11-23 13:00:00,197.880252976689
2011-11-23 14:00:00,210.655729306431
2011-11-23 15:00:00,209.819815549192
2011-11-23 16:00:00,314.939066349177
2011-11-23 17:00:00,177.686324946839
2011-11-23 18:00:00,474.854700145337
2011-11-23 19:00:00,347.855293871178
2011-11-23 20:00:00,218.334223824381
2011-11-23 21:00:00,137.138587367537
2011-11-23 22:00:00,103.981631939588
2011-11-23 23:00:00,102.929903287196
2011-11-24 00:00:00,42.2996941113265
2011-11-24 01:00:00,26.0689453011877
2011-11-24 02:00:00,16.653300991356
2011-11-24 03:00:00,7.80268738825269
2011-11-24 04:00:00,7.27037293993488
2011-11-24 05:00:00,7.94383756325655
2011-11-24 06:00:00,28.828014240931
2011-11-24 07:00:00,60.5552084593671
2011-11-24 08:00:00,144.671349634948
2011-11-24 09:00:00,218.545356066601
2011-11-24 10:00:00,299.560559346666
2011-11-24 11:00:00,342.163329634499
2011-11-24 12:00:00,440.091424484966
2011-11-24 13:00:00,431.299819381889
2011-11-24 14:00:00,359.115434813124
2011-11-24 15:00:00,387.725462706001
2011-11-24 16:00:00,407.565837973791
2011-11-24 17:00:00,365.789213225995
2011-11-24 18:00:00,291.081600659415
2011-11-24 19:00:00,258.389294620348
2011-11-24 20:00:00,146.186112608664
2011-11-24 21:00:00,118.530822223777
2011-11-24 22:00:00,104.849135407275
2011-11-24 23:00:00,71.5360138770465
2011-11-25 00:00:00,32.6074299055242
2011-11-25 01:00:00,11.3398415226262
2011-11-25 02:00:00,5.69883152847195
2011-11-25 03:00:00,4.77414067052541
2011-11-25 04:00:00,6.76481975175718
2011-11-25 05:00:00,25.9497997419502
2011-11-25 06:00:00,84.0314211143919
2011-11-25 07:00:00,256.610327405422
2011-11-25 08:00:00,413.734545670178
2011-11-25 09:00:00,232.822879949835
2011-11-25 10:00:00,160.860912812686
2011-11-25 11:00:00,144.012302291026
2011-11-25 12:00:00,190.333582547951
2011-11-25 13:00:00,194.332358060348
2011-11-25 14:00:00,273.151700002728
2011-11-25 15:00:00,296.291365488902
2011-11-25 16:00:00,389.278690499294
2011-11-25 17:00:00,639.369665458324
2011-11-25 18:00:00,488.534213125318
2011-11-25 19:00:00,306.925535538282
2011-11-25 20:00:00,234.602106095105
2011-11-25 21:00:00,166.768285049143
2011-11-25 22:00:00,126.968035735493
2011-11-25 23:00:00,74.2821952775916
2011-11-26 00:00:00,109.129868431375
2011-11-26 01:00:00,98.270574713182
2011-11-26 02:00:00,58.497963632262
2011-11-26 03:00:00,30.3920817928614
2011-11-26 04:00:00,8.70222909944244
2011-11-26 05:00:00,6.91189233635776
2011-11-26 06:00:00,15.8110777581399
2011-11-26 07:00:00,43.0153335236333
2011-11-26 08:00:00,109.042670604502
2011-11-26 09:00:00,170.815296196375
2011-11-26 10:00:00,276.02647106045
2011-11-26 11:00:00,365.98459864549
2011-11-26 12:00:00,378.992516199235
2011-11-26 13:00:00,511.730682369863
2011-11-26 14:00:00,437.190852341832
2011-11-26 15:00:00,457.698364379686
2011-11-26 16:00:00,380.012335739183
2011-11-26 17:00:00,372.086249459268
2011-11-26 18:00:00,284.092439242678
2011-11-26 19:00:00,208.416733608438
2011-11-26 20:00:00,187.681760367452
2011-11-26 21:00:00,125.710390653427
2011-11-26 22:00:00,112.967551484853
2011-11-26 23:00:00,62.6881178510935
2011-11-27 00:00:00,96.8961114337028
2011-11-27 01:00:00,89.1882106592896
2011-11-27 02:00:00,52.2463523108727
2011-11-27 03:00:00,30.2198619849524
2011-11-27 04:00:00,8.62356656531274
2011-11-27 05:00:00,8.32955400845749
2011-11-27 06:00:00,18.6850628495377
2011-11-27 07:00:00,65.6099706353869
2011-11-27 08:00:00,130.866207299017
2011-11-27 09:00:00,188.132579062829
2011-11-27 10:00:00,235.60753360815
2011-11-27 11:00:00,317.295815156649
2011-11-27 12:00:00,399.057688906834
2011-11-27 13:00:00,421.390377987824
2011-11-27 14:00:00,511.001424692209
2011-11-27 15:00:00,513.439417532237
2011-11-27 16:00:00,451.663748408451
2011-11-27 17:00:00,463.00992716944
2011-11-27 18:00:00,370.205716011159
2011-11-27 19:00:00,272.244115061771
2011-11-27 20:00:00,210.675560455516
2011-11-27 21:00:00,153.533763591897
2011-11-27 22:00:00,124.578371535023
2011-11-27 23:00:00,86.2573996975449
2011-11-28 00:00:00,36.7678294396464
2011-11-28 01:00:00,13.0261679325826
2011-11-28 03:00:00,4.66056290092945
2011-11-28 04:00:00,6.55813001866175
2011-11-28 05:00:00,28.1967889845668
2011-11-28 06:00:00,119.746706819915
2011-11-28 07:00:00,347.573180879604
2011-11-28 08:00:00,450.371320157846
2011-11-28 09:00:00,260.185341523131
2011-11-28 10:00:00,174.303309860258
2011-11-28 11:00:00,172.530370381212
2011-11-28 12:00:00,219.09163162556
2011-11-28 13:00:00,234.640341761382
2011-11-28 14:00:00,264.28953262699
2011-11-28 15:00:00,222.951450014995
2011-11-28 16:00:00,349.462284407914
2011-11-28 17:00:00,651.587326002244
2011-11-28 18:00:00,650.529135616674
2011-11-28 19:00:00,417.818603635411
2011-11-28 20:00:00,294.452432528714
2011-11-28 21:00:00,223.589881979403
2011-11-28 22:00:00,149.165194781612
2011-11-28 23:00:00,75.4140939240568
2011-11-29 00:00:00,37.6371287168369
2011-11-29 01:00:00,16.7718909105282
2011-11-29 02:00:00,6.75181028373437
2011-11-29 03:00:00,5.58964293941373
2011-11-29 04:00:00,4.99786134014404
2011-11-29 05:00:00,26.5702409640589
2011-11-29 06:00:00,126.429131934099
2011-11-29 07:00:00,367.383012794317
2011-11-29 08:00:00,508.203726799999
2011-11-29 09:00:00,225.889261394936
2011-11-29 10:00:00,167.480932539838
2011-11-29 11:00:00,79.812945143218
2011-11-29 12:00:00,89.5623724862631
2011-11-29 13:00:00,101.91653913681
2011-11-29 14:00:00,65.7093025065433
2011-11-29 15:00:00,84.7474337694577
2011-11-29 16:00:00,123.883600323824
2011-11-29 17:00:00,360.304008199623
2011-11-29 18:00:00,347.944125590337
2011-11-29 19:00:00,252.191938355953
2011-11-29 20:00:00,189.799095407109
2011-11-29 21:00:00,142.485654850946
2011-11-29 22:00:00,118.589786515885
2011-11-29 23:00:00,73.8695280091298
2011-11-30 00:00:00,42.342468687485
2011-11-30 01:00:00,15.561746503279
2011-11-30 02:00:00,7.74896165336825
2011-11-30 03:00:00,4.39490315699051
2011-11-30 04:00:00,6.49740561144077
2011-11-30 05:00:00,22.2942887383388
2011-11-30 06:00:00,79.5317111128887
2011-11-30 07:00:00,270.544444392073
2011-11-30 08:00:00,407.999338844966
2011-11-30 09:00:00,248.839679641454
2011-11-30 10:00:00,158.205417996208
2011-11-30 11:00:00,194.100473597615
2011-11-30 12:00:00,198.103201795295
2011-11-30 13:00:00,232.847157917259
2011-11-30 14:00:00,228.923120638884
2011-11-30 15:00:00,202.042211021888
2011-11-30 16:00:00,331.003946693418
2011-11-30 17:00:00,472.560976233373
2011-11-30 18:00:00,476.435081319095
2011-11-30 19:00:00,339.992547291078
2011-11-30 20:00:00,238.836961584294
2011-11-30 21:00:00,166.088891980978
2011-11-30 22:00:00,109.602533876613
2011-11-30 23:00:00,70.0139327869058
2011-12-20 00:00:00,42.3207550773008
2011-12-20 01:00:00,11.8811257090005
2011-12-20 02:00:00,5.44516702457982
2011-12-20 03:00:00,4.66008414220742
2011-12-20 04:00:00,7.5954780405101
2011-12-20 05:00:00,28.5938021741985
2011-12-20 06:00:00,109.75315705442
2011-12-20 07:00:00,339.315082321737
2011-12-20 08:00:00,543.285606551946
2011-12-20 09:00:00,234.426070077838
2011-12-20 10:00:00,156.817476212998
2011-12-20 11:00:00,161.059186893084
2011-12-20 12:00:00,207.783716280426
2011-12-20 13:00:00,207.676892814923
2011-12-20 14:00:00,188.246151960684
2011-12-20 15:00:00,204.270936266523
2011-12-20 16:00:00,306.430045319735
2011-12-20 17:00:00,484.315439473026
2011-12-20 18:00:00,430.928045450652
2011-12-20 19:00:00,302.448223106316
2011-12-20 20:00:00,208.371313854192
2011-12-20 21:00:00,167.937855720048
2011-12-20 22:00:00,119.222302681179
2011-12-20 23:00:00,102.493716313417
2011-12-21 00:00:00,27.7964240857876
2011-12-21 01:00:00,11.9843824553064
2011-12-21 02:00:00,5.78613282048262
2011-12-21 03:00:00,3.06994103605836
2011-12-21 04:00:00,2.87269051365192
2011-12-21 05:00:00,17.5857079428227
2011-12-21 06:00:00,72.822492043543
2011-12-21 07:00:00,208.82477295487
2011-12-21 08:00:00,172.232807209425
2011-12-21 09:00:00,174.377106312304
2011-12-21 10:00:00,118.992184218499
2011-12-21 11:00:00,119.336821742645
2011-12-21 12:00:00,77.0611076162836
2011-12-21 13:00:00,60.5998226571685
2011-12-21 14:00:00,138.632563009929
2011-12-21 15:00:00,142.580301968593
2011-12-21 16:00:00,54.4240339185464
2011-12-21 17:00:00,63.5574659073052
2011-12-21 18:00:00,125.280033627351
2011-12-21 19:00:00,155.547906395904
2011-12-21 20:00:00,132.624994972902
2011-12-21 21:00:00,163.907425012624
2011-12-21 22:00:00,130.554724679097
2011-12-21 23:00:00,79.7057616392384
2011-12-22 00:00:00,35.6426832298516
2011-12-22 01:00:00,11.6410520258545
2011-12-22 02:00:00,7.39785208370011
2011-12-22 03:00:00,4.80439470236622
2011-12-22 04:00:00,3.16552096334247
2011-12-22 05:00:00,20.3963871332937
2011-12-22 06:00:00,75.1476736440199
2011-12-22 07:00:00,191.590598369273
2011-12-22 08:00:00,327.47338813814
2011-12-22 09:00:00,185.330859067532
2011-12-22 10:00:00,117.770434899101
2011-12-22 11:00:00,169.338695601908
2011-12-22 12:00:00,170.619983585862
2011-12-22 13:00:00,172.168904697716
2011-12-22 14:00:00,172.417848753994
2011-12-22 15:00:00,173.464052036415
2011-12-22 16:00:00,226.762371129371
2011-12-22 17:00:00,323.265588157588
2011-12-22 18:00:00,291.564865986046
2011-12-22 19:00:00,241.711148046049
2011-12-22 20:00:00,133.467781411539
2011-12-22 21:00:00,101.493665478863
2011-12-22 22:00:00,50.9398110546909
2011-12-22 23:00:00,42.5490981848656
2011-12-23 00:00:00,19.7630373270152
2011-12-23 01:00:00,8.37604449797122
2011-12-23 02:00:00,4.30079351959545
2011-12-23 03:00:00,2.35974347538214
2011-12-23 04:00:00,2.28651694291413
2011-12-23 05:00:00,12.9216609597409
2011-12-23 06:00:00,81.4234087383689
2011-12-23 07:00:00,199.776211082965
2011-12-23 08:00:00,272.99645740969
2011-12-23 09:00:00,187.625380749374
2011-12-23 10:00:00,112.298384602776
2011-12-23 11:00:00,116.217331588731
2011-12-23 12:00:00,118.844132413772
2011-12-23 13:00:00,128.105140041248
2011-12-23 14:00:00,104.843452072915
2011-12-23 15:00:00,98.6166947927164
2011-12-23 16:00:00,134.118757241911
2011-12-23 17:00:00,222.004047304679
2011-12-23 18:00:00,223.435342700335
2011-12-23 19:00:00,201.703065749703
2011-12-23 20:00:00,93.5053823146848
2011-12-23 21:00:00,87.4555871304537
2011-12-23 22:00:00,74.1448722194838
2011-12-23 23:00:00,54.1221070188181
2011-12-24 00:00:00,48.8021459191804
2011-12-24 01:00:00,48.1862805564256
2011-12-24 02:00:00,48.1664433720519
2011-12-24 03:00:00,25.3359081761134
2011-12-24 04:00:00,6.07012806270414
2011-12-24 05:00:00,4.64049102005112
2011-12-24 06:00:00,8.88165836211877
2011-12-24 07:00:00,18.8321595879919
2011-12-24 08:00:00,44.9725623814951
2011-12-24 09:00:00,108.244498381858
2011-12-24 10:00:00,140.407972645267
2011-12-24 11:00:00,152.300904469645
2011-12-24 12:00:00,200.182848266705
2011-12-24 13:00:00,187.683115676901
2011-12-24 14:00:00,182.62270209107
2011-12-24 15:00:00,185.646516726275
2011-12-24 16:00:00,203.582194236073
2011-12-24 17:00:00,123.144006980239
2011-12-24 18:00:00,145.208811598158
2011-12-24 19:00:00,106.642135885056
2011-12-24 20:00:00,58.0389793976762
2011-12-24 21:00:00,58.6818578914887
2011-12-24 22:00:00,56.8095246201655
2011-12-24 23:00:00,30.1752381661409
2011-12-25 00:00:00,30.9047500440113
2011-12-25 01:00:00,28.7470956369672
2011-12-25 02:00:00,31.3520774236448
2011-12-25 03:00:00,14.2264291191489
2011-12-25 05:00:00,3.8390051363167
2011-12-25 06:00:00,5.64613058440368
2011-12-25 07:00:00,15.9878750552035
2011-12-25 08:00:00,41.1131361082001
2011-12-25 09:00:00,95.3099683269473
2011-12-25 10:00:00,136.015656282688
2011-12-25 11:00:00,181.276756784093
2011-12-25 12:00:00,148.403679839694
2011-12-25 13:00:00,170.590353446574
2011-12-25 14:00:00,188.286622116525
2011-12-25 15:00:00,169.694421611591
2011-12-25 16:00:00,161.234793613327
2011-12-25 17:00:00,128.57939200662
2011-12-25 18:00:00,116.287285446114
2011-12-25 19:00:00,108.503418263236
2011-12-25 20:00:00,109.156425283388
2011-12-25 21:00:00,68.5488083302628
2011-12-25 22:00:00,68.8159685006992
2011-12-25 23:00:00,41.1683242045594
2011-12-26 00:00:00,27.8684585471585
2011-12-26 01:00:00,25.0978027819159
2011-12-26 02:00:00,17.3027306295511
2011-12-26 04:00:00,5.74607659818823
2011-12-26 05:00:00,5.19481259454095
2011-12-26 06:00:00,12.9413335858372
2011-12-26 07:00:00,46.954273653638
2011-12-26 08:00:00,95.8973791801179
2011-12-26 09:00:00,108.804846935436
2011-12-26 10:00:00,159.864966613524
2011-12-26 11:00:00,167.700205907442
2011-12-26 12:00:00,202.40732385872
2011-12-26 13:00:00,282.69486538769
2011-12-26 14:00:00,245.647254793272
2011-12-26 15:00:00,271.294282697653
2011-12-26 16:00:00,218.088957295914
2011-12-26 17:00:00,168.696426499872
2011-12-26 18:00:00,139.824652885967
2011-12-26 19:00:00,90.3580353155074
2011-12-26 20:00:00,86.0576408436219
2011-12-26 21:00:00,54.6973624718564
2011-12-26 22:00:00,55.5052536558227
2011-12-26 23:00:00,46.1717755522737
2011-12-27 00:00:00,16.0606011175615
2011-12-27 01:00:00,6.31650995099239
2011-12-27 02:00:00,3.63863058680481
2011-12-27 03:00:00,2.81264434960862
2011-12-27 04:00:00,2.06025212110047
2011-12-27 05:00:00,14.8095511545458
2011-12-27 06:00:00,60.7941908860139
2011-12-27 07:00:00,236.374721646091
2011-12-27 08:00:00,352.08325233948
2011-12-27 09:00:00,117.168197569252
2011-12-27 10:00:00,84.0905140509161
2011-12-27 11:00:00,66.2033925652605
2011-12-27 12:00:00,55.2085566463228
2011-12-27 13:00:00,65.1648202632919
2011-12-27 14:00:00,68.4337605832119
2011-12-27 15:00:00,72.1537959037904
2011-12-27 16:00:00,81.0438389128001
2011-12-27 17:00:00,220.134557657921
2011-12-27 18:00:00,217.089349514872
2011-12-27 19:00:00,175.446613035224
2011-12-27 20:00:00,114.941144265506
2011-12-27 21:00:00,92.9393202039374
2011-12-27 22:00:00,64.625192795982
2011-12-27 23:00:00,39.4260206568763
2011-12-28 00:00:00,20.1540197216832
2011-12-28 01:00:00,10.6930090859943
2011-12-28 02:00:00,4.98412710133702
2011-12-28 03:00:00,3.65084964757572
2011-12-28 05:00:00,14.6544022958644
2011-12-28 06:00:00,74.5617846035201
2011-12-28 07:00:00,177.88294485681
2011-12-28 08:00:00,376.141350422432
2011-12-28 09:00:00,202.992843625132
2011-12-28 10:00:00,106.533355549046
2011-12-28 11:00:00,142.034846538442
2011-12-28 12:00:00,131.35342802711
2011-12-28 13:00:00,114.191435950766
2011-12-28 14:00:00,100.205541766725
2011-12-28 15:00:00,96.0445686485404
2011-12-28 16:00:00,137.637676184921
2011-12-28 17:00:00,186.105604142139
2011-12-28 18:00:00,242.789541571652
2011-12-28 19:00:00,144.14781246104
2011-12-28 20:00:00,108.177770500493
2011-12-28 21:00:00,70.1137285205524
2011-12-28 22:00:00,55.4352862418592
2011-12-28 23:00:00,31.1868765325019
2011-12-29 00:00:00,13.7645950706816
2011-12-29 01:00:00,5.86130256908293
2011-12-29 02:00:00,3.09500076807708
2011-12-29 03:00:00,1.68834225871006
2011-12-29 04:00:00,1.83953565464673
2011-12-29 05:00:00,13.5749148003677
2011-12-29 06:00:00,44.5016380440718
2011-12-29 07:00:00,166.522088856386
2011-12-29 08:00:00,308.171716960849
2011-12-29 09:00:00,180.805029649966
2011-12-29 10:00:00,67.2711473282002
2011-12-29 11:00:00,86.1757047037346
2011-12-29 12:00:00,99.0050363403691
2011-12-29 13:00:00,115.284957504467
2011-12-29 14:00:00,100.122815300525
2011-12-29 15:00:00,105.405261885567
2011-12-29 16:00:00,116.911373757907
2011-12-29 17:00:00,177.68477344753
2011-12-29 18:00:00,172.823482552433
2011-12-29 19:00:00,147.266106492776
2011-12-29 20:00:00,79.3752053239514
2011-12-29 21:00:00,73.7384202973958
2011-12-29 22:00:00,62.7945442932381
2011-12-29 23:00:00,48.2513748684883
2011-12-30 00:00:00,20.8266503267729
2011-12-30 01:00:00,4.54481243622702
2011-12-30 02:00:00,3.54619816536833
2011-12-30 03:00:00,2.86999463902206
2011-12-30 04:00:00,1.78562284014009
2011-12-30 05:00:00,13.4993512085287
2011-12-30 06:00:00,45.5307113888307
2011-12-30 07:00:00,169.088116525898
2011-12-30 08:00:00,317.523952833407
2011-12-30 09:00:00,208.745745886889
2011-12-30 10:00:00,97.8653650818953
2011-12-30 11:00:00,100.017207751449
2011-12-30 12:00:00,128.783073273102
2011-12-30 13:00:00,108.816508565716
2011-12-30 14:00:00,123.20874713073
2011-12-30 15:00:00,174.336556947157
2011-12-30 16:00:00,218.468440111979
2011-12-30 17:00:00,263.259095920628
2011-12-30 18:00:00,211.514235001409
2011-12-30 19:00:00,139.949548546992
2011-12-30 20:00:00,143.814159144098
2011-12-30 21:00:00,117.122464162309
2011-12-30 22:00:00,76.7095249172938
2011-12-30 23:00:00,52.4234742454643
2011-12-31 00:00:00,48.3811362659783
2011-12-31 01:00:00,45.938575006836
2011-12-31 02:00:00,38.8363112977514
2011-12-31 03:00:00,16.5467679709353
2011-12-31 04:00:00,5.50087254463687
2011-12-31 05:00:00,4.89161280637476
2011-12-31 06:00:00,13.3320716774197
2011-12-31 07:00:00,53.7575535731193
2011-12-31 08:00:00,71.2730927794476
2011-12-31 09:00:00,61.986804472467
2011-12-31 10:00:00,117.505274998091
2011-12-31 11:00:00,240.454218226908
2011-12-31 12:00:00,405.77569078142
2011-12-31 13:00:00,312.955756399631
2011-12-31 14:00:00,263.299571145339
2011-12-31 15:00:00,204.450696860242
2011-12-31 16:00:00,218.743369965036
2011-12-31 17:00:00,171.824949414836
2011-12-31 18:00:00,159.427830371365
2011-12-31 19:00:00,143.463253544287
2011-12-31 20:00:00,125.778352448946
2011-12-31 21:00:00,91.7081192327825
2011-12-31 22:00:00,81.3840991126357
2011-12-31 23:00:00,46.4163520389165
2012-01-20 00:00:00,11.8390632850325
2012-01-20 01:00:00,6.52363822632717
2012-01-20 02:00:00,3.54407312672255
2012-01-20 03:00:00,3.63265879592529
2012-01-20 04:00:00,2.76092160660377
2012-01-20 05:00:00,14.5479586734033
2012-01-20 06:00:00,60.7888142208662
2012-01-20 07:00:00,151.597967127608
2012-01-20 08:00:00,320.108154359395
2012-01-20 09:00:00,147.762846544531
2012-01-20 10:00:00,58.0449290637748
2012-01-20 11:00:00,53.8379427943925
2012-01-20 12:00:00,59.7168273296864
2012-01-20 13:00:00,71.182945413783
2012-01-20 14:00:00,65.1191482774828
2012-01-20 15:00:00,81.0240707506295
2012-01-20 16:00:00,85.3169469539208
2012-01-20 17:00:00,176.0552067173
2012-01-20 18:00:00,170.756441276316
2012-01-20 19:00:00,150.438283538296
2012-01-20 20:00:00,103.838691317854
2012-01-20 21:00:00,70.5918369155113
2012-01-20 22:00:00,50.6820221284642
2012-01-20 23:00:00,25.3527804053278
2012-01-21 00:00:00,30.102787238265
2012-01-21 01:00:00,27.778690583869
2012-01-21 02:00:00,17.3511754545722
2012-01-21 03:00:00,10.6995857767469
2012-01-21 04:00:00,4.59761582198049
2012-01-21 05:00:00,4.13679921361104
2012-01-21 06:00:00,3.9109602383913
2012-01-21 07:00:00,14.9622415087337
2012-01-21 08:00:00,31.9145452738289
2012-01-21 09:00:00,48.1888956532413
2012-01-21 10:00:00,44.0490807294298
2012-01-21 11:00:00,91.6223740078047
2012-01-21 12:00:00,105.993671430075
2012-01-21 13:00:00,94.9784157864058
2012-01-21 14:00:00,80.9271869265612
2012-01-21 15:00:00,80.3517623946722
2012-01-21 16:00:00,88.4117169960899
2012-01-21 17:00:00,84.5494162842302
2012-01-21 18:00:00,83.9598674684993
2012-01-21 19:00:00,64.5388770941486
2012-01-21 20:00:00,60.5325119525307
2012-01-21 21:00:00,38.3386138552944
2012-01-21 22:00:00,29.9047097010237
2012-01-21 23:00:00,24.9894893616366
2012-01-22 00:00:00,32.5296165541483
2012-01-22 01:00:00,26.6988004144945
2012-01-22 02:00:00,19.9758108329355
2012-01-22 03:00:00,10.1586889488289
2012-01-22 04:00:00,3.1287854410879
2012-01-22 05:00:00,2.90036954238629
2012-01-22 06:00:00,3.5950380279486
2012-01-22 07:00:00,14.6500235667983
2012-01-22 08:00:00,31.871692676962
2012-01-22 09:00:00,60.3839650304421
2012-01-22 10:00:00,79.5496119178137
2012-01-22 11:00:00,75.0442280289327
2012-01-22 12:00:00,83.2092704748976
2012-01-22 13:00:00,75.6148756893367
2012-01-22 14:00:00,78.197261990963
2012-01-22 15:00:00,81.4986444771975
2012-01-22 16:00:00,80.8562708258035
2012-01-22 17:00:00,74.4432782388986
2012-01-22 18:00:00,56.1680946126594
2012-01-22 19:00:00,48.8912861870273
2012-01-22 20:00:00,46.2417697365686
2012-01-22 21:00:00,30.4425740326527
2012-01-22 22:00:00,24.8895161016157
2012-01-22 23:00:00,20.7649548504252
2012-01-23 00:00:00,12.7996191413271
2012-01-23 01:00:00,5.94450346183832
2012-01-23 02:00:00,2.6743299191092
2012-01-23 03:00:00,2.2268571763458
2012-01-23 04:00:00,2.14333009604571
2012-01-23 05:00:00,9.94655853582271
2012-01-23 06:00:00,41.179219662693
2012-01-23 07:00:00,93.2166362518131
2012-01-23 08:00:00,151.210603938239
2012-01-23 09:00:00,169.510284521574
2012-01-23 10:00:00,60.5597928267492
2012-01-23 11:00:00,53.4748607459436
2012-01-23 12:00:00,58.9823804947167
2012-01-23 13:00:00,57.4252075329726
2012-01-23 14:00:00,56.7484533872654
2012-01-23 15:00:00,50.7608039402739
2012-01-23 16:00:00,66.5088283462503
2012-01-23 17:00:00,109.230683353137
2012-01-23 18:00:00,103.102259911258
2012-01-23 19:00:00,95.1997694468057
2012-01-23 20:00:00,72.6118372234179
2012-01-23 21:00:00,53.7094033145928
2012-01-23 22:00:00,43.7155154871078
2012-01-23 23:00:00,37.1095113810406
2012-01-24 00:00:00,7.67167083828416
2012-01-24 01:00:00,6.93819661650302
2012-01-24 02:00:00,4.57246674341321
2012-01-24 03:00:00,1.97803148471971
2012-01-24 04:00:00,2.14244668118478
2012-01-24 05:00:00,8.09073893830625
2012-01-24 06:00:00,53.2327002041476
2012-01-24 07:00:00,160.198649533472
2012-01-24 08:00:00,221.220429580619
2012-01-24 09:00:00,181.728465458843
2012-01-24 10:00:00,81.9762357641072
2012-01-24 11:00:00,95.23156323925
2012-01-24 12:00:00,94.4932472977284
2012-01-24 13:00:00,92.4712537478396
2012-01-24 14:00:00,89.5595591228361
2012-01-24 15:00:00,110.887274463746
2012-01-24 16:00:00,151.638350158317
2012-01-24 17:00:00,366.518312117376
2012-01-24 18:00:00,268.940385229637
2012-01-24 19:00:00,251.822582923302
2012-01-24 20:00:00,134.933497280383
2012-01-24 21:00:00,107.430456207932
2012-01-24 22:00:00,94.0618579792495
2012-01-24 23:00:00,43.8069110694308
2012-01-25 00:00:00,8.79599899424738
2012-01-25 01:00:00,6.40474591731821
2012-01-25 02:00:00,4.23449080133225
2012-01-25 03:00:00,2.93017120460479
2012-01-25 04:00:00,2.53804141327928
2012-01-25 05:00:00,11.0647458180544
2012-01-25 06:00:00,52.9723600252237
2012-01-25 07:00:00,157.029780037956
2012-01-25 08:00:00,338.906870264132
2012-01-25 09:00:00,206.894140597297
2012-01-25 10:00:00,69.0624082873112
2012-01-25 11:00:00,109.024423383893
2012-01-25 12:00:00,137.79055610387
2012-01-25 13:00:00,140.651271023727
2012-01-25 14:00:00,128.024681578728
2012-01-25 15:00:00,143.974143935199
2012-01-25 16:00:00,137.016956733595
2012-01-25 17:00:00,229.622343675962
2012-01-25 18:00:00,198.422620611771
2012-01-25 19:00:00,193.221825377003
2012-01-25 20:00:00,103.782473336121
2012-01-25 21:00:00,101.595268592937
2012-01-25 22:00:00,74.1335617775139
2012-01-25 23:00:00,37.6071804233601
2012-01-26 00:00:00,19.6314499547671
2012-01-26 01:00:00,7.64213103855902
2012-01-26 02:00:00,4.47878902777635
2012-01-26 03:00:00,2.19232520326868
2012-01-26 04:00:00,2.49722161998656
2012-01-26 05:00:00,12.4703601664278
2012-01-26 06:00:00,67.8286205542118
2012-01-26 07:00:00,196.422119709869
2012-01-26 08:00:00,315.373149907578
2012-01-26 09:00:00,193.496366398981
2012-01-26 10:00:00,81.9504786599979
2012-01-26 11:00:00,80.740383858427
2012-01-26 12:00:00,95.5617353307467
2012-01-26 13:00:00,91.2028354731502
2012-01-26 14:00:00,110.498500916477
2012-01-26 15:00:00,149.150854139605
2012-01-26 16:00:00,141.948886879218
2012-01-26 17:00:00,333.946076616699
2012-01-26 18:00:00,330.260855209924
2012-01-26 19:00:00,221.734726972917
2012-01-26 20:00:00,158.184401451985
2012-01-26 21:00:00,126.319199340102
2012-01-26 22:00:00,99.5649795225753
2012-01-26 23:00:00,51.4394675900269
2012-01-27 00:00:00,28.6903819441403
2012-01-27 01:00:00,11.1740999192162
2012-01-27 02:00:00,6.50926091826758
2012-01-27 03:00:00,3.03777914149961
2012-01-27 04:00:00,2.75938349354899
2012-01-27 05:00:00,16.4220150272105
2012-01-27 06:00:00,63.3132979048719
2012-01-27 07:00:00,114.766166076369
2012-01-27 08:00:00,154.445251200634
2012-01-27 09:00:00,118.829962703961
2012-01-27 10:00:00,62.261448809954
2012-01-27 11:00:00,100.260986116748
2012-01-27 12:00:00,178.868638966283
2012-01-27 13:00:00,158.607048735853
2012-01-27 14:00:00,146.037156021862
2012-01-27 15:00:00,144.96758381934
2012-01-27 16:00:00,199.745323534403
2012-01-27 17:00:00,286.974334586274
2012-01-27 18:00:00,254.185823403549
2012-01-27 19:00:00,181.806850555613
2012-01-27 20:00:00,96.6861151379632
2012-01-27 21:00:00,69.700812265315
2012-01-27 22:00:00,78.8920684093743
2012-01-27 23:00:00,33.2659802058032
2012-01-28 00:00:00,50.2706597227487
2012-01-28 01:00:00,49.934961077157
2012-01-28 02:00:00,35.8226306709578
2012-01-28 03:00:00,16.2548854709179
2012-01-28 04:00:00,3.27251227045896
2012-01-28 05:00:00,2.66668539692093
2012-01-28 06:00:00,6.32451324610094
2012-01-28 07:00:00,10.6966563954833
2012-01-28 08:00:00,38.2955887949556
2012-01-28 09:00:00,82.1879385024005
2012-01-28 10:00:00,142.465583047674
2012-01-28 11:00:00,172.041094068906
2012-01-28 12:00:00,175.307126543824
2012-01-28 13:00:00,189.575773967739
2012-01-28 14:00:00,147.651124901294
2012-01-28 15:00:00,195.895162198902
2012-01-28 16:00:00,231.71780896648
2012-01-28 17:00:00,187.280551508786
2012-01-28 18:00:00,183.264291805067
2012-01-28 19:00:00,129.494465021289
2012-01-28 20:00:00,82.8187900534265
2012-01-28 21:00:00,72.0741068445214
2012-01-28 22:00:00,64.2145394494063
2012-01-28 23:00:00,54.4505872128123
2012-01-29 00:00:00,56.368991205831
2012-01-29 01:00:00,45.3265733069664
2012-01-29 02:00:00,29.5874189752345
2012-01-29 03:00:00,12.7842695468386
2012-01-29 04:00:00,3.39208714812984
2012-01-29 05:00:00,3.30126629487763
2012-01-29 06:00:00,6.84830653726439
2012-01-29 07:00:00,24.0193079969738
2012-01-29 08:00:00,56.0599757340388
2012-01-29 09:00:00,69.3222463952102
2012-01-29 10:00:00,114.77930357149
2012-01-29 11:00:00,154.803433420224
2012-01-29 12:00:00,212.350053643162
2012-01-29 13:00:00,220.759257672
2012-01-29 14:00:00,214.928730314597
2012-01-29 15:00:00,254.640209565181
2012-01-29 16:00:00,176.389602821246
2012-01-29 17:00:00,153.645595359202
2012-01-29 18:00:00,128.494173041342
2012-01-29 19:00:00,86.6163177671024
2012-01-29 20:00:00,64.810484124713
2012-01-29 21:00:00,67.2638411513326
2012-01-29 22:00:00,55.1278964476574
2012-01-29 23:00:00,40.0940586601784
2012-01-30 00:00:00,23.3399458387871
2012-01-30 01:00:00,3.69598755742677
2012-01-30 02:00:00,3.22005731665852
2012-01-30 03:00:00,1.90059645027612
2012-01-30 04:00:00,1.65818371309486
2012-01-30 05:00:00,10.8191693238884
2012-01-30 06:00:00,48.7679710184784
2012-01-30 07:00:00,130.486244461717
2012-01-30 08:00:00,227.221157756967
2012-01-30 09:00:00,156.647156622009
2012-01-30 10:00:00,66.6902193181541
2012-01-30 11:00:00,77.2781477428538
2012-01-30 12:00:00,89.3141391715535
2012-01-30 13:00:00,80.2066078711857
2012-01-30 14:00:00,112.167892011682
2012-01-30 15:00:00,100.291812646597
2012-01-30 16:00:00,165.449752609993
2012-01-30 17:00:00,259.237677304071
2012-01-30 18:00:00,298.451421267029
2012-01-30 19:00:00,171.192199430019
2012-01-30 20:00:00,117.68464464621
2012-01-30 21:00:00,96.8163844884342
2012-01-30 22:00:00,60.029852950986
2012-01-30 23:00:00,41.1209547638275
2012-01-31 00:00:00,16.0825489346537
2012-01-31 01:00:00,6.27725892298226
2012-01-31 02:00:00,3.38120670095188
2012-01-31 03:00:00,2.32181295808721
2012-01-31 04:00:00,2.06192666907099
2012-01-31 05:00:00,13.1880995645521
2012-01-31 06:00:00,60.4714579314275
2012-01-31 07:00:00,187.680465955482
2012-01-31 08:00:00,349.236249118281
2012-01-31 09:00:00,197.582787240856
2012-01-31 10:00:00,94.2728794071707
2012-01-31 11:00:00,146.584190744125
2012-01-31 12:00:00,165.057226604904
2012-01-31 13:00:00,181.276702034079
2012-01-31 14:00:00,162.526157448681
2012-01-31 15:00:00,155.39766313585
2012-01-31 16:00:00,222.026167055947
2012-01-31 17:00:00,471.582469747252
2012-01-31 18:00:00,443.823417418309
2012-01-31 19:00:00,334.01657023134
2012-01-31 20:00:00,162.652676238765
2012-01-31 21:00:00,160.176435560525
2012-01-31 22:00:00,119.663717208674
2012-01-31 23:00:00,75.7409470633044
2012-02-20 00:00:00,31.4909680150766
2012-02-20 01:00:00,28.3097340260953
2012-02-20 02:00:00,19.4230644777108
2012-02-20 03:00:00,6.01436224617549
2012-02-20 05:00:00,2.88544337708966
2012-02-20 06:00:00,7.14555253938454
2012-02-20 07:00:00,13.3891716431035
2012-02-20 08:00:00,41.1742684714215
2012-02-20 09:00:00,75.0917175315971
2012-02-20 10:00:00,102.165694258536
2012-02-20 11:00:00,158.512903398341
2012-02-20 12:00:00,156.713267301906
2012-02-20 13:00:00,168.754553794201
2012-02-20 14:00:00,189.244499498298
2012-02-20 15:00:00,192.350350951617
2012-02-20 16:00:00,223.469447400001
2012-02-20 17:00:00,190.080938024821
2012-02-20 18:00:00,146.07405008127
2012-02-20 19:00:00,108.737651252358
2012-02-20 20:00:00,102.966850699149
2012-02-20 21:00:00,69.829102105957
2012-02-20 22:00:00,54.6000909493104
2012-02-20 23:00:00,45.5816652707722
2012-02-21 00:00:00,19.6518853259652
2012-02-21 01:00:00,7.15832198676047
2012-02-21 02:00:00,3.56917679818369
2012-02-21 04:00:00,2.17790224111586
2012-02-21 05:00:00,14.2705251865346
2012-02-21 06:00:00,42.0624375882473
2012-02-21 07:00:00,148.484581843823
2012-02-21 08:00:00,343.889447438193
2012-02-21 09:00:00,209.838651445851
2012-02-21 10:00:00,76.364316322679
2012-02-21 11:00:00,93.709391178338
2012-02-21 12:00:00,113.474008545229
2012-02-21 13:00:00,114.724484706843
2012-02-21 14:00:00,105.686965268647
2012-02-21 15:00:00,112.945647036134
2012-02-21 16:00:00,148.990474754989
2012-02-21 17:00:00,300.105494847736
2012-02-21 18:00:00,294.781648748022
2012-02-21 19:00:00,215.973242627362
2012-02-21 20:00:00,107.580819528504
2012-02-21 21:00:00,128.838662205592
2012-02-21 22:00:00,76.3974038235563
2012-02-21 23:00:00,49.8052351761079
2012-02-22 00:00:00,23.7998123072966
2012-02-22 01:00:00,10.8987794449038
2012-02-22 02:00:00,4.72020224522179
2012-02-22 03:00:00,3.02975223657097
2012-02-22 04:00:00,2.45029666411688
2012-02-22 05:00:00,17.0811043911944
2012-02-22 06:00:00,66.5501518874009
2012-02-22 07:00:00,190.774475319131
2012-02-22 08:00:00,355.624604045665
2012-02-22 09:00:00,228.26153906097
2012-02-22 10:00:00,96.7621822990287
2012-02-22 11:00:00,109.952170114493
2012-02-22 12:00:00,108.275256477004
2012-02-22 13:00:00,131.214736406643
2012-02-22 14:00:00,127.223084038986
2012-02-22 15:00:00,177.81162757712
2012-02-22 16:00:00,215.766829203597
2012-02-22 17:00:00,424.434278785354
2012-02-22 18:00:00,292.226369349408
2012-02-22 19:00:00,248.212005098826
2012-02-22 20:00:00,199.765148058836
2012-02-22 21:00:00,149.789849349391
2012-02-22 22:00:00,118.445315007045
2012-02-22 23:00:00,65.0397997435302
2012-02-23 00:00:00,32.8616004669521
2012-02-23 01:00:00,11.2540581565056
2012-02-23 02:00:00,8.16698331700255
2012-02-23 03:00:00,2.95472349226596
2012-02-23 04:00:00,3.00667137862043
2012-02-23 05:00:00,21.3795845632524
2012-02-23 06:00:00,67.7488213370649
2012-02-23 07:00:00,194.87851952755
2012-02-23 08:00:00,302.194955548469
2012-02-23 09:00:00,178.480015747716
2012-02-23 10:00:00,128.598280366665
2012-02-23 11:00:00,155.685808128146
2012-02-23 12:00:00,142.343107408781
2012-02-23 13:00:00,170.762588766395
2012-02-23 14:00:00,186.720403310213
2012-02-23 15:00:00,200.831622301683
2012-02-23 16:00:00,305.093854968011
2012-02-23 17:00:00,509.727335976203
2012-02-23 18:00:00,507.172892310913
2012-02-23 19:00:00,355.152037653525
2012-02-23 20:00:00,232.577751843296
2012-02-23 21:00:00,170.069041171239
2012-02-23 22:00:00,130.717721841618
2012-02-23 23:00:00,87.6248121413978
2012-02-24 00:00:00,36.645908081676
2012-02-24 01:00:00,14.6257996998241
2012-02-24 02:00:00,5.17496823239569
2012-02-24 03:00:00,4.49254691378565
2012-02-24 04:00:00,3.48810859055608
2012-02-24 05:00:00,20.5401722618228
2012-02-24 06:00:00,75.8904050178207
2012-02-24 07:00:00,159.271274242822
2012-02-24 08:00:00,243.821192924587
2012-02-24 09:00:00,87.9228773437175
2012-02-24 10:00:00,78.0725485193764
2012-02-24 11:00:00,97.0742945917242
2012-02-24 12:00:00,116.181267926293
2012-02-24 13:00:00,150.558731312752
2012-02-24 14:00:00,170.430224859396
2012-02-24 15:00:00,86.7454532463862
2012-02-24 16:00:00,121.369724808336
2012-02-24 17:00:00,111.840374810612
2012-02-24 18:00:00,193.613259603305
2012-02-24 19:00:00,252.594717885963
2012-02-24 20:00:00,182.47796618033
2012-02-24 21:00:00,142.533768401657
2012-02-24 22:00:00,98.001765262052
2012-02-24 23:00:00,51.3581061840738
2012-02-25 00:00:00,50.9691289926754
2012-02-25 01:00:00,54.5326105079217
2012-02-25 02:00:00,39.0726703831264
2012-02-25 03:00:00,11.8870392237855
2012-02-25 04:00:00,4.19793280090998
2012-02-25 05:00:00,4.0059824699284
2012-02-25 06:00:00,6.17696652077574
2012-02-25 07:00:00,28.5546945397861
2012-02-25 08:00:00,57.3888963969916
2012-02-25 09:00:00,64.947126224638
2012-02-25 10:00:00,143.437811457936
2012-02-25 11:00:00,140.324227623784
2012-02-25 12:00:00,173.023924039064
2012-02-25 13:00:00,172.843680724426
2012-02-25 14:00:00,174.277055974572
2012-02-25 15:00:00,170.065025193918
2012-02-25 16:00:00,169.151543227699
2012-02-25 17:00:00,165.220294121251
2012-02-25 18:00:00,137.879101014283
2012-02-25 19:00:00,95.2723641231628
2012-02-25 20:00:00,76.4333596575122
2012-02-25 21:00:00,57.0208232316085
2012-02-25 22:00:00,41.8923958763127
2012-02-25 23:00:00,27.4729254653675
2012-02-26 00:00:00,32.0677972605845
2012-02-26 01:00:00,27.5103059032657
2012-02-26 02:00:00,18.8897981162507
2012-02-26 03:00:00,10.2879784657216
2012-02-26 04:00:00,3.42368424828793
2012-02-26 05:00:00,3.06863191279922
2012-02-26 06:00:00,7.04577334653555
2012-02-26 07:00:00,16.4509720825226
2012-02-26 08:00:00,38.1262076209612
2012-02-26 09:00:00,64.6560515966399
2012-02-26 10:00:00,122.292125368454
2012-02-26 11:00:00,131.113658112131
2012-02-26 12:00:00,174.094493404315
2012-02-26 13:00:00,223.073691948899
2012-02-26 14:00:00,224.306984815443
2012-02-26 15:00:00,237.222181719467
2012-02-26 16:00:00,203.48042522583
2012-02-26 17:00:00,181.056158952336
2012-02-26 18:00:00,127.696149326938
2012-02-26 19:00:00,130.573180994319
2012-02-26 20:00:00,94.4055393917762
2012-02-26 21:00:00,68.730095873132
2012-02-26 22:00:00,64.2171695499934
2012-02-26 23:00:00,34.3577880353064
2012-02-27 00:00:00,15.7366597866154
2012-02-27 01:00:00,5.44544165122193
2012-02-27 02:00:00,3.49052202968002
2012-02-27 03:00:00,3.03760088302246
2012-02-27 04:00:00,2.06461891011146
2012-02-27 05:00:00,11.7543075488412
2012-02-27 06:00:00,50.7353053669008
2012-02-27 07:00:00,185.575410828243
2012-02-27 08:00:00,280.621294185127
2012-02-27 09:00:00,200.039420511814
2012-02-27 10:00:00,100.185828619971
2012-02-27 11:00:00,119.92736358516
2012-02-27 12:00:00,156.457567619254
2012-02-27 13:00:00,168.419198137773
2012-02-27 14:00:00,177.884576420838
2012-02-27 15:00:00,149.782932206327
2012-02-27 16:00:00,222.026167055947
2012-02-27 17:00:00,458.253835082717
2012-02-27 18:00:00,426.081991705473
2012-02-27 19:00:00,343.147323704409
2012-02-27 20:00:00,234.222940694363
2012-02-27 21:00:00,153.172532380842
2012-02-27 22:00:00,129.266145809103
2012-02-27 23:00:00,91.5250629693735
2012-02-28 00:00:00,34.9025408790084
2012-02-28 01:00:00,15.1550023456836
2012-02-28 02:00:00,8.51567910505331
2012-02-28 03:00:00,3.24819922722407
2012-02-28 04:00:00,2.1637854803167
2012-02-28 05:00:00,13.4062240893345
2012-02-28 06:00:00,57.0989181151527
2012-02-28 07:00:00,165.957318793819
2012-02-28 08:00:00,300.300534030631
2012-02-28 09:00:00,186.284929841473
2012-02-28 10:00:00,105.725752533989
2012-02-28 11:00:00,95.9867598355972
2012-02-28 12:00:00,112.488260094588
2012-02-28 13:00:00,107.235161617858
2012-02-28 14:00:00,126.705813849035
2012-02-28 15:00:00,157.319847496722
2012-02-28 16:00:00,216.61923661844
2012-02-28 17:00:00,374.431810376109
2012-02-28 18:00:00,370.2242988675
2012-02-28 19:00:00,279.370105042369
2012-02-28 20:00:00,164.760176666271
2012-02-28 21:00:00,113.422464772455
2012-02-28 22:00:00,96.6244893835243
2012-02-28 23:00:00,50.1679385471971
2012-02-29 00:00:00,22.3424245583585
2012-02-29 01:00:00,11.3961520953816
2012-02-29 02:00:00,5.18804923524466
2012-02-29 03:00:00,2.2951396117738
2012-02-29 05:00:00,14.240835724679
2012-02-29 06:00:00,67.9825345853208
2012-02-29 07:00:00,172.956064437745
2012-02-29 08:00:00,313.277602985182
2012-02-29 09:00:00,91.746912992419
2012-02-29 10:00:00,58.9702134228531
2012-02-29 11:00:00,60.1563474893937
2012-02-29 12:00:00,51.3940515042295
2012-02-29 13:00:00,67.8893890885821
2012-02-29 14:00:00,67.291842132795
2012-02-29 15:00:00,90.2104013003077
2012-02-29 16:00:00,99.9196159578879
2012-02-29 17:00:00,238.189797123471
2012-02-29 18:00:00,209.435705042589
2012-02-29 19:00:00,217.934445293453
2012-02-29 20:00:00,107.427881691588
2012-02-29 21:00:00,76.1337992485971
2012-02-29 22:00:00,49.2407671465348
2012-02-29 23:00:00,45.6599126219489
2012-03-20 00:00:00,35.4317321759657
2012-03-20 01:00:00,15.9019378405766
2012-03-20 02:00:00,7.13228466040306
2012-03-20 03:00:00,5.19246348393046
2012-03-20 04:00:00,4.34832059407155
2012-03-20 05:00:00,22.4107298761638
2012-03-20 06:00:00,102.634585623357
2012-03-20 07:00:00,122.632737090298
2012-03-20 08:00:00,487.058622315028
2012-03-20 09:00:00,272.407188140074
2012-03-20 10:00:00,162.731100502116
2012-03-20 11:00:00,179.512746664629
2012-03-20 12:00:00,188.831661417349
2012-03-20 13:00:00,195.267181376899
2012-03-20 14:00:00,199.116214646143
2012-03-20 15:00:00,236.784452659532
2012-03-20 16:00:00,318.740237944494
2012-03-20 17:00:00,596.153802707495
2012-03-20 18:00:00,583.13767888684
2012-03-20 19:00:00,437.745622291249
2012-03-20 20:00:00,287.603287799851
2012-03-20 21:00:00,223.483683849992
2012-03-20 22:00:00,164.125077649544
2012-03-20 23:00:00,100.852647954865
2012-03-21 00:00:00,33.1249584572181
2012-03-21 01:00:00,18.361379036275
2012-03-21 02:00:00,8.59865358650036
2012-03-21 03:00:00,3.85707985469607
2012-03-21 04:00:00,3.78530961534435
2012-03-21 05:00:00,22.0799691758027
2012-03-21 06:00:00,83.2498209582476
2012-03-21 07:00:00,127.996187350547
2012-03-21 08:00:00,164.246516828054
2012-03-21 09:00:00,269.088283580259
2012-03-21 10:00:00,144.905487096119
2012-03-21 11:00:00,144.773262248204
2012-03-21 12:00:00,165.542674886146
2012-03-21 13:00:00,153.618850473416
2012-03-21 14:00:00,167.105557963023
2012-03-21 15:00:00,170.91887021432
2012-03-21 16:00:00,293.26514780535
2012-03-21 17:00:00,508.384953048395
2012-03-21 18:00:00,483.647090929468
2012-03-21 19:00:00,425.996616757927
2012-03-21 20:00:00,251.764329828711
2012-03-21 21:00:00,180.153499505924
2012-03-21 22:00:00,156.624486471645
2012-03-21 23:00:00,103.82825846432
2012-03-22 00:00:00,36.1716198603286
2012-03-22 01:00:00,18.361379036275
2012-03-22 02:00:00,9.29489144966846
2012-03-22 03:00:00,5.89618497982289
2012-03-22 04:00:00,4.06612023560624
2012-03-22 05:00:00,14.2691667916708
2012-03-22 06:00:00,81.3530562740982
2012-03-22 07:00:00,175.715296112349
2012-03-22 08:00:00,306.254799474638
2012-03-22 09:00:00,146.747227588193
2012-03-22 10:00:00,64.2725717601381
2012-03-22 11:00:00,71.0296296869405
2012-03-22 12:00:00,172.23752896269
2012-03-22 13:00:00,188.366371185675
2012-03-22 14:00:00,206.442034081648
2012-03-22 15:00:00,220.812345710002
2012-03-22 16:00:00,324.763116140743
2012-03-22 17:00:00,570.523259477356
2012-03-22 18:00:00,560.959971117169
2012-03-22 19:00:00,432.571039988718
2012-03-22 20:00:00,335.959038855781
2012-03-22 21:00:00,232.862847410513
2012-03-22 22:00:00,164.558623056881
2012-03-22 23:00:00,93.7145944140152
2012-03-23 00:00:00,36.0688031933388
2012-03-23 01:00:00,16.7767663700167
2012-03-23 02:00:00,8.59968936783199
2012-03-23 03:00:00,4.84609236182395
2012-03-23 04:00:00,4.49634433723258
2012-03-23 05:00:00,23.0268712151123
2012-03-23 06:00:00,114.998225641424
2012-03-23 07:00:00,269.209004730729
2012-03-23 08:00:00,327.071726546819
2012-03-23 09:00:00,263.56306374513
2012-03-23 10:00:00,146.580708446361
2012-03-23 11:00:00,174.117635288556
2012-03-23 12:00:00,252.383379232457
2012-03-23 13:00:00,272.199483823999
2012-03-23 14:00:00,270.941162837602
2012-03-23 15:00:00,279.351968313534
2012-03-23 16:00:00,419.559791010765
2012-03-23 17:00:00,723.97050868248
2012-03-23 18:00:00,624.126769584718
2012-03-23 19:00:00,461.220696723366
2012-03-23 20:00:00,295.983583555455
2012-03-23 21:00:00,246.881233810445
2012-03-23 22:00:00,177.110514596994
2012-03-23 23:00:00,108.483492813017
2012-03-24 00:00:00,120.996168539911
2012-03-24 01:00:00,97.8998328608025
2012-03-24 02:00:00,70.3842183477401
2012-03-24 03:00:00,29.1595333614688
2012-03-24 04:00:00,10.7648175767315
2012-03-24 05:00:00,11.3447712663306
2012-03-24 06:00:00,23.9161024004708
2012-03-24 07:00:00,48.0470044318583
2012-03-24 08:00:00,102.126981377221
2012-03-24 09:00:00,190.148481745831
2012-03-24 10:00:00,216.936045050675
2012-03-24 11:00:00,170.573823077357
2012-03-24 12:00:00,103.079076800078
2012-03-24 13:00:00,99.3905432293891
2012-03-24 14:00:00,87.1403614518132
2012-03-24 15:00:00,57.7904756246872
2012-03-24 16:00:00,65.1221228569434
2012-03-24 17:00:00,102.283808351641
2012-03-24 18:00:00,79.0066760146787
2012-03-24 19:00:00,113.320250465988
2012-03-24 20:00:00,46.7485129358385
2012-03-24 21:00:00,43.4274791509937
2012-03-24 22:00:00,39.9098083457231
2012-03-24 23:00:00,51.5427807890368
2012-03-25 00:00:00,35.4018257718135
2012-03-25 01:00:00,30.0554075106663
2012-03-25 02:00:00,20.2067835329444
2012-03-25 03:00:00,11.9770888369013
2012-03-25 04:00:00,4.95779048788794
2012-03-25 05:00:00,5.67533099932759
2012-03-25 06:00:00,10.6228913235675
2012-03-25 07:00:00,26.0521729969377
2012-03-25 08:00:00,43.7254174277173
2012-03-25 09:00:00,62.4573910250706
2012-03-25 10:00:00,97.5135827148968
2012-03-25 11:00:00,75.2376052465117
2012-03-25 12:00:00,85.4458603900816
2012-03-25 13:00:00,240.892688675509
2012-03-25 14:00:00,249.980703494963
2012-03-25 15:00:00,209.501418013964
2012-03-25 16:00:00,228.027283502194
2012-03-25 17:00:00,299.25010692229
2012-03-25 18:00:00,280.491791688344
2012-03-25 19:00:00,245.302581022598
2012-03-25 20:00:00,176.016237935957
2012-03-25 21:00:00,145.694329278917
2012-03-25 22:00:00,108.837425508806
2012-03-25 23:00:00,83.6003482900565
2012-03-26 00:00:00,42.9931286761537
2012-03-26 01:00:00,14.245296581242
2012-03-26 02:00:00,9.34519743192387
2012-03-26 03:00:00,3.74181899491969
2012-03-26 04:00:00,7.4086400937025
2012-03-26 05:00:00,25.1592560700001
2012-03-26 06:00:00,99.1556082395812
2012-03-26 07:00:00,348.932891627976
2012-03-26 08:00:00,455.292310313758
2012-03-26 09:00:00,217.990413924967
2012-03-26 10:00:00,179.470787549338
2012-03-26 11:00:00,214.045084508562
2012-03-26 12:00:00,225.440731563344
2012-03-26 13:00:00,240.438466831289
2012-03-26 14:00:00,236.382500032204
2012-03-26 15:00:00,247.520847099749
2012-03-26 16:00:00,273.69374916383
2012-03-26 17:00:00,379.393835912452
2012-03-26 18:00:00,367.281302178453
2012-03-26 19:00:00,316.944542797054
2012-03-26 20:00:00,162.025609189552
2012-03-26 21:00:00,127.061207537832
2012-03-26 22:00:00,86.6003108266251
2012-03-26 23:00:00,34.5666735819259
2012-03-27 00:00:00,21.1926141528993
2012-03-27 01:00:00,4.7186834857463
2012-03-27 02:00:00,2.97011309976746
2012-03-27 03:00:00,2.41996465475433
2012-03-27 04:00:00,1.93718653545882
2012-03-27 05:00:00,6.19544728690879
2012-03-27 06:00:00,56.6840068492942
2012-03-27 07:00:00,172.404044961219
2012-03-27 08:00:00,252.259746165466
2012-03-27 09:00:00,191.165157639648
2012-03-27 10:00:00,88.8196410171001
2012-03-27 11:00:00,103.793981029429
2012-03-27 12:00:00,112.733442111426
2012-03-27 13:00:00,134.026268409373
2012-03-27 14:00:00,157.534090419988
2012-03-27 15:00:00,233.057491060702
2012-03-27 16:00:00,236.534935736394
2012-03-27 17:00:00,281.472577874304
2012-03-27 18:00:00,286.743729222326
2012-03-27 19:00:00,253.716113509209
2012-03-27 20:00:00,198.470922010896
2012-03-27 21:00:00,128.261045739415
2012-03-27 22:00:00,100.748014557031
2012-03-27 23:00:00,66.2247550010429
2012-03-28 00:00:00,23.5209291537068
2012-03-28 01:00:00,11.6927995999989
2012-03-28 02:00:00,5.53519091304405
2012-03-28 03:00:00,3.29717388270431
2012-03-28 04:00:00,2.62182978041503
2012-03-28 05:00:00,17.0355262547019
2012-03-28 06:00:00,83.06474815564
2012-03-28 07:00:00,236.414429014281
2012-03-28 08:00:00,351.405030414007
2012-03-28 09:00:00,200.149380652013
2012-03-28 10:00:00,178.104779061133
2012-03-28 11:00:00,165.619810756337
2012-03-28 12:00:00,198.245014543337
2012-03-28 13:00:00,218.330388005792
2012-03-28 14:00:00,230.784553226723
2012-03-28 15:00:00,233.825672483477
2012-03-28 16:00:00,344.40790544034
2012-03-28 17:00:00,617.140326754032
2012-03-28 18:00:00,606.176874337762
2012-03-28 19:00:00,454.173478390304
2012-03-28 20:00:00,337.545874224209
2012-03-28 21:00:00,236.306770984443
2012-03-28 22:00:00,196.333720666624
2012-03-28 23:00:00,99.3532134366004
2012-03-29 00:00:00,42.4740417821678
2012-03-29 01:00:00,20.8176539496541
2012-03-29 02:00:00,6.56245660036045
2012-03-29 03:00:00,4.06709908952518
2012-03-29 04:00:00,5.15781851831218
2012-03-29 05:00:00,27.3654731425024
2012-03-29 06:00:00,115.419039609707
2012-03-29 07:00:00,292.291472444287
2012-03-29 08:00:00,445.405582320843
2012-03-29 09:00:00,253.797783401423
2012-03-29 10:00:00,179.371139844982
2012-03-29 11:00:00,174.359229301344
2012-03-29 12:00:00,184.157646152275
2012-03-29 13:00:00,199.525414665757
2012-03-29 14:00:00,170.257426109409
2012-03-29 15:00:00,192.747607384697
2012-03-29 16:00:00,290.637221130337
2012-03-29 17:00:00,480.673382313041
2012-03-29 18:00:00,462.329310640028
2012-03-29 19:00:00,331.085049409407
2012-03-29 20:00:00,247.071152211193
2012-03-29 21:00:00,151.502840708006
2012-03-29 22:00:00,113.122272507769
2012-03-29 23:00:00,65.282651424205
2012-03-30 00:00:00,23.3679199661262
2012-03-30 01:00:00,10.9417966781987
2012-03-30 02:00:00,6.34256114106744
2012-03-30 03:00:00,3.82042822276327
2012-03-30 04:00:00,2.73342049052786
2012-03-30 05:00:00,18.6167955316318
2012-03-30 06:00:00,89.7014075354524
2012-03-30 07:00:00,237.032939902193
2012-03-30 08:00:00,389.180775614208
2012-03-30 09:00:00,246.806747714614
2012-03-30 10:00:00,106.915099857388
2012-03-30 11:00:00,114.541365066726
2012-03-30 12:00:00,106.640975073018
2012-03-30 13:00:00,111.501542139619
2012-03-30 14:00:00,103.12489614538
2012-03-30 15:00:00,103.835391882438
2012-03-30 16:00:00,97.7320191824438
2012-03-30 17:00:00,268.622028073577
2012-03-30 18:00:00,338.22094604928
2012-03-30 19:00:00,232.361719457631
2012-03-30 20:00:00,174.308105431056
2012-03-30 21:00:00,129.662053609998
2012-03-30 22:00:00,99.3209357530287
2012-03-30 23:00:00,51.5789211278974
2012-03-31 00:00:00,58.4889735722939
2012-03-31 01:00:00,54.2425707147943
2012-03-31 02:00:00,39.0567835933821
2012-03-31 03:00:00,20.3032554193402
2012-03-31 04:00:00,5.89526833586481
2012-03-31 05:00:00,6.72246683715951
2012-03-31 06:00:00,17.1346722880822
2012-03-31 07:00:00,40.2084435613245
2012-03-31 08:00:00,75.266246212705
2012-03-31 09:00:00,98.5634209266005
2012-03-31 10:00:00,172.730970763442
2012-03-31 11:00:00,251.200284858902
2012-03-31 12:00:00,310.605300677591
2012-03-31 13:00:00,363.999742995049
2012-03-31 14:00:00,302.470100321059
2012-03-31 15:00:00,306.62833027088
2012-03-31 16:00:00,291.533632725908
2012-03-31 17:00:00,220.120828571978
2012-03-31 18:00:00,151.713216584802
2012-03-31 19:00:00,151.03576509734
2012-03-31 20:00:00,101.449083233632
2012-03-31 21:00:00,80.9252099666457
2012-03-31 22:00:00,73.9981761335958
2012-03-31 23:00:00,53.8890761884914
2012-04-20 00:00:00,44.3920286478811
2012-04-20 01:00:00,17.4922139361712
2012-04-20 02:00:00,9.45188133108376
2012-04-20 03:00:00,4.74699455741748
2012-04-20 04:00:00,4.10364706519171
2012-04-20 05:00:00,23.7237168752611
2012-04-20 06:00:00,91.4759672045707
2012-04-20 07:00:00,244.758257379329
2012-04-20 08:00:00,342.694913983913
2012-04-20 09:00:00,267.674601310509
2012-04-20 10:00:00,141.812054391731
2012-04-20 11:00:00,155.579387733819
2012-04-20 12:00:00,216.148965671556
2012-04-20 13:00:00,244.098671620181
2012-04-20 14:00:00,206.838566929968
2012-04-20 15:00:00,207.52557029965
2012-04-20 16:00:00,380.999130228768
2012-04-20 17:00:00,551.592406563738
2012-04-20 18:00:00,577.759743789805
2012-04-20 19:00:00,456.358690916677
2012-04-20 20:00:00,329.588624630012
2012-04-20 21:00:00,241.481643507368
2012-04-20 22:00:00,150.951862384154
2012-04-20 23:00:00,98.1802892012875
2012-04-21 00:00:00,108.501459420863
2012-04-21 01:00:00,88.2809547980483
2012-04-21 02:00:00,68.463611506796
2012-04-21 03:00:00,28.9731184699901
2012-04-21 04:00:00,9.41589259086729
2012-04-21 05:00:00,11.3139706727693
2012-04-21 06:00:00,21.0508220135586
2012-04-21 07:00:00,62.6658940235141
2012-04-21 08:00:00,137.88126759179
2012-04-21 09:00:00,220.01490835345
2012-04-21 10:00:00,363.684174187021
2012-04-21 11:00:00,430.706097922922
2012-04-21 12:00:00,503.346765412495
2012-04-21 13:00:00,539.838597225226
2012-04-21 14:00:00,546.907279281522
2012-04-21 15:00:00,558.212014541692
2012-04-21 16:00:00,576.539784395212
2012-04-21 17:00:00,476.886449469197
2012-04-21 18:00:00,426.372516771575
2012-04-21 19:00:00,232.332156095191
2012-04-21 20:00:00,80.9345983846203
2012-04-21 21:00:00,78.0725643362812
2012-04-21 22:00:00,104.468669651466
2012-04-21 23:00:00,57.9662919021833
2012-04-22 00:00:00,71.0901521528696
2012-04-22 01:00:00,44.5616023188516
2012-04-22 02:00:00,48.8161248243887
2012-04-22 03:00:00,21.8795391520011
2012-04-22 04:00:00,7.18222084284091
2012-04-22 05:00:00,6.54832179549698
2012-04-22 06:00:00,16.1429846240749
2012-04-22 07:00:00,51.2476631988342
2012-04-22 08:00:00,52.2425512158328
2012-04-22 09:00:00,66.5386121216861
2012-04-22 10:00:00,73.2917595997939
2012-04-22 11:00:00,68.8644618221106
2012-04-22 12:00:00,70.8722727014614
2012-04-22 13:00:00,79.9888203900063
2012-04-22 14:00:00,70.2953636330105
2012-04-22 15:00:00,70.7137234131521
2012-04-22 16:00:00,71.2344803222281
2012-04-22 17:00:00,52.8378485951967
2012-04-22 18:00:00,51.5043420714976
2012-04-22 19:00:00,60.9419077621328
2012-04-22 20:00:00,52.5505857130561
2012-04-22 21:00:00,54.5507574005946
2012-04-22 22:00:00,37.0156600782253
2012-04-22 23:00:00,30.2723536284384
2012-04-23 00:00:00,15.8096038077152
2012-04-23 01:00:00,6.53021438950024
2012-04-23 02:00:00,5.01116152702566
2012-04-23 03:00:00,3.10748242269766
2012-04-23 04:00:00,2.26005898974115
2012-04-23 05:00:00,10.5429480074634
2012-04-23 06:00:00,53.7295173414176
2012-04-23 07:00:00,96.9100142406189
2012-04-23 08:00:00,294.801927640152
2012-04-23 09:00:00,174.023634733406
2012-04-23 10:00:00,82.0971642931483
2012-04-23 11:00:00,82.4839022269382
2012-04-23 12:00:00,51.8275571623727
2012-04-23 13:00:00,57.53137042218
2012-04-23 14:00:00,67.73684373322
2012-04-23 15:00:00,87.4897008229858
2012-04-23 16:00:00,62.6330160881407
2012-04-23 17:00:00,123.246925246853
2012-04-23 18:00:00,152.660290507815
2012-04-23 19:00:00,140.046324027514
2012-04-23 20:00:00,108.103011828428
2012-04-23 21:00:00,73.1681952966146
2012-04-23 22:00:00,66.7077629227751
2012-04-23 23:00:00,50.2089251266982
2012-04-24 00:00:00,25.8348403781593
2012-04-24 01:00:00,10.9937952993494
2012-04-24 02:00:00,5.5654046835786
2012-04-24 03:00:00,2.81966073167959
2012-04-24 04:00:00,1.71046175025011
2012-04-24 05:00:00,17.7868640051307
2012-04-24 06:00:00,77.1806577965453
2012-04-24 07:00:00,262.168227565414
2012-04-24 08:00:00,382.659557248077
2012-04-24 09:00:00,219.695811705751
2012-04-24 10:00:00,179.69574250343
2012-04-24 11:00:00,229.630876097332
2012-04-24 12:00:00,318.530795625031
2012-04-24 13:00:00,299.13911869678
2012-04-24 14:00:00,273.632294229001
2012-04-24 15:00:00,238.197053730835
2012-04-24 16:00:00,387.355143994145
2012-04-24 17:00:00,555.408971136799
2012-04-24 18:00:00,473.117178347049
2012-04-24 19:00:00,410.292645810288
2012-04-24 20:00:00,251.773059823274
2012-04-24 21:00:00,176.484348051109
2012-04-24 22:00:00,148.679525593716
2012-04-24 23:00:00,104.938723175587
2012-04-25 00:00:00,39.731795915857
2012-04-25 01:00:00,11.3659278880668
2012-04-25 02:00:00,6.99015444576644
2012-04-25 03:00:00,2.44744517352877
2012-04-25 04:00:00,1.72462086464714
2012-04-25 05:00:00,20.4403226785157
2012-04-25 06:00:00,77.1233676040178
2012-04-25 07:00:00,267.808548032381
2012-04-25 08:00:00,348.652541772272
2012-04-25 09:00:00,282.873478995182
2012-04-25 10:00:00,203.120015175703
2012-04-25 11:00:00,205.994145231403
2012-04-25 12:00:00,290.371366236674
2012-04-25 13:00:00,280.035475337924
2012-04-25 14:00:00,219.899410418788
2012-04-25 15:00:00,260.582587476396
2012-04-25 16:00:00,314.180903651459
2012-04-25 17:00:00,593.272241576076
2012-04-25 18:00:00,587.399517518539
2012-04-25 19:00:00,454.895166397685
2012-04-25 20:00:00,299.495144254795
2012-04-25 21:00:00,205.69810276888
2012-04-25 22:00:00,159.366584894649
2012-04-25 23:00:00,113.010891375917
2012-04-26 00:00:00,34.2359388997864
2012-04-26 01:00:00,17.6324186138939
2012-04-26 02:00:00,9.91401203466716
2012-04-26 03:00:00,4.08749163192296
2012-04-26 04:00:00,5.09258008428533
2012-04-26 05:00:00,19.5536970081843
2012-04-26 06:00:00,93.2465978806755
2012-04-26 07:00:00,147.631493589039
2012-04-26 08:00:00,216.258329424634
2012-04-26 09:00:00,163.093813834741
2012-04-26 10:00:00,91.2633944685005
2012-04-26 11:00:00,87.6410272732977
2012-04-26 12:00:00,172.416908307225
2012-04-26 13:00:00,146.37723048574
2012-04-26 14:00:00,157.359357183749
2012-04-26 15:00:00,134.160343187407
2012-04-26 16:00:00,203.776567664107
2012-04-26 17:00:00,455.834918553459
2012-04-26 18:00:00,419.846864213047
2012-04-26 19:00:00,366.955073849063
2012-04-26 20:00:00,274.0664280873
2012-04-26 21:00:00,179.627701589145
2012-04-26 22:00:00,156.624486471645
2012-04-26 23:00:00,78.9684414591517
2012-04-27 00:00:00,39.5075382499281
2012-04-27 01:00:00,14.3918157397601
2012-04-27 02:00:00,10.3290487023347
2012-04-27 03:00:00,4.22460655985606
2012-04-27 04:00:00,3.62016584955
2012-04-27 05:00:00,23.7100394932546
2012-04-27 06:00:00,87.7125256156779
2012-04-27 07:00:00,245.272939042963
2012-04-27 08:00:00,373.683151203808
2012-04-27 09:00:00,219.904009292092
2012-04-27 10:00:00,171.085184965154
2012-04-27 11:00:00,181.602418015808
2012-04-27 12:00:00,235.207248761634
2012-04-27 13:00:00,275.11816896983
2012-04-27 14:00:00,262.311469129218
2012-04-27 15:00:00,214.264505671887
2012-04-27 16:00:00,334.384471749626
2012-04-27 17:00:00,603.926289508592
2012-04-27 18:00:00,507.249275201417
2012-04-27 19:00:00,422.261195602963
2012-04-27 20:00:00,262.112838523881
2012-04-27 21:00:00,165.092434160535
2012-04-27 22:00:00,127.756491867966
2012-04-27 23:00:00,59.5714016297479
2012-04-28 00:00:00,76.1612755817984
2012-04-28 01:00:00,53.6259339737416
2012-04-28 02:00:00,50.1423153021023
2012-04-28 03:00:00,20.3997686083148
2012-04-28 04:00:00,7.33312383974744
2012-04-28 05:00:00,5.87249071208508
2012-04-28 06:00:00,15.914547177102
2012-04-28 07:00:00,54.8024909364727
2012-04-28 08:00:00,106.127282082231
2012-04-28 09:00:00,126.688558099026
2012-04-28 10:00:00,184.741338729646
2012-04-28 11:00:00,193.998234459106
2012-04-28 12:00:00,197.72517030119
2012-04-28 13:00:00,217.79560516011
2012-04-28 14:00:00,326.421542020853
2012-04-28 15:00:00,331.423627287651
2012-04-28 16:00:00,245.400274448971
2012-04-28 17:00:00,206.641910416459
2012-04-28 18:00:00,159.36881132835
2012-04-28 19:00:00,117.537872911175
2012-04-28 20:00:00,116.626006364429
2012-04-28 21:00:00,72.6611309750941
2012-04-28 22:00:00,73.6579630873776
2012-04-28 23:00:00,56.7180250561016
2012-04-29 00:00:00,44.4685121282342
2012-04-29 01:00:00,45.7763162941825
2012-04-29 02:00:00,39.9898642695884
2012-04-29 03:00:00,18.0672510927106
2012-04-29 04:00:00,6.39281376478603
2012-04-29 05:00:00,7.4616550426232
2012-04-29 06:00:00,15.834939826503
2012-04-29 07:00:00,42.656374498545
2012-04-29 08:00:00,84.807421997131
2012-04-29 09:00:00,144.353935032955
2012-04-29 10:00:00,253.262200424791
2012-04-29 11:00:00,306.145730409919
2012-04-29 12:00:00,397.783100514321
2012-04-29 13:00:00,431.608987872224
2012-04-29 14:00:00,451.76537227104
2012-04-29 15:00:00,476.807972671933
2012-04-29 16:00:00,470.056040863691
2012-04-29 17:00:00,423.459655776313
2012-04-29 18:00:00,385.523520283998
2012-04-29 19:00:00,286.763505686637
2012-04-29 20:00:00,240.896425082792
2012-04-29 21:00:00,162.453347792752
2012-04-29 22:00:00,134.985464419624
2012-04-29 23:00:00,106.596354471785
2012-04-30 00:00:00,57.1542384804305
2012-04-30 01:00:00,16.2149394468135
2012-04-30 02:00:00,8.90671139401537
2012-04-30 03:00:00,4.59324756110166
2012-04-30 04:00:00,2.4998038172219
2012-04-30 05:00:00,15.9065472148197
2012-04-30 06:00:00,85.1011332765546
2012-04-30 07:00:00,248.184264969206
2012-04-30 08:00:00,366.887710399055
2012-04-30 09:00:00,221.876524065133
2012-04-30 10:00:00,167.579345128157
2012-04-30 11:00:00,163.47727041565
2012-04-30 12:00:00,173.721998370577
2012-04-30 13:00:00,142.354163888429
2012-04-30 14:00:00,142.463023238363
2012-04-30 15:00:00,151.81171176753
2012-04-30 16:00:00,301.377193870284
2012-04-30 17:00:00,526.534077151697
2012-04-30 18:00:00,508.292063788352
2012-04-30 19:00:00,362.99735614078
2012-04-30 20:00:00,232.601706108532
2012-04-30 21:00:00,194.021465183419
2012-04-30 22:00:00,160.141083459476
2012-04-30 23:00:00,95.6828757804599
2012-05-20 00:00:00,132.896589247622
2012-05-20 01:00:00,98.1672681680323
2012-05-20 02:00:00,65.762383162946
2012-05-20 03:00:00,29.1302823778549
2012-05-20 04:00:00,12.3227738480548
2012-05-20 05:00:00,12.5930466429261
2012-05-20 06:00:00,24.9398834886836
2012-05-20 07:00:00,65.5766596653456
2012-05-20 08:00:00,165.833114885382
2012-05-20 09:00:00,280.296013615406
2012-05-20 10:00:00,411.228948655835
2012-05-20 11:00:00,541.960669957928
2012-05-20 12:00:00,627.398143556667
2012-05-20 13:00:00,639.706276733186
2012-05-20 14:00:00,571.757074436859
2012-05-20 15:00:00,568.237310133435
2012-05-20 16:00:00,568.126014522911
2012-05-20 17:00:00,483.938832658958
2012-05-20 18:00:00,430.210485045922
2012-05-20 19:00:00,366.673535324169
2012-05-20 20:00:00,274.954528552671
2012-05-20 21:00:00,195.146638507374
2012-05-20 22:00:00,154.909238596926
2012-05-20 23:00:00,73.9545960904544
2012-05-21 00:00:00,29.135882942226
2012-05-21 01:00:00,12.5648453836814
2012-05-21 02:00:00,4.80281293302936
2012-05-21 03:00:00,3.98284298809232
2012-05-21 04:00:00,3.54811695033413
2012-05-21 05:00:00,21.2163595658001
2012-05-21 06:00:00,64.947889809769
2012-05-21 07:00:00,160.213889873927
2012-05-21 08:00:00,181.156061214543
2012-05-21 09:00:00,150.264827530292
2012-05-21 10:00:00,96.9392722533913
2012-05-21 11:00:00,161.071627824031
2012-05-21 12:00:00,170.544833929016
2012-05-21 13:00:00,109.167458534515
2012-05-21 14:00:00,114.98554298813
2012-05-21 15:00:00,214.145579347805
2012-05-21 16:00:00,327.064665455109
2012-05-21 17:00:00,592.645791297567
2012-05-21 18:00:00,506.542925879567
2012-05-21 19:00:00,392.808282681773
2012-05-21 20:00:00,312.445336680826
2012-05-21 21:00:00,242.735988354618
2012-05-21 22:00:00,154.612340168049
2012-05-21 23:00:00,109.66155972545
2012-05-22 00:00:00,35.9921122141018
2012-05-22 01:00:00,16.6399845991663
2012-05-22 02:00:00,6.67146104747531
2012-05-22 03:00:00,5.59599716074501
2012-05-22 04:00:00,5.02196797605195
2012-05-22 05:00:00,22.0623044533886
2012-05-22 06:00:00,84.7201185586482
2012-05-22 07:00:00,152.731754538053
2012-05-22 08:00:00,496.308136967026
2012-05-22 09:00:00,295.858977166691
2012-05-22 10:00:00,163.716486488284
2012-05-22 11:00:00,158.990653019091
2012-05-22 12:00:00,183.990985724284
2012-05-22 13:00:00,225.483828751236
2012-05-22 14:00:00,212.58703167549
2012-05-22 15:00:00,251.717979226371
2012-05-22 16:00:00,343.762528361037
2012-05-22 17:00:00,683.861428414787
2012-05-22 18:00:00,623.30666753053
2012-05-22 19:00:00,438.235537172934
2012-05-22 20:00:00,342.82089689855
2012-05-22 21:00:00,243.753428990407
2012-05-22 22:00:00,194.620108812751
2012-05-22 23:00:00,110.751394398292
2012-05-23 00:00:00,38.6204162288547
2012-05-23 01:00:00,20.8769705669891
2012-05-23 02:00:00,6.75698993092049
2012-05-23 03:00:00,6.36667241026791
2012-05-23 04:00:00,4.71910562520276
2012-05-23 05:00:00,21.7747623151412
2012-05-23 06:00:00,128.723137693357
2012-05-23 07:00:00,341.909258145611
2012-05-23 08:00:00,552.36348873346
2012-05-23 09:00:00,295.064571550178
2012-05-23 10:00:00,173.304777846806
2012-05-23 11:00:00,201.915923617823
2012-05-23 12:00:00,230.364500881074
2012-05-23 13:00:00,225.013415737931
2012-05-23 14:00:00,245.664035473232
2012-05-23 15:00:00,253.625440852621
2012-05-23 16:00:00,319.550868841734
2012-05-23 17:00:00,388.88238782111
2012-05-23 18:00:00,394.415790440484
2012-05-23 19:00:00,275.106939164566
2012-05-23 20:00:00,203.227735158545
2012-05-23 21:00:00,161.515849298962
2012-05-23 22:00:00,149.628297326296
2012-05-23 23:00:00,132.836507511582
2012-05-24 00:00:00,36.9361716052853
2012-05-24 01:00:00,19.2309363375526
2012-05-24 02:00:00,8.66122067878834
2012-05-24 03:00:00,4.93872705021322
2012-05-24 04:00:00,4.8360415555596
2012-05-24 05:00:00,26.493557363156
2012-05-24 06:00:00,123.749527170026
2012-05-24 07:00:00,361.682359760632
2012-05-24 08:00:00,518.467599664612
2012-05-24 09:00:00,262.389026732535
2012-05-24 10:00:00,174.752642230114
2012-05-24 11:00:00,209.871697192997
2012-05-24 12:00:00,272.744273142241
2012-05-24 13:00:00,208.261233786639
2012-05-24 14:00:00,209.538926226357
2012-05-24 15:00:00,225.542652846775
2012-05-24 16:00:00,319.223613095569
2012-05-24 17:00:00,661.02388261526
2012-05-24 18:00:00,536.860555832911
2012-05-24 19:00:00,474.127661879035
2012-05-24 20:00:00,315.032122354817
2012-05-24 21:00:00,132.715382929841
2012-05-24 22:00:00,152.222285515804
2012-05-24 23:00:00,96.6129529934892
2012-05-25 00:00:00,47.2391103936288
2012-05-25 01:00:00,20.3875007284371
2012-05-25 02:00:00,6.77520675517485
2012-05-25 03:00:00,5.12828334648742
2012-05-25 04:00:00,5.56510496917613
2012-05-25 05:00:00,26.803134145656
2012-05-25 06:00:00,130.556542509049
2012-05-25 07:00:00,379.38786805643
2012-05-25 08:00:00,545.581678538749
2012-05-25 09:00:00,295.459424732664
2012-05-25 10:00:00,183.443677381939
2012-05-25 11:00:00,196.698214499951
2012-05-25 12:00:00,234.783273971176
2012-05-25 13:00:00,241.648181150866
2012-05-25 14:00:00,224.971821975071
2012-05-25 15:00:00,237.211000792146
2012-05-25 16:00:00,340.312740695516
2012-05-25 17:00:00,644.48757087442
2012-05-25 18:00:00,630.931289931298
2012-05-25 19:00:00,474.231375780485
2012-05-25 20:00:00,376.875786222567
2012-05-25 21:00:00,238.447370068918
2012-05-25 22:00:00,196.668921158632
2012-05-25 23:00:00,111.246095396469
2012-05-26 00:00:00,128.943194455429
2012-05-26 01:00:00,98.3266370942841
2012-05-26 02:00:00,60.5562772732616
2012-05-26 03:00:00,26.6014266688111
2012-05-26 04:00:00,9.58252294437121
2012-05-26 05:00:00,9.22539824383747
2012-05-26 06:00:00,21.348886597989
2012-05-26 07:00:00,47.2267984162281
2012-05-26 08:00:00,128.563283053915
2012-05-26 09:00:00,193.792489347065
2012-05-26 10:00:00,245.11967761758
2012-05-26 11:00:00,306.799385432609
2012-05-26 12:00:00,382.026712258883
2012-05-26 13:00:00,381.842439715117
2012-05-26 14:00:00,378.791293565131
2012-05-26 15:00:00,377.645492858176
2012-05-26 16:00:00,428.280903758792
2012-05-26 17:00:00,430.249256310266
2012-05-26 18:00:00,407.241055141772
2012-05-26 19:00:00,328.732797247633
2012-05-26 20:00:00,277.232949322074
2012-05-26 21:00:00,228.721179235395
2012-05-26 22:00:00,181.078266971301
2012-05-26 23:00:00,113.749154143701
2012-05-27 00:00:00,105.063078314368
2012-05-27 01:00:00,96.9117642496317
2012-05-27 02:00:00,64.5963282691453
2012-05-27 03:00:00,34.2916398610199
2012-05-27 04:00:00,7.71166295752996
2012-05-27 05:00:00,8.59145005388317
2012-05-27 06:00:00,25.9474291541301
2012-05-27 07:00:00,64.0216572017663
2012-05-27 08:00:00,150.280954864169
2012-05-27 09:00:00,198.636042311374
2012-05-27 10:00:00,280.818171044619
2012-05-27 11:00:00,366.487813522463
2012-05-27 12:00:00,380.172159920917
2012-05-27 13:00:00,380.61140986622
2012-05-27 14:00:00,367.723509733491
2012-05-27 15:00:00,388.84943049757
2012-05-27 16:00:00,442.175789736348
2012-05-27 17:00:00,434.138294376919
2012-05-27 18:00:00,374.757241928956
2012-05-27 19:00:00,331.072839538236
2012-05-27 20:00:00,303.490179788856
2012-05-27 21:00:00,173.835131287081
2012-05-27 22:00:00,106.757421049345
2012-05-27 23:00:00,79.4444835241686
2012-05-28 00:00:00,83.4779922365342
2012-05-28 01:00:00,50.9733550980441
2012-05-28 02:00:00,28.3663528161649
2012-05-28 03:00:00,14.41662782601
2012-05-28 04:00:00,8.77238066711512
2012-05-28 05:00:00,11.2272277143227
2012-05-28 06:00:00,41.6136659215265
2012-05-28 07:00:00,85.8452961235416
2012-05-28 08:00:00,136.99331762719
2012-05-28 09:00:00,245.053535110984
2012-05-28 10:00:00,309.080012045629
2012-05-28 11:00:00,353.562079043188
2012-05-28 12:00:00,368.065975555072
2012-05-28 13:00:00,358.331554497249
2012-05-28 14:00:00,354.451243526426
2012-05-28 15:00:00,339.691908735048
2012-05-28 16:00:00,403.869542009353
2012-05-28 17:00:00,440.933688369812
2012-05-28 18:00:00,407.878468696899
2012-05-28 19:00:00,382.158618563299
2012-05-28 20:00:00,315.793349215656
2012-05-28 21:00:00,283.693755446322
2012-05-28 22:00:00,209.51808344109
2012-05-28 23:00:00,115.984751300173
2012-05-29 00:00:00,38.7512175868242
2012-05-29 01:00:00,20.4356455719853
2012-05-29 02:00:00,7.0041873214912
2012-05-29 03:00:00,5.20742030584693
2012-05-29 04:00:00,6.06110266878934
2012-05-29 05:00:00,30.9954716108734
2012-05-29 06:00:00,137.957327493218
2012-05-29 07:00:00,338.748274306551
2012-05-29 08:00:00,493.376399230104
2012-05-29 09:00:00,239.415906391141
2012-05-29 10:00:00,153.749069897385
2012-05-29 11:00:00,166.06774351235
2012-05-29 12:00:00,200.09521696812
2012-05-29 13:00:00,207.972070579742
2012-05-29 14:00:00,208.697905693882
2012-05-29 15:00:00,204.000396285071
2012-05-29 16:00:00,289.267866236225
2012-05-29 17:00:00,541.682826549264
2012-05-29 18:00:00,514.942673994879
2012-05-29 19:00:00,406.122580750484
2012-05-29 20:00:00,229.215824661962
2012-05-29 21:00:00,102.802167755121
2012-05-29 22:00:00,137.240792294444
2012-05-29 23:00:00,47.1401589995461
2012-05-30 00:00:00,40.4138719056479
2012-05-30 01:00:00,15.9697757257396
2012-05-30 02:00:00,6.10517364336324
2012-05-30 03:00:00,4.12073397038377
2012-05-30 04:00:00,5.13671579990393
2012-05-30 05:00:00,33.1127389362459
2012-05-30 06:00:00,135.078110524778
2012-05-30 07:00:00,196.566382432264
2012-05-30 08:00:00,530.928349689132
2012-05-30 09:00:00,261.73236872654
2012-05-30 10:00:00,159.524658007779
2012-05-30 11:00:00,200.989408485485
2012-05-30 12:00:00,267.612652603962
2012-05-30 13:00:00,258.55792575425
2012-05-30 14:00:00,287.310213026109
2012-05-30 15:00:00,207.600767301367
2012-05-30 16:00:00,364.020731458299
2012-05-30 17:00:00,663.352562132157
2012-05-30 18:00:00,698.564298299903
2012-05-30 19:00:00,461.885615315363
2012-05-30 20:00:00,264.044769632348
2012-05-30 21:00:00,242.474237659646
2012-05-30 22:00:00,185.546873697964
2012-05-30 23:00:00,119.569522029181
2012-05-31 00:00:00,38.6050402715371
2012-05-31 01:00:00,15.6808573719901
2012-05-31 02:00:00,8.25671524912904
2012-05-31 03:00:00,5.41805491687076
2012-05-31 04:00:00,6.33597325369326
2012-05-31 05:00:00,29.6041321191129
2012-05-31 06:00:00,143.179099517376
2012-05-31 07:00:00,382.648387094775
2012-05-31 08:00:00,536.98734654753
2012-05-31 09:00:00,249.361862697918
2012-05-31 10:00:00,153.407470511633
2012-05-31 11:00:00,176.321202190264
2012-05-31 12:00:00,320.055212043078
2012-05-31 13:00:00,291.399567905434
2012-05-31 14:00:00,189.542486228099
2012-05-31 15:00:00,240.140091172736
2012-05-31 16:00:00,376.695885610358
2012-05-31 17:00:00,721.365537240211
2012-05-31 18:00:00,677.373382658901
2012-05-31 19:00:00,503.168070822879
2012-05-31 20:00:00,339.649843566016
2012-05-31 21:00:00,272.833731753162
2012-05-31 22:00:00,192.124722497689
2012-05-31 23:00:00,137.521951902164
2012-06-20 00:00:00,38.7512175868242
2012-06-20 01:00:00,21.4958278368031
2012-06-20 02:00:00,7.40209794888996
2012-06-20 03:00:00,5.56892191196355
2012-06-20 04:00:00,6.12624484081149
2012-06-20 05:00:00,29.4303728911931
2012-06-20 06:00:00,127.204457485996
2012-06-20 07:00:00,339.809653262982
2012-06-20 08:00:00,499.793139703151
2012-06-20 09:00:00,284.379466915855
2012-06-20 10:00:00,135.178287251656
2012-06-20 11:00:00,148.815998716207
2012-06-20 12:00:00,159.48741951812
2012-06-20 13:00:00,175.91948128865
2012-06-20 14:00:00,152.537251316886
2012-06-20 15:00:00,150.588935700362
2012-06-20 16:00:00,297.324205776805
2012-06-20 17:00:00,556.804255086158
2012-06-20 18:00:00,551.720753675332
2012-06-20 19:00:00,444.153327936623
2012-06-20 20:00:00,368.009668453696
2012-06-20 21:00:00,257.959243043103
2012-06-20 22:00:00,214.60991458236
2012-06-20 23:00:00,131.695538706531
2012-06-21 00:00:00,53.7100042395769
2012-06-21 01:00:00,19.2217836321501
2012-06-21 02:00:00,7.51420238088221
2012-06-21 03:00:00,5.2154277658643
2012-06-21 04:00:00,7.26907725887262
2012-06-21 05:00:00,30.1328419683396
2012-06-21 06:00:00,154.96603771533
2012-06-21 07:00:00,377.322313938718
2012-06-21 08:00:00,538.982739634065
2012-06-21 09:00:00,225.124367008212
2012-06-21 10:00:00,168.927128674567
2012-06-21 11:00:00,172.059178959451
2012-06-21 12:00:00,218.274967585612
2012-06-21 13:00:00,203.246365904925
2012-06-21 14:00:00,217.795034853335
2012-06-21 15:00:00,228.662223714477
2012-06-21 16:00:00,341.045563820813
2012-06-21 17:00:00,672.604666573287
2012-06-21 18:00:00,669.725363624811
2012-06-21 19:00:00,458.711590464122
2012-06-21 20:00:00,346.346180996022
2012-06-21 21:00:00,296.84718173365
2012-06-21 22:00:00,225.287575409789
2012-06-21 23:00:00,142.255015734642
2012-06-22 00:00:00,49.640964577674
2012-06-22 01:00:00,19.8531978938918
2012-06-22 02:00:00,6.85935641975529
2012-06-22 03:00:00,4.66780039610352
2012-06-22 04:00:00,6.33061162353974
2012-06-22 05:00:00,29.5166137052006
2012-06-22 06:00:00,133.664995311018
2012-06-22 07:00:00,364.89493678703
2012-06-22 08:00:00,505.789285072848
2012-06-22 09:00:00,235.849451596623
2012-06-22 10:00:00,141.641691137258
2012-06-22 11:00:00,196.949736274205
2012-06-22 12:00:00,222.648676475768
2012-06-22 13:00:00,204.986876095806
2012-06-22 14:00:00,200.76527126925
2012-06-22 15:00:00,223.83810929611
2012-06-22 16:00:00,341.516852379854
2012-06-22 17:00:00,753.366713771844
2012-06-22 18:00:00,678.391891294977
2012-06-22 19:00:00,347.243383066338
2012-06-22 20:00:00,252.864680946718
2012-06-22 21:00:00,188.966894237913
2012-06-22 22:00:00,171.959276880264
2012-06-22 23:00:00,132.764786361568
2012-06-23 00:00:00,131.899206034217
2012-06-23 01:00:00,88.8336616023116
2012-06-23 02:00:00,67.0772573181759
2012-06-23 03:00:00,35.0304868757881
2012-06-23 04:00:00,7.49935367395049
2012-06-23 05:00:00,7.71287444963518
2012-06-23 06:00:00,23.7570118240961
2012-06-23 07:00:00,56.4270296321335
2012-06-23 08:00:00,130.101749679214
2012-06-23 09:00:00,233.999099652099
2012-06-23 10:00:00,334.550894446201
2012-06-23 11:00:00,415.06853952676
2012-06-23 12:00:00,412.963890929337
2012-06-23 13:00:00,409.255100163422
2012-06-23 14:00:00,520.546572276197
2012-06-23 15:00:00,403.078417395866
2012-06-23 16:00:00,420.707157647916
2012-06-23 17:00:00,400.620245049568
2012-06-23 18:00:00,389.89161676113
2012-06-23 19:00:00,356.96350203658
2012-06-23 20:00:00,304.850865483611
2012-06-23 21:00:00,246.555885114349
2012-06-23 22:00:00,180.665291554576
2012-06-23 23:00:00,140.942769357962
2012-06-24 00:00:00,113.674846153869
2012-06-24 01:00:00,92.5209832570838
2012-06-24 02:00:00,71.774285931086
2012-06-24 03:00:00,36.1294288274004
2012-06-24 04:00:00,11.5968290937396
2012-06-24 05:00:00,11.5603945466453
2012-06-24 06:00:00,22.7797015244053
2012-06-24 07:00:00,52.3317836856874
2012-06-24 08:00:00,131.669336459746
2012-06-24 09:00:00,228.198578015984
2012-06-24 10:00:00,383.473045630885
2012-06-24 11:00:00,476.278177295693
2012-06-24 12:00:00,475.348876250294
2012-06-24 13:00:00,477.004300313561
2012-06-24 14:00:00,409.817233271918
2012-06-24 15:00:00,401.075206800923
2012-06-24 16:00:00,410.216296982752
2012-06-24 17:00:00,398.607729313985
2012-06-24 18:00:00,404.041981673781
2012-06-24 19:00:00,394.406519692421
2012-06-24 20:00:00,306.772155650943
2012-06-24 21:00:00,243.429084847679
2012-06-24 22:00:00,216.216581160527
2012-06-24 23:00:00,133.346281367681
2012-06-25 00:00:00,44.9738859439162
2012-06-25 01:00:00,24.5870198855939
2012-06-25 02:00:00,9.31171235117459
2012-06-25 03:00:00,6.1922834592059
2012-06-25 04:00:00,6.80408763519202
2012-06-25 05:00:00,28.0717339866945
2012-06-25 06:00:00,140.759022087315
2012-06-25 07:00:00,350.657284288992
2012-06-25 08:00:00,498.344029807692
2012-06-25 09:00:00,249.880224506334
2012-06-25 10:00:00,168.860554991045
2012-06-25 11:00:00,172.476876638178
2012-06-25 12:00:00,223.74527890539
2012-06-25 13:00:00,191.462943257251
2012-06-25 14:00:00,223.360841810067
2012-06-25 15:00:00,214.779661049262
2012-06-25 16:00:00,359.843931111157
2012-06-25 17:00:00,492.927075369982
2012-06-25 18:00:00,499.711086848815
2012-06-25 19:00:00,337.826660961754
2012-06-25 20:00:00,274.11293277331
2012-06-25 21:00:00,241.885690790806
2012-06-25 22:00:00,152.378463141329
2012-06-25 23:00:00,121.913503615031
2012-06-26 00:00:00,47.5113017882811
2012-06-26 01:00:00,19.1035308534515
2012-06-26 02:00:00,10.0631415770289
2012-06-26 03:00:00,5.77173483643116
2012-06-26 04:00:00,5.79917841446253
2012-06-26 05:00:00,31.8194929042965
2012-06-26 06:00:00,113.913792309345
2012-06-26 07:00:00,341.065094575875
2012-06-26 08:00:00,502.700178090604
2012-06-26 09:00:00,253.73345110741
2012-06-26 10:00:00,168.132943855537
2012-06-26 11:00:00,203.51203791436
2012-06-26 12:00:00,249.547189451827
2012-06-26 13:00:00,236.720294466137
2012-06-26 14:00:00,238.92602923436
2012-06-26 15:00:00,219.979395238346
2012-06-26 16:00:00,345.159089257735
2012-06-26 17:00:00,573.243937570091
2012-06-26 18:00:00,514.097326065912
2012-06-26 19:00:00,420.322082508104
2012-06-26 20:00:00,300.701621030481
2012-06-26 21:00:00,246.420930492521
2012-06-26 22:00:00,165.294804453018
2012-06-26 23:00:00,137.72035938268
2012-06-27 00:00:00,50.460492952545
2012-06-27 01:00:00,21.6353806221283
2012-06-27 02:00:00,12.5631994623492
2012-06-27 03:00:00,5.73708832495911
2012-06-27 04:00:00,5.97051257117998
2012-06-27 05:00:00,27.5433646976452
2012-06-27 06:00:00,109.894248304725
2012-06-27 07:00:00,342.748692035016
2012-06-27 08:00:00,482.977292177284
2012-06-27 09:00:00,249.41551293056
2012-06-27 10:00:00,151.02687459618
2012-06-27 11:00:00,176.467539870254
2012-06-27 12:00:00,199.704571094024
2012-06-27 13:00:00,195.589049889311
2012-06-27 14:00:00,205.970229153512
2012-06-27 15:00:00,215.425333289159
2012-06-27 16:00:00,324.822003701625
2012-06-27 17:00:00,506.395059342326
2012-06-27 18:00:00,494.681446861509
2012-06-27 19:00:00,416.068907853344
2012-06-27 20:00:00,297.202145545088
2012-06-27 21:00:00,248.824656175054
2012-06-27 22:00:00,177.476636330061
2012-06-27 23:00:00,132.605461180887
2012-06-28 00:00:00,51.9503459585506
2012-06-28 01:00:00,23.1926262145103
2012-06-28 02:00:00,11.6667296422617
2012-06-28 03:00:00,7.54548746941958
2012-06-28 04:00:00,7.46398022794711
2012-06-28 05:00:00,28.1819148727572
2012-06-28 06:00:00,117.809584694783
2012-06-28 07:00:00,322.718059612553
2012-06-28 08:00:00,508.547327925085
2012-06-28 09:00:00,245.444928481806
2012-06-28 10:00:00,177.352709167288
2012-06-28 11:00:00,183.179488964793
2012-06-28 12:00:00,204.828477277625
2012-06-28 13:00:00,252.815776339237
2012-06-28 14:00:00,192.555622609187
2012-06-28 15:00:00,191.445908229542
2012-06-28 16:00:00,357.421033219329
2012-06-28 17:00:00,549.576425563821
2012-06-28 18:00:00,564.801509103785
2012-06-28 19:00:00,434.553578070571
2012-06-28 20:00:00,339.077928879412
2012-06-28 21:00:00,278.135460899296
2012-06-28 22:00:00,220.033805059532
2012-06-28 23:00:00,113.568182632038
2012-06-29 00:00:00,54.867566070831
2012-06-29 01:00:00,22.0769805965215
2012-06-29 02:00:00,11.6618631812967
2012-06-29 03:00:00,5.0875575412768
2012-06-29 04:00:00,5.31190469240891
2012-06-29 05:00:00,30.6033293301243
2012-06-29 06:00:00,124.078890094281
2012-06-29 07:00:00,322.182301493344
2012-06-29 08:00:00,550.210706227988
2012-06-29 09:00:00,239.810549467495
2012-06-29 10:00:00,159.304223301057
2012-06-29 11:00:00,194.015907042536
2012-06-29 12:00:00,224.293828979071
2012-06-29 13:00:00,186.90149951673
2012-06-29 14:00:00,198.407722506816
2012-06-29 15:00:00,191.085724595712
2012-06-29 16:00:00,307.666577410039
2012-06-29 17:00:00,583.147785854004
2012-06-29 18:00:00,603.670287870438
2012-06-29 19:00:00,468.086447849508
2012-06-29 20:00:00,339.488579901656
2012-06-29 21:00:00,301.631944912503
2012-06-29 22:00:00,180.023033290265
2012-06-29 23:00:00,128.057362009538
2012-06-30 00:00:00,106.371043908986
2012-06-30 01:00:00,81.3994424864045
2012-06-30 02:00:00,68.612143917802
2012-06-30 03:00:00,35.7303715594737
2012-06-30 04:00:00,9.02149102905919
2012-06-30 05:00:00,7.59263424148721
2012-06-30 06:00:00,17.2301865034868
2012-06-30 07:00:00,51.7428976355615
2012-06-30 08:00:00,96.821760815409
2012-06-30 09:00:00,160.127619481121
2012-06-30 10:00:00,351.710657588659
2012-06-30 11:00:00,403.170447437002
2012-06-30 12:00:00,421.263677181407
2012-06-30 13:00:00,421.900332660898
2012-06-30 14:00:00,418.042232268821
2012-06-30 15:00:00,408.841710528111
2012-06-30 16:00:00,404.326102087211
2012-06-30 17:00:00,394.163942103919
2012-06-30 18:00:00,417.187316432294
2012-06-30 19:00:00,379.413724263134
2012-06-30 20:00:00,325.72709147815
2012-06-30 21:00:00,260.656503764255
2012-06-30 22:00:00,197.596009562738
2012-06-30 23:00:00,150.081166265045
2012-07-20 00:00:00,34.0551269923246
2012-07-20 01:00:00,16.6476200373582
2012-07-20 02:00:00,6.75975097783917
2012-07-20 03:00:00,6.03247087532429
2012-07-20 04:00:00,6.40514209369731
2012-07-20 05:00:00,35.4142576520241
2012-07-20 06:00:00,134.439476743355
2012-07-20 07:00:00,346.94766915483
2012-07-20 08:00:00,534.583233347364
2012-07-20 09:00:00,307.753860150466
2012-07-20 10:00:00,176.874256000908
2012-07-20 11:00:00,181.766904229246
2012-07-20 12:00:00,104.566319757169
2012-07-20 13:00:00,105.387601519827
2012-07-20 14:00:00,105.535401692007
2012-07-20 15:00:00,151.023085447797
2012-07-20 16:00:00,225.13834200681
2012-07-20 17:00:00,303.781946181483
2012-07-20 18:00:00,404.30574019327
2012-07-20 19:00:00,298.936326918732
2012-07-20 20:00:00,110.354414109098
2012-07-20 21:00:00,121.098332222811
2012-07-20 22:00:00,150.082668013729
2012-07-20 23:00:00,101.075515625811
2012-07-21 00:00:00,104.77081516988
2012-07-21 01:00:00,89.1016670636303
2012-07-21 02:00:00,60.0349622378859
2012-07-21 03:00:00,27.8391302540836
2012-07-21 04:00:00,5.81644938261124
2012-07-21 05:00:00,6.1273155813776
2012-07-21 06:00:00,14.4767915410519
2012-07-21 07:00:00,42.8655242591125
2012-07-21 08:00:00,131.371297802286
2012-07-21 09:00:00,191.915997950439
2012-07-21 10:00:00,126.087996576949
2012-07-21 11:00:00,244.002621953966
2012-07-21 12:00:00,149.701391204822
2012-07-21 13:00:00,145.58145491064
2012-07-21 14:00:00,224.201436507459
2012-07-21 15:00:00,144.695409431341
2012-07-21 16:00:00,164.646814296003
2012-07-21 17:00:00,194.588378014109
2012-07-21 18:00:00,239.147562226955
2012-07-21 19:00:00,240.26608371494
2012-07-21 20:00:00,144.374015304066
2012-07-21 21:00:00,159.107127110467
2012-07-21 22:00:00,121.195323477417
2012-07-21 23:00:00,105.047508530605
2012-07-22 00:00:00,105.356225393824
2012-07-22 01:00:00,86.4815237247038
2012-07-22 02:00:00,69.270517124404
2012-07-22 03:00:00,34.3119228746533
2012-07-22 04:00:00,10.1124164781027
2012-07-22 05:00:00,12.4015249801062
2012-07-22 06:00:00,22.5225268413465
2012-07-22 07:00:00,43.2652863412025
2012-07-22 08:00:00,112.296755809879
2012-07-22 09:00:00,240.576168192422
2012-07-22 10:00:00,308.952763272622
2012-07-22 11:00:00,317.643675549285
2012-07-22 12:00:00,370.545704738585
2012-07-22 13:00:00,399.45422716922
2012-07-22 14:00:00,397.488555565812
2012-07-22 15:00:00,396.2381385404
2012-07-22 16:00:00,379.09863611712
2012-07-22 17:00:00,389.681323085896
2012-07-22 18:00:00,355.571440635424
2012-07-22 19:00:00,327.792968767564
2012-07-22 20:00:00,250.044165465199
2012-07-22 21:00:00,197.70717317203
2012-07-22 22:00:00,185.858243190819
2012-07-22 23:00:00,102.660886072655
2012-07-23 00:00:00,36.6451984136067
2012-07-23 01:00:00,16.9570045537499
2012-07-23 02:00:00,6.8429935795675
2012-07-23 03:00:00,4.63380935687548
2012-07-23 04:00:00,5.25934553125679
2012-07-23 05:00:00,25.549196620477
2012-07-23 06:00:00,142.520054759388
2012-07-23 07:00:00,392.233266140166
2012-07-23 08:00:00,553.250549979422
2012-07-23 09:00:00,294.931566727669
2012-07-23 10:00:00,184.509991455263
2012-07-23 11:00:00,203.5053556004
2012-07-23 12:00:00,270.887646268122
2012-07-23 13:00:00,267.902339545052
2012-07-23 14:00:00,232.411357859808
2012-07-23 15:00:00,227.794738331348
2012-07-23 16:00:00,336.993057178427
2012-07-23 17:00:00,646.304731894954
2012-07-23 18:00:00,592.536226739599
2012-07-23 19:00:00,441.054796520009
2012-07-23 20:00:00,384.966400071211
2012-07-23 21:00:00,262.524189205839
2012-07-23 22:00:00,201.879188679067
2012-07-23 23:00:00,115.597316633841
2012-07-24 00:00:00,50.0661853299321
2012-07-24 01:00:00,22.8028471374161
2012-07-24 02:00:00,9.66894736095584
2012-07-24 03:00:00,6.31188630917089
2012-07-24 04:00:00,7.01135261762983
2012-07-24 05:00:00,32.8247349519207
2012-07-24 06:00:00,139.475544630209
2012-07-24 07:00:00,388.693355443924
2012-07-24 08:00:00,492.487032289385
2012-07-24 09:00:00,234.739847539779
2012-07-24 10:00:00,146.662000808549
2012-07-24 11:00:00,179.018652870791
2012-07-24 12:00:00,217.194022159223
2012-07-24 13:00:00,222.566629241431
2012-07-24 14:00:00,220.197848117386
2012-07-24 15:00:00,188.672094736977
2012-07-24 16:00:00,393.41385880192
2012-07-24 17:00:00,599.380225666534
2012-07-24 18:00:00,627.174080552209
2012-07-24 19:00:00,562.395378062569
2012-07-24 20:00:00,437.884864364949
2012-07-24 21:00:00,276.281449401389
2012-07-24 22:00:00,176.374937139806
2012-07-24 23:00:00,133.315489596378
2012-07-25 00:00:00,44.1668015497444
2012-07-25 01:00:00,21.2001933004759
2012-07-25 02:00:00,11.0865625630414
2012-07-25 03:00:00,6.55597377348134
2012-07-25 04:00:00,6.45489184674692
2012-07-25 05:00:00,30.4153488884068
2012-07-25 06:00:00,120.160042646421
2012-07-25 07:00:00,334.856197151958
2012-07-25 08:00:00,469.790573132858
2012-07-25 09:00:00,228.124747014638
2012-07-25 10:00:00,180.451059736757
2012-07-25 11:00:00,201.842585047897
2012-07-25 12:00:00,235.788314624815
2012-07-25 13:00:00,244.047157010818
2012-07-25 14:00:00,219.520043614244
2012-07-25 15:00:00,231.190814745796
2012-07-25 16:00:00,379.839475321151
2012-07-25 17:00:00,716.882874030878
2012-07-25 18:00:00,601.058963238069
2012-07-25 19:00:00,459.973479027982
2012-07-25 20:00:00,360.222457648679
2012-07-25 21:00:00,241.978172933487
2012-07-25 22:00:00,191.972015561273
2012-07-25 23:00:00,142.461613800478
2012-07-26 00:00:00,49.6925327194723
2012-07-26 01:00:00,22.3384692162255
2012-07-26 02:00:00,9.21031252405175
2012-07-26 03:00:00,6.5687982168161
2012-07-26 04:00:00,5.80716867383924
2012-07-26 05:00:00,27.2212302122964
2012-07-26 06:00:00,130.687867485021
2012-07-26 07:00:00,355.867104135141
2012-07-26 08:00:00,479.822809648202
2012-07-26 09:00:00,281.556550286807
2012-07-26 10:00:00,182.081419184964
2012-07-26 11:00:00,167.246386399475
2012-07-26 12:00:00,163.76361193167
2012-07-26 13:00:00,162.976845589885
2012-07-26 14:00:00,168.015991823893
2012-07-26 15:00:00,163.512096587613
2012-07-26 16:00:00,285.744825207147
2012-07-26 17:00:00,504.178380481875
2012-07-26 18:00:00,513.853112659107
2012-07-26 19:00:00,401.162284635129
2012-07-26 20:00:00,382.965071065319
2012-07-26 21:00:00,193.863193615944
2012-07-26 22:00:00,149.043020941563
2012-07-26 23:00:00,127.331919062549
2012-07-27 00:00:00,56.3867328646199
2012-07-27 01:00:00,18.952135761442
2012-07-27 02:00:00,7.91521963684802
2012-07-27 03:00:00,5.37110795308416
2012-07-27 04:00:00,6.7937263373903
2012-07-27 05:00:00,25.8702905017185
2012-07-27 06:00:00,132.047399912025
2012-07-27 07:00:00,391.936971159578
2012-07-27 08:00:00,566.528949174023
2012-07-27 09:00:00,244.546751540559
2012-07-27 10:00:00,171.207798383067
2012-07-27 11:00:00,174.555264780371
2012-07-27 12:00:00,212.592222099965
2012-07-27 13:00:00,191.06324245717
2012-07-27 14:00:00,175.594734673617
2012-07-27 15:00:00,218.057105886961
2012-07-27 16:00:00,335.166836697719
2012-07-27 17:00:00,613.014145500819
2012-07-27 18:00:00,608.258194506278
2012-07-27 19:00:00,468.535820104463
2012-07-27 20:00:00,357.340430987838
2012-07-27 21:00:00,275.899894386091
2012-07-27 22:00:00,197.880760360497
2012-07-27 23:00:00,129.228786811931
2012-07-28 00:00:00,148.619124466457
2012-07-28 01:00:00,89.6867713687263
2012-07-28 02:00:00,75.8580585071178
2012-07-28 03:00:00,33.279164069151
2012-07-28 04:00:00,7.88252070397709
2012-07-28 05:00:00,11.4584320503034
2012-07-28 06:00:00,27.1146903070196
2012-07-28 07:00:00,63.4645590600751
2012-07-28 08:00:00,120.809992142735
2012-07-28 09:00:00,231.809980894575
2012-07-28 10:00:00,358.768723221876
2012-07-28 11:00:00,387.192415606114
2012-07-28 12:00:00,421.817213801969
2012-07-28 13:00:00,448.442010362139
2012-07-28 14:00:00,422.945998337944
2012-07-28 15:00:00,408.461792765354
2012-07-28 16:00:00,418.020571017481
2012-07-28 17:00:00,402.869383215825
2012-07-28 18:00:00,396.063130000056
2012-07-28 19:00:00,260.906427261637
2012-07-28 20:00:00,208.339105772597
2012-07-28 21:00:00,190.548128924341
2012-07-28 22:00:00,164.465103491124
2012-07-28 23:00:00,146.562294407243
2012-07-29 00:00:00,125.38605617907
2012-07-29 01:00:00,84.8663229161755
2012-07-29 02:00:00,75.0293780516479
2012-07-29 03:00:00,38.5653855135789
2012-07-29 04:00:00,10.1542906762811
2012-07-29 05:00:00,10.7201555823353
2012-07-29 06:00:00,22.529333594209
2012-07-29 07:00:00,62.80000640364
2012-07-29 08:00:00,129.197378052031
2012-07-29 09:00:00,234.710691533689
2012-07-29 10:00:00,349.026382136057
2012-07-29 11:00:00,374.038753496195
2012-07-29 12:00:00,409.003021106613
2012-07-29 13:00:00,435.994032199043
2012-07-29 14:00:00,405.831596178399
2012-07-29 15:00:00,426.810141067472
2012-07-29 16:00:00,423.290685239439
2012-07-29 17:00:00,417.375243824715
2012-07-29 18:00:00,437.760906056888
2012-07-29 19:00:00,341.610665984553
2012-07-29 20:00:00,287.07368367492
2012-07-29 21:00:00,209.176255133429
2012-07-29 22:00:00,170.061390765691
2012-07-29 23:00:00,125.529454249097
2012-07-30 00:00:00,52.5882988696202
2012-07-30 01:00:00,19.5112442821482
2012-07-30 02:00:00,11.4200930917003
2012-07-30 03:00:00,6.03609379873896
2012-07-30 04:00:00,7.03340142720844
2012-07-30 05:00:00,32.8247349519207
2012-07-30 06:00:00,146.057650543098
2012-07-30 07:00:00,356.106066747344
2012-07-30 08:00:00,563.962962296837
2012-07-30 09:00:00,290.484788628033
2012-07-30 10:00:00,168.762269136239
2012-07-30 11:00:00,217.628016405529
2012-07-30 12:00:00,236.106185292788
2012-07-30 13:00:00,246.293744601904
2012-07-30 14:00:00,220.518571642116
2012-07-30 15:00:00,223.37645110451
2012-07-30 16:00:00,359.042749004515
2012-07-30 17:00:00,584.696618955272
2012-07-30 18:00:00,540.941099880398
2012-07-30 19:00:00,477.365553002003
2012-07-30 20:00:00,366.078239090133
2012-07-30 21:00:00,268.441582642912
2012-07-30 22:00:00,187.023896275904
2012-07-30 23:00:00,112.973588334351
2012-07-31 00:00:00,37.4510668978839
2012-07-31 01:00:00,17.8755612838561
2012-07-31 02:00:00,9.49354119458882
2012-07-31 03:00:00,6.8361440778454
2012-07-31 04:00:00,7.01135261762983
2012-07-31 05:00:00,33.902541467834
2012-07-31 06:00:00,134.052879747382
2012-07-31 07:00:00,321.099583870506
2012-07-31 08:00:00,546.018096270774
2012-07-31 09:00:00,259.345201406386
2012-07-31 10:00:00,188.533050562847
2012-07-31 11:00:00,203.117142383254
2012-07-31 12:00:00,241.636510204465
2012-07-31 13:00:00,198.632493780293
2012-07-31 14:00:00,193.125534823738
2012-07-31 15:00:00,227.830665969147
2012-07-31 16:00:00,332.835640030404
2012-07-31 17:00:00,683.00469396231
2012-07-31 18:00:00,639.052915443469
2012-07-31 19:00:00,430.61956989356
2012-07-31 20:00:00,289.075623872137
2012-07-31 21:00:00,225.526290753089
2012-07-31 22:00:00,175.9947514094
2012-07-31 23:00:00,109.442789591421
2012-08-20 00:00:00,35.0008653803129
2012-08-20 01:00:00,17.6615620673752
2012-08-20 02:00:00,7.99468787995243
2012-08-20 03:00:00,6.29550938666248
2012-08-20 04:00:00,6.59992561358027
2012-08-20 05:00:00,26.4859303227035
2012-08-20 06:00:00,130.803653197582
2012-08-20 07:00:00,378.302478238815
2012-08-20 08:00:00,525.922914387293
2012-08-20 09:00:00,256.543210490643
2012-08-20 10:00:00,179.214964921371
2012-08-20 11:00:00,202.691702524486
2012-08-20 12:00:00,253.772249040172
2012-08-20 13:00:00,257.785104942243
2012-08-20 14:00:00,191.081611994778
2012-08-20 15:00:00,214.466574141087
2012-08-20 16:00:00,342.153803579263
2012-08-20 17:00:00,674.252230548202
2012-08-20 18:00:00,454.569341204251
2012-08-20 19:00:00,370.315863354713
2012-08-20 20:00:00,221.865663379875
2012-08-20 21:00:00,170.843493927971
2012-08-20 22:00:00,140.45038551277
2012-08-20 23:00:00,112.347265911381
2012-08-21 00:00:00,34.6509040909427
2012-08-21 01:00:00,14.6582515078793
2012-08-21 02:00:00,5.22492201130047
2012-08-21 03:00:00,5.88712418183958
2012-08-21 04:00:00,6.64498845779607
2012-08-21 05:00:00,26.0669676339909
2012-08-21 06:00:00,121.688085695572
2012-08-21 07:00:00,370.388857498289
2012-08-21 08:00:00,506.481383105976
2012-08-21 09:00:00,233.511717106965
2012-08-21 10:00:00,189.183824884083
2012-08-21 11:00:00,209.171540357283
2012-08-21 12:00:00,282.17997520558
2012-08-21 13:00:00,290.177070531716
2012-08-21 14:00:00,231.573881014971
2012-08-21 15:00:00,224.123623129937
2012-08-21 16:00:00,388.037977077681
2012-08-21 17:00:00,630.968408730472
2012-08-21 18:00:00,614.88546506742
2012-08-21 19:00:00,276.219529773887
2012-08-21 20:00:00,255.188868886547
2012-08-21 21:00:00,230.485345701865
2012-08-21 22:00:00,178.166034535992
2012-08-21 23:00:00,130.971436351405
2012-08-22 00:00:00,47.3828234981428
2012-08-22 01:00:00,17.7307336834878
2012-08-22 02:00:00,6.88520047307261
2012-08-22 03:00:00,4.82690331028707
2012-08-22 04:00:00,6.43514610622957
2012-08-22 05:00:00,26.5331970304978
2012-08-22 06:00:00,129.081787911188
2012-08-22 07:00:00,350.706282075684
2012-08-22 08:00:00,501.51081776572
2012-08-22 09:00:00,279.838181619548
2012-08-22 10:00:00,172.623263737629
2012-08-22 11:00:00,192.387569929373
2012-08-22 12:00:00,212.353629937477
2012-08-22 13:00:00,233.232254469977
2012-08-22 14:00:00,226.517389909042
2012-08-22 15:00:00,223.484010098283
2012-08-22 16:00:00,344.491320686236
2012-08-22 17:00:00,528.073244102292
2012-08-22 18:00:00,571.621929076883
2012-08-22 19:00:00,364.224933188373
2012-08-22 20:00:00,320.91178304807
2012-08-22 21:00:00,230.485345701865
2012-08-22 22:00:00,190.700354993663
2012-08-22 23:00:00,130.971436351405
2012-08-23 00:00:00,41.4967971381378
2012-08-23 01:00:00,17.7726240556567
2012-08-23 02:00:00,6.47775966142814
2012-08-23 03:00:00,7.00613880876332
2012-08-23 04:00:00,6.6644771438535
2012-08-23 05:00:00,26.1347061136839
2012-08-23 06:00:00,126.378821386445
2012-08-23 07:00:00,342.862007204433
2012-08-23 08:00:00,534.033391063991
2012-08-23 09:00:00,288.198300126408
2012-08-23 10:00:00,173.361041781092
2012-08-23 11:00:00,205.135997874209
2012-08-23 12:00:00,246.416290959839
2012-08-23 13:00:00,249.295464047711
2012-08-23 14:00:00,232.142738823496
2012-08-23 15:00:00,234.733771136955
2012-08-23 16:00:00,367.031434346415
2012-08-23 17:00:00,670.772369658982
2012-08-23 18:00:00,682.868461710977
2012-08-23 19:00:00,470.61352954202
2012-08-23 20:00:00,377.132743104115
2012-08-23 21:00:00,268.013700701615
2012-08-23 22:00:00,181.961808998497
2012-08-23 23:00:00,119.203957100267
2012-08-24 00:00:00,44.7773790291084
2012-08-24 01:00:00,17.6633589038222
2012-08-24 02:00:00,10.23580457824
2012-08-24 03:00:00,6.26005385203879
2012-08-24 04:00:00,7.26027197983596
2012-08-24 05:00:00,26.3139791691852
2012-08-24 06:00:00,119.558052828136
2012-08-24 07:00:00,347.248926423203
2012-08-24 08:00:00,529.108140559174
2012-08-24 09:00:00,299.455504472481
2012-08-24 10:00:00,210.679544095752
2012-08-24 11:00:00,207.585564265947
2012-08-24 12:00:00,270.544778401994
2012-08-24 13:00:00,294.196029661402
2012-08-24 14:00:00,220.291240235181
2012-08-24 15:00:00,286.320387196573
2012-08-24 16:00:00,418.454388912815
2012-08-24 17:00:00,695.265646920954
2012-08-24 18:00:00,624.75149188753
2012-08-24 19:00:00,485.052024650658
2012-08-24 20:00:00,354.150549873816
2012-08-24 21:00:00,260.245703702763
2012-08-24 22:00:00,180.265336647426
2012-08-24 23:00:00,119.737209100794
2012-08-25 00:00:00,116.408795568443
2012-08-25 01:00:00,87.8540892784886
2012-08-25 02:00:00,81.0509000437493
2012-08-25 03:00:00,33.2277980409601
2012-08-25 04:00:00,9.63612272140844
2012-08-25 05:00:00,9.58780956979758
2012-08-25 06:00:00,26.5756537052438
2012-08-25 07:00:00,39.2945467292292
2012-08-25 08:00:00,125.232511482438
2012-08-25 09:00:00,225.917862414166
2012-08-25 10:00:00,333.978058726026
2012-08-25 11:00:00,389.658671176136
2012-08-25 12:00:00,389.808301584738
2012-08-25 13:00:00,463.521522772976
2012-08-25 14:00:00,310.563592592657
2012-08-25 15:00:00,289.870582209213
2012-08-25 16:00:00,318.05399484652
2012-08-25 17:00:00,314.456289558752
2012-08-25 18:00:00,374.457491036442
2012-08-25 19:00:00,270.933959905917
2012-08-25 20:00:00,137.016861917678
2012-08-25 21:00:00,155.500832918611
2012-08-25 22:00:00,131.522183142806
2012-08-25 23:00:00,104.699155895615
2012-08-26 00:00:00,121.276796723752
2012-08-26 01:00:00,88.1013663183291
2012-08-26 02:00:00,63.5851960074238
2012-08-26 03:00:00,35.7345389204282
2012-08-26 04:00:00,7.97279984674825
2012-08-26 05:00:00,7.44808773729419
2012-08-26 06:00:00,15.5009712361794
2012-08-26 07:00:00,48.0370193351701
2012-08-26 08:00:00,136.056696206878
2012-08-26 09:00:00,214.819423349586
2012-08-26 10:00:00,356.584953102808
2012-08-26 11:00:00,391.047991871083
2012-08-26 12:00:00,298.777816732941
2012-08-26 13:00:00,221.534419857563
2012-08-26 14:00:00,236.703280188184
2012-08-26 15:00:00,140.268238769062
2012-08-26 16:00:00,137.862662359824
2012-08-26 17:00:00,198.009511274243
2012-08-26 18:00:00,208.377677962011
2012-08-26 19:00:00,219.312018941491
2012-08-26 20:00:00,178.521846458896
2012-08-26 21:00:00,165.76777272561
2012-08-26 22:00:00,133.695132150556
2012-08-26 23:00:00,136.00706794983
2012-08-27 00:00:00,48.2476622906894
2012-08-27 01:00:00,17.3951379610184
2012-08-27 02:00:00,6.66224046601623
2012-08-27 03:00:00,5.91955275186765
2012-08-27 04:00:00,6.6644771438535
2012-08-27 05:00:00,28.6677637755846
2012-08-27 06:00:00,118.812159928751
2012-08-27 07:00:00,309.017959221964
2012-08-27 08:00:00,487.457909100198
2012-08-27 09:00:00,271.032074744116
2012-08-27 10:00:00,197.732476600241
2012-08-27 11:00:00,185.695044158995
2012-08-27 12:00:00,225.465506351322
2012-08-27 13:00:00,221.575024902056
2012-08-27 14:00:00,222.770126705075
2012-08-27 15:00:00,193.068603798192
2012-08-27 16:00:00,380.034754408735
2012-08-27 17:00:00,655.412612184276
2012-08-27 18:00:00,655.835878495698
2012-08-27 19:00:00,480.982478568312
2012-08-27 20:00:00,394.361163608107
2012-08-27 21:00:00,270.442026477881
2012-08-27 22:00:00,164.497396998401
2012-08-27 23:00:00,104.582974053175
2012-08-28 00:00:00,39.9009715023815
2012-08-28 01:00:00,17.6589220052068
2012-08-28 02:00:00,9.23865689157582
2012-08-28 03:00:00,5.16642197153551
2012-08-28 04:00:00,6.0208010536225
2012-08-28 05:00:00,29.1735838353217
2012-08-28 06:00:00,136.957357524107
2012-08-28 07:00:00,366.85898889515
2012-08-28 08:00:00,502.196656187643
2012-08-28 09:00:00,303.993375134913
2012-08-28 10:00:00,147.517778772588
2012-08-28 11:00:00,167.880846318697
2012-08-28 12:00:00,196.483033085286
2012-08-28 13:00:00,169.095699597556
2012-08-28 14:00:00,179.565380367563
2012-08-28 15:00:00,183.980258781809
2012-08-28 16:00:00,359.185402830261
2012-08-28 17:00:00,596.727448856592
2012-08-28 18:00:00,633.184885046534
2012-08-28 19:00:00,463.85351950521
2012-08-28 20:00:00,385.836762265754
2012-08-28 21:00:00,253.851557586149
2012-08-28 22:00:00,211.259624381601
2012-08-28 23:00:00,138.951419683911
2012-08-29 00:00:00,49.2884000798695
2012-08-29 01:00:00,16.5685215270249
2012-08-29 02:00:00,8.75034592250305
2012-08-29 03:00:00,6.80151035067201
2012-08-29 04:00:00,6.12197004633482
2012-08-29 05:00:00,29.3440368458688
2012-08-29 06:00:00,135.935397099005
2012-08-29 07:00:00,309.220962232512
2012-08-29 08:00:00,559.35398788273
2012-08-29 09:00:00,230.269924825298
2012-08-29 10:00:00,179.435242322134
2012-08-29 11:00:00,221.334352448919
2012-08-29 12:00:00,247.214762235225
2012-08-29 13:00:00,222.057312095177
2012-08-29 14:00:00,235.640702761578
2012-08-29 15:00:00,247.983216019247
2012-08-29 16:00:00,386.864133644763
2012-08-29 17:00:00,762.239779403005
2012-08-29 18:00:00,677.208520793105
2012-08-29 19:00:00,474.148448114053
2012-08-29 20:00:00,325.597781265258
2012-08-29 21:00:00,244.982700257979
2012-08-29 22:00:00,220.958709222671
2012-08-29 23:00:00,140.094669276048
2012-08-30 00:00:00,44.1614683498313
2012-08-30 01:00:00,21.3632309703873
2012-08-30 02:00:00,8.33634524342951
2012-08-30 03:00:00,5.72978878963398
2012-08-30 04:00:00,6.46320313902911
2012-08-30 05:00:00,27.2616349194302
2012-08-30 06:00:00,123.203998764529
2012-08-30 07:00:00,393.690539433305
2012-08-30 08:00:00,547.646268636529
2012-08-30 09:00:00,262.351938986103
2012-08-30 10:00:00,186.832499592247
2012-08-30 11:00:00,210.581535505775
2012-08-30 12:00:00,259.095981170621
2012-08-30 13:00:00,233.232254469977
2012-08-30 14:00:00,216.815024387412
2012-08-30 15:00:00,239.193320280758
2012-08-30 16:00:00,395.646784948258
2012-08-30 17:00:00,763.634144145075
2012-08-30 18:00:00,708.830897227476
2012-08-30 19:00:00,503.315756235714
2012-08-30 20:00:00,382.834750526726
2012-08-30 21:00:00,278.941493985562
2012-08-30 22:00:00,180.105154108016
2012-08-30 23:00:00,113.908073961978
2012-08-31 00:00:00,42.3459498239471
2012-08-31 01:00:00,18.5232810362671
2012-08-31 02:00:00,7.24031232069287
2012-08-31 03:00:00,5.14441844473276
2012-08-31 04:00:00,5.85502119147071
2012-08-31 05:00:00,34.9176737376133
2012-08-31 06:00:00,131.987999445235
2012-08-31 07:00:00,361.502852404903
2012-08-31 08:00:00,557.584287220514
2012-08-31 09:00:00,256.433596596821
2012-08-31 10:00:00,172.887236961431
2012-08-31 11:00:00,175.74056396073
2012-08-31 12:00:00,228.955890291584
2012-08-31 13:00:00,180.675797607591
2012-08-31 14:00:00,267.059204622257
2012-08-31 15:00:00,175.009642706312
2012-08-31 16:00:00,318.71778541555
2012-08-31 17:00:00,649.626100895539
2012-08-31 18:00:00,652.351247071918
2012-08-31 19:00:00,455.125834054418
2012-08-31 20:00:00,384.925658798142
2012-08-31 21:00:00,269.127936704715
2012-08-31 22:00:00,205.735961993963
2012-08-31 23:00:00,131.302275533772
2012-09-20 00:00:00,37.8578555096762
2012-09-20 01:00:00,22.2143278902329
2012-09-20 02:00:00,10.7917638137876
2012-09-20 03:00:00,8.05339530971251
2012-09-20 04:00:00,8.13162233680985
2012-09-20 05:00:00,35.0527372283012
2012-09-20 06:00:00,136.789311912651
2012-09-20 07:00:00,384.894024620409
2012-09-20 08:00:00,572.465826163001
2012-09-20 09:00:00,300.820401173871
2012-09-20 10:00:00,183.629536557042
2012-09-20 11:00:00,230.934694279401
2012-09-20 12:00:00,284.743934542576
2012-09-20 13:00:00,274.957325264374
2012-09-20 14:00:00,243.031489833798
2012-09-20 15:00:00,244.057197578639
2012-09-20 16:00:00,375.435067495516
2012-09-20 17:00:00,685.146669703417
2012-09-20 18:00:00,676.821553505725
2012-09-20 19:00:00,473.508975502348
2012-09-20 20:00:00,316.042395687364
2012-09-20 21:00:00,241.340635893827
2012-09-20 22:00:00,162.944838541682
2012-09-20 23:00:00,105.241181794922
2012-09-21 00:00:00,44.7010530371114
2012-09-21 01:00:00,20.322141609196
2012-09-21 02:00:00,11.8754911913273
2012-09-21 03:00:00,7.63312263278061
2012-09-21 04:00:00,8.95762569326424
2012-09-21 05:00:00,39.9213473175367
2012-09-21 06:00:00,163.478002332406
2012-09-21 07:00:00,478.19225305619
2012-09-21 08:00:00,555.583556087447
2012-09-21 09:00:00,274.668839354401
2012-09-21 10:00:00,179.660702434815
2012-09-21 11:00:00,200.862527191578
2012-09-21 12:00:00,273.809544271463
2012-09-21 13:00:00,271.99932111908
2012-09-21 14:00:00,224.196430065218
2012-09-21 15:00:00,259.960961659015
2012-09-21 16:00:00,385.594072701789
2012-09-21 17:00:00,690.703712325721
2012-09-21 18:00:00,689.644716156112
2012-09-21 19:00:00,531.91329498856
2012-09-21 20:00:00,350.111872420021
2012-09-21 21:00:00,247.799413731325
2012-09-21 22:00:00,185.938857019026
2012-09-21 23:00:00,110.0347873894
2012-09-22 00:00:00,120.549093466336
2012-09-22 01:00:00,94.1824741008599
2012-09-22 02:00:00,65.195918546748
2012-09-22 03:00:00,29.3470783698234
2012-09-22 04:00:00,10.6599503742139
2012-09-22 05:00:00,11.2944905443462
2012-09-22 06:00:00,19.0645611069898
2012-09-22 07:00:00,59.2993096814872
2012-09-22 08:00:00,135.822737444806
2012-09-22 09:00:00,244.625976207383
2012-09-22 10:00:00,358.441644401762
2012-09-22 11:00:00,390.760006799681
2012-09-22 12:00:00,424.603373591846
2012-09-22 13:00:00,468.514478789232
2012-09-22 14:00:00,432.225296777736
2012-09-22 15:00:00,475.98899915045
2012-09-22 16:00:00,458.390388606011
2012-09-22 17:00:00,436.758825861688
2012-09-22 18:00:00,415.002615213933
2012-09-22 19:00:00,343.660180543427
2012-09-22 20:00:00,304.666210317748
2012-09-22 21:00:00,231.022905323807
2012-09-22 22:00:00,200.708698428407
2012-09-22 23:00:00,133.249933356431
2012-09-23 00:00:00,105.912151901809
2012-09-23 01:00:00,68.2862771777097
2012-09-23 02:00:00,56.1855556403092
2012-09-23 03:00:00,21.0830470541099
2012-09-23 04:00:00,9.44422509454785
2012-09-23 05:00:00,8.74073958402078
2012-09-23 06:00:00,19.2565371446182
2012-09-23 07:00:00,74.4190600814487
2012-09-23 08:00:00,136.119094403746
2012-09-23 09:00:00,197.837453896285
2012-09-23 10:00:00,358.614393700675
2012-09-23 11:00:00,438.12835783658
2012-09-23 12:00:00,520.747758364283
2012-09-23 13:00:00,513.88193908674
2012-09-23 14:00:00,518.598457476989
2012-09-23 15:00:00,515.651306031858
2012-09-23 16:00:00,525.443532983414
2012-09-23 17:00:00,409.039731006521
2012-09-23 18:00:00,396.425242049304
2012-09-23 19:00:00,281.857448964492
2012-09-23 20:00:00,190.911943857523
2012-09-23 21:00:00,167.374969483872
2012-09-23 22:00:00,158.575558875872
2012-09-23 23:00:00,111.589367226105
2012-09-24 00:00:00,37.6054164814218
2012-09-24 01:00:00,23.3384908692948
2012-09-24 02:00:00,8.48637505137642
2012-09-24 03:00:00,5.47527003922814
2012-09-24 04:00:00,5.69805024378758
2012-09-24 05:00:00,29.4979657107847
2012-09-24 06:00:00,115.246762534482
2012-09-24 07:00:00,366.405856605012
2012-09-24 08:00:00,492.679126503875
2012-09-24 09:00:00,280.180342171341
2012-09-24 10:00:00,186.280359426824
2012-09-24 11:00:00,227.875448490784
2012-09-24 12:00:00,274.006038722787
2012-09-24 13:00:00,227.50730911937
2012-09-24 14:00:00,239.804164760348
2012-09-24 15:00:00,247.249867949938
2012-09-24 16:00:00,383.157293884377
2012-09-24 17:00:00,549.367556948476
2012-09-24 18:00:00,639.863706851487
2012-09-24 19:00:00,384.821693737598
2012-09-24 20:00:00,254.797973719115
2012-09-24 21:00:00,206.905154724063
2012-09-24 22:00:00,146.377866217809
2012-09-24 23:00:00,103.378846412035
2012-09-25 00:00:00,44.625652777217
2012-09-25 01:00:00,20.5059527997316
2012-09-25 02:00:00,8.26457164239881
2012-09-25 03:00:00,4.67950856195947
2012-09-25 04:00:00,5.85640609342005
2012-09-25 05:00:00,32.5323313406083
2012-09-25 06:00:00,128.229015199958
2012-09-25 07:00:00,371.667013425788
2012-09-25 08:00:00,501.724920473766
2012-09-25 09:00:00,291.278940595883
2012-09-25 10:00:00,184.064029322728
2012-09-25 11:00:00,196.022828986002
2012-09-25 12:00:00,220.493232234444
2012-09-25 13:00:00,255.327617233123
2012-09-25 14:00:00,221.212722895328
2012-09-25 15:00:00,225.043757171833
2012-09-25 16:00:00,369.926906431152
2012-09-25 17:00:00,637.098471665636
2012-09-25 18:00:00,725.087479247031
2012-09-25 19:00:00,424.683802579143
2012-09-25 20:00:00,308.655579105085
2012-09-25 21:00:00,226.890953092012
2012-09-25 22:00:00,197.761127237824
2012-09-25 23:00:00,142.956797447438
2012-09-26 00:00:00,39.1638112077884
2012-09-26 01:00:00,17.6004368519672
2012-09-26 02:00:00,6.39443518336043
2012-09-26 03:00:00,4.43981466464559
2012-09-26 04:00:00,5.6704726077912
2012-09-26 05:00:00,33.4739815863165
2012-09-26 06:00:00,133.073236567714
2012-09-26 07:00:00,406.337924135741
2012-09-26 08:00:00,498.684300612689
2012-09-26 09:00:00,307.29856038658
2012-09-26 10:00:00,171.495897080197
2012-09-26 11:00:00,214.951886892504
2012-09-26 12:00:00,314.682955042744
2012-09-26 13:00:00,311.448592149685
2012-09-26 14:00:00,252.462546077949
2012-09-26 15:00:00,255.127010553031
2012-09-26 16:00:00,382.494980015139
2012-09-26 17:00:00,564.586559729549
2012-09-26 18:00:00,724.662953832089
2012-09-26 19:00:00,455.282582098665
2012-09-26 20:00:00,344.232028900481
2012-09-26 21:00:00,223.194741916439
2012-09-26 22:00:00,148.433702607185
2012-09-26 23:00:00,97.3042994172925
2012-09-27 00:00:00,48.5627659493168
2012-09-27 01:00:00,21.7796918993226
2012-09-27 02:00:00,9.89787805002137
2012-09-27 03:00:00,7.23050787779807
2012-09-27 04:00:00,6.59081017642868
2012-09-27 05:00:00,31.1959286415143
2012-09-27 06:00:00,126.840506562998
2012-09-27 07:00:00,367.874503891024
2012-09-27 08:00:00,519.34080876515
2012-09-27 09:00:00,303.035506177615
2012-09-27 10:00:00,178.387275060012
2012-09-27 11:00:00,212.454299622669
2012-09-27 12:00:00,293.010330821033
2012-09-27 13:00:00,285.575373903906
2012-09-27 14:00:00,278.110785683439
2012-09-27 15:00:00,290.672464703194
2012-09-27 16:00:00,381.520794616078
2012-09-27 17:00:00,578.506568211386
2012-09-27 18:00:00,606.784785581095
2012-09-27 19:00:00,479.767739701854
2012-09-27 20:00:00,325.882929409385
2012-09-27 21:00:00,154.22712614426
2012-09-27 22:00:00,124.455721499218
2012-09-27 23:00:00,84.6720091708901
2012-09-28 00:00:00,34.148912923728
2012-09-28 01:00:00,15.3329767820528
2012-09-28 02:00:00,4.08849780973111
2012-09-28 03:00:00,6.34787491869539
2012-09-28 04:00:00,4.51213746418919
2012-09-28 05:00:00,29.6641334967625
2012-09-28 06:00:00,114.576597809393
2012-09-28 07:00:00,312.453497683616
2012-09-28 08:00:00,545.596944668997
2012-09-28 09:00:00,297.248356703785
2012-09-28 10:00:00,168.712795696781
2012-09-28 11:00:00,212.588564542192
2012-09-28 12:00:00,329.977543547243
2012-09-28 13:00:00,326.016541844996
2012-09-28 14:00:00,311.307638377721
2012-09-28 15:00:00,276.077704545364
2012-09-28 16:00:00,408.527531341024
2012-09-28 17:00:00,607.718850971943
2012-09-28 18:00:00,671.411537916572
2012-09-28 19:00:00,411.101540756354
2012-09-28 20:00:00,303.41481699012
2012-09-28 21:00:00,197.299531558523
2012-09-28 22:00:00,162.577805285002
2012-09-28 23:00:00,98.7842015324526
2012-09-29 00:00:00,132.210048700387
2012-09-29 01:00:00,103.553155312982
2012-09-29 02:00:00,59.3943837954822
2012-09-29 03:00:00,32.4491147567787
2012-09-29 04:00:00,12.3349217676025
2012-09-29 05:00:00,10.8102750875784
2012-09-29 06:00:00,22.1892803965508
2012-09-29 07:00:00,71.1911348580787
2012-09-29 08:00:00,137.853959255179
2012-09-29 09:00:00,217.04190183416
2012-09-29 10:00:00,356.526095474025
2012-09-29 11:00:00,416.809989964611
2012-09-29 12:00:00,520.060583869389
2012-09-29 13:00:00,524.540760622712
2012-09-29 14:00:00,507.676092825486
2012-09-29 15:00:00,507.831854829371
2012-09-29 16:00:00,545.533567736715
2012-09-29 17:00:00,530.149921268448
2012-09-29 18:00:00,388.976452253774
2012-09-29 19:00:00,293.682055507773
2012-09-29 20:00:00,208.017863939096
2012-09-29 21:00:00,180.279407430283
2012-09-29 22:00:00,146.244473063529
2012-09-29 23:00:00,124.632129373956
2012-09-30 00:00:00,110.946739870589
2012-09-30 01:00:00,90.951538473161
2012-09-30 02:00:00,57.4517574238806
2012-09-30 03:00:00,28.0975763964859
2012-09-30 04:00:00,8.2478004935589
2012-09-30 05:00:00,8.82759180438864
2012-09-30 06:00:00,23.8144548960782
2012-09-30 07:00:00,67.1383797562748
2012-09-30 08:00:00,128.964067092531
2012-09-30 09:00:00,231.248015100331
2012-09-30 10:00:00,381.207924745014
2012-09-30 11:00:00,481.836779168872
2012-09-30 12:00:00,520.060583869389
2012-09-30 13:00:00,521.981490517335
2012-09-30 14:00:00,520.563203528457
2012-09-30 15:00:00,498.924777849122
2012-09-30 16:00:00,548.791300828812
2012-09-30 17:00:00,521.751625428901
2012-09-30 18:00:00,372.46283702938
2012-09-30 19:00:00,205.823645391593
2012-09-30 20:00:00,173.54689708355
2012-09-30 21:00:00,173.06138290652
2012-09-30 22:00:00,135.268036172494
2012-09-30 23:00:00,105.971481875815
2012-10-20 00:00:00,109.403927995219
2012-10-20 01:00:00,87.9911905481683
2012-10-20 02:00:00,61.1484950545361
2012-10-20 03:00:00,29.0599451430935
2012-10-20 04:00:00,8.70495376109662
2012-10-20 05:00:00,9.68946642158576
2012-10-20 06:00:00,17.7728977009147
2012-10-20 07:00:00,72.8003699687463
2012-10-20 08:00:00,119.220516263929
2012-10-20 09:00:00,220.873073782116
2012-10-20 10:00:00,342.569182418092
2012-10-20 11:00:00,408.046187105437
2012-10-20 12:00:00,521.51089645813
2012-10-20 13:00:00,531.119705956311
2012-10-20 14:00:00,550.651787545771
2012-10-20 15:00:00,528.737475185463
2012-10-20 16:00:00,474.48793421115
2012-10-20 17:00:00,447.380936721228
2012-10-20 18:00:00,386.628057650314
2012-10-20 19:00:00,272.609710642651
2012-10-20 20:00:00,185.558128151624
2012-10-20 21:00:00,158.708085532982
2012-10-20 22:00:00,144.784571037225
2012-10-20 23:00:00,135.879297624328
2012-10-21 00:00:00,111.007548220555
2012-10-21 01:00:00,83.4341746648111
2012-10-21 02:00:00,58.755136030541
2012-10-21 03:00:00,28.728527533074
2012-10-21 04:00:00,7.72282313602668
2012-10-21 05:00:00,7.29240491710598
2012-10-21 06:00:00,15.0106401682804
2012-10-21 07:00:00,78.9544716797668
2012-10-21 08:00:00,133.202508447673
2012-10-21 09:00:00,201.569680149861
2012-10-21 10:00:00,319.523393345688
2012-10-21 11:00:00,378.710684907217
2012-10-21 12:00:00,411.596217312257
2012-10-21 13:00:00,511.835722201137
2012-10-21 14:00:00,555.565615217879
2012-10-21 15:00:00,432.580449092015
2012-10-21 16:00:00,496.751573197594
2012-10-21 17:00:00,413.472872050994
2012-10-21 18:00:00,392.880127596666
2012-10-21 19:00:00,273.540023005812
2012-10-21 20:00:00,193.591796032034
2012-10-21 21:00:00,168.516066102459
2012-10-21 22:00:00,143.482978325597
2012-10-21 23:00:00,122.835173803565
2012-10-22 00:00:00,39.4537855541506
2012-10-22 01:00:00,16.9523478041142
2012-10-22 02:00:00,8.39558081157931
2012-10-22 03:00:00,5.73934393507722
2012-10-22 04:00:00,5.26876211500239
2012-10-22 05:00:00,30.0013762723563
2012-10-22 06:00:00,109.965850647497
2012-10-22 07:00:00,320.121354392736
2012-10-22 08:00:00,566.957893815191
2012-10-22 09:00:00,251.379832209126
2012-10-22 10:00:00,162.629163048601
2012-10-22 11:00:00,217.554541092952
2012-10-22 12:00:00,255.620199946144
2012-10-22 13:00:00,267.942140160391
2012-10-22 14:00:00,243.661640531085
2012-10-22 15:00:00,256.715500135481
2012-10-22 16:00:00,434.493962403332
2012-10-22 17:00:00,681.59049768823
2012-10-22 18:00:00,599.132861576309
2012-10-22 19:00:00,371.912497568167
2012-10-22 20:00:00,272.0382053105
2012-10-22 21:00:00,182.847486050696
2012-10-22 22:00:00,139.906716588341
2012-10-22 23:00:00,89.3103283817854
2012-10-23 00:00:00,41.0985995914008
2012-10-23 01:00:00,15.7416639021765
2012-10-23 02:00:00,6.31098665486922
2012-10-23 03:00:00,6.82621442519858
2012-10-23 04:00:00,7.4461168800804
2012-10-23 05:00:00,33.8456000392283
2012-10-23 06:00:00,116.600227271579
2012-10-23 07:00:00,367.142820433782
2012-10-23 08:00:00,543.960703027895
2012-10-23 09:00:00,269.791941533688
2012-10-23 10:00:00,168.970996790366
2012-10-23 11:00:00,226.76308939583
2012-10-23 12:00:00,257.46973322619
2012-10-23 13:00:00,260.078061700976
2012-10-23 14:00:00,304.523804109085
2012-10-23 15:00:00,300.350023205167
2012-10-23 16:00:00,428.195579336277
2012-10-23 17:00:00,767.313091117037
2012-10-23 18:00:00,664.2755655776
2012-10-23 19:00:00,442.71219173182
2012-10-23 20:00:00,310.757176212828
2012-10-23 21:00:00,220.609217224778
2012-10-23 22:00:00,173.313919359423
2012-10-23 23:00:00,100.330838800893
2012-10-24 00:00:00,54.3007030431868
2012-10-24 01:00:00,23.0350795659313
2012-10-24 02:00:00,9.76190578789824
2012-10-24 03:00:00,6.55458798568596
2012-10-24 04:00:00,7.63140126243077
2012-10-24 05:00:00,33.5249732912709
2012-10-24 06:00:00,134.378114025651
2012-10-24 07:00:00,365.196443513001
2012-10-24 08:00:00,503.887570157227
2012-10-24 09:00:00,275.289714357968
2012-10-24 10:00:00,153.310072669212
2012-10-24 11:00:00,190.973330984232
2012-10-24 12:00:00,282.604821515904
2012-10-24 13:00:00,263.165407647946
2012-10-24 14:00:00,306.449086694402
2012-10-24 15:00:00,311.666711810845
2012-10-24 16:00:00,438.105353688205
2012-10-24 17:00:00,606.737920918223
2012-10-24 18:00:00,696.705623358049
2012-10-24 19:00:00,410.63724638742
2012-10-24 20:00:00,318.392309699264
2012-10-24 21:00:00,242.139184494874
2012-10-24 22:00:00,182.84583181152
2012-10-24 23:00:00,98.3411965379527
2012-10-25 00:00:00,36.7555745016411
2012-10-25 01:00:00,22.8649302933641
2012-10-25 02:00:00,9.43059779431589
2012-10-25 03:00:00,4.77387489011846
2012-10-25 04:00:00,5.5933447333018
2012-10-25 05:00:00,25.0013147774087
2012-10-25 06:00:00,119.457855376549
2012-10-25 07:00:00,345.70247410082
2012-10-25 08:00:00,500.704492201967
2012-10-25 09:00:00,281.90636176166
2012-10-25 10:00:00,152.546686534952
2012-10-25 11:00:00,153.231759788697
2012-10-25 12:00:00,179.648099558138
2012-10-25 13:00:00,170.507137209145
2012-10-25 14:00:00,220.086603764385
2012-10-25 15:00:00,294.952484780739
2012-10-25 16:00:00,343.700561772104
2012-10-25 17:00:00,625.80914984474
2012-10-25 18:00:00,279.043828002445
2012-10-25 19:00:00,264.102578495732
2012-10-25 20:00:00,212.294477202691
2012-10-25 21:00:00,158.016823244799
2012-10-25 22:00:00,154.361711717169
2012-10-25 23:00:00,75.2758627058275
2012-10-26 00:00:00,35.0095233426762
2012-10-26 01:00:00,12.6585491941923
2012-10-26 02:00:00,6.16787893946083
2012-10-26 03:00:00,4.86109221342325
2012-10-26 04:00:00,5.40941036567844
2012-10-26 05:00:00,27.3196131221026
2012-10-26 06:00:00,124.990402306761
2012-10-26 07:00:00,369.836828800116
2012-10-26 08:00:00,491.023181929385
2012-10-26 09:00:00,279.47100887372
2012-10-26 10:00:00,148.008084631485
2012-10-26 11:00:00,167.858155161381
2012-10-26 12:00:00,202.269592240785
2012-10-26 13:00:00,218.846058385686
2012-10-26 14:00:00,285.920038705445
2012-10-26 15:00:00,288.00508208522
2012-10-26 16:00:00,336.957584966917
2012-10-26 17:00:00,489.53078859725
2012-10-26 18:00:00,433.898837058795
2012-10-26 19:00:00,252.648697564774
2012-10-26 20:00:00,217.722237331185
2012-10-26 21:00:00,213.607902982551
2012-10-26 22:00:00,148.164789906756
2012-10-26 23:00:00,90.4613039936982
2012-10-27 00:00:00,114.289909348657
2012-10-27 01:00:00,86.0333495658936
2012-10-27 02:00:00,56.2753854271813
2012-10-27 03:00:00,31.9961277909116
2012-10-27 04:00:00,9.39167493591217
2012-10-27 05:00:00,10.3336318839832
2012-10-27 06:00:00,24.7186979674277
2012-10-27 07:00:00,71.5505724463336
2012-10-27 08:00:00,137.639901725765
2012-10-27 09:00:00,195.904025354526
2012-10-27 10:00:00,301.564570360274
2012-10-27 11:00:00,415.146082799243
2012-10-27 12:00:00,533.762661433496
2012-10-27 13:00:00,518.280117047017
2012-10-27 14:00:00,514.059081276988
2012-10-27 15:00:00,389.494672558791
2012-10-27 16:00:00,413.363939972562
2012-10-27 17:00:00,434.138817698371
2012-10-27 18:00:00,404.529449627882
2012-10-27 19:00:00,295.82324397079
2012-10-27 20:00:00,220.615210214329
2012-10-27 21:00:00,172.961007821967
2012-10-27 22:00:00,130.841792560615
2012-10-27 23:00:00,80.6816017457065
2012-10-28 00:00:00,81.4024388113839
2012-10-28 01:00:00,83.0863282711005
2012-10-28 02:00:00,56.3487560322477
2012-10-28 03:00:00,20.5352348406288
2012-10-28 04:00:00,8.22358001130373
2012-10-28 05:00:00,8.74291959718268
2012-10-28 06:00:00,18.2259913391275
2012-10-28 07:00:00,69.10081006229
2012-10-28 08:00:00,128.960804024705
2012-10-28 09:00:00,191.724511725435
2012-10-28 10:00:00,282.954888565915
2012-10-28 11:00:00,326.483440946035
2012-10-28 12:00:00,294.208046739264
2012-10-28 13:00:00,297.534522590548
2012-10-28 14:00:00,312.520942648571
2012-10-28 15:00:00,288.815752069879
2012-10-28 16:00:00,203.876951420622
2012-10-28 17:00:00,151.484479616549
2012-10-28 18:00:00,59.3973864585314
2012-10-28 19:00:00,68.161554721023
2012-10-28 20:00:00,62.474590208345
2012-10-28 21:00:00,70.3199794894565
2012-10-28 22:00:00,58.634318847487
2012-10-28 23:00:00,47.1864301405442
2012-10-29 00:00:00,27.0359858068746
2012-10-30 13:00:00,100.645882017856
2012-10-30 14:00:00,99.3757830904522
2012-10-30 15:00:00,91.7618318655061
2012-10-30 16:00:00,96.2772791445556
2012-10-30 17:00:00,112.157283105961
2012-10-30 18:00:00,133.319049601331
2012-10-30 19:00:00,418.220826956276
2012-10-30 20:00:00,178.431311663882
2012-10-30 21:00:00,128.131110938819
2012-10-30 22:00:00,107.973230275016
2012-10-30 23:00:00,82.8701581718261
2012-10-31 00:00:00,28.5477566937183
2012-10-31 01:00:00,11.6230534641597
2012-10-31 02:00:00,5.82765156905207
2012-10-31 03:00:00,4.71461282843875
2012-10-31 04:00:00,6.31630248917005
2012-10-31 05:00:00,23.3823418874403
2012-10-31 06:00:00,98.0457968964538
2012-10-31 07:00:00,278.42257833798
2012-10-31 08:00:00,407.193572441907
2012-10-31 09:00:00,234.236036087921
2012-10-31 10:00:00,155.323231634217
2012-10-31 11:00:00,169.785456861273
2012-10-31 12:00:00,216.107452089466
2012-10-31 13:00:00,215.049926800725
2012-10-31 14:00:00,213.596345167039
2012-10-31 15:00:00,219.921582004909
2012-10-31 16:00:00,336.591384396002
2012-10-31 17:00:00,528.419001196049
2012-10-31 18:00:00,522.947498308094
2012-10-31 19:00:00,387.431569765503
2012-10-31 20:00:00,237.579861331287
2012-10-31 21:00:00,179.604888108171
2012-10-31 22:00:00,135.126196131504
2012-10-31 23:00:00,99.6778274764803
2012-11-20 00:00:00,40.8960045011337
2012-11-20 01:00:00,19.1526806206856
2012-11-20 02:00:00,4.78806141175892
2012-11-20 03:00:00,4.0898983327028
2012-11-20 04:00:00,7.04394331359109
2012-11-20 05:00:00,32.2742800176275
2012-11-20 06:00:00,111.343202694724
2012-11-20 07:00:00,273.987301380475
2012-11-20 08:00:00,417.476844819278
2012-11-20 09:00:00,239.206388343535
2012-11-20 10:00:00,133.262862855223
2012-11-20 11:00:00,149.332869353015
2012-11-20 12:00:00,183.688383088261
2012-11-20 13:00:00,195.921480975808
2012-11-20 14:00:00,188.246151960684
2012-11-20 15:00:00,189.239034783533
2012-11-20 16:00:00,298.000708922184
2012-11-20 17:00:00,448.107119949002
2012-11-20 18:00:00,421.472794266892
2012-11-20 19:00:00,312.482392368664
2012-11-20 20:00:00,199.689328105445
2012-11-20 21:00:00,166.768285049143
2012-11-20 22:00:00,122.771132153316
2012-11-20 23:00:00,93.377363862632
2012-11-21 00:00:00,25.9852595436275
2012-11-21 01:00:00,12.414923276153
2012-11-21 02:00:00,5.57410406995417
2012-11-21 03:00:00,4.73653617149329
2012-11-21 04:00:00,6.21013301232255
2012-11-21 05:00:00,22.7538331645192
2012-11-21 06:00:00,91.7582683219069
2012-11-21 07:00:00,261.078696150304
2012-11-21 08:00:00,382.381300050665
2012-11-21 09:00:00,232.843684902981
2012-11-21 10:00:00,168.298947619341
2012-11-21 11:00:00,205.371899453432
2012-11-21 12:00:00,236.050576346141
2012-11-21 13:00:00,236.030791430245
2012-11-21 14:00:00,275.415444001657
2012-11-21 15:00:00,268.698016373794
2012-11-21 16:00:00,333.581461949119
2012-11-21 17:00:00,473.153339957844
2012-11-21 18:00:00,474.632607937354
2012-11-21 19:00:00,353.555496598518
2012-11-21 20:00:00,228.868685208723
2012-11-21 21:00:00,180.287475149878
2012-11-21 22:00:00,125.083887924719
2012-11-21 23:00:00,96.3655848215193
2012-11-22 00:00:00,44.2334640682925
2012-11-22 01:00:00,33.2064155925847
2012-11-22 02:00:00,21.663840230548
2012-11-22 03:00:00,8.10060738206724
2012-11-22 04:00:00,6.88295543320611
2012-11-22 05:00:00,6.33874636157183
2012-11-22 06:00:00,21.2556908595353
2012-11-22 07:00:00,47.9531131190089
2012-11-22 08:00:00,100.900207994757
2012-11-22 09:00:00,203.035787328874
2012-11-22 10:00:00,278.320131425069
2012-11-22 11:00:00,375.148686038254
2012-11-22 12:00:00,448.199599660159
2012-11-22 13:00:00,428.444770154866
2012-11-22 14:00:00,436.454495522447
2012-11-22 15:00:00,433.214831794259
2012-11-22 16:00:00,381.278425297642
2012-11-22 17:00:00,340.929807029897
2012-11-22 18:00:00,278.485511027681
2012-11-22 19:00:00,210.982793962652
2012-11-22 20:00:00,165.099049013232
2012-11-22 21:00:00,136.36118340429
2012-11-22 22:00:00,121.064624145929
2012-11-22 23:00:00,89.4888082484672
2012-11-23 00:00:00,36.7775686872105
2012-11-23 01:00:00,10.9270394302432
2012-11-23 02:00:00,5.4501922084249
2012-11-23 03:00:00,3.23775786571789
2012-11-23 04:00:00,6.64598790267877
2012-11-23 05:00:00,23.5334912272335
2012-11-23 06:00:00,89.6421747481585
2012-11-23 07:00:00,268.52907632398
2012-11-23 08:00:00,376.147548927727
2012-11-23 09:00:00,278.479694148147
2012-11-23 10:00:00,164.942247123881
2012-11-23 11:00:00,205.371899453432
2012-11-23 12:00:00,240.781896252495
2012-11-23 13:00:00,272.460892512677
2012-11-23 14:00:00,265.284405520243
2012-11-23 15:00:00,243.206479833591
2012-11-23 16:00:00,321.720860650899
2012-11-23 17:00:00,495.233610664029
2012-11-23 18:00:00,454.452940857457
2012-11-23 19:00:00,427.854706441779
2012-11-23 20:00:00,277.035422226205
2012-11-23 21:00:00,190.235377994107
2012-11-23 22:00:00,111.719846193518
2012-11-23 23:00:00,80.36727039016
2012-11-24 00:00:00,60.3521211431383
2012-11-24 01:00:00,45.148452531379
2012-11-24 02:00:00,29.147276289038
2012-11-24 03:00:00,12.56190172635
2012-11-24 04:00:00,4.43288478019964
2012-11-24 05:00:00,4.72901366068138
2012-11-24 06:00:00,11.6320616558335
2012-11-24 07:00:00,56.5293180885936
2012-11-24 08:00:00,116.305636255836
2012-11-24 09:00:00,153.433243511376
2012-11-24 10:00:00,176.857011044284
2012-11-24 11:00:00,204.858278805853
2012-11-24 12:00:00,205.270593106002
2012-11-24 13:00:00,256.63426492551
2012-11-24 14:00:00,251.314671670294
2012-11-24 15:00:00,223.066844367251
2012-11-24 16:00:00,194.532093311155
2012-11-24 17:00:00,171.346710993359
2012-11-24 18:00:00,162.198740723687
2012-11-24 19:00:00,145.787163752717
2012-11-24 20:00:00,123.800502329153
2012-11-24 21:00:00,87.8802713937756
2012-11-24 22:00:00,79.9258884637305
2012-11-24 23:00:00,62.3909376631149
2012-11-25 00:00:00,52.1964994774306
2012-11-25 01:00:00,43.5597249277982
2012-11-25 02:00:00,22.3265893680119
2012-11-25 03:00:00,14.4987101279148
2012-11-25 04:00:00,5.78001414445332
2012-11-25 05:00:00,4.90032062094334
2012-11-25 06:00:00,13.0274306613521
2012-11-25 07:00:00,43.3926654622184
2012-11-25 08:00:00,99.8091054382544
2012-11-25 09:00:00,147.352830509349
2012-11-25 10:00:00,164.668719009117
2012-11-25 11:00:00,197.846000461171
2012-11-25 12:00:00,209.737361007897
2012-11-25 13:00:00,192.036240627678
2012-11-25 14:00:00,239.713081832326
2012-11-25 15:00:00,228.966810887598
2012-11-25 16:00:00,232.805474296987
2012-11-25 17:00:00,161.655707467218
2012-11-25 18:00:00,150.970697226318
2012-11-25 19:00:00,186.033524417441
2012-11-25 20:00:00,120.825862249934
2012-11-25 21:00:00,107.2496908955
2012-11-25 22:00:00,89.3938554920988
2012-11-25 23:00:00,55.0459860806942
2012-11-26 00:00:00,24.4678767767126
2012-11-26 01:00:00,11.6151080520101
2012-11-26 02:00:00,4.74826615328897
2012-11-26 03:00:00,3.65172359187445
2012-11-26 04:00:00,4.22312228813065
2012-11-26 05:00:00,26.8520083894617
2012-11-26 06:00:00,94.1134154483358
2012-11-26 07:00:00,303.36517075598
2012-11-26 08:00:00,454.680119552621
2012-11-26 09:00:00,266.795431954533
2012-11-26 10:00:00,196.810980921614
2012-11-26 11:00:00,188.842362850436
2012-11-26 12:00:00,244.449091630036
2012-11-26 13:00:00,241.702754351205
2012-11-26 14:00:00,244.405324778633
2012-11-26 15:00:00,239.151604993954
2012-11-26 16:00:00,311.631760231723
2012-11-26 17:00:00,428.55687854908
2012-11-26 18:00:00,453.895022371641
2012-11-26 19:00:00,277.639054926277
2012-11-26 20:00:00,219.892900330647
2012-11-26 21:00:00,168.292081019478
2012-11-26 22:00:00,129.959252212389
2012-11-26 23:00:00,95.8819157339568
2012-11-27 00:00:00,43.0908816990412
2012-11-27 01:00:00,16.4706785489106
2012-11-27 02:00:00,7.04764096129038
2012-11-27 03:00:00,4.00455263227653
2012-11-27 04:00:00,5.49840034919167
2012-11-27 05:00:00,22.6105826264592
2012-11-27 06:00:00,98.2630417806951
2012-11-27 07:00:00,145.27935439473
2012-11-27 08:00:00,163.534452498222
2012-11-27 09:00:00,227.913653375068
2012-11-27 10:00:00,113.331854230134
2012-11-27 11:00:00,84.6721096291051
2012-11-27 12:00:00,77.8914848814
2012-11-27 13:00:00,96.9785504007428
2012-11-27 14:00:00,77.3518933159135
2012-11-27 15:00:00,150.649923450171
2012-11-27 16:00:00,190.765387260215
2012-11-27 17:00:00,229.722943593408
2012-11-27 18:00:00,211.054854808209
2012-11-27 19:00:00,218.865692984972
2012-11-27 20:00:00,166.543708996818
2012-11-27 21:00:00,103.664851482159
2012-11-27 22:00:00,97.7943321930042
2012-11-27 23:00:00,69.8732590862107
2012-11-28 00:00:00,25.7309794274252
2012-11-28 01:00:00,17.9512019768484
2012-11-28 02:00:00,6.86783261358819
2012-11-28 03:00:00,5.10243418967155
2012-11-28 04:00:00,6.75227595780833
2012-11-28 05:00:00,26.9616590977249
2012-11-28 06:00:00,112.403855242844
2012-11-28 07:00:00,338.018101654293
2012-11-28 08:00:00,478.758208511557
2012-11-28 09:00:00,268.194897156774
2012-11-28 10:00:00,166.463750305018
2012-11-28 11:00:00,172.225986660102
2012-11-28 12:00:00,153.618865603893
2012-11-28 13:00:00,229.166502013458
2012-11-28 14:00:00,211.948948376189
2012-11-28 15:00:00,194.521730751344
2012-11-28 16:00:00,263.069367506788
2012-11-28 17:00:00,395.577169057268
2012-11-28 18:00:00,370.791202645266
2012-11-28 19:00:00,273.047702311038
2012-11-28 20:00:00,202.436265629756
2012-11-28 21:00:00,137.520670475321
2012-11-28 22:00:00,102.943510309516
2012-11-28 23:00:00,66.3111200554618
2012-11-29 00:00:00,28.4887264786299
2012-11-29 01:00:00,14.9293997265129
2012-11-29 02:00:00,4.5516390960094
2012-11-29 04:00:00,5.8015847327808
2012-11-29 05:00:00,25.4833115263242
2012-11-29 06:00:00,94.1134154483358
2012-11-29 07:00:00,271.120012799442
2012-11-29 08:00:00,481.214745029168
2012-11-29 09:00:00,261.439062146219
2012-11-29 10:00:00,142.440460252586
2012-11-29 11:00:00,191.729477471936
2012-11-29 12:00:00,232.831203605345
2012-11-29 13:00:00,198.768655748053
2012-11-29 14:00:00,193.064326792715
2012-11-29 15:00:00,219.272726189965
2012-11-29 16:00:00,297.744428149056
2012-11-29 17:00:00,408.396397790269
2012-11-29 18:00:00,479.530766649362
2012-11-29 19:00:00,324.143577950155
2012-11-29 20:00:00,225.682047059374
2012-11-29 21:00:00,134.394022164344
2012-11-29 22:00:00,110.397239695814
2012-11-29 23:00:00,99.8317574644858
2012-11-30 00:00:00,29.7418040600804
2012-11-30 01:00:00,15.4584567063047
2012-11-30 02:00:00,5.2424801382461
2012-11-30 03:00:00,3.4621767538717
2012-11-30 04:00:00,3.79598083241181
2012-11-30 05:00:00,21.2115021976598
2012-11-30 06:00:00,76.9087659996106
2012-11-30 07:00:00,237.645836285153
2012-11-30 08:00:00,382.16325661978
2012-11-30 09:00:00,258.44592520533
2012-11-30 10:00:00,160.12117033858
2012-11-30 11:00:00,167.019038431972
2012-11-30 12:00:00,218.915046189096
2012-11-30 13:00:00,217.30903224271
2012-11-30 14:00:00,207.884079176149
2012-11-30 15:00:00,239.373063409238
2012-11-30 16:00:00,292.527012486143
2012-11-30 17:00:00,481.436532550965
2012-11-30 18:00:00,348.145899131532
2012-11-30 19:00:00,270.283904760028
2012-11-30 20:00:00,206.069896931866
2012-11-30 21:00:00,155.724590130279
2012-11-30 22:00:00,114.163845568183
2012-11-30 23:00:00,96.5853033181259
2012-12-20 00:00:00,40.3266274112505
2012-12-20 01:00:00,14.0611028977544
2012-12-20 02:00:00,4.68980680943316
2012-12-20 03:00:00,3.48585195948839
2012-12-20 04:00:00,4.94600676453789
2012-12-20 05:00:00,27.1812198046415
2012-12-20 06:00:00,110.197959043153
2012-12-20 07:00:00,304.650149097144
2012-12-20 08:00:00,428.703283029359
2012-12-20 09:00:00,231.956404897738
2012-12-20 10:00:00,159.123480799387
2012-12-20 11:00:00,167.169707391983
2012-12-20 12:00:00,206.725974174946
2012-12-20 13:00:00,201.457182193845
2012-12-20 14:00:00,198.088648763157
2012-12-20 15:00:00,186.82346984682
2012-12-20 16:00:00,261.354134135373
2012-12-20 17:00:00,390.055324438217
2012-12-20 18:00:00,358.630548412785
2012-12-20 19:00:00,139.350626173267
2012-12-20 20:00:00,142.660904555897
2012-12-20 21:00:00,101.986002247792
2012-12-20 22:00:00,60.3509129242672
2012-12-20 23:00:00,57.8894170699509
2012-12-21 00:00:00,21.7771849802065
2012-12-21 01:00:00,8.0766824918044
2012-12-21 02:00:00,3.9576814098885
2012-12-21 03:00:00,2.91891976683679
2012-12-21 04:00:00,3.00475660418109
2012-12-21 05:00:00,11.2314835937069
2012-12-21 06:00:00,72.9481424439921
2012-12-21 07:00:00,173.196650916039
2012-12-21 08:00:00,299.767986134077
2012-12-21 09:00:00,208.735836667851
2012-12-21 10:00:00,112.842267488875
2012-12-21 11:00:00,117.291650156242
2012-12-21 12:00:00,116.484785499973
2012-12-21 13:00:00,112.314900068419
2012-12-21 14:00:00,113.250689037334
2012-12-21 15:00:00,118.74696988895
2012-12-21 16:00:00,145.53770437765
2012-12-21 17:00:00,208.217757795545
2012-12-21 18:00:00,199.861451292312
2012-12-21 19:00:00,164.232375321923
2012-12-21 20:00:00,105.879125503395
2012-12-21 21:00:00,93.779683099358
2012-12-21 22:00:00,53.6182920443768
2012-12-21 23:00:00,34.6700917572726
2012-12-22 00:00:00,26.7318568258479
2012-12-22 01:00:00,23.0337398108539
2012-12-22 02:00:00,16.4884607101061
2012-12-22 03:00:00,9.99497241157717
2012-12-22 04:00:00,2.98274074018576
2012-12-22 05:00:00,3.21210963629578
2012-12-22 06:00:00,7.26017759004882
2012-12-22 07:00:00,27.9865976332867
2012-12-22 08:00:00,57.7825260477133
2012-12-22 09:00:00,104.425092073121
2012-12-22 10:00:00,144.00467009052
2012-12-22 11:00:00,149.45869035473
2012-12-22 12:00:00,146.901018199536
2012-12-22 13:00:00,144.520171653132
2012-12-22 14:00:00,145.213196428697
2012-12-22 15:00:00,184.846147918996
2012-12-22 16:00:00,139.306987981812
2012-12-22 17:00:00,134.941583645363
2012-12-22 18:00:00,119.979307947846
2012-12-22 19:00:00,90.1095955125216
2012-12-22 20:00:00,69.7114342561846
2012-12-22 21:00:00,44.2687345712851
2012-12-22 22:00:00,32.6904312021209
2012-12-22 23:00:00,26.8154976554985
2012-12-23 00:00:00,36.3016724968366
2012-12-23 01:00:00,32.7023420571869
2012-12-23 02:00:00,20.3091949485391
2012-12-23 03:00:00,12.1010296890132
2012-12-23 04:00:00,3.90240084412578
2012-12-23 05:00:00,2.35440502753736
2012-12-23 06:00:00,4.87182987029515
2012-12-23 07:00:00,12.0719442133546
2012-12-23 08:00:00,34.7673411110518
2012-12-23 09:00:00,75.3891809764322
2012-12-23 10:00:00,114.910061937376
2012-12-23 11:00:00,128.269598196596
2012-12-23 12:00:00,174.421508251727
2012-12-23 13:00:00,194.312491876649
2012-12-23 14:00:00,188.703916880777
2012-12-23 15:00:00,221.112552452322
2012-12-23 16:00:00,199.89802575478
2012-12-23 17:00:00,164.574582848939
2012-12-23 18:00:00,130.28272243026
2012-12-23 19:00:00,131.424172398878
2012-12-23 20:00:00,62.8948922062713
2012-12-23 21:00:00,51.7181800764889
2012-12-23 22:00:00,66.1912988713185
2012-12-23 23:00:00,34.7252601191698
2012-12-24 00:00:00,11.927518679243
2012-12-24 01:00:00,5.51183670589199
2012-12-24 02:00:00,3.07998163331223
2012-12-24 03:00:00,2.61115672845606
2012-12-24 05:00:00,10.1235402867599
2012-12-24 06:00:00,42.0624375882473
2012-12-24 07:00:00,144.367712486272
2012-12-24 08:00:00,311.445348868236
2012-12-24 09:00:00,209.912663010104
2012-12-24 10:00:00,83.9383732566312
2012-12-24 11:00:00,101.29458211718
2012-12-24 12:00:00,97.4765281275664
2012-12-24 13:00:00,60.6723407585843
2012-12-24 14:00:00,61.7879666699629
2012-12-24 15:00:00,54.0796827038928
2012-12-24 16:00:00,66.4369304461755
2012-12-24 17:00:00,108.213355100648
2012-12-24 18:00:00,111.643856764365
2012-12-24 19:00:00,91.9726542613931
2012-12-24 20:00:00,79.7027892931258
2012-12-24 21:00:00,56.89918687927
2012-12-24 22:00:00,45.8852015700724
2012-12-24 23:00:00,27.0978937978535
2012-12-25 00:00:00,28.8683430257275
2012-12-25 01:00:00,27.6666268529683
2012-12-25 02:00:00,17.9964073593582
2012-12-25 04:00:00,4.24139340411919
2012-12-25 05:00:00,4.330940720719
2012-12-25 06:00:00,6.85435526425026
2012-12-25 07:00:00,17.8269913187643
2012-12-25 08:00:00,45.1975718251201
2012-12-25 09:00:00,84.2784380017017
2012-12-25 10:00:00,105.954405123761
2012-12-25 11:00:00,149.183147079411
2012-12-25 12:00:00,121.621176744283
2012-12-25 13:00:00,165.540205271623
2012-12-25 14:00:00,197.599110191185
2012-12-25 15:00:00,161.857921453686
2012-12-25 16:00:00,136.368977388964
2012-12-25 17:00:00,142.668691870708
2012-12-25 18:00:00,120.698029819239
2012-12-25 19:00:00,93.9315080932194
2012-12-25 20:00:00,77.0636300360765
2012-12-25 21:00:00,56.912791835981
2012-12-25 22:00:00,57.4107522797141
2012-12-25 23:00:00,38.6766834990974
2012-12-26 00:00:00,15.5643778694891
2012-12-26 01:00:00,4.05343775280521
2012-12-26 02:00:00,3.27104591754743
2012-12-26 03:00:00,2.24477451451609
2012-12-26 04:00:00,1.55232986283886
2012-12-26 05:00:00,6.87162044305185
2012-12-26 06:00:00,54.1187082363809
2012-12-26 07:00:00,78.758998673489
2012-12-26 08:00:00,109.442293828118
2012-12-26 09:00:00,79.2217033057108
2012-12-26 10:00:00,28.0433839742043
2012-12-26 11:00:00,25.891838046477
2012-12-26 12:00:00,32.8692033508526
2012-12-26 13:00:00,32.4410041878833
2012-12-26 14:00:00,52.9511033806474
2012-12-26 15:00:00,46.6763608692049
2012-12-26 16:00:00,61.4514702038073
2012-12-26 17:00:00,93.8960043628455
2012-12-26 18:00:00,98.7634398160346
2012-12-26 19:00:00,113.300422500605
2012-12-26 20:00:00,70.9667721361947
2012-12-26 21:00:00,59.4855549111499
2012-12-26 22:00:00,19.3277902993446
2012-12-26 23:00:00,25.0599349735789
2012-12-27 00:00:00,9.83519753518581
2012-12-27 01:00:00,2.83885520889887
2012-12-27 02:00:00,1.79710869425401
2012-12-27 03:00:00,2.71307542045581
2012-12-27 04:00:00,2.1454320539381
2012-12-27 05:00:00,11.5200536049892
2012-12-27 06:00:00,46.2595269628818
2012-12-27 07:00:00,176.706657320478
2012-12-27 08:00:00,372.140335084628
2012-12-27 09:00:00,167.323044063409
2012-12-27 10:00:00,104.848799310772
2012-12-27 11:00:00,103.573576983227
2012-12-27 12:00:00,118.824329326764
2012-12-27 13:00:00,119.464299099433
2012-12-27 14:00:00,81.4843780021815
2012-12-27 15:00:00,71.5959834323391
2012-12-27 16:00:00,116.839373353944
2012-12-27 17:00:00,195.426241840131
2012-12-27 18:00:00,155.476771488899
2012-12-27 19:00:00,115.309261057201
2012-12-27 20:00:00,80.3031497136801
2012-12-27 21:00:00,64.6189663027254
2012-12-27 22:00:00,47.1842405538901
2012-12-27 23:00:00,28.7146529504334
2012-12-28 00:00:00,17.0612039333685
2012-12-28 01:00:00,4.67394273622851
2012-12-28 02:00:00,3.30131358249086
2012-12-28 03:00:00,3.17104264251647
2012-12-28 04:00:00,2.54904433592368
2012-12-28 05:00:00,16.8144033869876
2012-12-28 06:00:00,55.002001039812
2012-12-28 07:00:00,182.968785532532
2012-12-28 08:00:00,332.035814154418
2012-12-28 09:00:00,156.454145067192
2012-12-28 10:00:00,84.0893073134377
2012-12-28 11:00:00,96.4692438054012
2012-12-28 12:00:00,129.737701065532
2012-12-28 13:00:00,129.843853941208
2012-12-28 14:00:00,126.011782980645
2012-12-28 15:00:00,116.326812446695
2012-12-28 16:00:00,121.377958660907
2012-12-28 17:00:00,153.580000108027
2012-12-28 18:00:00,151.004305943483
2012-12-28 19:00:00,120.438238166309
2012-12-28 20:00:00,80.6986780371298
2012-12-28 21:00:00,57.8204898417421
2012-12-28 22:00:00,46.2914990425809
2012-12-28 23:00:00,35.1466371824944
2012-12-29 00:00:00,31.1924688626328
2012-12-29 01:00:00,28.3969872662315
2012-12-29 02:00:00,21.4951344263857
2012-12-29 03:00:00,12.6035413989292
2012-12-29 04:00:00,4.43099791152579
2012-12-29 05:00:00,3.223010708432
2012-12-29 06:00:00,5.64469084478431
2012-12-29 07:00:00,17.2952068657315
2012-12-29 08:00:00,37.5969357890099
2012-12-29 09:00:00,91.1639075584216
2012-12-29 10:00:00,112.171492920375
2012-12-29 11:00:00,82.630415792431
2012-12-29 12:00:00,49.6547495363079
2012-12-29 13:00:00,49.8037058436324
2012-12-29 14:00:00,146.671462263364
2012-12-29 15:00:00,131.557725693543
2012-12-29 16:00:00,134.872302290996
2012-12-29 17:00:00,123.147736790103
2012-12-29 18:00:00,107.824832687267
2012-12-29 19:00:00,86.7596489512464
2012-12-29 20:00:00,71.7881087604215
2012-12-29 21:00:00,50.1212753684533
2012-12-29 22:00:00,51.2806620759844
2012-12-29 23:00:00,31.9740369114142
2012-12-30 00:00:00,35.7663975924471
2012-12-30 01:00:00,25.2971708249997
2012-12-30 02:00:00,24.9638655393499
2012-12-30 03:00:00,10.1126989024193
2012-12-30 04:00:00,2.52104620463298
2012-12-30 05:00:00,2.87886384351436
2012-12-30 06:00:00,5.04520919748537
2012-12-30 07:00:00,12.90248498411
2012-12-30 08:00:00,42.6265685902971
2012-12-30 09:00:00,79.9863373001588
2012-12-30 10:00:00,128.721162574627
2012-12-30 11:00:00,156.170143980947
2012-12-30 12:00:00,151.533112252099
2012-12-30 13:00:00,144.541950539171
2012-12-30 14:00:00,140.218873984358
2012-12-30 15:00:00,138.576468594258
2012-12-30 16:00:00,150.961892129749
2012-12-30 17:00:00,154.084013634772
2012-12-30 18:00:00,119.691639711985
2012-12-30 19:00:00,110.215554001772
2012-12-30 20:00:00,71.0275416296015
2012-12-30 21:00:00,41.4999077260801
2012-12-30 22:00:00,30.9768915283035
2012-12-30 23:00:00,24.7492595393703
2012-12-31 00:00:00,10.9472472743616
2012-12-31 01:00:00,4.60505448030684
2012-12-31 02:00:00,2.12406547589412
2012-12-31 03:00:00,1.63198325309742
2012-12-31 04:00:00,1.41010597821636
2012-12-31 05:00:00,6.47523385310655
2012-12-31 06:00:00,49.5895776053775
2012-12-31 07:00:00,137.767891975695
2012-12-31 08:00:00,211.262542715081
2012-12-31 09:00:00,185.226873997894
2012-12-31 10:00:00,57.4654935084017
2012-12-31 11:00:00,70.9753718498992
2012-12-31 12:00:00,78.3657874677787
2012-12-31 13:00:00,98.4299620680042
2012-12-31 14:00:00,93.7845709592901
2012-12-31 15:00:00,117.881437317413
2012-12-31 16:00:00,99.4386595762752
2012-12-31 17:00:00,168.760755952445
2012-12-31 18:00:00,178.360961704704
2012-12-31 19:00:00,128.524092002426
2012-12-31 20:00:00,83.6658320786768
2012-12-31 21:00:00,68.2718511881838
2012-12-31 22:00:00,78.2719239572408
2012-12-31 23:00:00,43.2605042023523
