datetime,count
2011-01-20 00:00:00,15.3543622980303
2011-01-20 01:00:00,4.36279427907614
2011-01-20 02:00:00,2.74311710443728
2011-01-20 03:00:00,4.07490953062418
2011-01-20 04:00:00,2.29763037245321
2011-01-20 05:00:00,18.7033201224701
2011-01-20 06:00:00,79.3481691290928
2011-01-20 07:00:00,162.315256571829
2011-01-20 08:00:00,321.970886787476
2011-01-20 09:00:00,155.397055957169
2011-01-20 10:00:00,84.1664599978334
2011-01-20 11:00:00,97.152559319151
2011-01-20 12:00:00,115.823489693229
2011-01-20 13:00:00,102.899191350515
2011-01-20 14:00:00,93.7486125928347
2011-01-20 15:00:00,104.816051525331
2011-01-20 16:00:00,108.8810099828
2011-01-20 17:00:00,249.48833773348
2011-01-20 18:00:00,206.873313688658
2011-01-20 19:00:00,149.845215319867
2011-01-20 20:00:00,136.242051913813
2011-01-20 21:00:00,92.5904462629407
2011-01-20 22:00:00,44.1437835826067
2011-01-20 23:00:00,20.9967974910874
2011-01-21 00:00:00,22.0547467122187
2011-01-21 01:00:00,10.12508492939
2011-01-21 02:00:00,9.63808716182806
2011-01-21 03:00:00,2.1592434357808
2011-01-21 04:00:00,2.48689667272803
2011-01-21 05:00:00,5.01815139895836
2011-01-21 06:00:00,54.1081846407933
2011-01-21 07:00:00,106.445824627572
2011-01-21 08:00:00,225.542301846422
2011-01-21 09:00:00,129.739443880179
2011-01-21 10:00:00,73.71424180553
2011-01-21 11:00:00,92.9308017357895
2011-01-21 12:00:00,108.399838712863
2011-01-21 13:00:00,101.713717235915
2011-01-21 14:00:00,95.8877804195397
2011-01-21 15:00:00,92.0890494783068
2011-01-21 16:00:00,103.239621391174
2011-01-21 17:00:00,193.156725880239
2011-01-21 18:00:00,151.204339717365
2011-01-21 19:00:00,116.984351550317
2011-01-21 20:00:00,99.5839778416874
2011-01-21 21:00:00,66.2606843268696
2011-01-21 22:00:00,48.4441250805524
2011-01-21 23:00:00,38.0788348972506
2011-01-22 00:00:00,25.0675811345003
2011-01-22 01:00:00,19.4948802896003
2011-01-22 02:00:00,16.9340469997767
2011-01-22 03:00:00,7.85891905952664
2011-01-22 04:00:00,1.64931036301198
2011-01-22 06:00:00,4.99248272609259
2011-01-22 07:00:00,10.1888115209265
2011-01-22 08:00:00,24.3226437208505
2011-01-22 09:00:00,37.5077544728816
2011-01-22 10:00:00,54.4745475661188
2011-01-22 11:00:00,63.1628602565916
2011-01-22 12:00:00,93.6942307537136
2011-01-22 13:00:00,98.7620985124804
2011-01-22 14:00:00,98.1338725100151
2011-01-22 15:00:00,105.42767867579
2011-01-22 16:00:00,108.678443717313
2011-01-22 17:00:00,87.9587058396433
2011-01-22 18:00:00,45.24662929509
2011-01-22 19:00:00,34.6370259774699
2011-01-22 20:00:00,28.4037996839743
2011-01-22 21:00:00,27.9521970495448
2011-01-22 22:00:00,37.5383955161798
2011-01-22 23:00:00,20.8042265261382
2011-01-23 00:00:00,23.8366293974054
2011-01-23 01:00:00,16.469650549632
2011-01-23 02:00:00,11.2177528960355
2011-01-23 03:00:00,9.10850023726321
2011-01-23 05:00:00,1.4482109362916
2011-01-23 06:00:00,1.66654029888495
2011-01-23 07:00:00,9.73452028854571
2011-01-23 08:00:00,18.2439744060273
2011-01-23 09:00:00,30.316760263165
2011-01-23 10:00:00,49.3394082902633
2011-01-23 11:00:00,100.388245996228
2011-01-23 12:00:00,80.176000532728
2011-01-23 13:00:00,67.8831213443701
2011-01-23 14:00:00,114.06195126021
2011-01-23 15:00:00,104.626300238266
2011-01-23 16:00:00,110.752336856518
2011-01-23 17:00:00,67.2160108824661
2011-01-23 18:00:00,53.8424633460011
2011-01-23 19:00:00,39.9547487759566
2011-01-23 20:00:00,30.7119334870483
2011-01-23 21:00:00,27.9766030396546
2011-01-23 22:00:00,19.7494553150988
2011-01-23 23:00:00,10.9501524692917
2011-01-24 00:00:00,8.77055723589393
2011-01-24 01:00:00,3.67802625780938
2011-01-24 03:00:00,1.24151983180045
2011-01-24 04:00:00,1.93508869427567
2011-01-24 05:00:00,6.06267445967043
2011-01-24 06:00:00,32.7089602261769
2011-01-24 07:00:00,82.7149025320958
2011-01-24 08:00:00,193.164743077288
2011-01-24 09:00:00,110.700358790172
2011-01-24 10:00:00,46.1531159418479
2011-01-24 11:00:00,45.2373288959384
2011-01-24 12:00:00,45.0849984794951
2011-01-24 13:00:00,46.9128987997891
2011-01-24 14:00:00,42.9247811926003
2011-01-24 15:00:00,51.1139963429409
2011-01-24 16:00:00,63.7127956436556
2011-01-24 17:00:00,137.856783087758
2011-01-24 18:00:00,132.310607898883
2011-01-24 19:00:00,114.037337514728
2011-01-24 20:00:00,69.1134553128664
2011-01-24 21:00:00,43.8052001888652
2011-01-24 22:00:00,31.2154521449465
2011-01-24 23:00:00,19.7746615614348
2011-01-25 00:00:00,6.46907310293543
2011-01-25 01:00:00,3.6342198301568
2011-01-25 02:00:00,1.75159608258548
2011-01-25 04:00:00,2.3708381011759
2011-01-25 05:00:00,7.15411787049673
2011-01-25 06:00:00,45.7341660901916
2011-01-25 07:00:00,94.0999714993649
2011-01-25 08:00:00,284.000927750224
2011-01-25 09:00:00,157.897986339149
2011-01-25 10:00:00,87.3777325582411
2011-01-25 11:00:00,77.7929700295396
2011-01-25 12:00:00,95.6617780030853
2011-01-25 13:00:00,90.4079610690553
2011-01-25 14:00:00,109.147727278889
2011-01-25 15:00:00,117.784852280086
2011-01-25 16:00:00,160.351182520391
2011-01-25 17:00:00,291.93306501106
2011-01-25 18:00:00,195.954027146643
2011-01-25 19:00:00,138.972894374743
2011-01-25 20:00:00,78.1076961198708
2011-01-25 21:00:00,65.0841247455079
2011-01-25 22:00:00,46.669316518891
2011-01-25 23:00:00,23.1673389010086
2011-01-26 00:00:00,11.4462944629791
2011-01-26 01:00:00,6.5445544680845
2011-01-26 02:00:00,3.20806922767274
2011-01-26 05:00:00,3.50065147207579
2011-01-26 06:00:00,25.4771193276413
2011-01-26 07:00:00,64.6124293704193
2011-01-26 08:00:00,133.045733200069
2011-01-26 09:00:00,75.0705648335523
2011-01-26 10:00:00,24.745862388221
2011-01-26 11:00:00,16.8455510181489
2011-01-26 12:00:00,17.0662427528845
2011-01-26 13:00:00,17.4188094464604
2011-01-26 14:00:00,15.6251822358877
2011-01-26 15:00:00,18.0355828654539
2011-01-26 16:00:00,25.7305964586418
2011-01-26 17:00:00,43.2252957470492
2011-01-27 16:00:00,98.1347104491615
2011-01-27 17:00:00,184.73109340577
2011-01-27 18:00:00,167.540912321155
2011-01-27 19:00:00,109.002560273515
2011-01-27 20:00:00,84.3008093662744
2011-01-27 21:00:00,57.7215266083414
2011-01-27 22:00:00,42.913328570603
2011-01-27 23:00:00,28.1562184122495
2011-01-28 00:00:00,17.8283550306244
2011-01-28 01:00:00,9.56621150012144
2011-01-28 02:00:00,4.10495789520357
2011-01-28 03:00:00,2.9670730576433
2011-01-28 05:00:00,13.1654979029595
2011-01-28 06:00:00,51.034404500757
2011-01-28 07:00:00,127.189725651255
2011-01-28 08:00:00,292.132670156701
2011-01-28 09:00:00,95.4387083132265
2011-01-28 10:00:00,56.7969508474122
2011-01-28 11:00:00,41.7473983405892
2011-01-28 12:00:00,41.9914637948279
2011-01-28 13:00:00,43.6864300517346
2011-01-28 14:00:00,38.604778553325
2011-01-28 15:00:00,65.1899883501931
2011-01-28 16:00:00,77.2011481558528
2011-01-28 17:00:00,178.142848283556
2011-01-28 18:00:00,173.256374867681
2011-01-28 19:00:00,131.152165372637
2011-01-28 20:00:00,79.9463156723204
2011-01-28 21:00:00,66.6562547657016
2011-01-28 22:00:00,40.6130483100806
2011-01-28 23:00:00,53.0561513268002
2011-01-29 00:00:00,38.2741872455659
2011-01-29 01:00:00,25.2230963066275
2011-01-29 02:00:00,19.4745689514617
2011-01-29 03:00:00,10.4448307092737
2011-01-29 04:00:00,3.24427874390072
2011-01-29 06:00:00,2.95118803884705
2011-01-29 07:00:00,12.9264840485729
2011-01-29 08:00:00,34.5453241184274
2011-01-29 09:00:00,44.621561656384
2011-01-29 10:00:00,104.764604797971
2011-01-29 11:00:00,80.5597251908813
2011-01-29 12:00:00,98.510269703438
2011-01-29 13:00:00,141.18113338705
2011-01-29 14:00:00,127.346631573955
2011-01-29 15:00:00,104.114280058227
2011-01-29 16:00:00,101.185145620584
2011-01-29 17:00:00,66.3429914752632
2011-01-29 18:00:00,75.8859215787037
2011-01-29 19:00:00,62.6814299538717
2011-01-29 20:00:00,38.5657195788057
2011-01-29 21:00:00,32.698936133017
2011-01-29 22:00:00,26.7791126942185
2011-01-29 23:00:00,23.5065709909214
2011-01-30 00:00:00,28.0789026355052
2011-01-30 01:00:00,23.1853383698262
2011-01-30 02:00:00,14.3180198125078
2011-01-30 03:00:00,7.88570079897681
2011-01-30 04:00:00,2.94242005069137
2011-01-30 05:00:00,2.73058548008863
2011-01-30 07:00:00,7.44087329521262
2011-01-30 08:00:00,24.37109730349
2011-01-30 09:00:00,73.5112728150125
2011-01-30 10:00:00,146.973026188784
2011-01-30 11:00:00,69.642906926154
2011-01-30 12:00:00,188.283905193211
2011-01-30 13:00:00,120.412801224663
2011-01-30 14:00:00,137.248681846748
2011-01-30 15:00:00,125.364817937732
2011-01-30 16:00:00,119.645790048831
2011-01-30 17:00:00,86.2541948794988
2011-01-30 18:00:00,71.7176260596448
2011-01-30 19:00:00,52.4927112638525
2011-01-30 20:00:00,63.8339111855559
2011-01-30 21:00:00,49.5461704266197
2011-01-30 22:00:00,39.8316387914617
2011-01-30 23:00:00,15.2971834989388
2011-01-31 00:00:00,10.7632263574466
2011-01-31 01:00:00,4.27186076442541
2011-01-31 02:00:00,2.8556206529529
2011-01-31 03:00:00,2.01857283127196
2011-01-31 04:00:00,1.61699414824483
2011-01-31 05:00:00,4.54759809756542
2011-01-31 06:00:00,38.9308339166851
2011-01-31 07:00:00,103.875331566524
2011-01-31 08:00:00,215.333246117688
2011-01-31 09:00:00,102.790905580234
2011-01-31 10:00:00,46.34144011066
2011-01-31 11:00:00,42.2205555195285
2011-01-31 12:00:00,50.8458388598966
2011-01-31 13:00:00,58.8427723247548
2011-01-31 14:00:00,40.2146382459964
2011-01-31 15:00:00,44.3036208011921
2011-01-31 16:00:00,61.2867222705188
2011-01-31 17:00:00,143.044101564691
2011-01-31 18:00:00,150.947463235519
2011-01-31 19:00:00,148.905391308856
2011-01-31 20:00:00,70.182607339711
2011-01-31 21:00:00,44.5049503236441
2011-01-31 22:00:00,32.0870737913921
2011-01-31 23:00:00,17.2723074311536
2011-02-20 00:00:00,54.1633963682644
2011-02-20 01:00:00,40.8109600665766
2011-02-20 02:00:00,38.3576004388977
2011-02-20 03:00:00,15.9061472332007
2011-02-20 04:00:00,2.97841354464804
2011-02-20 06:00:00,3.8340327869363
2011-02-20 07:00:00,15.9924525745814
2011-02-20 08:00:00,35.9148696534901
2011-02-20 09:00:00,65.6018571114836
2011-02-20 10:00:00,104.07663053366
2011-02-20 11:00:00,135.045250795664
2011-02-20 12:00:00,193.547140794879
2011-02-20 13:00:00,172.204042243748
2011-02-20 14:00:00,170.461186940388
2011-02-20 15:00:00,177.432707172505
2011-02-20 16:00:00,158.325080674133
2011-02-20 17:00:00,141.428099323148
2011-02-20 18:00:00,117.697256793649
2011-02-20 19:00:00,99.6074170845163
2011-02-20 20:00:00,82.6859515538845
2011-02-20 21:00:00,74.1084654928105
2011-02-20 22:00:00,74.8687616001144
2011-02-20 23:00:00,39.7087761839357
2011-02-21 00:00:00,57.0303324846532
2011-02-21 01:00:00,28.6841952231526
2011-02-21 02:00:00,17.2694641040507
2011-02-21 03:00:00,9.5238222496375
2011-02-21 04:00:00,6.28656863244646
2011-02-21 05:00:00,2.62783572246016
2011-02-21 06:00:00,8.35745962409239
2011-02-21 07:00:00,34.7763502540432
2011-02-21 08:00:00,62.5520909151267
2011-02-21 09:00:00,94.3433338255806
2011-02-21 10:00:00,162.617916517409
2011-02-21 11:00:00,221.439579670999
2011-02-21 12:00:00,293.403174927551
2011-02-21 13:00:00,105.251984217015
2011-02-21 14:00:00,214.659323261938
2011-02-21 15:00:00,144.011308382767
2011-02-21 16:00:00,149.935950976818
2011-02-21 17:00:00,163.954168494081
2011-02-21 18:00:00,126.485811487334
2011-02-21 19:00:00,92.8683896464965
2011-02-21 20:00:00,77.3754741727697
2011-02-21 21:00:00,55.2547899836863
2011-02-21 22:00:00,45.9597221781348
2011-02-21 23:00:00,26.1030814212331
2011-02-22 06:00:00,41.5284900681998
2011-02-22 07:00:00,107.045888313921
2011-02-22 08:00:00,258.570192527612
2011-02-22 09:00:00,120.439943025316
2011-02-22 10:00:00,39.7945756484683
2011-02-22 11:00:00,51.659843991562
2011-02-22 12:00:00,78.0469761779724
2011-02-22 13:00:00,80.1472655637117
2011-02-22 14:00:00,69.4860156665633
2011-02-22 15:00:00,71.5782616778823
2011-02-22 16:00:00,87.3258204024798
2011-02-22 17:00:00,171.864411719046
2011-02-22 18:00:00,176.989763154568
2011-02-22 19:00:00,98.3687256882164
2011-02-22 20:00:00,71.9371054046144
2011-02-22 21:00:00,57.7454464126963
2011-02-22 22:00:00,33.7925451850076
2011-02-22 23:00:00,22.3013453675042
2011-02-23 00:00:00,11.9880731048293
2011-02-23 01:00:00,5.03657876074119
2011-02-23 02:00:00,2.04324629741604
2011-02-23 03:00:00,1.30578381279088
2011-02-23 05:00:00,5.0646994379452
2011-02-23 06:00:00,36.8320005045428
2011-02-23 07:00:00,107.81317997263
2011-02-23 08:00:00,226.663229876269
2011-02-23 09:00:00,160.793596308773
2011-02-23 10:00:00,77.1996662553626
2011-02-23 11:00:00,71.1392877063069
2011-02-23 12:00:00,92.3207431522381
2011-02-23 13:00:00,87.273081493814
2011-02-23 14:00:00,100.814323862118
2011-02-23 15:00:00,112.627147342707
2011-02-23 16:00:00,154.995192262115
2011-02-23 17:00:00,284.680295588186
2011-02-23 18:00:00,241.563726636115
2011-02-23 19:00:00,184.570631686757
2011-02-23 20:00:00,105.243004769442
2011-02-23 21:00:00,81.0454977520445
2011-02-23 22:00:00,58.9320844954255
2011-02-23 23:00:00,29.403716769719
2011-02-24 00:00:00,16.1920442485212
2011-02-24 01:00:00,6.92965330600316
2011-02-24 02:00:00,2.77336903978637
2011-02-24 03:00:00,1.93225326360332
2011-02-24 05:00:00,9.71010687393388
2011-02-24 06:00:00,57.4299904967992
2011-02-24 07:00:00,176.045235242422
2011-02-24 08:00:00,430.068098369222
2011-02-24 09:00:00,143.63474306913
2011-02-24 10:00:00,93.4250088441035
2011-02-24 11:00:00,107.017663341387
2011-02-24 12:00:00,120.889245895973
2011-02-24 13:00:00,110.300221547224
2011-02-24 14:00:00,93.8173584632903
2011-02-24 15:00:00,80.6633671593051
2011-02-24 16:00:00,100.552045057773
2011-02-24 17:00:00,271.137055892132
2011-02-24 18:00:00,160.43178291205
2011-02-24 19:00:00,104.139063868314
2011-02-24 20:00:00,94.2482686674247
2011-02-24 21:00:00,98.0759228270785
2011-02-24 22:00:00,63.0463071751906
2011-02-24 23:00:00,46.9053631413339
2011-02-25 00:00:00,11.1962610639765
2011-02-25 01:00:00,10.3416616183642
2011-02-25 02:00:00,4.58281857500362
2011-02-25 03:00:00,1.95677420243393
2011-02-25 05:00:00,11.7232382752239
2011-02-25 06:00:00,46.6610125894861
2011-02-25 07:00:00,80.855376958517
2011-02-25 08:00:00,230.583340546254
2011-02-25 09:00:00,57.8907112494301
2011-02-25 10:00:00,37.2341213991068
2011-02-25 11:00:00,135.408971108193
2011-02-25 12:00:00,164.440087184239
2011-02-25 13:00:00,143.613281516547
2011-02-25 14:00:00,121.49156356625
2011-02-25 15:00:00,186.14807043272
2011-02-25 16:00:00,139.737822910357
2011-02-25 17:00:00,229.723262416157
2011-02-25 18:00:00,180.43574775513
2011-02-25 19:00:00,129.326881248306
2011-02-25 20:00:00,86.2952835874268
2011-02-25 21:00:00,77.1044796925994
2011-02-25 22:00:00,52.5716967551271
2011-02-25 23:00:00,52.2077805309856
2011-02-26 00:00:00,55.1511351747309
2011-02-26 01:00:00,32.8062852407241
2011-02-26 02:00:00,24.6862385323933
2011-02-26 03:00:00,11.1467710729622
2011-02-26 04:00:00,3.62537967359659
2011-02-26 05:00:00,2.41857267181935
2011-02-26 06:00:00,4.49326294839163
2011-02-26 07:00:00,11.5202970516841
2011-02-26 08:00:00,44.1621518889593
2011-02-26 09:00:00,112.207728580708
2011-02-26 10:00:00,156.938588616657
2011-02-26 11:00:00,199.912425696041
2011-02-26 12:00:00,242.627082396999
2011-02-26 13:00:00,247.470053388948
2011-02-26 14:00:00,163.244371146392
2011-02-26 15:00:00,204.946827732232
2011-02-26 16:00:00,194.027957407747
2011-02-26 17:00:00,175.411706202726
2011-02-26 18:00:00,151.875575479973
2011-02-26 19:00:00,95.1405045499259
2011-02-26 20:00:00,90.7240936127781
2011-02-26 21:00:00,56.2338467522613
2011-02-26 22:00:00,63.7541997147457
2011-02-26 23:00:00,45.1303071499
2011-02-27 00:00:00,44.5309947857903
2011-02-27 01:00:00,47.8145007022976
2011-02-27 02:00:00,37.525935435097
2011-02-27 03:00:00,18.5112585721469
2011-02-27 04:00:00,8.87147076916869
2011-02-27 06:00:00,3.8576929377474
2011-02-27 07:00:00,19.3378121477686
2011-02-27 08:00:00,47.9837257705796
2011-02-27 09:00:00,89.5713429120268
2011-02-27 10:00:00,115.001736766219
2011-02-27 11:00:00,207.385529856991
2011-02-27 12:00:00,266.612807142306
2011-02-27 13:00:00,249.414996852166
2011-02-27 14:00:00,252.5700756266
2011-02-27 15:00:00,266.404112751453
2011-02-27 16:00:00,295.252952428278
2011-02-27 17:00:00,192.875210536996
2011-02-27 18:00:00,155.543436397792
2011-02-27 19:00:00,128.048713653557
2011-02-27 20:00:00,106.933317894086
2011-02-27 21:00:00,76.0341097767289
2011-02-27 22:00:00,64.1847609773065
2011-02-27 23:00:00,40.4434018795087
2011-02-28 00:00:00,18.090658140991
2011-02-28 01:00:00,3.96045563315815
2011-02-28 03:00:00,1.25304191025922
2011-02-28 05:00:00,11.1028087319938
2011-02-28 06:00:00,80.4405802636474
2011-02-28 07:00:00,196.259401212576
2011-02-28 08:00:00,241.976233604639
2011-02-28 09:00:00,173.559501571903
2011-02-28 10:00:00,110.054669657071
2011-02-28 11:00:00,101.112120778903
2011-02-28 12:00:00,131.006796991816
2011-02-28 13:00:00,89.4109884651588
2011-02-28 14:00:00,44.3176661918915
2011-02-28 15:00:00,46.3865115906269
2011-02-28 16:00:00,104.096411734817
2011-02-28 17:00:00,115.353652634584
2011-02-28 18:00:00,178.412312266814
2011-02-28 19:00:00,92.7821736253181
2011-02-28 20:00:00,85.3231157102532
2011-02-28 21:00:00,74.0964281676902
2011-02-28 22:00:00,37.1991199443243
2011-02-28 23:00:00,26.429625003855
2011-03-20 00:00:00,76.9070595807669
2011-03-20 01:00:00,35.9940788713701
2011-03-20 02:00:00,34.9684626470418
2011-03-20 03:00:00,15.9765813531632
2011-03-20 04:00:00,3.78734971186105
2011-03-20 05:00:00,3.02046432801718
2011-03-20 06:00:00,3.50627616145949
2011-03-20 07:00:00,18.7799857480261
2011-03-20 08:00:00,48.6995563050044
2011-03-20 09:00:00,96.8671234151789
2011-03-20 10:00:00,189.096959328093
2011-03-20 11:00:00,218.498165462599
2011-03-20 12:00:00,296.830859643584
2011-03-20 13:00:00,251.243856896275
2011-03-20 14:00:00,306.358689834371
2011-03-20 15:00:00,270.643789166473
2011-03-20 16:00:00,279.226203120058
2011-03-20 17:00:00,185.638336680455
2011-03-20 18:00:00,146.285135201509
2011-03-20 19:00:00,143.243072715134
2011-03-20 20:00:00,115.72106618306
2011-03-20 21:00:00,67.5663835230977
2011-03-20 22:00:00,51.988142660174
2011-03-20 23:00:00,22.1820781167529
2011-03-21 00:00:00,8.47028590463822
2011-03-21 01:00:00,4.9748426784693
2011-03-21 02:00:00,3.29527883461228
2011-03-21 03:00:00,1.93171938231432
2011-03-21 05:00:00,8.41851334094789
2011-03-21 06:00:00,40.7086511229458
2011-03-21 07:00:00,76.7549736446706
2011-03-21 08:00:00,307.770601987806
2011-03-21 09:00:00,131.007835687501
2011-03-21 10:00:00,82.9480544833982
2011-03-21 11:00:00,116.015508442367
2011-03-21 12:00:00,161.289552899708
2011-03-21 13:00:00,172.825165384956
2011-03-21 14:00:00,181.084434514693
2011-03-21 15:00:00,214.050569777045
2011-03-21 16:00:00,216.805506142322
2011-03-21 17:00:00,517.377501215068
2011-03-21 18:00:00,500.725834672178
2011-03-21 19:00:00,379.19067828961
2011-03-21 20:00:00,301.050754619804
2011-03-21 21:00:00,134.104280284995
2011-03-21 22:00:00,92.9412643055752
2011-03-21 23:00:00,54.795376600138
2011-03-22 00:00:00,30.2450654534521
2011-03-22 01:00:00,5.19806262908421
2011-03-22 02:00:00,4.54520304787793
2011-03-22 03:00:00,4.18690884488206
2011-03-22 04:00:00,3.6082673895491
2011-03-22 05:00:00,17.1475691554554
2011-03-22 06:00:00,87.9941353671116
2011-03-22 07:00:00,212.168951484805
2011-03-22 08:00:00,429.409113119978
2011-03-22 09:00:00,200.227950309425
2011-03-22 10:00:00,112.425865421176
2011-03-22 11:00:00,118.398053625217
2011-03-22 12:00:00,177.824122938287
2011-03-22 13:00:00,189.538383385547
2011-03-22 14:00:00,157.210229711483
2011-03-22 15:00:00,176.795360498943
2011-03-22 16:00:00,225.098714455771
2011-03-22 17:00:00,468.416188834394
2011-03-22 18:00:00,461.302659278372
2011-03-22 19:00:00,225.349342627365
2011-03-22 20:00:00,175.304233359563
2011-03-22 21:00:00,106.772697821981
2011-03-22 22:00:00,83.9083469440611
2011-03-22 23:00:00,44.008093951255
2011-03-23 00:00:00,10.7391986942993
2011-03-23 01:00:00,5.33433250656416
2011-03-23 02:00:00,2.52407670066064
2011-03-23 03:00:00,2.42442775016112
2011-03-23 05:00:00,6.38474952101266
2011-03-23 06:00:00,55.1846467098944
2011-03-23 07:00:00,125.9640478834
2011-03-23 08:00:00,323.014615816237
2011-03-23 09:00:00,167.990969672102
2011-03-23 10:00:00,55.8864605652383
2011-03-23 11:00:00,70.0032968887677
2011-03-23 12:00:00,66.297717916004
2011-03-23 13:00:00,48.781186288196
2011-03-23 14:00:00,66.6015971936359
2011-03-23 15:00:00,84.3841420416248
2011-03-23 16:00:00,119.501284233135
2011-03-23 17:00:00,272.939902762935
2011-03-23 18:00:00,152.937112474289
2011-03-23 19:00:00,129.551829036136
2011-03-23 20:00:00,27.3107932785296
2011-03-23 21:00:00,17.4258972767381
2011-03-23 22:00:00,33.4075347694731
2011-03-23 23:00:00,20.8844138695613
2011-03-24 00:00:00,9.01440571706312
2011-03-24 01:00:00,4.41462090223186
2011-03-24 02:00:00,3.51251918131919
2011-03-24 03:00:00,2.48963574842372
2011-03-24 04:00:00,2.14086291422595
2011-03-24 05:00:00,10.0740990207735
2011-03-24 06:00:00,48.0391805651509
2011-03-24 07:00:00,57.8931623621362
2011-03-24 08:00:00,77.1936423415538
2011-03-24 09:00:00,119.467085874133
2011-03-24 10:00:00,38.0168788965057
2011-03-24 11:00:00,64.6996614260014
2011-03-24 12:00:00,98.8164680819642
2011-03-24 13:00:00,86.8907684945577
2011-03-24 14:00:00,76.0227088579512
2011-03-24 15:00:00,83.7403422211608
2011-03-24 16:00:00,82.0348620754994
2011-03-24 17:00:00,179.01475750581
2011-03-24 18:00:00,239.750672823507
2011-03-24 19:00:00,156.94927775499
2011-03-24 20:00:00,122.951230915895
2011-03-24 21:00:00,77.4361757274724
2011-03-24 22:00:00,58.9092972400471
2011-03-24 23:00:00,33.8430320715138
2011-03-25 00:00:00,23.4132042405815
2011-03-25 01:00:00,6.44318345876322
2011-03-25 02:00:00,2.13865779135172
2011-03-25 03:00:00,2.63251445530206
2011-03-25 04:00:00,1.8857007650014
2011-03-25 05:00:00,6.18399591279075
2011-03-25 06:00:00,45.322682086231
2011-03-25 07:00:00,131.929575546212
2011-03-25 08:00:00,348.140494658753
2011-03-25 09:00:00,193.145932750804
2011-03-25 10:00:00,98.3853110806826
2011-03-25 11:00:00,111.752200121715
2011-03-25 12:00:00,133.139935609258
2011-03-25 13:00:00,122.149744509139
2011-03-25 14:00:00,144.90174969553
2011-03-25 15:00:00,107.736617201412
2011-03-25 16:00:00,170.095043333188
2011-03-25 17:00:00,293.616034934615
2011-03-25 18:00:00,171.117864594809
2011-03-25 19:00:00,159.15188460257
2011-03-25 20:00:00,101.37642686097
2011-03-25 21:00:00,77.7272807302795
2011-03-25 22:00:00,77.4784919457509
2011-03-25 23:00:00,39.6591914022607
2011-03-26 00:00:00,89.2144233135275
2011-03-26 01:00:00,61.2858507823864
2011-03-26 02:00:00,36.5168892322601
2011-03-26 03:00:00,14.7676480006669
2011-03-26 04:00:00,3.54302688084164
2011-03-26 05:00:00,4.44659650198972
2011-03-26 06:00:00,10.4360269479477
2011-03-26 07:00:00,25.3117753220716
2011-03-26 08:00:00,66.132661900011
2011-03-26 09:00:00,122.08052625574
2011-03-26 10:00:00,145.149359397102
2011-03-26 11:00:00,143.019678495261
2011-03-26 12:00:00,164.859348512363
2011-03-26 13:00:00,296.9898268165
2011-03-26 14:00:00,270.560178815866
2011-03-26 15:00:00,262.980383286851
2011-03-26 16:00:00,249.17960694642
2011-03-26 17:00:00,219.745338736501
2011-03-26 18:00:00,183.789395789861
2011-03-26 19:00:00,97.959891637506
2011-03-26 20:00:00,90.2155245680172
2011-03-26 21:00:00,82.1727774187334
2011-03-26 22:00:00,55.9707573259749
2011-03-26 23:00:00,52.0821118951742
2011-03-27 00:00:00,85.7754882396586
2011-03-27 01:00:00,36.3458258460599
2011-03-27 02:00:00,23.6655608400073
2011-03-27 03:00:00,9.40853789199588
2011-03-27 04:00:00,3.47757351089685
2011-03-27 06:00:00,4.17144239668868
2011-03-27 07:00:00,8.00658514066672
2011-03-27 08:00:00,34.0175655949817
2011-03-27 09:00:00,72.9989274840236
2011-03-27 10:00:00,107.558769053126
2011-03-27 11:00:00,203.105414579843
2011-03-27 12:00:00,227.125021898772
2011-03-27 13:00:00,248.285773332134
2011-03-27 14:00:00,237.699847810584
2011-03-27 15:00:00,213.540005607836
2011-03-27 16:00:00,183.036676464036
2011-03-27 17:00:00,224.813908921699
2011-03-27 18:00:00,150.996600219651
2011-03-27 19:00:00,115.104001132689
2011-03-27 20:00:00,79.0717729286479
2011-03-27 21:00:00,79.2597744589524
2011-03-27 22:00:00,63.5974159864325
2011-03-27 23:00:00,34.3835983413503
2011-03-28 00:00:00,15.6073653590111
2011-03-28 01:00:00,5.76373689400977
2011-03-28 02:00:00,3.25174099738336
2011-03-28 03:00:00,1.40130440662694
2011-03-28 05:00:00,9.13748427519845
2011-03-28 06:00:00,35.0874151958631
2011-03-28 07:00:00,108.767963053861
2011-03-28 08:00:00,281.845432210878
2011-03-28 09:00:00,119.323684784262
2011-03-28 10:00:00,66.9914637043856
2011-03-28 11:00:00,83.8276416120333
2011-03-28 12:00:00,91.4610185268932
2011-03-28 13:00:00,89.5944265045056
2011-03-28 14:00:00,88.0187635340005
2011-03-28 15:00:00,96.6421393661021
2011-03-28 16:00:00,107.057801403503
2011-03-28 17:00:00,314.445395784954
2011-03-28 18:00:00,259.888703698979
2011-03-28 19:00:00,142.813199154573
2011-03-28 20:00:00,139.10070902763
2011-03-28 21:00:00,103.708050182918
2011-03-28 22:00:00,62.1148438202554
2011-03-28 23:00:00,40.0227161430003
2011-03-29 00:00:00,17.4050607994683
2011-03-29 01:00:00,4.60577793310693
2011-03-29 02:00:00,2.93509265717222
2011-03-29 03:00:00,1.81247374708165
2011-03-29 04:00:00,1.94172607562897
2011-03-29 05:00:00,10.4855775142746
2011-03-29 06:00:00,57.8900223555852
2011-03-29 07:00:00,139.749236587672
2011-03-29 08:00:00,357.328009707311
2011-03-29 09:00:00,181.764246371566
2011-03-29 10:00:00,91.8649521346618
2011-03-29 11:00:00,81.4349856025984
2011-03-29 12:00:00,110.386327695142
2011-03-29 13:00:00,116.306310350904
2011-03-29 14:00:00,103.504106213556
2011-03-29 15:00:00,119.042397090463
2011-03-29 16:00:00,141.364590068511
2011-03-29 17:00:00,365.464976088755
2011-03-29 18:00:00,264.597448412153
2011-03-29 19:00:00,203.576286614502
2011-03-29 20:00:00,149.368959752527
2011-03-29 21:00:00,111.972346635384
2011-03-29 22:00:00,78.5095622199253
2011-03-29 23:00:00,33.6016807143174
2011-03-30 00:00:00,15.9527028158489
2011-03-30 01:00:00,9.10313465602595
2011-03-30 02:00:00,3.44165757073241
2011-03-30 03:00:00,2.37331935653516
2011-03-30 04:00:00,1.94942459803362
2011-03-30 05:00:00,18.0534275588439
2011-03-30 06:00:00,71.3500253330544
2011-03-30 07:00:00,213.349266557582
2011-03-30 08:00:00,407.074419530405
2011-03-30 09:00:00,195.028184463114
2011-03-30 10:00:00,91.1690344942824
2011-03-30 11:00:00,93.3377075574359
2011-03-30 12:00:00,125.316002534616
2011-03-30 13:00:00,117.639125272749
2011-03-30 14:00:00,98.3288595788971
2011-03-30 15:00:00,38.0694732884049
2011-03-30 16:00:00,38.4482552760367
2011-03-30 17:00:00,80.9591823060368
2011-03-30 18:00:00,123.185517299214
2011-03-30 19:00:00,102.700395665357
2011-03-30 20:00:00,30.9690579577002
2011-03-30 21:00:00,58.7451656080838
2011-03-30 22:00:00,24.796099974743
2011-03-30 23:00:00,9.68022140628631
2011-03-31 00:00:00,7.70641074107191
2011-03-31 01:00:00,4.17642152956001
2011-03-31 02:00:00,3.0882576361309
2011-03-31 03:00:00,2.30271137603909
2011-03-31 04:00:00,2.80862141104899
2011-03-31 05:00:00,6.54006681394816
2011-03-31 06:00:00,24.1456680942419
2011-03-31 07:00:00,74.0590921662084
2011-03-31 08:00:00,210.462120484816
2011-03-31 09:00:00,58.9884016636676
2011-03-31 10:00:00,24.8122377406119
2011-03-31 11:00:00,32.4862498769684
2011-03-31 12:00:00,32.5591870033153
2011-03-31 13:00:00,49.1776312986657
2011-03-31 14:00:00,39.0129540204579
2011-03-31 15:00:00,28.3417168956374
2011-03-31 16:00:00,79.729501459363
2011-03-31 17:00:00,177.024596518562
2011-03-31 18:00:00,160.430082322023
2011-03-31 19:00:00,121.451730940107
2011-03-31 20:00:00,47.7619156594484
2011-03-31 21:00:00,62.6683683484771
2011-03-31 22:00:00,27.9206712096111
2011-03-31 23:00:00,22.7165433215396
2011-04-20 00:00:00,26.3808330796015
2011-04-20 01:00:00,5.09576482255227
2011-04-20 02:00:00,5.42661541656597
2011-04-20 03:00:00,2.39917741213976
2011-04-20 04:00:00,1.96461681084262
2011-04-20 05:00:00,11.0597276270202
2011-04-20 06:00:00,63.2298509734402
2011-04-20 07:00:00,181.876551065659
2011-04-20 08:00:00,519.789579657738
2011-04-20 09:00:00,269.095685610817
2011-04-20 10:00:00,146.991673623971
2011-04-20 11:00:00,150.624104444079
2011-04-20 12:00:00,222.29687903482
2011-04-20 13:00:00,201.064311371413
2011-04-20 14:00:00,196.860573089338
2011-04-20 15:00:00,218.021811305818
2011-04-20 16:00:00,333.272768017537
2011-04-20 17:00:00,681.590621442569
2011-04-20 18:00:00,511.646770407213
2011-04-20 19:00:00,453.947481754596
2011-04-20 20:00:00,312.883695342205
2011-04-20 21:00:00,221.528190313727
2011-04-20 22:00:00,166.878556436113
2011-04-20 23:00:00,93.1829327286234
2011-04-21 00:00:00,44.1244196163171
2011-04-21 01:00:00,15.402722643536
2011-04-21 02:00:00,10.2377082783742
2011-04-21 03:00:00,3.52046406929496
2011-04-21 04:00:00,3.67317166885727
2011-04-21 05:00:00,25.444623151052
2011-04-21 06:00:00,91.1310219574157
2011-04-21 07:00:00,256.091730837668
2011-04-21 08:00:00,482.969882839699
2011-04-21 09:00:00,225.14684251473
2011-04-21 10:00:00,150.580377641809
2011-04-21 11:00:00,164.435579653644
2011-04-21 12:00:00,207.183176566543
2011-04-21 13:00:00,242.958877260981
2011-04-21 14:00:00,206.635582804981
2011-04-21 15:00:00,214.063569106664
2011-04-21 16:00:00,257.525046706101
2011-04-21 17:00:00,667.655691241288
2011-04-21 18:00:00,597.860461238096
2011-04-21 19:00:00,357.713319975669
2011-04-21 20:00:00,253.37488900722
2011-04-21 21:00:00,184.931289312857
2011-04-21 22:00:00,156.982132837197
2011-04-21 23:00:00,107.894722424374
2011-04-22 00:00:00,34.7982421243072
2011-04-22 01:00:00,20.624738829606
2011-04-22 02:00:00,10.5228643093625
2011-04-22 03:00:00,7.74411128929503
2011-04-22 04:00:00,4.2337575015917
2011-04-22 05:00:00,19.0898286205481
2011-04-22 06:00:00,84.1460718851401
2011-04-22 07:00:00,215.086426243229
2011-04-22 08:00:00,403.130345996225
2011-04-22 09:00:00,133.393677249307
2011-04-22 10:00:00,114.765988655697
2011-04-22 11:00:00,66.5316869965902
2011-04-22 12:00:00,60.9298570756688
2011-04-22 13:00:00,40.9166110980581
2011-04-22 14:00:00,20.9010440518422
2011-04-22 15:00:00,41.8510930615985
2011-04-22 16:00:00,66.3361423075043
2011-04-22 17:00:00,104.886953066993
2011-04-22 18:00:00,76.5779413678773
2011-04-22 19:00:00,82.2384695416724
2011-04-22 20:00:00,52.3051535694781
2011-04-22 21:00:00,46.5253460669606
2011-04-22 22:00:00,30.8379200188861
2011-04-22 23:00:00,36.7405550540139
2011-04-23 00:00:00,33.024167509208
2011-04-23 01:00:00,24.8809046019361
2011-04-23 02:00:00,33.1287870050907
2011-04-23 03:00:00,13.7434277765623
2011-04-23 04:00:00,3.51446124308854
2011-04-23 05:00:00,5.32864874320512
2011-04-23 06:00:00,13.6225734924468
2011-04-23 07:00:00,16.8178959494565
2011-04-23 08:00:00,45.1768804711827
2011-04-23 09:00:00,51.6021466152757
2011-04-23 10:00:00,104.589679583356
2011-04-23 11:00:00,148.681729941186
2011-04-23 12:00:00,131.346049692063
2011-04-23 13:00:00,155.538078815355
2011-04-23 14:00:00,232.691706892637
2011-04-23 15:00:00,303.031071652385
2011-04-23 16:00:00,326.244414425582
2011-04-23 17:00:00,400.347722483494
2011-04-23 18:00:00,300.483481506938
2011-04-23 19:00:00,226.79385270079
2011-04-23 20:00:00,129.815775356207
2011-04-23 21:00:00,146.142357967582
2011-04-23 22:00:00,138.941676711326
2011-04-23 23:00:00,101.975909427369
2011-04-24 00:00:00,134.376760044558
2011-04-24 01:00:00,57.5894989261654
2011-04-24 02:00:00,42.6067050169785
2011-04-24 03:00:00,21.0133495876604
2011-04-24 04:00:00,6.74550562279286
2011-04-24 05:00:00,9.71692081738573
2011-04-24 06:00:00,7.10996262474544
2011-04-24 07:00:00,20.5293543251063
2011-04-24 08:00:00,70.9137096101646
2011-04-24 09:00:00,124.384095403321
2011-04-24 10:00:00,194.913552447189
2011-04-24 11:00:00,369.011380580105
2011-04-24 12:00:00,336.067837932235
2011-04-24 13:00:00,415.005830302926
2011-04-24 14:00:00,354.945850360173
2011-04-24 15:00:00,423.202748949087
2011-04-24 16:00:00,413.967846177744
2011-04-24 17:00:00,476.255010516829
2011-04-24 18:00:00,279.112206699318
2011-04-24 19:00:00,157.357983412388
2011-04-24 20:00:00,106.093854213109
2011-04-24 21:00:00,73.4609113885794
2011-04-24 22:00:00,41.9490449211716
2011-04-24 23:00:00,40.680795590271
2011-04-25 00:00:00,15.7302825038145
2011-04-25 01:00:00,8.26977563738544
2011-04-25 02:00:00,6.81056455712667
2011-04-25 03:00:00,3.03297531835589
2011-04-25 04:00:00,4.26910811345566
2011-04-25 05:00:00,13.0243266108428
2011-04-25 06:00:00,51.8264472260403
2011-04-25 07:00:00,190.604235602458
2011-04-25 08:00:00,518.892776831084
2011-04-25 09:00:00,244.264881473171
2011-04-25 10:00:00,120.155850397693
2011-04-25 11:00:00,137.719090606891
2011-04-25 12:00:00,174.385762711214
2011-04-25 13:00:00,173.658554342109
2011-04-25 14:00:00,166.652672826376
2011-04-25 15:00:00,190.355464022481
2011-04-25 16:00:00,256.187858538012
2011-04-25 17:00:00,478.777344271388
2011-04-25 18:00:00,438.638343768851
2011-04-25 19:00:00,346.828202050437
2011-04-25 20:00:00,226.179451758671
2011-04-25 21:00:00,174.042845599942
2011-04-25 22:00:00,98.3588285389619
2011-04-25 23:00:00,62.623935064548
2011-04-26 00:00:00,29.1041409980613
2011-04-26 01:00:00,10.8412835888738
2011-04-26 02:00:00,4.22340285819972
2011-04-26 03:00:00,2.73442761796163
2011-04-26 04:00:00,4.59921075139742
2011-04-26 05:00:00,18.8131116565786
2011-04-26 06:00:00,67.9716930240012
2011-04-26 07:00:00,306.909036849146
2011-04-26 08:00:00,516.572847603849
2011-04-26 09:00:00,221.553692826806
2011-04-26 10:00:00,117.946780614614
2011-04-26 11:00:00,130.297354238248
2011-04-26 12:00:00,184.393467448593
2011-04-26 13:00:00,169.539509323734
2011-04-26 14:00:00,159.975325066159
2011-04-26 15:00:00,175.549914691642
2011-04-26 16:00:00,239.814359026577
2011-04-26 17:00:00,492.906685856177
2011-04-26 18:00:00,420.829067741777
2011-04-26 19:00:00,302.760524433898
2011-04-26 20:00:00,221.587738606626
2011-04-26 21:00:00,145.90614617301
2011-04-26 22:00:00,107.525481134105
2011-04-26 23:00:00,57.8127723162445
2011-04-27 00:00:00,38.0287045645106
2011-04-27 01:00:00,13.1427886312635
2011-04-27 02:00:00,5.48808696541276
2011-04-27 03:00:00,2.67194971065067
2011-04-27 04:00:00,3.07429091595976
2011-04-27 05:00:00,12.0439200340348
2011-04-27 06:00:00,70.189878940633
2011-04-27 07:00:00,221.853259385802
2011-04-27 08:00:00,337.297835889361
2011-04-27 09:00:00,142.198015315607
2011-04-27 10:00:00,93.0342320476563
2011-04-27 11:00:00,107.58066121218
2011-04-27 12:00:00,161.874701968116
2011-04-27 13:00:00,129.742180383212
2011-04-27 14:00:00,163.125195856913
2011-04-27 15:00:00,166.266665594943
2011-04-27 16:00:00,200.335847055526
2011-04-27 17:00:00,214.652091519989
2011-04-27 18:00:00,167.507862169373
2011-04-27 19:00:00,314.45123449104
2011-04-27 20:00:00,163.520272265349
2011-04-27 21:00:00,128.678273616181
2011-04-27 22:00:00,94.0082235025806
2011-04-27 23:00:00,46.4706768046469
2011-04-28 00:00:00,40.8485807912472
2011-04-28 01:00:00,11.6745144285727
2011-04-28 02:00:00,6.22186418978035
2011-04-28 03:00:00,3.35704228638961
2011-04-28 04:00:00,4.08855504842559
2011-04-28 05:00:00,23.3039373831182
2011-04-28 06:00:00,101.565633254627
2011-04-28 07:00:00,248.294715819682
2011-04-28 08:00:00,477.435244484816
2011-04-28 09:00:00,132.547024520408
2011-04-28 10:00:00,66.6981131464846
2011-04-28 11:00:00,79.3103732647074
2011-04-28 12:00:00,147.046281946162
2011-04-28 13:00:00,86.504008172888
2011-04-28 14:00:00,88.1645514600248
2011-04-28 15:00:00,173.023625504431
2011-04-28 16:00:00,205.682794285397
2011-04-28 17:00:00,497.88678006175
2011-04-28 18:00:00,516.006471853925
2011-04-28 19:00:00,434.788822023995
2011-04-28 20:00:00,295.488299237516
2011-04-28 21:00:00,223.573298039908
2011-04-28 22:00:00,167.49621781898
2011-04-28 23:00:00,126.391065913131
2011-04-29 00:00:00,66.4178600282952
2011-04-29 01:00:00,29.5141932169662
2011-04-29 02:00:00,16.4075804735683
2011-04-29 03:00:00,7.00510493904513
2011-04-29 04:00:00,4.98492969982703
2011-04-29 05:00:00,22.2688809743451
2011-04-29 06:00:00,108.502467494069
2011-04-29 07:00:00,372.22101407301
2011-04-29 08:00:00,594.751412841302
2011-04-29 09:00:00,362.905127846756
2011-04-29 10:00:00,200.407713619041
2011-04-29 11:00:00,274.387195420195
2011-04-29 12:00:00,295.106053936329
2011-04-29 13:00:00,309.600997797543
2011-04-29 14:00:00,310.461750642686
2011-04-29 15:00:00,262.786452426583
2011-04-29 16:00:00,330.864358222045
2011-04-29 17:00:00,466.759239571732
2011-04-29 18:00:00,389.779080459701
2011-04-29 19:00:00,248.12481729076
2011-04-29 20:00:00,232.717013249752
2011-04-29 21:00:00,165.694602993495
2011-04-29 22:00:00,136.126592584163
2011-04-29 23:00:00,91.4925178496007
2011-04-30 00:00:00,84.1993539568653
2011-04-30 01:00:00,51.824705275534
2011-04-30 02:00:00,34.7114615240793
2011-04-30 03:00:00,14.7920107600818
2011-04-30 04:00:00,4.7818902825222
2011-04-30 05:00:00,5.55765956641049
2011-04-30 06:00:00,16.609068226405
2011-04-30 07:00:00,43.5543962228141
2011-04-30 08:00:00,93.5048566311289
2011-04-30 09:00:00,135.754345534868
2011-04-30 10:00:00,312.947136300642
2011-04-30 11:00:00,393.796981959263
2011-04-30 12:00:00,413.303846069966
2011-04-30 13:00:00,491.669740372724
2011-04-30 14:00:00,488.926913149073
2011-04-30 15:00:00,541.64526519899
2011-04-30 16:00:00,528.079975148799
2011-04-30 17:00:00,482.397981039141
2011-04-30 18:00:00,399.98411276309
2011-04-30 19:00:00,340.342025520749
2011-04-30 20:00:00,129.915600809589
2011-04-30 21:00:00,122.075074403717
2011-04-30 22:00:00,102.792738641102
2011-04-30 23:00:00,87.3683205694319
2011-05-20 00:00:00,33.2300654417603
2011-05-20 01:00:00,15.7351964815599
2011-05-20 02:00:00,10.9204392482387
2011-05-20 03:00:00,4.14942626489895
2011-05-20 04:00:00,4.0204795228244
2011-05-20 05:00:00,23.4293963447985
2011-05-20 06:00:00,120.021845454963
2011-05-20 07:00:00,333.612219426432
2011-05-20 08:00:00,571.778614138386
2011-05-20 09:00:00,274.496689048153
2011-05-20 10:00:00,180.48889764012
2011-05-20 11:00:00,226.493143402952
2011-05-20 12:00:00,331.765050243481
2011-05-20 13:00:00,222.167784700323
2011-05-20 14:00:00,283.880893781824
2011-05-20 15:00:00,302.021019220773
2011-05-20 16:00:00,411.875973797868
2011-05-20 17:00:00,551.861738515917
2011-05-20 18:00:00,617.093407649491
2011-05-20 19:00:00,355.248995460646
2011-05-20 20:00:00,264.693566524488
2011-05-20 21:00:00,224.490135007089
2011-05-20 22:00:00,201.989340316342
2011-05-20 23:00:00,165.831086303524
2011-05-21 00:00:00,168.515729756093
2011-05-21 01:00:00,114.2182806384
2011-05-21 02:00:00,94.1078066350705
2011-05-21 03:00:00,31.8345187042448
2011-05-21 04:00:00,7.57869697752444
2011-05-21 05:00:00,12.5611814322931
2011-05-21 06:00:00,32.8841854024058
2011-05-21 07:00:00,91.174764620364
2011-05-21 08:00:00,174.515356677596
2011-05-21 09:00:00,301.020254955246
2011-05-21 10:00:00,365.98930769987
2011-05-21 11:00:00,436.362246198451
2011-05-21 12:00:00,554.479914559678
2011-05-21 13:00:00,584.402419334719
2011-05-21 14:00:00,585.683598066122
2011-05-21 15:00:00,589.674929903921
2011-05-21 16:00:00,600.77567809684
2011-05-21 17:00:00,545.080008841871
2011-05-21 18:00:00,402.903653093106
2011-05-21 19:00:00,423.486416980368
2011-05-21 20:00:00,248.39972866059
2011-05-21 21:00:00,232.31367532956
2011-05-21 22:00:00,196.033304398683
2011-05-21 23:00:00,164.169198440967
2011-05-22 00:00:00,122.05357280639
2011-05-22 01:00:00,80.5880371103781
2011-05-22 02:00:00,69.2407269548805
2011-05-22 03:00:00,24.6897793260753
2011-05-22 04:00:00,8.5110224186513
2011-05-22 05:00:00,10.7328642171281
2011-05-22 06:00:00,16.6406647550787
2011-05-22 07:00:00,60.791183492902
2011-05-22 08:00:00,156.789594935992
2011-05-22 09:00:00,224.53349822705
2011-05-22 10:00:00,314.538202233549
2011-05-22 11:00:00,399.985500429947
2011-05-22 12:00:00,512.137336026519
2011-05-22 13:00:00,542.853912310909
2011-05-22 14:00:00,254.681560118192
2011-05-22 15:00:00,492.703557048442
2011-05-22 16:00:00,466.966044852817
2011-05-22 17:00:00,463.082467060528
2011-05-22 18:00:00,399.907109451798
2011-05-22 19:00:00,341.37396493037
2011-05-22 20:00:00,211.959995650176
2011-05-22 21:00:00,188.703119218616
2011-05-22 22:00:00,136.550764885834
2011-05-22 23:00:00,87.9307182653589
2011-05-23 00:00:00,25.0612049999689
2011-05-23 01:00:00,16.6006333036492
2011-05-23 02:00:00,5.34444747739316
2011-05-23 03:00:00,3.8636990525555
2011-05-23 04:00:00,5.06347721257843
2011-05-23 05:00:00,22.7544894670677
2011-05-23 06:00:00,86.1595634521031
2011-05-23 07:00:00,308.341342048609
2011-05-23 08:00:00,397.091037695784
2011-05-23 09:00:00,175.010131125674
2011-05-23 10:00:00,143.9040549942
2011-05-23 11:00:00,144.688072591364
2011-05-23 12:00:00,206.877767407871
2011-05-23 13:00:00,222.054481604162
2011-05-23 14:00:00,184.296855455969
2011-05-23 15:00:00,215.993311356093
2011-05-23 16:00:00,356.367543708912
2011-05-23 17:00:00,519.037046921457
2011-05-23 18:00:00,582.229547861676
2011-05-23 19:00:00,487.304489897607
2011-05-23 20:00:00,211.847193417723
2011-05-23 21:00:00,180.468250064453
2011-05-23 22:00:00,88.8963051867669
2011-05-23 23:00:00,63.9911135889352
2011-05-24 00:00:00,19.677473287967
2011-05-24 01:00:00,10.8808193810775
2011-05-24 02:00:00,6.98190219689947
2011-05-24 03:00:00,3.92637066572583
2011-05-24 04:00:00,5.51482152641306
2011-05-24 05:00:00,19.1811334901027
2011-05-24 06:00:00,92.9458359963976
2011-05-24 07:00:00,179.967820271965
2011-05-24 08:00:00,276.531743348735
2011-05-24 09:00:00,288.070645944161
2011-05-24 10:00:00,138.032303632713
2011-05-24 11:00:00,184.413367959441
2011-05-24 12:00:00,218.140041561925
2011-05-24 13:00:00,229.252984547891
2011-05-24 14:00:00,192.884520633341
2011-05-24 15:00:00,209.375598713584
2011-05-24 16:00:00,340.570987513128
2011-05-24 17:00:00,610.01900430506
2011-05-24 18:00:00,646.678850286984
2011-05-24 19:00:00,489.826031008198
2011-05-24 20:00:00,314.548551667271
2011-05-24 21:00:00,203.718002573439
2011-05-24 22:00:00,70.044925915902
2011-05-24 23:00:00,87.1509606041126
2011-05-25 00:00:00,32.6208411032654
2011-05-25 01:00:00,13.2822030911203
2011-05-25 02:00:00,8.911722341955
2011-05-25 03:00:00,4.26036299601238
2011-05-25 04:00:00,4.78069612492419
2011-05-25 05:00:00,27.704203138779
2011-05-25 06:00:00,122.534933810101
2011-05-25 07:00:00,401.513226711381
2011-05-25 08:00:00,544.169905543126
2011-05-25 09:00:00,279.638364971643
2011-05-25 10:00:00,174.518139330334
2011-05-25 11:00:00,191.763205650298
2011-05-25 12:00:00,248.275691595296
2011-05-25 13:00:00,254.906523202989
2011-05-25 14:00:00,208.542595620146
2011-05-25 15:00:00,234.91955079307
2011-05-25 16:00:00,340.304475292561
2011-05-25 17:00:00,791.955151647189
2011-05-25 18:00:00,726.887351204566
2011-05-25 19:00:00,537.565701976252
2011-05-25 20:00:00,378.726732679086
2011-05-25 21:00:00,251.271658032924
2011-05-25 22:00:00,215.556423351514
2011-05-25 23:00:00,134.671452982416
2011-05-26 00:00:00,63.4577690417262
2011-05-26 01:00:00,26.8626438636231
2011-05-26 02:00:00,12.5574496136777
2011-05-26 03:00:00,5.71532827195125
2011-05-26 04:00:00,6.4515941962593
2011-05-26 05:00:00,24.6509443200317
2011-05-26 06:00:00,75.0365979281793
2011-05-26 07:00:00,234.937359176884
2011-05-26 08:00:00,586.225305320852
2011-05-26 09:00:00,290.480634760099
2011-05-26 10:00:00,156.721007314419
2011-05-26 11:00:00,201.459124448437
2011-05-26 12:00:00,237.346773439124
2011-05-26 13:00:00,247.937341212873
2011-05-26 14:00:00,206.37159001949
2011-05-26 15:00:00,207.609195752003
2011-05-26 16:00:00,302.805428454962
2011-05-26 17:00:00,653.505481526719
2011-05-26 18:00:00,647.604338440656
2011-05-26 19:00:00,509.491559888544
2011-05-26 20:00:00,363.475746822827
2011-05-26 21:00:00,287.892695167453
2011-05-26 22:00:00,220.51909983803
2011-05-26 23:00:00,146.990487555324
2011-05-27 00:00:00,85.5371000040227
2011-05-27 01:00:00,32.1431201656384
2011-05-27 02:00:00,18.4628499679106
2011-05-27 03:00:00,10.2590908322694
2011-05-27 04:00:00,5.99531312252287
2011-05-27 05:00:00,29.3563184909213
2011-05-27 06:00:00,120.090951678303
2011-05-27 07:00:00,362.591320349725
2011-05-27 08:00:00,553.647798739842
2011-05-27 09:00:00,287.583196900722
2011-05-27 10:00:00,170.16562797258
2011-05-27 11:00:00,202.105618483024
2011-05-27 12:00:00,277.342128553209
2011-05-27 13:00:00,316.795477657132
2011-05-27 14:00:00,265.440560576822
2011-05-27 15:00:00,275.957252181011
2011-05-27 16:00:00,336.807823970528
2011-05-27 17:00:00,579.509941728359
2011-05-27 18:00:00,583.471641069963
2011-05-27 19:00:00,265.37398358101
2011-05-27 20:00:00,278.697822269709
2011-05-27 21:00:00,208.863139927593
2011-05-27 22:00:00,220.91261176531
2011-05-27 23:00:00,164.170564952273
2011-05-28 00:00:00,131.849244193482
2011-05-28 01:00:00,101.752608741766
2011-05-28 02:00:00,72.9428052228813
2011-05-28 03:00:00,30.0338115834607
2011-05-28 04:00:00,9.06636170947381
2011-05-28 05:00:00,14.7726895509966
2011-05-28 06:00:00,37.9913819614601
2011-05-28 07:00:00,75.6844539270112
2011-05-28 08:00:00,160.322561030353
2011-05-28 09:00:00,297.964076985159
2011-05-28 10:00:00,389.619237441083
2011-05-28 11:00:00,476.673618165358
2011-05-28 12:00:00,447.223852037215
2011-05-28 13:00:00,489.386244938054
2011-05-28 14:00:00,465.317485947967
2011-05-28 15:00:00,565.36480352656
2011-05-28 16:00:00,519.577484717183
2011-05-28 17:00:00,532.451442194782
2011-05-28 18:00:00,427.809734031866
2011-05-28 19:00:00,388.279469979168
2011-05-28 20:00:00,330.69120488271
2011-05-28 21:00:00,250.777135674815
2011-05-28 22:00:00,208.637349993611
2011-05-28 23:00:00,158.616366660674
2011-05-29 00:00:00,149.868481859048
2011-05-29 01:00:00,102.581726616416
2011-05-29 02:00:00,76.7785746237383
2011-05-29 03:00:00,38.1320503711581
2011-05-29 04:00:00,9.88446062812336
2011-05-29 05:00:00,13.3338451626738
2011-05-29 06:00:00,17.7540898935741
2011-05-29 07:00:00,38.3604989899308
2011-05-29 08:00:00,103.558077378104
2011-05-29 09:00:00,113.489362235992
2011-05-29 10:00:00,269.913224468621
2011-05-29 11:00:00,310.391546803488
2011-05-29 12:00:00,418.403159737039
2011-05-29 13:00:00,401.426059078487
2011-05-29 14:00:00,357.703146010849
2011-05-29 15:00:00,365.185281763203
2011-05-29 16:00:00,428.15846016001
2011-05-29 17:00:00,425.271693372926
2011-05-29 18:00:00,332.515645967846
2011-05-29 19:00:00,330.459452886742
2011-05-29 20:00:00,256.955673135006
2011-05-29 21:00:00,186.990458008447
2011-05-29 22:00:00,121.968274117759
2011-05-29 23:00:00,101.169693516319
2011-05-30 00:00:00,104.966957875393
2011-05-30 01:00:00,75.9411876682452
2011-05-30 02:00:00,43.4045282190385
2011-05-30 03:00:00,19.0159036477201
2011-05-30 04:00:00,9.57466814161096
2011-05-30 05:00:00,12.1050070591472
2011-05-30 06:00:00,13.5243591357921
2011-05-30 07:00:00,63.8907813688315
2011-05-30 08:00:00,151.933322436637
2011-05-30 09:00:00,288.842291902644
2011-05-30 10:00:00,396.762499827282
2011-05-30 11:00:00,363.377782050803
2011-05-30 12:00:00,458.062580873903
2011-05-30 13:00:00,361.654392181893
2011-05-30 14:00:00,413.078065128673
2011-05-30 15:00:00,483.665250548015
2011-05-30 16:00:00,479.557086792973
2011-05-30 17:00:00,548.642384318369
2011-05-30 18:00:00,530.764306894085
2011-05-30 19:00:00,279.800517189246
2011-05-30 20:00:00,284.812503101993
2011-05-30 21:00:00,281.90013234273
2011-05-30 22:00:00,216.191400420421
2011-05-30 23:00:00,107.144617013187
2011-05-31 00:00:00,40.9944611688102
2011-05-31 01:00:00,18.4020463918356
2011-05-31 02:00:00,8.59171295847782
2011-05-31 03:00:00,4.34535129989516
2011-05-31 04:00:00,5.92166086590687
2011-05-31 05:00:00,23.1822365163862
2011-05-31 06:00:00,119.251866184914
2011-05-31 07:00:00,410.668394229294
2011-05-31 08:00:00,557.019337777492
2011-05-31 09:00:00,250.536638120692
2011-05-31 10:00:00,139.574114973309
2011-05-31 11:00:00,146.233882490088
2011-05-31 12:00:00,204.122767698928
2011-05-31 13:00:00,187.019524889104
2011-05-31 14:00:00,166.571059151171
2011-05-31 15:00:00,179.348769196887
2011-05-31 16:00:00,268.890950841042
2011-05-31 17:00:00,653.15231532911
2011-05-31 18:00:00,672.173832940327
2011-05-31 19:00:00,471.781068761831
2011-05-31 20:00:00,336.128351567296
2011-05-31 21:00:00,280.937655742419
2011-05-31 22:00:00,213.075626801428
2011-05-31 23:00:00,109.276295122459
2011-06-20 00:00:00,39.4787756547995
2011-06-20 01:00:00,12.7606549786963
2011-06-20 02:00:00,7.55895726944962
2011-06-20 03:00:00,3.68351709911375
2011-06-20 04:00:00,4.60665787299583
2011-06-20 05:00:00,24.3231568729283
2011-06-20 06:00:00,99.3591406347714
2011-06-20 07:00:00,186.009385776445
2011-06-20 08:00:00,359.53924355366
2011-06-20 09:00:00,243.213004825495
2011-06-20 10:00:00,145.586261823005
2011-06-20 11:00:00,162.25465947663
2011-06-20 12:00:00,221.436780326965
2011-06-20 13:00:00,216.06571328219
2011-06-20 14:00:00,208.943148181347
2011-06-20 15:00:00,228.834785754532
2011-06-20 16:00:00,340.220677951851
2011-06-20 17:00:00,574.970406220019
2011-06-20 18:00:00,669.316154820386
2011-06-20 19:00:00,494.650111147426
2011-06-20 20:00:00,340.556388179543
2011-06-20 21:00:00,252.162382529735
2011-06-20 22:00:00,152.743155348248
2011-06-20 23:00:00,78.8050783138541
2011-06-21 00:00:00,35.9758288474112
2011-06-21 01:00:00,10.5918103631268
2011-06-21 02:00:00,4.82951337520484
2011-06-21 03:00:00,3.38244491987668
2011-06-21 04:00:00,5.61275698243812
2011-06-21 05:00:00,28.2855125106015
2011-06-21 06:00:00,123.443388289253
2011-06-21 07:00:00,315.915670743547
2011-06-21 08:00:00,580.147373820273
2011-06-21 09:00:00,265.401329697501
2011-06-21 10:00:00,126.990438252085
2011-06-21 11:00:00,134.164361247031
2011-06-21 12:00:00,194.262090242262
2011-06-21 13:00:00,222.390101025692
2011-06-21 14:00:00,201.860798413943
2011-06-21 15:00:00,222.77868212686
2011-06-21 16:00:00,315.258519318914
2011-06-21 17:00:00,736.926027234523
2011-06-21 18:00:00,721.942871483973
2011-06-21 19:00:00,455.345392480507
2011-06-21 20:00:00,225.895064244665
2011-06-21 21:00:00,263.824366641842
2011-06-21 22:00:00,193.060250770784
2011-06-21 23:00:00,107.281487570284
2011-06-22 00:00:00,45.1194701699819
2011-06-22 01:00:00,17.760793421586
2011-06-22 02:00:00,7.31541546795867
2011-06-22 03:00:00,6.29109483465197
2011-06-22 04:00:00,6.41708636545476
2011-06-22 05:00:00,31.1806864770339
2011-06-22 06:00:00,140.125743316006
2011-06-22 07:00:00,357.943532470257
2011-06-22 08:00:00,632.239513960425
2011-06-22 09:00:00,254.802332397865
2011-06-22 10:00:00,141.61481610263
2011-06-22 11:00:00,179.821361707981
2011-06-22 12:00:00,228.493464011214
2011-06-22 13:00:00,183.932258596462
2011-06-22 14:00:00,207.238310815426
2011-06-22 15:00:00,176.350585793669
2011-06-22 16:00:00,264.935304566795
2011-06-22 17:00:00,698.099396785158
2011-06-22 18:00:00,682.989531837474
2011-06-22 19:00:00,505.788237694109
2011-06-22 20:00:00,371.788227953585
2011-06-22 21:00:00,251.314600992784
2011-06-22 22:00:00,170.756316220422
2011-06-22 23:00:00,99.651523737768
2011-06-23 00:00:00,52.7798764062131
2011-06-23 01:00:00,21.5002075288451
2011-06-23 02:00:00,8.75345686510851
2011-06-23 03:00:00,4.29718594245049
2011-06-23 04:00:00,6.20623941667331
2011-06-23 05:00:00,31.3981225254547
2011-06-23 06:00:00,140.291369348612
2011-06-23 07:00:00,359.660849584085
2011-06-23 08:00:00,507.775801396955
2011-06-23 09:00:00,269.615107635561
2011-06-23 10:00:00,160.624277079231
2011-06-23 11:00:00,152.091707986488
2011-06-23 12:00:00,206.812441238085
2011-06-23 13:00:00,194.241947527359
2011-06-23 14:00:00,188.159869591902
2011-06-23 15:00:00,194.570622556703
2011-06-23 16:00:00,328.449985513329
2011-06-23 17:00:00,565.019481105861
2011-06-23 18:00:00,541.260024937815
2011-06-23 19:00:00,420.015237714326
2011-06-23 20:00:00,343.825545135815
2011-06-23 21:00:00,282.340408617554
2011-06-23 22:00:00,202.741058146473
2011-06-23 23:00:00,130.922552101347
2011-06-24 00:00:00,69.2633249349228
2011-06-24 01:00:00,24.3809010154813
2011-06-24 02:00:00,10.8256386328644
2011-06-24 03:00:00,6.44850676667434
2011-06-24 04:00:00,6.88698401864282
2011-06-24 05:00:00,28.4794716475291
2011-06-24 06:00:00,122.156632198305
2011-06-24 07:00:00,335.226080832878
2011-06-24 08:00:00,486.571702879842
2011-06-24 09:00:00,260.875348811634
2011-06-24 10:00:00,171.483312125468
2011-06-24 11:00:00,223.294990060951
2011-06-24 12:00:00,254.45354368744
2011-06-24 13:00:00,291.077666412174
2011-06-24 14:00:00,235.920763840926
2011-06-24 15:00:00,289.344109074085
2011-06-24 16:00:00,440.837330140945
2011-06-24 17:00:00,648.580671564332
2011-06-24 18:00:00,578.339179794399
2011-06-24 19:00:00,446.374575461386
2011-06-24 20:00:00,332.467682328898
2011-06-24 21:00:00,269.653755787636
2011-06-24 22:00:00,215.860202326077
2011-06-24 23:00:00,173.670441760246
2011-06-25 00:00:00,300.437725792468
2011-06-25 01:00:00,119.536089789803
2011-06-25 02:00:00,66.618723810223
2011-06-25 03:00:00,32.3324241056708
2011-06-25 04:00:00,8.57330234314807
2011-06-25 05:00:00,9.4656519536511
2011-06-25 06:00:00,36.2960967077569
2011-06-25 07:00:00,72.6586235748472
2011-06-25 08:00:00,213.1512240455
2011-06-25 09:00:00,293.52639031716
2011-06-25 10:00:00,395.06478568474
2011-06-25 11:00:00,475.894285204014
2011-06-25 12:00:00,466.087508854765
2011-06-25 13:00:00,569.188955900001
2011-06-25 14:00:00,487.316021452525
2011-06-25 15:00:00,515.082819950363
2011-06-25 16:00:00,549.270383438269
2011-06-25 17:00:00,527.338247583411
2011-06-25 18:00:00,434.466217252933
2011-06-25 19:00:00,404.695306597653
2011-06-25 20:00:00,341.072336144633
2011-06-25 21:00:00,243.698298011584
2011-06-25 22:00:00,248.472642377789
2011-06-25 23:00:00,158.762870359487
2011-06-26 00:00:00,232.760272396779
2011-06-26 01:00:00,121.745243077641
2011-06-26 02:00:00,83.733653719866
2011-06-26 03:00:00,37.5797601630746
2011-06-26 04:00:00,10.3808892281211
2011-06-26 05:00:00,8.69859455801204
2011-06-26 06:00:00,22.2628002562889
2011-06-26 07:00:00,54.0342828185432
2011-06-26 08:00:00,134.025087434172
2011-06-26 09:00:00,272.2994175306
2011-06-26 10:00:00,363.163497963825
2011-06-26 11:00:00,456.913004311471
2011-06-26 12:00:00,525.272583225818
2011-06-26 13:00:00,518.731861716761
2011-06-26 14:00:00,500.462483682449
2011-06-26 15:00:00,520.640437780506
2011-06-26 16:00:00,543.97335229191
2011-06-26 17:00:00,461.172050509374
2011-06-26 18:00:00,367.386717813438
2011-06-26 19:00:00,351.355418439902
2011-06-26 20:00:00,275.171471505322
2011-06-26 21:00:00,215.123537067017
2011-06-26 22:00:00,189.399894695232
2011-06-26 23:00:00,124.592453834449
2011-06-27 00:00:00,27.7162460396735
2011-06-27 01:00:00,13.2514244097286
2011-06-27 02:00:00,6.95396563899703
2011-06-27 03:00:00,4.19529589717136
2011-06-27 04:00:00,4.91939187545325
2011-06-27 05:00:00,29.2682726111873
2011-06-27 06:00:00,127.003691830549
2011-06-27 07:00:00,323.861656698515
2011-06-27 08:00:00,475.682083101219
2011-06-27 09:00:00,262.062730867015
2011-06-27 10:00:00,156.058695294894
2011-06-27 11:00:00,166.688103986092
2011-06-27 12:00:00,235.033898084422
2011-06-27 13:00:00,212.296002815942
2011-06-27 14:00:00,207.343974327483
2011-06-27 15:00:00,214.934768645978
2011-06-27 16:00:00,363.63365602539
2011-06-27 17:00:00,649.683883951269
2011-06-27 18:00:00,602.385082355395
2011-06-27 19:00:00,482.392064970754
2011-06-27 20:00:00,334.816019252347
2011-06-27 21:00:00,217.524203348893
2011-06-27 22:00:00,143.751463123834
2011-06-27 23:00:00,86.4789425245241
2011-06-28 00:00:00,30.8195707236962
2011-06-28 01:00:00,14.716495335318
2011-06-28 02:00:00,8.29748860747761
2011-06-28 03:00:00,5.52103885277037
2011-06-28 04:00:00,7.03791768198901
2011-06-28 05:00:00,28.6117981338484
2011-06-28 06:00:00,144.279406918805
2011-06-28 07:00:00,402.57690517256
2011-06-28 08:00:00,580.279283313333
2011-06-28 09:00:00,277.546963931176
2011-06-28 10:00:00,144.494275380532
2011-06-28 11:00:00,177.417228814918
2011-06-28 12:00:00,208.391842987776
2011-06-28 13:00:00,218.074657374472
2011-06-28 14:00:00,168.393171511408
2011-06-28 15:00:00,176.999762618668
2011-06-28 16:00:00,259.28080468051
2011-06-28 17:00:00,504.252666946865
2011-06-28 18:00:00,494.889285579534
2011-06-28 19:00:00,342.259145091459
2011-06-28 20:00:00,329.535015236624
2011-06-28 21:00:00,243.319266135954
2011-06-28 22:00:00,171.089705026732
2011-06-28 23:00:00,102.388643269462
2011-06-29 00:00:00,35.9705574466886
2011-06-29 01:00:00,14.7226003705559
2011-06-29 02:00:00,7.14878646692111
2011-06-29 03:00:00,5.91239931906979
2011-06-29 04:00:00,6.7905224384572
2011-06-29 05:00:00,38.322430062003
2011-06-29 06:00:00,149.211197469122
2011-06-29 07:00:00,359.758848228267
2011-06-29 08:00:00,475.27270181779
2011-06-29 09:00:00,231.829554438624
2011-06-29 10:00:00,127.889031534596
2011-06-29 11:00:00,165.461397278927
2011-06-29 12:00:00,217.09750073084
2011-06-29 13:00:00,188.281137032753
2011-06-29 14:00:00,194.529332574989
2011-06-29 15:00:00,221.038161174501
2011-06-29 16:00:00,339.615663530223
2011-06-29 17:00:00,636.2386192306
2011-06-29 18:00:00,587.67469741106
2011-06-29 19:00:00,503.896362765416
2011-06-29 20:00:00,353.040533019466
2011-06-29 21:00:00,282.74155254957
2011-06-29 22:00:00,200.975733600643
2011-06-29 23:00:00,135.369412509259
2011-06-30 00:00:00,54.5352181153183
2011-06-30 01:00:00,19.2810362310795
2011-06-30 02:00:00,9.81109965421978
2011-06-30 03:00:00,6.34411612808039
2011-06-30 04:00:00,6.60644786313202
2011-06-30 05:00:00,33.2205878833781
2011-06-30 06:00:00,144.186323760349
2011-06-30 07:00:00,408.499673222807
2011-06-30 08:00:00,498.025015902546
2011-06-30 09:00:00,229.624509626225
2011-06-30 10:00:00,146.997510118682
2011-06-30 11:00:00,185.816774876012
2011-06-30 12:00:00,233.552072485671
2011-06-30 13:00:00,229.992955857044
2011-06-30 14:00:00,199.935977096096
2011-06-30 15:00:00,212.851322774366
2011-06-30 16:00:00,328.120461331569
2011-06-30 17:00:00,632.12180169062
2011-06-30 18:00:00,643.654150196772
2011-06-30 19:00:00,492.454152796602
2011-06-30 20:00:00,353.98135928071
2011-06-30 21:00:00,294.392703342644
2011-06-30 22:00:00,219.101187259459
2011-06-30 23:00:00,140.619626749171
2011-07-20 00:00:00,49.0929082469182
2011-07-20 01:00:00,19.3171214870975
2011-07-20 02:00:00,8.02423643834541
2011-07-20 03:00:00,6.17461154483432
2011-07-20 04:00:00,6.50639756440231
2011-07-20 05:00:00,37.8943057604949
2011-07-20 06:00:00,148.32364291754
2011-07-20 07:00:00,410.249997634161
2011-07-20 08:00:00,585.847994023995
2011-07-20 09:00:00,262.537898837684
2011-07-20 10:00:00,165.813827608652
2011-07-20 11:00:00,168.929089157395
2011-07-20 12:00:00,184.510971187816
2011-07-20 13:00:00,181.4566517557
2011-07-20 14:00:00,174.818245282717
2011-07-20 15:00:00,201.888571679759
2011-07-20 16:00:00,301.808831231987
2011-07-20 17:00:00,568.618598110664
2011-07-20 18:00:00,648.16470778428
2011-07-20 19:00:00,435.002300744643
2011-07-20 20:00:00,339.875169868714
2011-07-20 21:00:00,271.669575972265
2011-07-20 22:00:00,197.882286772712
2011-07-20 23:00:00,126.156645458211
2011-07-21 00:00:00,53.0333321484368
2011-07-21 01:00:00,21.0253649308934
2011-07-21 02:00:00,9.62730481317248
2011-07-21 03:00:00,5.00155933872273
2011-07-21 04:00:00,7.95840354208275
2011-07-21 05:00:00,35.9543828256585
2011-07-21 06:00:00,177.881297020236
2011-07-21 07:00:00,432.258631875009
2011-07-21 08:00:00,579.181446934788
2011-07-21 09:00:00,230.757885020328
2011-07-21 10:00:00,135.339141628029
2011-07-21 11:00:00,138.74334036118
2011-07-21 12:00:00,180.722816154601
2011-07-21 13:00:00,171.162033816176
2011-07-21 14:00:00,160.803965779857
2011-07-21 15:00:00,186.554930247275
2011-07-21 16:00:00,255.484738124905
2011-07-21 17:00:00,494.909281415099
2011-07-21 18:00:00,550.048165240559
2011-07-21 19:00:00,383.441041363791
2011-07-21 20:00:00,299.48555926636
2011-07-21 21:00:00,246.111635479798
2011-07-21 22:00:00,186.442801678079
2011-07-21 23:00:00,144.154777304215
2011-07-22 00:00:00,73.3509160867661
2011-07-22 01:00:00,34.4911244955527
2011-07-22 02:00:00,16.4151049663475
2011-07-22 03:00:00,7.2441007326612
2011-07-22 04:00:00,9.01923417043838
2011-07-22 05:00:00,31.5666347492687
2011-07-22 06:00:00,115.356105796176
2011-07-22 07:00:00,372.42343105688
2011-07-22 08:00:00,492.495629083271
2011-07-22 09:00:00,251.396377478553
2011-07-22 10:00:00,161.696183057877
2011-07-22 11:00:00,186.111860549301
2011-07-22 12:00:00,221.943168768671
2011-07-22 13:00:00,206.805475330627
2011-07-22 14:00:00,206.013413006057
2011-07-22 15:00:00,211.1843472064
2011-07-22 16:00:00,314.383588736675
2011-07-22 17:00:00,447.533319878127
2011-07-22 18:00:00,550.138465260556
2011-07-22 19:00:00,491.868972172159
2011-07-22 20:00:00,300.384192872242
2011-07-22 21:00:00,255.82331179851
2011-07-22 22:00:00,256.617389474642
2011-07-22 23:00:00,169.282323883005
2011-07-23 00:00:00,238.087981458996
2011-07-23 01:00:00,126.352282018457
2011-07-23 02:00:00,70.075559587239
2011-07-23 03:00:00,31.4874381802931
2011-07-23 04:00:00,11.4192757416349
2011-07-23 05:00:00,10.1064906227404
2011-07-23 06:00:00,43.9484957409815
2011-07-23 07:00:00,93.6813304091704
2011-07-23 08:00:00,183.688495908967
2011-07-23 09:00:00,269.532497341274
2011-07-23 10:00:00,358.042774290371
2011-07-23 11:00:00,371.48331688885
2011-07-23 12:00:00,357.721205211202
2011-07-23 13:00:00,398.119006345898
2011-07-23 14:00:00,349.487400871469
2011-07-23 15:00:00,332.828569543943
2011-07-23 16:00:00,333.241720376402
2011-07-23 17:00:00,320.714116766157
2011-07-23 18:00:00,346.364599914119
2011-07-23 19:00:00,340.650569141132
2011-07-23 20:00:00,280.49432460126
2011-07-23 21:00:00,245.68271880196
2011-07-23 22:00:00,223.03699996086
2011-07-23 23:00:00,201.611984004689
2011-07-24 00:00:00,226.499483093888
2011-07-24 01:00:00,106.314100148356
2011-07-24 02:00:00,83.0356385041574
2011-07-24 03:00:00,33.2349972161501
2011-07-24 04:00:00,10.1202825956252
2011-07-24 05:00:00,11.4579044633901
2011-07-24 06:00:00,21.0608265538188
2011-07-24 07:00:00,68.5549818199229
2011-07-24 08:00:00,139.225826608937
2011-07-24 09:00:00,222.938572528662
2011-07-24 10:00:00,344.934457356421
2011-07-24 11:00:00,356.231111674635
2011-07-24 12:00:00,362.662765910877
2011-07-24 13:00:00,387.572760454244
2011-07-24 14:00:00,376.868009856884
2011-07-24 15:00:00,375.095638480571
2011-07-24 16:00:00,348.190259218142
2011-07-24 17:00:00,348.268392173386
2011-07-24 18:00:00,387.342352167619
2011-07-24 19:00:00,357.261744453781
2011-07-24 20:00:00,273.651064753731
2011-07-24 21:00:00,208.633069317248
2011-07-24 22:00:00,148.234981460958
2011-07-24 23:00:00,112.575326632295
2011-07-25 00:00:00,53.3713603116851
2011-07-25 01:00:00,16.4573661302269
2011-07-25 02:00:00,7.80562589422177
2011-07-25 03:00:00,4.72881928259552
2011-07-25 04:00:00,7.18251465802094
2011-07-25 05:00:00,28.815532651063
2011-07-25 06:00:00,142.841763293577
2011-07-25 07:00:00,393.450130790458
2011-07-25 08:00:00,510.657633830698
2011-07-25 09:00:00,248.917257504365
2011-07-25 10:00:00,158.398478275096
2011-07-25 11:00:00,155.81098966151
2011-07-25 12:00:00,193.709673232386
2011-07-25 13:00:00,211.80116398076
2011-07-25 14:00:00,161.730684419282
2011-07-25 15:00:00,118.77637557965
2011-07-25 16:00:00,220.522283121731
2011-07-25 17:00:00,574.675258038282
2011-07-25 18:00:00,654.64984284998
2011-07-25 19:00:00,465.652017455264
2011-07-25 20:00:00,358.607524146152
2011-07-25 21:00:00,188.381416915567
2011-07-25 22:00:00,125.148749612941
2011-07-25 23:00:00,85.030797455344
2011-07-26 00:00:00,38.5859286104956
2011-07-26 01:00:00,18.542273643924
2011-07-26 02:00:00,8.24955029035601
2011-07-26 03:00:00,4.09592766142257
2011-07-26 04:00:00,5.98337339646549
2011-07-26 05:00:00,30.3818062458704
2011-07-26 06:00:00,138.517484310165
2011-07-26 07:00:00,354.453879801631
2011-07-26 08:00:00,466.055301094418
2011-07-26 09:00:00,222.700476326858
2011-07-26 10:00:00,145.95861185688
2011-07-26 11:00:00,184.629919519447
2011-07-26 12:00:00,241.762013687764
2011-07-26 13:00:00,210.150115969612
2011-07-26 14:00:00,199.228474579824
2011-07-26 15:00:00,221.557122054053
2011-07-26 16:00:00,351.57990635236
2011-07-26 17:00:00,608.244216856692
2011-07-26 18:00:00,582.840252463659
2011-07-26 19:00:00,400.967130334545
2011-07-26 20:00:00,350.887548991571
2011-07-26 21:00:00,283.839382200774
2011-07-26 22:00:00,211.803554915257
2011-07-26 23:00:00,114.96757596048
2011-07-27 00:00:00,53.4369545241403
2011-07-27 01:00:00,17.3902101938523
2011-07-27 02:00:00,7.2902634648816
2011-07-27 03:00:00,4.89467221148136
2011-07-27 04:00:00,5.33055613062661
2011-07-27 05:00:00,36.2138043153888
2011-07-27 06:00:00,141.909614154257
2011-07-27 07:00:00,342.055123353786
2011-07-27 08:00:00,508.129055648074
2011-07-27 09:00:00,232.663117885505
2011-07-27 10:00:00,160.593529943148
2011-07-27 11:00:00,186.276677293455
2011-07-27 12:00:00,204.130612702034
2011-07-27 13:00:00,193.696104064757
2011-07-27 14:00:00,214.353290457419
2011-07-27 15:00:00,245.68807704785
2011-07-27 16:00:00,406.756233939306
2011-07-27 17:00:00,686.581435941135
2011-07-27 18:00:00,699.566738920793
2011-07-27 19:00:00,436.957210568165
2011-07-27 20:00:00,363.681387952671
2011-07-27 21:00:00,297.437971427884
2011-07-27 22:00:00,215.682885318398
2011-07-27 23:00:00,131.405341918948
2011-07-28 00:00:00,63.6935241667727
2011-07-28 01:00:00,24.553794439678
2011-07-28 02:00:00,13.5467124548331
2011-07-28 03:00:00,6.41351822169165
2011-07-28 04:00:00,7.67298799261692
2011-07-28 05:00:00,33.423567527433
2011-07-28 06:00:00,143.569789494719
2011-07-28 07:00:00,382.395961710856
2011-07-28 08:00:00,485.603041635021
2011-07-28 09:00:00,248.748273708011
2011-07-28 10:00:00,143.22706992227
2011-07-28 11:00:00,175.237126011319
2011-07-28 12:00:00,206.362366671159
2011-07-28 13:00:00,220.521866155802
2011-07-28 14:00:00,216.7438918153
2011-07-28 15:00:00,202.572180161681
2011-07-28 16:00:00,317.067412656363
2011-07-28 17:00:00,616.341818393557
2011-07-28 18:00:00,586.239837684665
2011-07-28 19:00:00,455.498924801456
2011-07-28 20:00:00,355.321624317993
2011-07-28 21:00:00,232.379507219166
2011-07-28 22:00:00,208.074073847914
2011-07-28 23:00:00,149.295930337897
2011-07-29 00:00:00,78.2840493959337
2011-07-29 01:00:00,31.09468433426
2011-07-29 02:00:00,13.8608326181045
2011-07-29 03:00:00,6.65453313210343
2011-07-29 04:00:00,7.33705418447019
2011-07-29 05:00:00,30.7167110616205
2011-07-29 06:00:00,118.165309669633
2011-07-29 07:00:00,363.733303329462
2011-07-29 08:00:00,593.643216664286
2011-07-29 09:00:00,243.988406135268
2011-07-29 10:00:00,159.784859342103
2011-07-29 11:00:00,198.57351985963
2011-07-29 12:00:00,232.640761950926
2011-07-29 13:00:00,263.13958823829
2011-07-29 14:00:00,221.905047075709
2011-07-29 15:00:00,242.336359230268
2011-07-29 16:00:00,359.079469197492
2011-07-29 17:00:00,490.126908429831
2011-07-29 18:00:00,476.430175019538
2011-07-29 19:00:00,372.348461519441
2011-07-29 20:00:00,305.853481861887
2011-07-29 21:00:00,270.400559119802
2011-07-29 22:00:00,234.782534479022
2011-07-29 23:00:00,176.72946524459
2011-07-30 00:00:00,242.432026926854
2011-07-30 01:00:00,112.38112800547
2011-07-30 02:00:00,78.2588933307462
2011-07-30 03:00:00,29.7206444076457
2011-07-30 04:00:00,9.48809826837963
2011-07-30 05:00:00,11.1401877629226
2011-07-30 06:00:00,26.371316369934
2011-07-30 07:00:00,52.5795299032438
2011-07-30 08:00:00,175.478482092384
2011-07-30 09:00:00,298.556870582276
2011-07-30 10:00:00,374.519905321197
2011-07-30 11:00:00,372.355568600171
2011-07-30 12:00:00,416.808334815682
2011-07-30 13:00:00,434.729111210996
2011-07-30 14:00:00,387.462066099717
2011-07-30 15:00:00,392.72060505174
2011-07-30 16:00:00,385.901917044999
2011-07-30 17:00:00,370.583242650001
2011-07-30 18:00:00,379.412629423928
2011-07-30 19:00:00,327.262008427295
2011-07-30 20:00:00,296.950230824159
2011-07-30 21:00:00,251.410062491884
2011-07-30 22:00:00,250.323248341448
2011-07-30 23:00:00,200.063204127631
2011-07-31 00:00:00,222.566159805623
2011-07-31 01:00:00,103.082396411871
2011-07-31 02:00:00,78.0001964575598
2011-07-31 03:00:00,32.2418567919999
2011-07-31 04:00:00,10.228261784417
2011-07-31 05:00:00,11.6134484304985
2011-07-31 06:00:00,23.4930251559818
2011-07-31 07:00:00,68.2754921156635
2011-07-31 08:00:00,138.763604925819
2011-07-31 09:00:00,251.537266297228
2011-07-31 10:00:00,342.088226449609
2011-07-31 11:00:00,408.367792529578
2011-07-31 12:00:00,447.425370353391
2011-07-31 13:00:00,467.970907315741
2011-07-31 14:00:00,424.175556653547
2011-07-31 15:00:00,406.210894801556
2011-07-31 16:00:00,390.694997994822
2011-07-31 17:00:00,375.535850442755
2011-07-31 18:00:00,382.739171922743
2011-07-31 19:00:00,304.731999855239
2011-07-31 20:00:00,253.98218060657
2011-07-31 21:00:00,230.299243726888
2011-07-31 22:00:00,139.985967658033
2011-07-31 23:00:00,83.3183370017608
2011-08-20 00:00:00,104.072428956952
2011-08-20 01:00:00,93.4101039314834
2011-08-20 02:00:00,70.548693574449
2011-08-20 03:00:00,34.1471553936014
2011-08-20 04:00:00,8.92632914572276
2011-08-20 05:00:00,10.7841174885533
2011-08-20 06:00:00,26.5540298371928
2011-08-20 07:00:00,57.7833544105237
2011-08-20 08:00:00,137.033547321559
2011-08-20 09:00:00,238.480887518685
2011-08-20 10:00:00,375.804045526768
2011-08-20 11:00:00,405.281759854219
2011-08-20 12:00:00,448.096606037657
2011-08-20 13:00:00,419.54748410939
2011-08-20 14:00:00,440.119549277316
2011-08-20 15:00:00,535.097395444139
2011-08-20 16:00:00,450.994674608747
2011-08-20 17:00:00,383.499126785169
2011-08-20 18:00:00,380.793968844886
2011-08-20 19:00:00,325.271441929676
2011-08-20 20:00:00,283.341052652692
2011-08-20 21:00:00,217.751720266998
2011-08-20 22:00:00,164.4712217699
2011-08-20 23:00:00,155.903889062103
2011-08-21 00:00:00,180.519270108247
2011-08-21 01:00:00,106.924353194363
2011-08-21 02:00:00,77.0490048064598
2011-08-21 03:00:00,42.5378799614012
2011-08-21 04:00:00,8.03253650711034
2011-08-21 05:00:00,6.71003287103834
2011-08-21 06:00:00,9.50801435606472
2011-08-21 07:00:00,47.6739888386868
2011-08-21 08:00:00,99.9724973501977
2011-08-21 09:00:00,189.779089902768
2011-08-21 10:00:00,249.844497590766
2011-08-21 11:00:00,322.460089752428
2011-08-21 12:00:00,351.21180217349
2011-08-21 13:00:00,406.391865719679
2011-08-21 14:00:00,240.45111420313
2011-08-21 15:00:00,222.115203558442
2011-08-21 16:00:00,292.198627880444
2011-08-21 17:00:00,280.37317332095
2011-08-21 18:00:00,254.203036117922
2011-08-21 19:00:00,276.892529644694
2011-08-21 20:00:00,209.608196362168
2011-08-21 21:00:00,178.978268211429
2011-08-21 22:00:00,132.896808672607
2011-08-21 23:00:00,101.448120532052
2011-08-22 00:00:00,37.6367598077177
2011-08-22 01:00:00,14.9067659715413
2011-08-22 02:00:00,10.8372276383055
2011-08-22 03:00:00,3.59072594637673
2011-08-22 04:00:00,5.95581049550015
2011-08-22 05:00:00,24.2960348596271
2011-08-22 06:00:00,113.2268898329
2011-08-22 07:00:00,331.730297526108
2011-08-22 08:00:00,421.819383218682
2011-08-22 09:00:00,210.619149233675
2011-08-22 10:00:00,129.251403272952
2011-08-22 11:00:00,151.135472194374
2011-08-22 12:00:00,209.29815782558
2011-08-22 13:00:00,173.343635725017
2011-08-22 14:00:00,170.386032290743
2011-08-22 15:00:00,179.644854664066
2011-08-22 16:00:00,313.250585000406
2011-08-22 17:00:00,541.960796193515
2011-08-22 18:00:00,533.068745863594
2011-08-22 19:00:00,362.631811843162
2011-08-22 20:00:00,308.942189547385
2011-08-22 21:00:00,227.412572827999
2011-08-22 22:00:00,135.769736649856
2011-08-22 23:00:00,84.2276485662871
2011-08-23 00:00:00,37.0575953479524
2011-08-23 01:00:00,12.6138161516443
2011-08-23 02:00:00,7.20506392598413
2011-08-23 03:00:00,3.67961096090678
2011-08-23 04:00:00,4.92356925707464
2011-08-23 05:00:00,29.322097901469
2011-08-23 06:00:00,130.75775623308
2011-08-23 07:00:00,301.415085899865
2011-08-23 08:00:00,508.069674225982
2011-08-23 09:00:00,269.612785164882
2011-08-23 10:00:00,162.066176437576
2011-08-23 11:00:00,174.941092774877
2011-08-23 12:00:00,223.269867489435
2011-08-23 13:00:00,217.132626616954
2011-08-23 14:00:00,189.358005967351
2011-08-23 15:00:00,226.508510353423
2011-08-23 16:00:00,376.455239120611
2011-08-23 17:00:00,742.488230533753
2011-08-23 18:00:00,656.855807181222
2011-08-23 19:00:00,442.267780245253
2011-08-23 20:00:00,333.810748656789
2011-08-23 21:00:00,215.925925358921
2011-08-23 22:00:00,185.958221198014
2011-08-23 23:00:00,116.970320999998
2011-08-24 00:00:00,50.8297926123621
2011-08-24 01:00:00,18.3377327991594
2011-08-24 02:00:00,8.3304948790863
2011-08-24 03:00:00,4.86776715232604
2011-08-24 04:00:00,7.32676572099114
2011-08-24 05:00:00,36.3457631007091
2011-08-24 06:00:00,144.068558514782
2011-08-24 07:00:00,339.488805450711
2011-08-24 08:00:00,549.715790281199
2011-08-24 09:00:00,241.703199715915
2011-08-24 10:00:00,136.152140915963
2011-08-24 11:00:00,161.74870828682
2011-08-24 12:00:00,210.198612789196
2011-08-24 13:00:00,200.453860142463
2011-08-24 14:00:00,183.092962822584
2011-08-24 15:00:00,198.811115332889
2011-08-24 16:00:00,310.271135979687
2011-08-24 17:00:00,602.416468241545
2011-08-24 18:00:00,567.456013777749
2011-08-24 19:00:00,432.977983778163
2011-08-24 20:00:00,329.457430668943
2011-08-24 21:00:00,244.223334625702
2011-08-24 22:00:00,169.624629827168
2011-08-24 23:00:00,107.245858545891
2011-08-25 00:00:00,52.0745997769774
2011-08-25 01:00:00,20.243394325272
2011-08-25 02:00:00,9.11866746536016
2011-08-25 03:00:00,5.05396866775894
2011-08-25 04:00:00,7.47476762291642
2011-08-25 05:00:00,29.7250718510668
2011-08-25 06:00:00,130.497546253898
2011-08-25 07:00:00,249.337185279379
2011-08-25 08:00:00,479.290675768285
2011-08-25 09:00:00,243.852679071833
2011-08-25 10:00:00,150.235514863048
2011-08-25 11:00:00,103.759340168484
2011-08-25 12:00:00,119.871836027738
2011-08-25 13:00:00,172.117069557812
2011-08-25 14:00:00,194.885302182761
2011-08-25 15:00:00,214.922720327748
2011-08-25 16:00:00,253.339695932507
2011-08-25 17:00:00,429.740748217515
2011-08-25 18:00:00,443.309155450683
2011-08-25 19:00:00,315.331121735437
2011-08-25 20:00:00,245.897626586913
2011-08-25 21:00:00,188.195657104757
2011-08-25 22:00:00,146.594366163148
2011-08-25 23:00:00,113.583879875885
2011-08-26 00:00:00,54.2360093447047
2011-08-26 01:00:00,25.4139934984734
2011-08-26 02:00:00,11.6246653216483
2011-08-26 03:00:00,5.59515358913367
2011-08-26 04:00:00,6.05204651497319
2011-08-26 05:00:00,24.3976068150842
2011-08-26 06:00:00,93.0383083423553
2011-08-26 07:00:00,272.547733744748
2011-08-26 08:00:00,542.453069931751
2011-08-26 09:00:00,270.645203009568
2011-08-26 10:00:00,185.569884579318
2011-08-26 11:00:00,210.102401634619
2011-08-26 12:00:00,307.928517894945
2011-08-26 13:00:00,284.342979573082
2011-08-26 14:00:00,237.152468727093
2011-08-26 15:00:00,281.51420074476
2011-08-26 16:00:00,377.539623053707
2011-08-26 17:00:00,541.722793980187
2011-08-26 18:00:00,529.144461791882
2011-08-26 19:00:00,381.543505736463
2011-08-26 20:00:00,269.291984150631
2011-08-26 21:00:00,223.162309129039
2011-08-26 22:00:00,212.014954665652
2011-08-26 23:00:00,153.884006851199
2011-08-27 00:00:00,168.393947022705
2011-08-27 01:00:00,101.776643311783
2011-08-27 02:00:00,77.5587471738728
2011-08-27 03:00:00,35.0135374839204
2011-08-27 04:00:00,10.7663502824111
2011-08-27 05:00:00,10.7317897092493
2011-08-27 06:00:00,39.7678049260725
2011-08-27 07:00:00,47.8651250223459
2011-08-27 08:00:00,118.855188255154
2011-08-27 09:00:00,186.307584753452
2011-08-27 10:00:00,231.006359758199
2011-08-27 11:00:00,105.713316381579
2011-08-27 12:00:00,193.949098236788
2011-08-27 13:00:00,165.407679461842
2011-08-27 14:00:00,104.758038991292
2011-08-27 15:00:00,115.816706059119
2011-08-27 16:00:00,94.7085844288436
2011-08-27 17:00:00,68.5922829706089
2011-08-28 07:00:00,30.2715915653141
2011-08-28 08:00:00,53.7402587720513
2011-08-28 09:00:00,206.29706704348
2011-08-28 10:00:00,324.642693148771
2011-08-28 11:00:00,373.377452877079
2011-08-28 12:00:00,371.561276575363
2011-08-28 13:00:00,436.098577034346
2011-08-28 14:00:00,464.626464234809
2011-08-28 15:00:00,421.065312719502
2011-08-28 16:00:00,519.475224864829
2011-08-28 17:00:00,505.880317701405
2011-08-28 18:00:00,434.413651098441
2011-08-28 19:00:00,362.587920163678
2011-08-28 20:00:00,321.557688894955
2011-08-28 21:00:00,218.529088547254
2011-08-28 22:00:00,133.801886678115
2011-08-28 23:00:00,83.7787792758606
2011-08-29 00:00:00,40.7994812536644
2011-08-29 01:00:00,16.3767715291752
2011-08-29 02:00:00,7.98920570598539
2011-08-29 03:00:00,5.12135578301851
2011-08-29 04:00:00,6.91288609657132
2011-08-29 05:00:00,26.9146911504321
2011-08-29 06:00:00,123.872395704625
2011-08-29 07:00:00,341.365916974623
2011-08-29 08:00:00,394.873962163317
2011-08-29 09:00:00,242.081026826355
2011-08-29 10:00:00,148.070745596986
2011-08-29 11:00:00,184.463607836745
2011-08-29 12:00:00,277.243728277153
2011-08-29 13:00:00,249.59228600243
2011-08-29 14:00:00,196.730999479751
2011-08-29 15:00:00,215.52635088203
2011-08-29 16:00:00,387.859766752044
2011-08-29 17:00:00,698.896775439032
2011-08-29 18:00:00,621.71697043693
2011-08-29 19:00:00,451.076112477239
2011-08-29 20:00:00,358.769731345397
2011-08-29 21:00:00,225.551152032641
2011-08-29 22:00:00,150.304393772341
2011-08-29 23:00:00,94.1100557358241
2011-08-30 00:00:00,36.8374260490785
2011-08-30 01:00:00,13.2989449445861
2011-08-30 02:00:00,6.53245624610959
2011-08-30 03:00:00,4.69765379778621
2011-08-30 04:00:00,7.23670227274833
2011-08-30 05:00:00,26.050508743406
2011-08-30 06:00:00,132.962504480807
2011-08-30 07:00:00,382.357052528156
2011-08-30 08:00:00,468.845163143738
2011-08-30 09:00:00,231.278838699315
2011-08-30 10:00:00,141.780288746349
2011-08-30 11:00:00,181.927539406173
2011-08-30 12:00:00,230.523785557575
2011-08-30 13:00:00,220.562124700575
2011-08-30 14:00:00,209.427810956152
2011-08-30 15:00:00,227.350501167545
2011-08-30 16:00:00,410.103574131941
2011-08-30 17:00:00,740.039423889177
2011-08-30 18:00:00,673.809252062232
2011-08-30 19:00:00,388.289082644051
2011-08-30 20:00:00,324.667370398343
2011-08-30 21:00:00,229.672037705252
2011-08-30 22:00:00,170.967797557248
2011-08-30 23:00:00,114.928373551296
2011-08-31 00:00:00,40.126814972375
2011-08-31 01:00:00,17.9440774114138
2011-08-31 02:00:00,7.94309019661126
2011-08-31 03:00:00,5.95602123754741
2011-08-31 04:00:00,7.25580395956802
2011-08-31 05:00:00,36.5261853683871
2011-08-31 06:00:00,137.933853451826
2011-08-31 07:00:00,312.685463009784
2011-08-31 08:00:00,528.072897302069
2011-08-31 09:00:00,263.588266417168
2011-08-31 10:00:00,160.888181857172
2011-08-31 11:00:00,178.736126520098
2011-08-31 12:00:00,234.601521095032
2011-08-31 13:00:00,232.110382966486
2011-08-31 14:00:00,209.67610891831
2011-08-31 15:00:00,228.082256756807
2011-08-31 16:00:00,384.675030805985
2011-08-31 17:00:00,653.528344756309
2011-08-31 18:00:00,687.208059057126
2011-08-31 19:00:00,481.218512909377
2011-08-31 20:00:00,376.15570790108
2011-08-31 21:00:00,257.673142585669
2011-08-31 22:00:00,180.71693098351
2011-08-31 23:00:00,107.520248668043
2011-09-20 00:00:00,33.0939285309185
2011-09-20 01:00:00,10.0501115334599
2011-09-20 02:00:00,4.46477337766963
2011-09-20 03:00:00,5.87942579049611
2011-09-20 04:00:00,4.20352951355864
2011-09-20 05:00:00,30.0071174691153
2011-09-20 06:00:00,114.303918476521
2011-09-20 07:00:00,376.623978373004
2011-09-20 08:00:00,177.829219144801
2011-09-20 09:00:00,88.5341050186844
2011-09-20 10:00:00,64.049505888931
2011-09-20 11:00:00,58.5893892407833
2011-09-20 12:00:00,96.2549792751434
2011-09-20 13:00:00,83.9927482014845
2011-09-20 14:00:00,125.841994653801
2011-09-20 15:00:00,181.780445512406
2011-09-20 16:00:00,262.428620698325
2011-09-20 17:00:00,450.268716505425
2011-09-20 18:00:00,419.430645104304
2011-09-20 19:00:00,248.736881169593
2011-09-20 20:00:00,161.865732167189
2011-09-20 21:00:00,122.577990976572
2011-09-20 22:00:00,109.661941721052
2011-09-20 23:00:00,76.888832115192
2011-09-21 00:00:00,18.1784972727045
2011-09-21 01:00:00,9.89319920734209
2011-09-21 02:00:00,5.51565521963706
2011-09-21 03:00:00,4.32570318949452
2011-09-21 04:00:00,3.9306399594664
2011-09-21 05:00:00,13.6579154884736
2011-09-21 06:00:00,68.9384267115427
2011-09-21 07:00:00,192.76997960808
2011-09-21 08:00:00,265.230614199292
2011-09-21 09:00:00,107.092706594318
2011-09-21 10:00:00,89.5709126496282
2011-09-21 11:00:00,134.366776821726
2011-09-21 12:00:00,173.406098208649
2011-09-21 13:00:00,193.252182381611
2011-09-21 14:00:00,199.771536423935
2011-09-21 15:00:00,181.914419356245
2011-09-21 16:00:00,295.754120026656
2011-09-21 17:00:00,514.215495608132
2011-09-21 18:00:00,277.481600293013
2011-09-21 19:00:00,107.70506274301
2011-09-21 20:00:00,72.0275940571228
2011-09-21 21:00:00,77.4110048644577
2011-09-21 22:00:00,93.3434387252956
2011-09-21 23:00:00,73.8460804018451
2011-09-22 00:00:00,20.6633499286047
2011-09-22 01:00:00,9.98677859835219
2011-09-22 02:00:00,6.68927461163268
2011-09-22 03:00:00,4.23157212146188
2011-09-22 04:00:00,4.12928383851076
2011-09-22 05:00:00,18.8057790085908
2011-09-22 06:00:00,83.8675977601434
2011-09-22 07:00:00,229.247137508001
2011-09-22 08:00:00,297.711115229491
2011-09-22 09:00:00,144.722191250572
2011-09-22 10:00:00,125.328631085153
2011-09-22 11:00:00,135.483960170767
2011-09-22 12:00:00,156.611071801686
2011-09-22 13:00:00,138.679248219528
2011-09-22 14:00:00,134.048734746031
2011-09-22 15:00:00,163.586789138627
2011-09-22 16:00:00,293.034170701669
2011-09-22 17:00:00,506.745886904302
2011-09-22 18:00:00,311.085729474325
2011-09-22 19:00:00,248.526640601985
2011-09-22 20:00:00,123.324611228474
2011-09-22 21:00:00,151.91088233811
2011-09-22 22:00:00,86.0263876446675
2011-09-22 23:00:00,75.84958455637
2011-09-23 00:00:00,30.6353717559603
2011-09-23 01:00:00,13.6025179329848
2011-09-23 02:00:00,8.28292486391917
2011-09-23 03:00:00,5.99160671413416
2011-09-23 04:00:00,5.26761273063396
2011-09-23 05:00:00,26.7531804451155
2011-09-23 06:00:00,105.93913967128
2011-09-23 07:00:00,142.485120442172
2011-09-23 08:00:00,225.374639530879
2011-09-23 09:00:00,105.251001929912
2011-09-23 10:00:00,56.0511828302589
2011-09-23 11:00:00,65.3793694192444
2011-09-23 12:00:00,84.5220639499666
2011-09-23 13:00:00,65.7658941762275
2011-09-23 14:00:00,73.2301159232813
2011-09-23 15:00:00,105.15731131872
2011-09-23 16:00:00,179.872569941212
2011-09-23 17:00:00,264.629827248538
2011-09-23 18:00:00,222.168100896721
2011-09-23 19:00:00,214.388971363734
2011-09-23 20:00:00,185.533517451083
2011-09-23 21:00:00,131.41548668584
2011-09-23 22:00:00,134.716733251783
2011-09-23 23:00:00,84.3624901073435
2011-09-24 00:00:00,138.247856905371
2011-09-24 01:00:00,93.5445406119523
2011-09-24 02:00:00,72.2211549195688
2011-09-24 03:00:00,41.1683367784695
2011-09-24 04:00:00,10.3542232962105
2011-09-24 05:00:00,12.1650992144156
2011-09-24 06:00:00,25.8042220257642
2011-09-24 07:00:00,96.4112631054973
2011-09-24 08:00:00,162.151558911726
2011-09-24 09:00:00,262.337654377607
2011-09-24 10:00:00,352.152793247842
2011-09-24 11:00:00,333.068088336272
2011-09-24 12:00:00,393.14734314618
2011-09-24 13:00:00,309.452363181231
2011-09-24 14:00:00,398.393830993686
2011-09-24 15:00:00,459.385627568075
2011-09-24 16:00:00,415.43699390727
2011-09-24 17:00:00,458.502994523717
2011-09-24 18:00:00,308.112231988851
2011-09-24 19:00:00,254.140577353407
2011-09-24 20:00:00,205.435966775364
2011-09-24 21:00:00,185.132068822812
2011-09-24 22:00:00,164.389250799549
2011-09-24 23:00:00,157.590970401603
2011-09-25 00:00:00,110.726499815337
2011-09-25 01:00:00,95.7873252113422
2011-09-25 02:00:00,62.7126357975959
2011-09-25 03:00:00,30.9367136363141
2011-09-25 04:00:00,7.47643297757865
2011-09-25 05:00:00,16.1094616653181
2011-09-25 06:00:00,13.8005495885998
2011-09-25 07:00:00,54.9663722558653
2011-09-25 08:00:00,143.579637310874
2011-09-25 09:00:00,219.737082293655
2011-09-25 10:00:00,271.600227026936
2011-09-25 11:00:00,433.191754986082
2011-09-25 12:00:00,442.567400389407
2011-09-25 13:00:00,445.607140135921
2011-09-25 14:00:00,392.19871153141
2011-09-25 15:00:00,416.784797697831
2011-09-25 16:00:00,506.635775830678
2011-09-25 17:00:00,454.478030583132
2011-09-25 18:00:00,368.975217073427
2011-09-25 19:00:00,233.792301238324
2011-09-25 20:00:00,188.508929136918
2011-09-25 21:00:00,119.325636941603
2011-09-25 22:00:00,138.445584111121
2011-09-25 23:00:00,71.2151390592389
2011-09-26 00:00:00,25.2946988786491
2011-09-26 01:00:00,14.1306393908292
2011-09-26 02:00:00,6.03174667448097
2011-09-26 03:00:00,5.52096036015062
2011-09-26 04:00:00,6.84581729873442
2011-09-26 05:00:00,35.0897920197107
2011-09-26 06:00:00,122.198607241028
2011-09-26 07:00:00,414.053068513599
2011-09-26 08:00:00,561.364529815366
2011-09-26 09:00:00,289.944712340952
2011-09-26 10:00:00,150.037011450326
2011-09-26 11:00:00,184.210751128462
2011-09-26 12:00:00,205.680990356987
2011-09-26 13:00:00,212.742462668906
2011-09-26 14:00:00,211.738481045921
2011-09-26 15:00:00,232.060446341235
2011-09-26 16:00:00,381.03419352912
2011-09-26 17:00:00,569.907983091117
2011-09-26 18:00:00,433.472581212111
2011-09-26 19:00:00,316.191557049629
2011-09-26 20:00:00,248.718386987253
2011-09-26 21:00:00,182.928325939077
2011-09-26 22:00:00,111.529881112076
2011-09-26 23:00:00,69.9446142666582
2011-09-27 00:00:00,25.3460111324097
2011-09-27 01:00:00,10.3495586841307
2011-09-27 02:00:00,4.35134781440505
2011-09-27 03:00:00,4.76430341320439
2011-09-27 04:00:00,6.009165945893
2011-09-27 05:00:00,15.1481629002438
2011-09-27 06:00:00,128.154870625834
2011-09-27 07:00:00,375.006443229594
2011-09-27 08:00:00,633.705165595169
2011-09-27 09:00:00,165.508354977486
2011-09-27 10:00:00,61.7028037956127
2011-09-27 11:00:00,137.194387967066
2011-09-27 12:00:00,141.037106736354
2011-09-27 13:00:00,197.753704159079
2011-09-27 14:00:00,157.370118904834
2011-09-27 15:00:00,138.789569174221
2011-09-27 16:00:00,287.227957302331
2011-09-27 17:00:00,489.8271797027
2011-09-27 18:00:00,479.742414300035
2011-09-27 19:00:00,378.359092313671
2011-09-27 20:00:00,265.436196826044
2011-09-27 21:00:00,193.281105220803
2011-09-27 22:00:00,155.664536596811
2011-09-27 23:00:00,91.7383651627212
2011-09-28 00:00:00,44.5698451390083
2011-09-28 01:00:00,16.5071548236849
2011-09-28 02:00:00,6.00609446298114
2011-09-28 03:00:00,4.85123027439532
2011-09-28 04:00:00,8.41074809160135
2011-09-28 05:00:00,22.1789132369867
2011-09-28 06:00:00,58.3726402917051
2011-09-28 07:00:00,98.5546721029956
2011-09-28 08:00:00,197.173521729872
2011-09-28 09:00:00,106.802215882739
2011-09-28 10:00:00,61.8899848664893
2011-09-28 11:00:00,139.316211265839
2011-09-28 12:00:00,172.863180733576
2011-09-28 13:00:00,213.31433607959
2011-09-28 14:00:00,229.36120971578
2011-09-28 15:00:00,233.704239251218
2011-09-28 16:00:00,365.797247990603
2011-09-28 17:00:00,675.015801597241
2011-09-28 18:00:00,249.640836703813
2011-09-28 19:00:00,215.260552503855
2011-09-28 20:00:00,94.5487255057264
2011-09-28 21:00:00,73.9245613931407
2011-09-28 22:00:00,167.638460043105
2011-09-28 23:00:00,68.8803777676493
2011-09-29 00:00:00,26.9907310567831
2011-09-29 01:00:00,7.89785544926855
2011-09-29 02:00:00,5.74345781044212
2011-09-29 03:00:00,3.94512249959768
2011-09-29 04:00:00,5.70952047094853
2011-09-29 05:00:00,35.0425540119077
2011-09-29 06:00:00,138.25207706779
2011-09-29 07:00:00,372.287527127343
2011-09-29 08:00:00,649.225154384175
2011-09-29 09:00:00,253.476762111548
2011-09-29 10:00:00,169.601359994085
2011-09-29 11:00:00,192.570533119763
2011-09-29 12:00:00,252.248296022658
2011-09-29 13:00:00,252.144040703273
2011-09-29 14:00:00,206.479479037814
2011-09-29 15:00:00,244.413436853064
2011-09-29 16:00:00,402.800629995143
2011-09-29 17:00:00,615.543231602406
2011-09-29 18:00:00,836.60736230794
2011-09-29 19:00:00,461.151854562437
2011-09-29 20:00:00,362.915873674609
2011-09-29 21:00:00,277.753093146815
2011-09-29 22:00:00,195.6813782539
2011-09-29 23:00:00,139.17927217773
2011-09-30 00:00:00,66.5973921983468
2011-09-30 01:00:00,37.0074513747034
2011-09-30 02:00:00,12.1617752732938
2011-09-30 03:00:00,10.3303769930553
2011-09-30 04:00:00,8.23769099437147
2011-09-30 05:00:00,36.548078052338
2011-09-30 06:00:00,155.990604812015
2011-09-30 07:00:00,441.380165216741
2011-09-30 08:00:00,668.71689728621
2011-09-30 09:00:00,313.766036816622
2011-09-30 10:00:00,224.293848384034
2011-09-30 11:00:00,250.811826110487
2011-09-30 12:00:00,326.644019887894
2011-09-30 13:00:00,302.662587526023
2011-09-30 14:00:00,287.503000988938
2011-09-30 15:00:00,290.351756259354
2011-09-30 16:00:00,392.269296491216
2011-09-30 17:00:00,666.899047315722
2011-09-30 18:00:00,518.718756781971
2011-09-30 19:00:00,383.448597991011
2011-09-30 20:00:00,288.470597013996
2011-09-30 21:00:00,218.761796306417
2011-09-30 22:00:00,177.530091890221
2011-09-30 23:00:00,127.423775279679
2011-10-20 00:00:00,30.036622442022
2011-10-20 01:00:00,14.140658427057
2011-10-20 02:00:00,6.20121598748598
2011-10-20 03:00:00,4.2428317281583
2011-10-20 04:00:00,8.25207956084256
2011-10-20 05:00:00,28.7615049805659
2011-10-20 06:00:00,150.783338626887
2011-10-20 07:00:00,412.986667664752
2011-10-20 08:00:00,753.336250373571
2011-10-20 09:00:00,298.84281930281
2011-10-20 10:00:00,186.16087208868
2011-10-20 11:00:00,225.835707663974
2011-10-20 12:00:00,292.564177400368
2011-10-20 13:00:00,283.181135581446
2011-10-20 14:00:00,240.743910863417
2011-10-20 15:00:00,264.950674130681
2011-10-20 16:00:00,353.615368002011
2011-10-20 17:00:00,716.614309096495
2011-10-20 18:00:00,629.31400309351
2011-10-20 19:00:00,403.994776086149
2011-10-20 20:00:00,321.995658232278
2011-10-20 21:00:00,220.992129445542
2011-10-20 22:00:00,171.847661573242
2011-10-20 23:00:00,123.093794551761
2011-10-21 00:00:00,72.2302774911071
2011-10-21 01:00:00,25.6353690771029
2011-10-21 02:00:00,13.1619513896194
2011-10-21 03:00:00,5.80218826682932
2011-10-21 04:00:00,7.74319612821621
2011-10-21 05:00:00,31.4275072504441
2011-10-21 06:00:00,148.277870674301
2011-10-21 07:00:00,345.131700511581
2011-10-21 08:00:00,601.805433891928
2011-10-21 09:00:00,329.604669888225
2011-10-21 10:00:00,198.521118992136
2011-10-21 11:00:00,251.343386872603
2011-10-21 12:00:00,297.134015488723
2011-10-21 13:00:00,285.694552954912
2011-10-21 14:00:00,260.296316393505
2011-10-21 15:00:00,283.940100800682
2011-10-21 16:00:00,404.779897663129
2011-10-21 17:00:00,690.433906934536
2011-10-21 18:00:00,527.26931266018
2011-10-21 19:00:00,373.510023165659
2011-10-21 20:00:00,278.201142403388
2011-10-21 21:00:00,206.975904752945
2011-10-21 22:00:00,185.902344143418
2011-10-21 23:00:00,118.833034071355
2011-10-22 00:00:00,175.665346000777
2011-10-22 01:00:00,95.3691248671952
2011-10-22 02:00:00,66.6323400704189
2011-10-22 03:00:00,28.8252743742937
2011-10-22 04:00:00,8.0110083020375
2011-10-22 05:00:00,10.2143259362855
2011-10-22 06:00:00,24.7281261743403
2011-10-22 07:00:00,55.6748103459629
2011-10-22 08:00:00,121.090934402281
2011-10-22 09:00:00,197.535952049973
2011-10-22 10:00:00,316.414336803475
2011-10-22 11:00:00,416.570611678126
2011-10-22 12:00:00,375.263660129814
2011-10-22 13:00:00,449.972516065393
2011-10-22 14:00:00,392.325338704718
2011-10-22 15:00:00,377.133861392829
2011-10-22 16:00:00,421.817471427156
2011-10-22 17:00:00,350.223756450741
2011-10-22 18:00:00,283.884439214851
2011-10-22 19:00:00,186.608425340519
2011-10-22 20:00:00,149.945483323277
2011-10-22 21:00:00,123.231147920032
2011-10-22 22:00:00,115.26350932336
2011-10-22 23:00:00,112.632476007515
2011-10-23 00:00:00,86.0220137747913
2011-10-23 01:00:00,73.2316401023211
2011-10-23 02:00:00,49.3650920190816
2011-10-23 03:00:00,25.9946590337559
2011-10-23 04:00:00,8.36327521540807
2011-10-23 05:00:00,9.87578145550507
2011-10-23 06:00:00,15.5001491103769
2011-10-23 07:00:00,44.8379973231802
2011-10-23 08:00:00,76.8892950983517
2011-10-23 09:00:00,135.55395770128
2011-10-23 10:00:00,283.260537594234
2011-10-23 11:00:00,256.441152658844
2011-10-23 12:00:00,332.069258874242
2011-10-23 13:00:00,405.15498033918
2011-10-23 14:00:00,421.767499608566
2011-10-23 15:00:00,392.051860330591
2011-10-23 16:00:00,468.389650416139
2011-10-23 17:00:00,354.959839893328
2011-10-23 18:00:00,248.935264374868
2011-10-23 19:00:00,150.925043231727
2011-10-23 20:00:00,138.77910787062
2011-10-23 21:00:00,120.16230713805
2011-10-23 22:00:00,102.86622639889
2011-10-23 23:00:00,75.0464124155411
2011-10-24 00:00:00,40.1600087655956
2011-10-24 01:00:00,11.7373951359902
2011-10-24 02:00:00,4.89152119396422
2011-10-24 03:00:00,4.44208174256494
2011-10-24 04:00:00,5.91944586150914
2011-10-24 05:00:00,27.509326272548
2011-10-24 06:00:00,108.008387607958
2011-10-24 07:00:00,335.806124221897
2011-10-24 08:00:00,525.460756679626
2011-10-24 09:00:00,288.414950556265
2011-10-24 10:00:00,138.646344658321
2011-10-24 11:00:00,181.550670997563
2011-10-24 12:00:00,244.931572952077
2011-10-24 13:00:00,213.567078173502
2011-10-24 14:00:00,202.277324933764
2011-10-24 15:00:00,217.001129197471
2011-10-24 16:00:00,346.04450129295
2011-10-24 17:00:00,672.167588544436
2011-10-24 18:00:00,554.119783941017
2011-10-24 19:00:00,353.400167388741
2011-10-24 20:00:00,213.100529757917
2011-10-24 21:00:00,154.725166627919
2011-10-24 22:00:00,127.098596795179
2011-10-24 23:00:00,80.5818972011177
2011-10-25 00:00:00,37.3368758085756
2011-10-25 01:00:00,13.1414914057258
2011-10-25 02:00:00,4.49875818363875
2011-10-25 03:00:00,3.84168171986198
2011-10-25 04:00:00,7.06412565340977
2011-10-25 05:00:00,30.3789794934702
2011-10-25 06:00:00,138.669566025506
2011-10-25 07:00:00,311.433580469073
2011-10-25 08:00:00,662.793215787122
2011-10-25 09:00:00,271.490838870187
2011-10-25 10:00:00,164.437484159923
2011-10-25 11:00:00,183.314738314806
2011-10-25 12:00:00,264.676125166339
2011-10-25 13:00:00,251.844713489015
2011-10-25 14:00:00,230.819870523234
2011-10-25 15:00:00,281.334682630588
2011-10-25 16:00:00,407.685323777549
2011-10-25 17:00:00,742.321901122474
2011-10-25 18:00:00,670.436174405326
2011-10-25 19:00:00,426.198538155416
2011-10-25 20:00:00,283.334824850545
2011-10-25 21:00:00,208.080799267994
2011-10-25 22:00:00,158.211870151552
2011-10-25 23:00:00,97.4997241394575
2011-10-26 00:00:00,45.0552435710544
2011-10-26 01:00:00,13.8926858333502
2011-10-26 02:00:00,6.84834023469812
2011-10-26 03:00:00,4.6683671426461
2011-10-26 04:00:00,6.17009790751678
2011-10-26 05:00:00,41.9653533796377
2011-10-26 06:00:00,151.696245241505
2011-10-26 07:00:00,412.702480123683
2011-10-26 08:00:00,650.18186304242
2011-10-26 09:00:00,334.723839043166
2011-10-26 10:00:00,175.351695213399
2011-10-26 11:00:00,197.044484086782
2011-10-26 12:00:00,228.336124289057
2011-10-26 13:00:00,129.378855946491
2011-10-26 14:00:00,193.967379174234
2011-10-26 15:00:00,231.232362984862
2011-10-26 16:00:00,281.916788351824
2011-10-26 17:00:00,493.968338132031
2011-10-26 18:00:00,563.044944086673
2011-10-26 19:00:00,301.210776190151
2011-10-26 20:00:00,233.545300464023
2011-10-26 21:00:00,227.637513909853
2011-10-26 22:00:00,131.121960774206
2011-10-26 23:00:00,70.5524174759738
2011-10-27 00:00:00,33.8865754789652
2011-10-27 01:00:00,13.1175779680715
2011-10-27 02:00:00,5.7300590655424
2011-10-27 03:00:00,3.18808992386668
2011-10-27 04:00:00,4.88180800530843
2011-10-27 05:00:00,21.1812258060976
2011-10-27 06:00:00,84.4436244272785
2011-10-27 07:00:00,354.903325388262
2011-10-27 08:00:00,269.976708956312
2011-10-27 09:00:00,311.904163310716
2011-10-27 10:00:00,86.4497552732209
2011-10-27 11:00:00,103.625713543076
2011-10-27 12:00:00,90.6794697143058
2011-10-27 13:00:00,181.595505097372
2011-10-27 14:00:00,131.284679890888
2011-10-27 15:00:00,175.086601270284
2011-10-27 16:00:00,312.306780059526
2011-10-27 17:00:00,637.488306591232
2011-10-27 18:00:00,633.686209303257
2011-10-27 19:00:00,376.987512779292
2011-10-27 20:00:00,290.523168462527
2011-10-27 21:00:00,191.305635824088
2011-10-27 22:00:00,126.848231114355
2011-10-27 23:00:00,111.21376405894
2011-10-28 00:00:00,47.4949445225671
2011-10-28 01:00:00,23.6535662450564
2011-10-28 02:00:00,9.05268397919924
2011-10-28 03:00:00,4.66513725927163
2011-10-28 04:00:00,6.58000495289144
2011-10-28 05:00:00,37.4930103611271
2011-10-28 06:00:00,109.980130175287
2011-10-28 07:00:00,326.269874893559
2011-10-28 08:00:00,648.858201705871
2011-10-28 09:00:00,303.04533270743
2011-10-28 10:00:00,158.583650286832
2011-10-28 11:00:00,238.187844258809
2011-10-28 12:00:00,296.536093716937
2011-10-28 13:00:00,270.197782470533
2011-10-28 14:00:00,227.383249754954
2011-10-28 15:00:00,240.726488342284
2011-10-28 16:00:00,386.999822448444
2011-10-28 17:00:00,598.175509901527
2011-10-28 18:00:00,492.344976056107
2011-10-28 19:00:00,358.713819392513
2011-10-28 20:00:00,146.864062572304
2011-10-28 21:00:00,99.7345116435646
2011-10-28 22:00:00,88.5865431327281
2011-10-28 23:00:00,47.5308669329829
2011-10-29 00:00:00,52.9881052297137
2011-10-29 01:00:00,44.5722547845074
2011-10-29 02:00:00,34.4541916653857
2011-10-29 03:00:00,11.8587703871056
2011-10-29 04:00:00,6.67711949673631
2011-10-29 05:00:00,4.29401924454464
2011-10-29 06:00:00,7.22237937127886
2011-10-29 07:00:00,22.0895158835019
2011-10-29 08:00:00,53.3004296254439
2011-10-29 09:00:00,81.1589450465752
2011-10-29 10:00:00,62.4417707411932
2011-10-29 11:00:00,64.1811543886956
2011-10-29 12:00:00,53.2920571631761
2011-10-29 13:00:00,50.772370074145
2011-10-29 14:00:00,61.1085858321513
2011-10-29 15:00:00,101.040194337903
2011-10-29 16:00:00,77.5264650265596
2011-10-29 17:00:00,66.5142784981936
2011-10-29 18:00:00,45.445908507026
2011-10-29 19:00:00,53.20856905483
2011-10-29 20:00:00,50.4015042561018
2011-10-29 21:00:00,43.4567581492328
2011-10-29 22:00:00,56.4043022378238
2011-10-29 23:00:00,62.4295716080361
2011-10-30 00:00:00,55.1973937913856
2011-10-30 01:00:00,52.0849197891662
2011-10-30 02:00:00,21.8816445813008
2011-10-30 03:00:00,12.3821361687157
2011-10-30 04:00:00,5.47094676084098
2011-10-30 05:00:00,5.03373368816028
2011-10-30 06:00:00,9.70967341466245
2011-10-30 07:00:00,32.3186500802787
2011-10-30 08:00:00,73.2145277759904
2011-10-30 09:00:00,120.395974757405
2011-10-30 10:00:00,290.337739463511
2011-10-30 11:00:00,272.959750119396
2011-10-30 12:00:00,379.8322521939
2011-10-30 13:00:00,513.554182244917
2011-10-30 14:00:00,437.87703991377
2011-10-30 15:00:00,469.415711747844
2011-10-30 16:00:00,394.038977351116
2011-10-30 17:00:00,360.555668264016
2011-10-30 18:00:00,257.584471597719
2011-10-30 19:00:00,258.583183006101
2011-10-30 20:00:00,147.026457856578
2011-10-30 21:00:00,107.933291622864
2011-10-30 22:00:00,86.6488605899819
2011-10-30 23:00:00,41.7519881691764
2011-10-31 00:00:00,14.9802997401232
2011-10-31 01:00:00,6.78021203324489
2011-10-31 02:00:00,2.74787035923073
2011-10-31 03:00:00,2.88818278218749
2011-10-31 04:00:00,4.05214632747199
2011-10-31 05:00:00,19.195685988723
2011-10-31 06:00:00,70.2505853691734
2011-10-31 07:00:00,219.529160417835
2011-10-31 08:00:00,406.370828518066
2011-10-31 09:00:00,248.132189237571
2011-10-31 10:00:00,135.787969833053
2011-10-31 11:00:00,180.99280014726
2011-10-31 12:00:00,239.698319827104
2011-10-31 13:00:00,250.613545353255
2011-10-31 14:00:00,208.80377083109
2011-10-31 15:00:00,224.275109188399
2011-10-31 16:00:00,355.051574639507
2011-10-31 17:00:00,651.166039108292
2011-10-31 18:00:00,387.577709584317
2011-10-31 19:00:00,299.795824221152
2011-10-31 20:00:00,210.595749047054
2011-10-31 21:00:00,138.214988165316
2011-10-31 22:00:00,100.549021929219
2011-10-31 23:00:00,59.6255106700142
2011-11-20 00:00:00,137.572853386927
2011-11-20 01:00:00,85.3323837604535
2011-11-20 02:00:00,63.9689854986573
2011-11-20 03:00:00,22.3527498759583
2011-11-20 04:00:00,9.14176884060847
2011-11-20 05:00:00,6.95393658670214
2011-11-20 06:00:00,13.3101774067752
2011-11-20 07:00:00,54.6141901751738
2011-11-20 08:00:00,110.404909331869
2011-11-20 09:00:00,180.859713271194
2011-11-20 10:00:00,319.2480021439
2011-11-20 11:00:00,382.759502247613
2011-11-20 12:00:00,387.404502958588
2011-11-20 13:00:00,439.749104668654
2011-11-20 14:00:00,410.709164453596
2011-11-20 15:00:00,408.631118607472
2011-11-20 16:00:00,369.116894144479
2011-11-20 17:00:00,323.259130814323
2011-11-20 18:00:00,387.06469181753
2011-11-20 19:00:00,227.794907017841
2011-11-20 20:00:00,203.196298079198
2011-11-20 21:00:00,138.418266300709
2011-11-20 22:00:00,78.1888002750915
2011-11-20 23:00:00,62.2561115878463
2011-11-21 00:00:00,22.7836762462655
2011-11-21 01:00:00,8.70127066518111
2011-11-21 02:00:00,5.87831294962036
2011-11-21 03:00:00,3.78351814897528
2011-11-21 04:00:00,3.77818598620653
2011-11-21 05:00:00,24.2001404539246
2011-11-21 06:00:00,97.1630312703882
2011-11-21 07:00:00,340.986126117153
2011-11-21 08:00:00,518.977290990891
2011-11-21 09:00:00,226.260094661666
2011-11-21 10:00:00,112.686960506987
2011-11-21 11:00:00,136.015882286195
2011-11-21 12:00:00,155.277960005501
2011-11-21 13:00:00,180.120502154882
2011-11-21 14:00:00,136.901097218344
2011-11-21 15:00:00,113.210124450381
2011-11-21 16:00:00,160.920248540971
2011-11-21 17:00:00,174.641976107851
2011-11-21 18:00:00,334.886827483832
2011-11-21 19:00:00,253.974018616488
2011-11-21 20:00:00,164.016525898657
2011-11-21 21:00:00,113.479604560382
2011-11-21 22:00:00,84.6513795040436
2011-11-21 23:00:00,52.8687770667677
2011-11-22 00:00:00,14.7092456694875
2011-11-22 01:00:00,8.21956196775625
2011-11-22 02:00:00,3.49882102046532
2011-11-22 03:00:00,3.52375771775914
2011-11-22 04:00:00,5.09121953707514
2011-11-22 05:00:00,10.5656957461549
2011-11-22 06:00:00,109.136860763558
2011-11-22 07:00:00,122.673834626721
2011-11-22 08:00:00,215.619825701302
2011-11-22 09:00:00,118.95523350499
2011-11-22 10:00:00,58.8608406525205
2011-11-22 11:00:00,86.0436936516101
2011-11-22 12:00:00,84.7717524646846
2011-11-22 13:00:00,68.9836246667788
2011-11-22 14:00:00,70.0681736111072
2011-11-22 15:00:00,60.0278548306813
2011-11-22 16:00:00,145.093357818056
2011-11-22 17:00:00,236.36597928478
2011-11-22 18:00:00,233.232852328006
2011-11-22 19:00:00,293.740429446966
2011-11-22 20:00:00,157.198412822944
2011-11-22 21:00:00,158.300970735673
2011-11-22 22:00:00,106.159999088375
2011-11-22 23:00:00,66.4158578514911
2011-11-23 00:00:00,23.6949117449295
2011-11-23 01:00:00,9.46225009316354
2011-11-23 02:00:00,2.93737748783608
2011-11-23 03:00:00,2.34243980356732
2011-11-23 04:00:00,5.17630706858499
2011-11-23 05:00:00,15.548298078184
2011-11-23 06:00:00,81.4094366921733
2011-11-23 07:00:00,204.249154425918
2011-11-23 08:00:00,501.96018326301
2011-11-23 09:00:00,187.737314970901
2011-11-23 10:00:00,76.3781375770198
2011-11-23 11:00:00,134.993621320442
2011-11-23 12:00:00,220.20770293189
2011-11-23 13:00:00,171.495115371605
2011-11-23 14:00:00,196.626909828696
2011-11-23 15:00:00,200.363519866059
2011-11-23 16:00:00,255.530597592976
2011-11-23 17:00:00,188.919371314898
2011-11-23 18:00:00,467.622421285503
2011-11-23 19:00:00,312.145774407176
2011-11-23 20:00:00,212.277959361258
2011-11-23 21:00:00,162.589871608132
2011-11-23 22:00:00,121.975046913124
2011-11-23 23:00:00,89.4040496601025
2011-11-24 00:00:00,94.0473944801711
2011-11-24 01:00:00,27.2981733831295
2011-11-24 02:00:00,25.0662591755611
2011-11-24 03:00:00,12.0708605973242
2011-11-24 04:00:00,8.27801256560765
2011-11-24 05:00:00,6.81291934647068
2011-11-24 06:00:00,29.143495947394
2011-11-24 07:00:00,48.2862512726695
2011-11-24 08:00:00,134.739818485701
2011-11-24 09:00:00,167.251440993498
2011-11-24 10:00:00,251.838000675494
2011-11-24 11:00:00,288.69346774627
2011-11-24 12:00:00,375.432914323306
2011-11-24 13:00:00,407.744394836324
2011-11-24 14:00:00,388.993314352636
2011-11-24 15:00:00,418.997520813359
2011-11-24 16:00:00,358.387852692299
2011-11-24 17:00:00,337.96678863232
2011-11-24 18:00:00,291.60846964539
2011-11-24 19:00:00,193.911102383088
2011-11-24 20:00:00,117.506076694836
2011-11-24 21:00:00,131.268531635966
2011-11-24 22:00:00,107.09083447601
2011-11-24 23:00:00,57.2460998371607
2011-11-25 00:00:00,43.4101652506506
2011-11-25 01:00:00,20.0787318411331
2011-11-25 02:00:00,9.29663187201333
2011-11-25 03:00:00,5.32629257731898
2011-11-25 04:00:00,9.14711258151694
2011-11-25 05:00:00,25.0439274136106
2011-11-25 06:00:00,96.3795215085552
2011-11-25 07:00:00,257.237786736073
2011-11-25 08:00:00,527.375006314225
2011-11-25 09:00:00,246.127427635538
2011-11-25 10:00:00,173.319793279376
2011-11-25 11:00:00,184.36291531305
2011-11-25 12:00:00,231.448227617541
2011-11-25 13:00:00,242.040533109133
2011-11-25 14:00:00,229.055103318257
2011-11-25 15:00:00,266.259549735474
2011-11-25 16:00:00,351.060906380275
2011-11-25 17:00:00,512.902078450315
2011-11-25 18:00:00,476.594684764002
2011-11-25 19:00:00,310.992740233514
2011-11-25 20:00:00,239.670311957457
2011-11-25 21:00:00,167.976577671348
2011-11-25 22:00:00,169.598118478344
2011-11-25 23:00:00,118.767957964439
2011-11-26 00:00:00,116.688913407353
2011-11-26 01:00:00,84.5871523383071
2011-11-26 02:00:00,52.1442681501058
2011-11-26 03:00:00,30.0331324375398
2011-11-26 04:00:00,7.31227902955171
2011-11-26 05:00:00,8.90740102907025
2011-11-26 06:00:00,17.3936226644215
2011-11-26 07:00:00,47.2735257907762
2011-11-26 08:00:00,119.505899147106
2011-11-26 09:00:00,153.016961829031
2011-11-26 10:00:00,244.227264998177
2011-11-26 11:00:00,340.706684561469
2011-11-26 12:00:00,419.301800489554
2011-11-26 13:00:00,470.692188971496
2011-11-26 14:00:00,396.314162723136
2011-11-26 15:00:00,410.398036365628
2011-11-26 16:00:00,338.630902848659
2011-11-26 17:00:00,292.96497835705
2011-11-26 18:00:00,258.254170765743
2011-11-26 19:00:00,203.762403215571
2011-11-26 20:00:00,164.378763215227
2011-11-26 21:00:00,119.255590378508
2011-11-26 22:00:00,93.4817844426287
2011-11-26 23:00:00,116.96284412661
2011-11-27 00:00:00,115.47147224838
2011-11-27 01:00:00,93.6171333726529
2011-11-27 02:00:00,47.5879049073179
2011-11-27 03:00:00,31.1882590977474
2011-11-27 04:00:00,10.5334051393823
2011-11-27 05:00:00,8.95704121012411
2011-11-27 06:00:00,23.3141462150794
2011-11-27 07:00:00,47.2774202313355
2011-11-27 08:00:00,92.5956901325916
2011-11-27 09:00:00,159.219730561266
2011-11-27 10:00:00,227.977895572632
2011-11-27 11:00:00,293.761318567506
2011-11-27 12:00:00,349.452198822507
2011-11-27 13:00:00,433.600803507948
2011-11-27 14:00:00,507.661106542552
2011-11-27 15:00:00,492.072763978109
2011-11-27 16:00:00,428.309870711051
2011-11-27 17:00:00,398.605119687619
2011-11-27 18:00:00,271.137599289485
2011-11-27 19:00:00,224.531451616601
2011-11-27 20:00:00,184.750280318156
2011-11-27 21:00:00,159.145125428465
2011-11-27 22:00:00,122.833954420324
2011-11-27 23:00:00,76.1844588589087
2011-11-28 00:00:00,38.3685937569865
2011-11-28 01:00:00,13.1799182777268
2011-11-28 03:00:00,4.7518312295971
2011-11-28 04:00:00,5.66956574212945
2011-11-28 05:00:00,28.4021916457224
2011-11-28 06:00:00,120.145730129408
2011-11-28 07:00:00,336.059284435737
2011-11-28 08:00:00,547.595954269603
2011-11-28 09:00:00,259.150336280167
2011-11-28 10:00:00,122.36658474194
2011-11-28 11:00:00,146.188750365501
2011-11-28 12:00:00,184.922253348831
2011-11-28 13:00:00,201.761689104627
2011-11-28 14:00:00,198.106725562657
2011-11-28 15:00:00,199.962581723203
2011-11-28 16:00:00,296.319868356265
2011-11-28 17:00:00,590.905744746
2011-11-28 18:00:00,554.692757239624
2011-11-28 19:00:00,400.783276924842
2011-11-28 20:00:00,268.767124819644
2011-11-28 21:00:00,189.27630178757
2011-11-28 22:00:00,119.747656985009
2011-11-28 23:00:00,60.9934149769645
2011-11-29 00:00:00,29.804517224252
2011-11-29 01:00:00,11.9790211166273
2011-11-29 02:00:00,3.69963493906209
2011-11-29 03:00:00,3.86285891571956
2011-11-29 04:00:00,6.29160097417165
2011-11-29 05:00:00,25.1028570139983
2011-11-29 06:00:00,114.238352953937
2011-11-29 07:00:00,293.049986886658
2011-11-29 08:00:00,489.221163822487
2011-11-29 09:00:00,189.414597427514
2011-11-29 10:00:00,115.701189043033
2011-11-29 11:00:00,73.3475982229441
2011-11-29 12:00:00,98.9149297224863
2011-11-29 13:00:00,112.811473868627
2011-11-29 14:00:00,76.9371857546663
2011-11-29 15:00:00,69.007555062965
2011-11-29 16:00:00,124.020875554647
2011-11-29 17:00:00,347.600897037748
2011-11-29 18:00:00,296.820036475266
2011-11-29 19:00:00,187.242273241985
2011-11-29 20:00:00,165.826415445521
2011-11-29 21:00:00,134.92031930446
2011-11-29 22:00:00,119.984065054017
2011-11-29 23:00:00,66.5242544688999
2011-11-30 00:00:00,60.2491696186913
2011-11-30 01:00:00,16.0777242946636
2011-11-30 02:00:00,6.75670552824853
2011-11-30 03:00:00,4.82736759602353
2011-11-30 04:00:00,5.81783954289088
2011-11-30 05:00:00,28.9878505241265
2011-11-30 06:00:00,88.4701074782756
2011-11-30 07:00:00,327.215068290914
2011-11-30 08:00:00,566.016917836484
2011-11-30 09:00:00,263.763971499761
2011-11-30 10:00:00,136.206204729706
2011-11-30 11:00:00,167.470905294285
2011-11-30 12:00:00,229.858568655655
2011-11-30 13:00:00,226.82064189522
2011-11-30 14:00:00,188.932185720588
2011-11-30 15:00:00,209.921030184059
2011-11-30 16:00:00,307.958186658049
2011-11-30 17:00:00,552.62280469943
2011-11-30 18:00:00,440.768070021719
2011-11-30 19:00:00,343.654777693299
2011-11-30 20:00:00,238.410499912928
2011-11-30 21:00:00,168.211611699747
2011-11-30 22:00:00,113.817734102476
2011-11-30 23:00:00,61.8192137156732
2011-12-20 00:00:00,32.4390424750184
2011-12-20 01:00:00,11.0689016229643
2011-12-20 02:00:00,4.16076210096749
2011-12-20 03:00:00,4.27826838088613
2011-12-20 04:00:00,10.0620739444001
2011-12-20 05:00:00,33.1856516865147
2011-12-20 06:00:00,119.074749654787
2011-12-20 07:00:00,325.98946008014
2011-12-20 08:00:00,587.65288351482
2011-12-20 09:00:00,236.180014460179
2011-12-20 10:00:00,156.342736494342
2011-12-20 11:00:00,163.391693516801
2011-12-20 12:00:00,228.068484716712
2011-12-20 13:00:00,224.661736463397
2011-12-20 14:00:00,195.613468149003
2011-12-20 15:00:00,216.798398015103
2011-12-20 16:00:00,307.369484748654
2011-12-20 17:00:00,489.436910426861
2011-12-20 18:00:00,377.548123085122
2011-12-20 19:00:00,286.9353878932
2011-12-20 20:00:00,184.088170086831
2011-12-20 21:00:00,159.751420850781
2011-12-20 22:00:00,114.920903685311
2011-12-20 23:00:00,91.930243539667
2011-12-21 00:00:00,19.9262840036358
2011-12-21 01:00:00,8.25543236503514
2011-12-21 02:00:00,3.92865701288281
2011-12-21 03:00:00,3.65870557390281
2011-12-21 04:00:00,2.52656894100027
2011-12-21 05:00:00,22.8271281996883
2011-12-21 06:00:00,93.4146318223947
2011-12-21 07:00:00,239.503354336306
2011-12-21 08:00:00,172.074145189
2011-12-21 09:00:00,196.706207776655
2011-12-21 10:00:00,113.20352007535
2011-12-21 11:00:00,113.625122831974
2011-12-21 12:00:00,55.9489146550936
2011-12-21 13:00:00,23.8594806828721
2011-12-21 14:00:00,91.4044442078113
2011-12-21 15:00:00,90.0854236916235
2011-12-21 16:00:00,33.2536298889526
2011-12-21 17:00:00,54.9760802955175
2011-12-21 18:00:00,79.231920904794
2011-12-21 19:00:00,114.375963455085
2011-12-21 20:00:00,86.4546303430612
2011-12-21 21:00:00,119.249606240879
2011-12-21 22:00:00,98.8652301675047
2011-12-21 23:00:00,72.0648754803994
2011-12-22 00:00:00,30.1217405062952
2011-12-22 01:00:00,9.43139722574726
2011-12-22 02:00:00,10.073118046713
2011-12-22 03:00:00,4.55512125131088
2011-12-22 04:00:00,4.28707794365775
2011-12-22 05:00:00,27.2241027881445
2011-12-22 06:00:00,113.324901179606
2011-12-22 07:00:00,220.295843212906
2011-12-22 08:00:00,445.975111768838
2011-12-22 09:00:00,196.650805887901
2011-12-22 10:00:00,97.3904079178328
2011-12-22 11:00:00,121.000751865109
2011-12-22 12:00:00,200.151390479145
2011-12-22 13:00:00,159.824127450712
2011-12-22 14:00:00,137.292597836027
2011-12-22 15:00:00,183.374493103692
2011-12-22 16:00:00,205.710753236935
2011-12-22 17:00:00,366.072978880228
2011-12-22 18:00:00,319.10685611877
2011-12-22 19:00:00,286.987106036279
2011-12-22 20:00:00,160.6765175242
2011-12-22 21:00:00,114.645889264163
2011-12-22 22:00:00,72.4334354856928
2011-12-22 23:00:00,58.4863866041627
2011-12-23 00:00:00,23.7779727913178
2011-12-23 01:00:00,14.6142155062089
2011-12-23 02:00:00,10.1805322390215
2011-12-23 03:00:00,2.85122716086252
2011-12-23 04:00:00,2.0047370498125
2011-12-23 05:00:00,17.7575856591693
2011-12-23 06:00:00,96.5725181168165
2011-12-23 07:00:00,243.874844094888
2011-12-23 08:00:00,380.825650846083
2011-12-23 09:00:00,197.055310465256
2011-12-23 10:00:00,135.609659273296
2011-12-23 11:00:00,168.038250455821
2011-12-23 12:00:00,183.273863952299
2011-12-23 13:00:00,164.60998973095
2011-12-23 14:00:00,151.061100932552
2011-12-23 15:00:00,141.238001746575
2011-12-23 16:00:00,202.386187949142
2011-12-23 17:00:00,345.911717690618
2011-12-23 18:00:00,229.274656951479
2011-12-23 19:00:00,185.200890766013
2011-12-23 20:00:00,104.645988115312
2011-12-23 21:00:00,95.7912914125671
2011-12-23 22:00:00,77.3966387944088
2011-12-23 23:00:00,72.4622680859913
2011-12-24 00:00:00,56.0646097938328
2011-12-24 01:00:00,31.9779935435246
2011-12-24 02:00:00,41.8594577666889
2011-12-24 03:00:00,19.0775133595805
2011-12-24 04:00:00,3.57599964036723
2011-12-24 05:00:00,2.98255313905448
2011-12-24 06:00:00,6.40228436495868
2011-12-24 07:00:00,16.5606302938141
2011-12-24 08:00:00,48.8352661975869
2011-12-24 09:00:00,91.9095310577094
2011-12-24 10:00:00,114.913042820372
2011-12-24 11:00:00,119.160405006963
2011-12-24 12:00:00,221.848883607646
2011-12-24 13:00:00,180.797068156902
2011-12-24 14:00:00,176.264595790837
2011-12-24 15:00:00,176.607079289498
2011-12-24 16:00:00,181.624327815428
2011-12-24 17:00:00,110.971268817012
2011-12-24 18:00:00,119.7986446329
2011-12-24 19:00:00,86.2978550172026
2011-12-24 20:00:00,54.7012872757878
2011-12-24 21:00:00,49.1956751867808
2011-12-24 22:00:00,42.8745395743472
2011-12-24 23:00:00,30.9052243897873
2011-12-25 00:00:00,43.7855399230823
2011-12-25 01:00:00,31.4547056360912
2011-12-25 02:00:00,31.0588933213301
2011-12-25 03:00:00,13.6543740051089
2011-12-25 05:00:00,3.46730047403673
2011-12-25 06:00:00,5.05363793515211
2011-12-25 07:00:00,14.5110312857028
2011-12-25 08:00:00,36.7360428854811
2011-12-25 09:00:00,66.6354352627642
2011-12-25 10:00:00,76.5461695658021
2011-12-25 11:00:00,149.933477733449
2011-12-25 12:00:00,116.122328653084
2011-12-25 13:00:00,156.620077072065
2011-12-25 14:00:00,166.485314451417
2011-12-25 15:00:00,164.958663502512
2011-12-25 16:00:00,156.651356437357
2011-12-25 17:00:00,153.105023045746
2011-12-25 18:00:00,118.318852020495
2011-12-25 19:00:00,105.996369832986
2011-12-25 20:00:00,89.4388883173164
2011-12-25 21:00:00,56.9119887372508
2011-12-25 22:00:00,51.4522226587074
2011-12-25 23:00:00,27.9071184828168
2011-12-26 00:00:00,65.3735345142025
2011-12-26 01:00:00,32.193345343596
2011-12-26 02:00:00,21.9689965310399
2011-12-26 04:00:00,4.64437778826839
2011-12-26 05:00:00,4.29397343704908
2011-12-26 06:00:00,12.9410557536899
2011-12-26 07:00:00,35.2929817840981
2011-12-26 08:00:00,86.4995826756088
2011-12-26 09:00:00,88.8999372934997
2011-12-26 10:00:00,88.414957659222
2011-12-26 11:00:00,107.974709981489
2011-12-26 12:00:00,120.769120118556
2011-12-26 13:00:00,197.90367002442
2011-12-26 14:00:00,171.463072434615
2011-12-26 15:00:00,196.795792636222
2011-12-26 16:00:00,139.285482103586
2011-12-26 17:00:00,154.237466601675
2011-12-26 18:00:00,132.383687422464
2011-12-26 19:00:00,83.0434956174546
2011-12-26 20:00:00,71.8156299020444
2011-12-26 21:00:00,44.1716698396439
2011-12-26 22:00:00,42.8830147549666
2011-12-26 23:00:00,34.7768283368512
2011-12-27 00:00:00,12.1696009385721
2011-12-27 01:00:00,7.06945457820424
2011-12-27 02:00:00,3.48559642625674
2011-12-27 03:00:00,3.82752289037274
2011-12-27 04:00:00,3.15290399251982
2011-12-27 05:00:00,20.7236668826194
2011-12-27 06:00:00,82.0234729947771
2011-12-27 07:00:00,218.948579691062
2011-12-27 08:00:00,441.809482116788
2011-12-27 09:00:00,146.549545075847
2011-12-27 10:00:00,94.9726467612644
2011-12-27 11:00:00,67.9987492686483
2011-12-27 12:00:00,54.6842631484248
2011-12-27 13:00:00,52.5189789207649
2011-12-27 14:00:00,50.9913726286745
2011-12-27 15:00:00,63.7551465750184
2011-12-27 16:00:00,91.205604527546
2011-12-27 17:00:00,284.746654684279
2011-12-27 18:00:00,240.050633155048
2011-12-27 19:00:00,189.146218998531
2011-12-27 20:00:00,104.112951819643
2011-12-27 21:00:00,100.802569817254
2011-12-27 22:00:00,67.6317869946421
2011-12-27 23:00:00,33.9307528087072
2011-12-28 00:00:00,17.8470656008221
2011-12-28 01:00:00,8.33229316444377
2011-12-28 02:00:00,3.43887660382593
2011-12-28 03:00:00,3.6739472806386
2011-12-28 05:00:00,21.7529585739985
2011-12-28 06:00:00,78.0670589246938
2011-12-28 07:00:00,241.141186843327
2011-12-28 08:00:00,389.284650330841
2011-12-28 09:00:00,186.082704283982
2011-12-28 10:00:00,94.8616962076132
2011-12-28 11:00:00,110.076811183816
2011-12-28 12:00:00,117.207046151064
2011-12-28 13:00:00,97.3515782989197
2011-12-28 14:00:00,91.4198260335051
2011-12-28 15:00:00,101.253770168448
2011-12-28 16:00:00,156.044467763324
2011-12-28 17:00:00,239.094021141024
2011-12-28 18:00:00,235.724763087524
2011-12-28 19:00:00,157.669847948413
2011-12-28 20:00:00,117.673322871722
2011-12-28 21:00:00,79.6367320689063
2011-12-28 22:00:00,59.8603883389313
2011-12-28 23:00:00,28.3042619220674
2011-12-29 00:00:00,15.7455018330585
2011-12-29 01:00:00,7.08793166220192
2011-12-29 02:00:00,3.11923234671089
2011-12-29 03:00:00,2.38522967782582
2011-12-29 04:00:00,1.93948684551841
2011-12-29 05:00:00,16.8109164163976
2011-12-29 06:00:00,60.1772631355564
2011-12-29 07:00:00,155.805729126062
2011-12-29 08:00:00,385.866500123898
2011-12-29 09:00:00,152.603671560889
2011-12-29 10:00:00,72.9475042128101
2011-12-29 11:00:00,82.0056887815186
2011-12-29 12:00:00,102.315366538903
2011-12-29 13:00:00,98.7017120077171
2011-12-29 14:00:00,101.123046017493
2011-12-29 15:00:00,93.1631883553611
2011-12-29 16:00:00,122.063743330259
2011-12-29 17:00:00,252.747023973425
2011-12-29 18:00:00,200.159843217403
2011-12-29 19:00:00,157.938336623733
2011-12-29 20:00:00,98.094810473415
2011-12-29 21:00:00,95.9407702031274
2011-12-29 22:00:00,72.9236588034947
2011-12-29 23:00:00,64.3138653068411
2011-12-30 00:00:00,26.7815908526008
2011-12-30 01:00:00,15.3180702879742
2011-12-30 02:00:00,9.24161994632352
2011-12-30 03:00:00,4.63498379258505
2011-12-30 04:00:00,2.45957719469475
2011-12-30 05:00:00,16.5964909371657
2011-12-30 06:00:00,57.366795562206
2011-12-30 07:00:00,153.52369190265
2011-12-30 08:00:00,368.928726694604
2011-12-30 09:00:00,217.89015409182
2011-12-30 10:00:00,96.428370724435
2011-12-30 11:00:00,110.981391169568
2011-12-30 12:00:00,140.501781323343
2011-12-30 13:00:00,153.754407117517
2011-12-30 14:00:00,140.694302951427
2011-12-30 15:00:00,181.965885238026
2011-12-30 16:00:00,267.597450635833
2011-12-30 17:00:00,384.881272957643
2011-12-30 18:00:00,252.797468214125
2011-12-30 19:00:00,149.410911611257
2011-12-30 20:00:00,129.684652062766
2011-12-30 21:00:00,104.072684402542
2011-12-30 22:00:00,77.5430186391191
2011-12-30 23:00:00,45.4553836198543
2011-12-31 00:00:00,56.1065665458406
2011-12-31 01:00:00,32.3800788320413
2011-12-31 02:00:00,32.7790070844893
2011-12-31 03:00:00,11.5704323407878
2011-12-31 04:00:00,2.93987692195127
2011-12-31 05:00:00,3.56067488906093
2011-12-31 06:00:00,7.68007009040829
2011-12-31 07:00:00,16.782552555307
2011-12-31 08:00:00,78.737498551876
2011-12-31 09:00:00,78.4779592322857
2011-12-31 10:00:00,110.358249371124
2011-12-31 11:00:00,204.951731298513
2011-12-31 12:00:00,439.449233570738
2011-12-31 13:00:00,311.492462512395
2011-12-31 14:00:00,258.643729696352
2011-12-31 15:00:00,225.655008959045
2011-12-31 16:00:00,178.119173053693
2011-12-31 17:00:00,165.40482214451
2011-12-31 18:00:00,160.022086781459
2011-12-31 19:00:00,144.975526706406
2011-12-31 20:00:00,125.209324497583
2011-12-31 21:00:00,89.7310824852245
2011-12-31 22:00:00,84.0972689485544
2011-12-31 23:00:00,55.3455176912929
2012-01-20 00:00:00,21.1912153687298
2012-01-20 01:00:00,14.1053332889948
2012-01-20 02:00:00,7.7292299087483
2012-01-20 03:00:00,6.36029350121839
2012-01-20 04:00:00,3.52923312863983
2012-01-20 05:00:00,17.487450316189
2012-01-20 06:00:00,68.8883842535943
2012-01-20 07:00:00,150.421764634698
2012-01-20 08:00:00,326.053449171562
2012-01-20 09:00:00,154.04490877177
2012-01-20 10:00:00,71.6078179309979
2012-01-20 11:00:00,56.0190229598825
2012-01-20 12:00:00,62.7369359588847
2012-01-20 13:00:00,97.4477736801568
2012-01-20 14:00:00,71.3685140797197
2012-01-20 15:00:00,80.1005951333688
2012-01-20 16:00:00,85.9767262886673
2012-01-20 17:00:00,220.781338864
2012-01-20 18:00:00,198.275852312042
2012-01-20 19:00:00,143.568445252551
2012-01-20 20:00:00,93.7426038108389
2012-01-20 21:00:00,65.8220718421292
2012-01-20 22:00:00,52.905727606976
2012-01-20 23:00:00,21.2002552867935
2012-01-21 00:00:00,27.413265368697
2012-01-21 01:00:00,15.1351731438623
2012-01-21 02:00:00,9.72709565435548
2012-01-21 03:00:00,5.28603425546517
2012-01-21 04:00:00,2.22803325534812
2012-01-21 05:00:00,2.38769667131277
2012-01-21 06:00:00,2.10222100738316
2012-01-21 07:00:00,6.43830758744658
2012-01-21 08:00:00,26.5152171623834
2012-01-21 09:00:00,39.7092889333051
2012-01-21 10:00:00,22.1513582459857
2012-01-21 11:00:00,92.754403296315
2012-01-21 12:00:00,110.986960764778
2012-01-21 13:00:00,75.2519001959048
2012-01-21 14:00:00,50.7518531709125
2012-01-21 15:00:00,48.296513382479
2012-01-21 16:00:00,57.686371079651
2012-01-21 17:00:00,60.6155311017877
2012-01-21 18:00:00,64.7473713953332
2012-01-21 19:00:00,45.5371260419606
2012-01-21 20:00:00,30.0833945199732
2012-01-21 21:00:00,35.1754004607312
2012-01-21 22:00:00,27.7179501625434
2012-01-21 23:00:00,19.3599989975347
2012-01-22 00:00:00,28.3772758013906
2012-01-22 01:00:00,21.7544612512345
2012-01-22 02:00:00,16.9168878858502
2012-01-22 03:00:00,8.6632891396535
2012-01-22 04:00:00,1.63238608572626
2012-01-22 05:00:00,2.07438134154066
2012-01-22 06:00:00,3.3415153788192
2012-01-22 07:00:00,6.50849458054453
2012-01-22 08:00:00,24.3066024619032
2012-01-22 09:00:00,45.2763279602243
2012-01-22 10:00:00,59.1175642762029
2012-01-22 11:00:00,42.9595947058271
2012-01-22 12:00:00,75.6884257020996
2012-01-22 13:00:00,93.4646001391015
2012-01-22 14:00:00,77.8142410787839
2012-01-22 15:00:00,72.0474078262009
2012-01-22 16:00:00,78.7972187636514
2012-01-22 17:00:00,73.9430118599033
2012-01-22 18:00:00,30.1314748199423
2012-01-22 19:00:00,25.3214329615876
2012-01-22 20:00:00,19.129996724303
2012-01-22 21:00:00,17.1116189626948
2012-01-22 22:00:00,26.3038116406561
2012-01-22 23:00:00,17.9209039203334
2012-01-23 00:00:00,9.04060205762176
2012-01-23 01:00:00,5.61712540185433
2012-01-23 02:00:00,2.16180889922938
2012-01-23 03:00:00,1.97937456989335
2012-01-23 04:00:00,2.99052340159988
2012-01-23 05:00:00,10.8982604724353
2012-01-23 06:00:00,42.3837703951711
2012-01-23 07:00:00,68.6922632945309
2012-01-23 08:00:00,180.419853885885
2012-01-23 09:00:00,136.499586282908
2012-01-23 10:00:00,75.9131246857007
2012-01-23 11:00:00,50.3664568122229
2012-01-23 12:00:00,75.7600294305669
2012-01-23 13:00:00,41.311731285154
2012-01-23 14:00:00,43.6058982225977
2012-01-23 15:00:00,42.1684296444821
2012-01-23 16:00:00,103.58225718112
2012-01-23 17:00:00,166.403835429014
2012-01-23 18:00:00,182.661540064965
2012-01-23 19:00:00,154.241758730403
2012-01-23 20:00:00,80.8423534248725
2012-01-23 21:00:00,67.2817099932056
2012-01-23 22:00:00,45.4949202102684
2012-01-23 23:00:00,34.0217799970935
2012-01-24 00:00:00,5.15275363788533
2012-01-24 01:00:00,4.55380734743873
2012-01-24 02:00:00,2.99248935079924
2012-01-24 03:00:00,2.22240572759671
2012-01-24 04:00:00,2.79520667155125
2012-01-24 05:00:00,8.38227739295529
2012-01-24 06:00:00,66.4081213650195
2012-01-24 07:00:00,185.250839813042
2012-01-24 08:00:00,318.145897224573
2012-01-24 09:00:00,167.083586752787
2012-01-24 10:00:00,59.5270525839608
2012-01-24 11:00:00,76.8214461460636
2012-01-24 12:00:00,75.5006691329253
2012-01-24 13:00:00,79.3319386392239
2012-01-24 14:00:00,74.4000825799192
2012-01-24 15:00:00,111.210007072301
2012-01-24 16:00:00,159.637528279193
2012-01-24 17:00:00,423.67992430025
2012-01-24 18:00:00,304.664688604314
2012-01-24 19:00:00,290.881563303145
2012-01-24 20:00:00,123.930342553294
2012-01-24 21:00:00,105.095998843599
2012-01-24 22:00:00,69.2584605400092
2012-01-24 23:00:00,42.9289500033996
2012-01-25 00:00:00,7.97703708305446
2012-01-25 01:00:00,7.87519976551552
2012-01-25 02:00:00,3.9840522609733
2012-01-25 03:00:00,3.33641288016312
2012-01-25 04:00:00,1.60556018674196
2012-01-25 05:00:00,14.7034677036013
2012-01-25 06:00:00,65.1573504333597
2012-01-25 07:00:00,170.937592557512
2012-01-25 08:00:00,358.599423393374
2012-01-25 09:00:00,170.556145655411
2012-01-25 10:00:00,59.9017129998394
2012-01-25 11:00:00,90.4857710626306
2012-01-25 12:00:00,125.757927569926
2012-01-25 13:00:00,117.953612984833
2012-01-25 14:00:00,109.669906016523
2012-01-25 15:00:00,117.780192798995
2012-01-25 16:00:00,146.555792934394
2012-01-25 17:00:00,311.755829807929
2012-01-25 18:00:00,229.387676126909
2012-01-25 19:00:00,192.688746236309
2012-01-25 20:00:00,110.81125118859
2012-01-25 21:00:00,94.8718457108885
2012-01-25 22:00:00,63.9802417784027
2012-01-25 23:00:00,35.9222498096113
2012-01-26 00:00:00,17.5580102989809
2012-01-26 01:00:00,6.32656394477006
2012-01-26 02:00:00,5.28498247054326
2012-01-26 03:00:00,2.518145124089
2012-01-26 04:00:00,3.99250679794091
2012-01-26 05:00:00,14.2387647690161
2012-01-26 06:00:00,70.5109026581079
2012-01-26 07:00:00,184.264387040942
2012-01-26 08:00:00,368.456298983821
2012-01-26 09:00:00,167.653711852771
2012-01-26 10:00:00,82.7438162316331
2012-01-26 11:00:00,80.6397435239073
2012-01-26 12:00:00,96.6505555898176
2012-01-26 13:00:00,112.296155107204
2012-01-26 14:00:00,108.644472213042
2012-01-26 15:00:00,143.506395887505
2012-01-26 16:00:00,143.20306606054
2012-01-26 17:00:00,380.48265947451
2012-01-26 18:00:00,411.929334105911
2012-01-26 19:00:00,221.564670987412
2012-01-26 20:00:00,156.430100620912
2012-01-26 21:00:00,123.099096714257
2012-01-26 22:00:00,110.40711019727
2012-01-26 23:00:00,67.0819964385977
2012-01-27 00:00:00,29.9293338489624
2012-01-27 01:00:00,15.3307744694239
2012-01-27 02:00:00,8.89207877599856
2012-01-27 03:00:00,2.70230676865376
2012-01-27 04:00:00,2.1144981734392
2012-01-27 05:00:00,16.1996171619714
2012-01-27 06:00:00,38.3698297932583
2012-01-27 07:00:00,99.9680709508197
2012-01-27 08:00:00,211.562057123749
2012-01-27 09:00:00,135.273905030703
2012-01-27 10:00:00,53.4104729127701
2012-01-27 11:00:00,109.025488849703
2012-01-27 12:00:00,174.546013846707
2012-01-27 13:00:00,241.050302203792
2012-01-27 14:00:00,218.007624434018
2012-01-27 15:00:00,206.191934102967
2012-01-27 16:00:00,241.420839373912
2012-01-27 17:00:00,397.004135007253
2012-01-27 18:00:00,316.471790343182
2012-01-27 19:00:00,184.958497075541
2012-01-27 20:00:00,103.06825686441
2012-01-27 21:00:00,80.0503163796572
2012-01-27 22:00:00,87.8934373617747
2012-01-27 23:00:00,62.5632077034314
2012-01-28 00:00:00,57.4782867359279
2012-01-28 01:00:00,41.0444683825079
2012-01-28 02:00:00,21.9298918800868
2012-01-28 03:00:00,13.2518219942159
2012-01-28 04:00:00,3.68248769549521
2012-01-28 05:00:00,2.1921701516916
2012-01-28 06:00:00,5.14712476434694
2012-01-28 07:00:00,9.9798029427521
2012-01-28 08:00:00,35.0671609663198
2012-01-28 09:00:00,50.7539568436064
2012-01-28 10:00:00,89.2219163654128
2012-01-28 11:00:00,137.227749812968
2012-01-28 12:00:00,110.93139107341
2012-01-28 13:00:00,191.785039235483
2012-01-28 14:00:00,205.654133311196
2012-01-28 15:00:00,195.883595515429
2012-01-28 16:00:00,223.810448079787
2012-01-28 17:00:00,175.326539736957
2012-01-28 18:00:00,170.402647018037
2012-01-28 19:00:00,97.422690377126
2012-01-28 20:00:00,89.1997982824868
2012-01-28 21:00:00,84.8584044381506
2012-01-28 22:00:00,78.3753838575117
2012-01-28 23:00:00,61.9105214186916
2012-01-29 00:00:00,70.4797976165128
2012-01-29 01:00:00,36.5442421653141
2012-01-29 02:00:00,30.5551863503436
2012-01-29 03:00:00,16.0086938337193
2012-01-29 04:00:00,4.1581723597112
2012-01-29 05:00:00,2.61363466429097
2012-01-29 06:00:00,7.10809503740704
2012-01-29 07:00:00,19.5755201334124
2012-01-29 08:00:00,46.062263401596
2012-01-29 09:00:00,60.9529683219183
2012-01-29 10:00:00,98.8601101548062
2012-01-29 11:00:00,156.280464381297
2012-01-29 12:00:00,217.095884622495
2012-01-29 13:00:00,205.718278844697
2012-01-29 14:00:00,169.479946840425
2012-01-29 15:00:00,207.78335062379
2012-01-29 16:00:00,150.843904731496
2012-01-29 17:00:00,135.624325172721
2012-01-29 18:00:00,104.85178827062
2012-01-29 19:00:00,88.4517951204994
2012-01-29 20:00:00,65.8246028928843
2012-01-29 21:00:00,54.2670303513251
2012-01-29 22:00:00,39.7811514749
2012-01-29 23:00:00,24.7840685726885
2012-01-30 00:00:00,12.5263803715236
2012-01-30 01:00:00,3.33842808097956
2012-01-30 02:00:00,2.54381517357788
2012-01-30 03:00:00,1.41103303515239
2012-01-30 04:00:00,1.94269840741775
2012-01-30 05:00:00,11.5850245267435
2012-01-30 06:00:00,54.5464645908549
2012-01-30 07:00:00,140.944729950631
2012-01-30 08:00:00,220.915386472857
2012-01-30 09:00:00,117.711877530313
2012-01-30 10:00:00,59.237372658293
2012-01-30 11:00:00,64.4805795452019
2012-01-30 12:00:00,89.1280946467967
2012-01-30 13:00:00,85.1901401903789
2012-01-30 14:00:00,106.806883229739
2012-01-30 15:00:00,93.7162167941828
2012-01-30 16:00:00,157.256816516907
2012-01-30 17:00:00,316.121300270871
2012-01-30 18:00:00,284.63323376471
2012-01-30 19:00:00,155.550078983023
2012-01-30 20:00:00,119.00829831625
2012-01-30 21:00:00,105.39730078251
2012-01-30 22:00:00,57.3274023948756
2012-01-30 23:00:00,38.6621526041145
2012-01-31 00:00:00,13.3237394632481
2012-01-31 01:00:00,6.11934234918855
2012-01-31 02:00:00,3.77682345720627
2012-01-31 03:00:00,2.78715541234835
2012-01-31 04:00:00,3.61969159383196
2012-01-31 05:00:00,17.8369998621334
2012-01-31 06:00:00,73.7314191390759
2012-01-31 07:00:00,201.553154862595
2012-01-31 08:00:00,503.917834794809
2012-01-31 09:00:00,200.766221066532
2012-01-31 10:00:00,94.0204574481078
2012-01-31 11:00:00,112.833810674604
2012-01-31 12:00:00,133.413944033591
2012-01-31 13:00:00,196.787560746223
2012-01-31 14:00:00,174.843867114624
2012-01-31 15:00:00,203.138160866988
2012-01-31 16:00:00,256.696606158741
2012-01-31 17:00:00,545.798634835161
2012-01-31 18:00:00,449.645172343742
2012-01-31 19:00:00,320.697657015541
2012-01-31 20:00:00,161.773624115491
2012-01-31 21:00:00,177.131284501558
2012-01-31 22:00:00,109.631945445731
2012-01-31 23:00:00,66.6184988779961
2012-02-20 00:00:00,58.0274788407829
2012-02-20 01:00:00,40.7241762141468
2012-02-20 02:00:00,25.0240125972052
2012-02-20 03:00:00,8.05208634000702
2012-02-20 05:00:00,2.80478785893666
2012-02-20 06:00:00,6.49189651653161
2012-02-20 07:00:00,14.1393757254567
2012-02-20 08:00:00,75.427370123216
2012-02-20 09:00:00,106.245194114843
2012-02-20 10:00:00,122.445292811392
2012-02-20 11:00:00,148.113095867513
2012-02-20 12:00:00,165.623961380999
2012-02-20 13:00:00,186.553754010239
2012-02-20 14:00:00,163.690789976557
2012-02-20 15:00:00,172.372800488659
2012-02-20 16:00:00,136.299628710291
2012-02-20 17:00:00,136.752223075816
2012-02-20 18:00:00,153.722512936584
2012-02-20 19:00:00,97.8826141279219
2012-02-20 20:00:00,78.7743918852975
2012-02-20 21:00:00,74.6673247787712
2012-02-20 22:00:00,62.9325590289894
2012-02-20 23:00:00,35.5761880687726
2012-02-21 00:00:00,13.8250542839586
2012-02-21 01:00:00,5.4212595156969
2012-02-21 02:00:00,2.62125963162102
2012-02-21 04:00:00,1.65993860216326
2012-02-21 05:00:00,10.4039598492884
2012-02-21 06:00:00,46.2329039207069
2012-02-21 07:00:00,182.721383260086
2012-02-21 08:00:00,362.843449455178
2012-02-21 09:00:00,235.93002434782
2012-02-21 10:00:00,75.4088336110385
2012-02-21 11:00:00,69.1261607084299
2012-02-21 12:00:00,111.420599523388
2012-02-21 13:00:00,113.869261299388
2012-02-21 14:00:00,94.4049271747373
2012-02-21 15:00:00,109.396458825291
2012-02-21 16:00:00,165.523487675815
2012-02-21 17:00:00,396.502802333391
2012-02-21 18:00:00,335.222717040851
2012-02-21 19:00:00,212.950958261761
2012-02-21 20:00:00,129.872173996978
2012-02-21 21:00:00,126.487427659379
2012-02-21 22:00:00,70.1409431961295
2012-02-21 23:00:00,51.2240978373352
2012-02-22 00:00:00,19.4008447058031
2012-02-22 01:00:00,8.39191348563991
2012-02-22 02:00:00,3.15857004177058
2012-02-22 03:00:00,2.42862873807903
2012-02-22 04:00:00,1.91732581151583
2012-02-22 05:00:00,17.7858242957451
2012-02-22 06:00:00,73.5922486918016
2012-02-22 07:00:00,270.749064398001
2012-02-22 08:00:00,555.576583350228
2012-02-22 09:00:00,297.155487039064
2012-02-22 10:00:00,122.406276889652
2012-02-22 11:00:00,118.989444384938
2012-02-22 12:00:00,119.673889214294
2012-02-22 13:00:00,125.32637761633
2012-02-22 14:00:00,115.425471480724
2012-02-22 15:00:00,126.498195934818
2012-02-22 16:00:00,148.82794668631
2012-02-22 17:00:00,319.288743637014
2012-02-22 18:00:00,322.627507886069
2012-02-22 19:00:00,244.476048031687
2012-02-22 20:00:00,168.290191283108
2012-02-22 21:00:00,125.551661581797
2012-02-22 22:00:00,103.491707951283
2012-02-22 23:00:00,49.3256158681921
2012-02-23 00:00:00,22.8351432487752
2012-02-23 01:00:00,7.85805523360833
2012-02-23 02:00:00,5.92783828419243
2012-02-23 03:00:00,2.12038618404281
2012-02-23 04:00:00,1.56641589491769
2012-02-23 05:00:00,16.4220354396861
2012-02-23 06:00:00,102.634042349559
2012-02-23 07:00:00,251.749198136199
2012-02-23 08:00:00,545.07146049986
2012-02-23 09:00:00,202.614710094814
2012-02-23 10:00:00,111.474349687917
2012-02-23 11:00:00,126.750698964204
2012-02-23 12:00:00,146.176772297991
2012-02-23 13:00:00,161.698148425552
2012-02-23 14:00:00,140.57821303992
2012-02-23 15:00:00,154.904334648583
2012-02-23 16:00:00,188.895979893351
2012-02-23 17:00:00,425.969470912249
2012-02-23 18:00:00,387.235126051623
2012-02-23 19:00:00,270.480946759514
2012-02-23 20:00:00,233.590011802207
2012-02-23 21:00:00,174.556698115718
2012-02-23 22:00:00,125.972830293995
2012-02-23 23:00:00,97.6987585814825
2012-02-24 00:00:00,35.2843810956382
2012-02-24 01:00:00,16.520560775212
2012-02-24 02:00:00,7.94462690348475
2012-02-24 03:00:00,4.07776878183247
2012-02-24 04:00:00,3.16105324220597
2012-02-24 05:00:00,16.8605505305922
2012-02-24 06:00:00,78.3484812526203
2012-02-24 07:00:00,172.807030179073
2012-02-24 08:00:00,350.285137400463
2012-02-24 09:00:00,108.108184359214
2012-02-24 10:00:00,76.1320383124784
2012-02-24 11:00:00,120.754880722114
2012-02-24 12:00:00,124.734950773817
2012-02-24 13:00:00,135.411165942225
2012-02-24 14:00:00,135.030784927738
2012-02-24 15:00:00,78.3746078573488
2012-02-24 16:00:00,114.639917923281
2012-02-24 17:00:00,143.933191426828
2012-02-24 18:00:00,219.399364399059
2012-02-24 19:00:00,241.552739449169
2012-02-24 20:00:00,140.715723285701
2012-02-24 21:00:00,124.447760186606
2012-02-24 22:00:00,111.630674431575
2012-02-24 23:00:00,82.3010586772155
2012-02-25 00:00:00,106.759531088391
2012-02-25 01:00:00,45.6768443726244
2012-02-25 02:00:00,40.0005507114575
2012-02-25 03:00:00,12.5471277571696
2012-02-25 04:00:00,2.77748582443933
2012-02-25 05:00:00,3.92086309714678
2012-02-25 06:00:00,9.00322369270505
2012-02-25 07:00:00,23.2468772318958
2012-02-25 08:00:00,49.7218079930877
2012-02-25 09:00:00,58.442006817423
2012-02-25 10:00:00,99.6877819077346
2012-02-25 11:00:00,101.135512062115
2012-02-25 12:00:00,110.798686388879
2012-02-25 13:00:00,96.9759003103435
2012-02-25 14:00:00,106.044166750743
2012-02-25 15:00:00,122.778253314773
2012-02-25 16:00:00,89.1280046273242
2012-02-25 17:00:00,101.072207573219
2012-02-25 18:00:00,68.074507606625
2012-02-25 19:00:00,59.7013766931903
2012-02-25 20:00:00,56.62690363539
2012-02-25 21:00:00,61.3648981870416
2012-02-25 22:00:00,65.1912278977806
2012-02-25 23:00:00,48.5611246565364
2012-02-26 00:00:00,62.9485494426951
2012-02-26 01:00:00,34.9321748159078
2012-02-26 02:00:00,30.423786254089
2012-02-26 03:00:00,10.9606472774214
2012-02-26 04:00:00,3.004064387702
2012-02-26 05:00:00,3.32707222616599
2012-02-26 06:00:00,4.83894942944198
2012-02-26 07:00:00,14.4328639253664
2012-02-26 08:00:00,33.7084369561572
2012-02-26 09:00:00,61.4052158882841
2012-02-26 10:00:00,81.1584344482974
2012-02-26 11:00:00,119.859297426892
2012-02-26 12:00:00,200.268868070895
2012-02-26 13:00:00,176.313854282865
2012-02-26 14:00:00,166.749368171835
2012-02-26 15:00:00,176.432677900313
2012-02-26 16:00:00,176.44083796994
2012-02-26 17:00:00,142.767304265934
2012-02-26 18:00:00,132.412547007365
2012-02-26 19:00:00,103.343626476318
2012-02-26 20:00:00,82.2107601436625
2012-02-26 21:00:00,67.5717463629008
2012-02-26 22:00:00,53.5728550761051
2012-02-26 23:00:00,30.1572137646728
2012-02-27 00:00:00,16.2573473476617
2012-02-27 01:00:00,6.33270007573427
2012-02-27 02:00:00,3.04654551926245
2012-02-27 03:00:00,2.05002925452781
2012-02-27 04:00:00,2.45363735860275
2012-02-27 05:00:00,11.0774638584112
2012-02-27 06:00:00,58.6704003405347
2012-02-27 07:00:00,218.974323277627
2012-02-27 08:00:00,380.341695117011
2012-02-27 09:00:00,211.508203660123
2012-02-27 10:00:00,92.3836862361081
2012-02-27 11:00:00,101.522126845403
2012-02-27 12:00:00,107.194830880875
2012-02-27 13:00:00,122.204180297186
2012-02-27 14:00:00,127.685832160095
2012-02-27 15:00:00,119.273658252651
2012-02-27 16:00:00,136.890976768763
2012-02-27 17:00:00,293.31686014123
2012-02-27 18:00:00,256.476323667032
2012-02-27 19:00:00,182.32991114014
2012-02-27 20:00:00,151.423448430124
2012-02-27 21:00:00,146.715434118688
2012-02-27 22:00:00,102.229575545437
2012-02-27 23:00:00,62.4482592760054
2012-02-28 00:00:00,25.0474588310614
2012-02-28 01:00:00,7.41259275494368
2012-02-28 02:00:00,4.7271511426085
2012-02-28 03:00:00,1.84017349322953
2012-02-28 04:00:00,1.97882217189314
2012-02-28 05:00:00,12.4814207308983
2012-02-28 06:00:00,59.7286776908256
2012-02-28 07:00:00,158.839581545911
2012-02-28 08:00:00,326.12495145115
2012-02-28 09:00:00,157.460275881178
2012-02-28 10:00:00,91.3685151544878
2012-02-28 11:00:00,94.9290940872657
2012-02-28 12:00:00,137.237500178844
2012-02-28 13:00:00,129.031177601447
2012-02-28 14:00:00,116.020493206727
2012-02-28 15:00:00,125.050433931517
2012-02-28 16:00:00,187.064896198712
2012-02-28 17:00:00,379.1991937892
2012-02-28 18:00:00,360.086121282392
2012-02-28 19:00:00,241.245989811445
2012-02-28 20:00:00,172.707491464477
2012-02-28 21:00:00,148.470751570911
2012-02-28 22:00:00,104.612402115613
2012-02-28 23:00:00,54.8591637106554
2012-02-29 00:00:00,23.4398065074072
2012-02-29 01:00:00,7.8328352915421
2012-02-29 02:00:00,4.14581577352329
2012-02-29 03:00:00,2.16190417645576
2012-02-29 05:00:00,14.5611658249813
2012-02-29 06:00:00,76.554453796881
2012-02-29 07:00:00,272.625015815629
2012-02-29 08:00:00,585.137913789325
2012-02-29 09:00:00,142.796985372195
2012-02-29 10:00:00,57.946346154766
2012-02-29 11:00:00,50.9594521265088
2012-02-29 12:00:00,27.5322861946086
2012-02-29 13:00:00,52.8760558371092
2012-02-29 14:00:00,48.2509184074479
2012-02-29 15:00:00,87.5065628928385
2012-02-29 16:00:00,97.9827900247504
2012-02-29 17:00:00,311.541728279814
2012-02-29 18:00:00,289.483581638783
2012-02-29 19:00:00,246.206930516695
2012-02-29 20:00:00,142.436871881774
2012-02-29 21:00:00,93.1832898377855
2012-02-29 22:00:00,34.5880125795842
2012-02-29 23:00:00,25.857468224895
2012-03-20 00:00:00,28.4990409284829
2012-03-20 01:00:00,12.8087245627586
2012-03-20 02:00:00,4.34609126007308
2012-03-20 03:00:00,3.65171832395048
2012-03-20 04:00:00,3.69657056894412
2012-03-20 05:00:00,18.1051379811097
2012-03-20 06:00:00,105.737439760547
2012-03-20 07:00:00,118.05408433438
2012-03-20 08:00:00,588.039679483352
2012-03-20 09:00:00,376.252594106846
2012-03-20 10:00:00,115.571494491896
2012-03-20 11:00:00,132.934422700882
2012-03-20 12:00:00,190.665686114263
2012-03-20 13:00:00,198.954852500078
2012-03-20 14:00:00,213.305788461941
2012-03-20 15:00:00,198.484597315941
2012-03-20 16:00:00,260.58137589581
2012-03-20 17:00:00,596.590121771983
2012-03-20 18:00:00,629.862361159271
2012-03-20 19:00:00,402.689463359911
2012-03-20 20:00:00,258.254214143063
2012-03-20 21:00:00,212.956938945565
2012-03-20 22:00:00,127.641354366058
2012-03-20 23:00:00,74.4972269933085
2012-03-21 00:00:00,32.9532231843341
2012-03-21 01:00:00,17.1017179537621
2012-03-21 02:00:00,5.76545826570917
2012-03-21 03:00:00,3.92585756710971
2012-03-21 04:00:00,3.12454898042819
2012-03-21 05:00:00,19.8240426355971
2012-03-21 06:00:00,71.4776901929639
2012-03-21 07:00:00,152.781987372522
2012-03-21 08:00:00,270.864563611473
2012-03-21 09:00:00,340.57067557244
2012-03-21 10:00:00,132.205386233015
2012-03-21 11:00:00,130.573267018296
2012-03-21 12:00:00,193.030507530988
2012-03-21 13:00:00,107.92791597704
2012-03-21 14:00:00,161.271969271381
2012-03-21 15:00:00,183.236403418585
2012-03-21 16:00:00,258.011165096343
2012-03-21 17:00:00,546.504872027358
2012-03-21 18:00:00,655.120461516528
2012-03-21 19:00:00,431.655402427217
2012-03-21 20:00:00,272.478105494796
2012-03-21 21:00:00,193.940491126266
2012-03-21 22:00:00,147.207529861679
2012-03-21 23:00:00,97.7325011652054
2012-03-22 00:00:00,47.2671955396648
2012-03-22 01:00:00,19.801791296649
2012-03-22 02:00:00,10.2016796030282
2012-03-22 03:00:00,5.65321352265648
2012-03-22 04:00:00,3.5455589268825
2012-03-22 05:00:00,14.0794124275477
2012-03-22 06:00:00,70.3998559123801
2012-03-22 07:00:00,219.890488085711
2012-03-22 08:00:00,512.356046776451
2012-03-22 09:00:00,221.607850596353
2012-03-22 10:00:00,64.1450702061272
2012-03-22 11:00:00,85.0792373632585
2012-03-22 12:00:00,153.067171289373
2012-03-22 13:00:00,212.31370017457
2012-03-22 14:00:00,200.912555138239
2012-03-22 15:00:00,217.89254800479
2012-03-22 16:00:00,253.886848913854
2012-03-22 17:00:00,609.899474554071
2012-03-22 18:00:00,612.361971711904
2012-03-22 19:00:00,474.172041665944
2012-03-22 20:00:00,361.25056384897
2012-03-22 21:00:00,249.311084597812
2012-03-22 22:00:00,167.494896690836
2012-03-22 23:00:00,109.918001688197
2012-03-23 00:00:00,58.5386595864218
2012-03-23 01:00:00,24.1537003040858
2012-03-23 02:00:00,10.9013517328098
2012-03-23 03:00:00,5.85012565739204
2012-03-23 04:00:00,3.73818395670666
2012-03-23 05:00:00,18.1181118842309
2012-03-23 06:00:00,79.5586379857171
2012-03-23 07:00:00,321.235777964298
2012-03-23 08:00:00,528.031468565983
2012-03-23 09:00:00,293.736771473103
2012-03-23 10:00:00,162.122522593572
2012-03-23 11:00:00,207.07663236055
2012-03-23 12:00:00,291.419994481753
2012-03-23 13:00:00,264.416210853355
2012-03-23 14:00:00,242.582761969459
2012-03-23 15:00:00,251.852097245178
2012-03-23 16:00:00,285.242194782137
2012-03-23 17:00:00,541.605774437432
2012-03-23 18:00:00,485.288429803002
2012-03-23 19:00:00,338.020932028186
2012-03-23 20:00:00,238.104514347185
2012-03-23 21:00:00,207.506576497805
2012-03-23 22:00:00,168.187949116615
2012-03-23 23:00:00,129.738460337461
2012-03-24 00:00:00,220.67201043877
2012-03-24 01:00:00,149.812228025084
2012-03-24 02:00:00,102.611271055186
2012-03-24 03:00:00,44.467633331845
2012-03-24 04:00:00,12.8490353003427
2012-03-24 05:00:00,11.6797470395961
2012-03-24 06:00:00,49.639454663184
2012-03-24 07:00:00,96.1235366101743
2012-03-24 08:00:00,155.524166226739
2012-03-24 09:00:00,351.348237644222
2012-03-24 10:00:00,256.664266737533
2012-03-24 11:00:00,249.994151225097
2012-03-24 12:00:00,148.274869987703
2012-03-24 13:00:00,156.141224941936
2012-03-24 14:00:00,118.111761910765
2012-03-24 15:00:00,60.9360157325691
2012-03-24 16:00:00,66.7787368487876
2012-03-24 17:00:00,83.4757362707716
2012-03-24 18:00:00,55.2023339697141
2012-03-24 19:00:00,92.8732657045033
2012-03-24 20:00:00,33.5691767141221
2012-03-24 21:00:00,30.7713720739404
2012-03-24 22:00:00,19.508644918195
2012-03-24 23:00:00,38.6231264535415
2012-03-25 00:00:00,29.8038671218115
2012-03-25 01:00:00,15.3541073199596
2012-03-25 02:00:00,15.8329868668758
2012-03-25 03:00:00,10.1891129240193
2012-03-25 04:00:00,3.58163399652377
2012-03-25 05:00:00,4.93450411093116
2012-03-25 06:00:00,4.822259340915
2012-03-25 07:00:00,13.2159405203749
2012-03-25 08:00:00,34.80773631507
2012-03-25 09:00:00,45.5868171433136
2012-03-25 10:00:00,85.7412700040701
2012-03-25 11:00:00,84.7111272372233
2012-03-25 12:00:00,122.96065921627
2012-03-25 13:00:00,456.621581551805
2012-03-25 14:00:00,402.495010132937
2012-03-25 15:00:00,246.218277731671
2012-03-25 16:00:00,239.27312170199
2012-03-25 17:00:00,354.725819784797
2012-03-25 18:00:00,270.765130632646
2012-03-25 19:00:00,176.573825756155
2012-03-25 20:00:00,118.607628415466
2012-03-25 21:00:00,130.895759530643
2012-03-25 22:00:00,99.0150036134952
2012-03-25 23:00:00,76.137690227805
2012-03-26 00:00:00,25.1229234734488
2012-03-26 01:00:00,14.4792040201818
2012-03-26 02:00:00,7.2520532154044
2012-03-26 03:00:00,4.60064480422338
2012-03-26 04:00:00,5.21267960215815
2012-03-26 05:00:00,25.3058027183696
2012-03-26 06:00:00,101.707871180114
2012-03-26 07:00:00,315.800243025671
2012-03-26 08:00:00,490.623896813486
2012-03-26 09:00:00,220.514585956333
2012-03-26 10:00:00,176.232611385628
2012-03-26 11:00:00,203.086646583733
2012-03-26 12:00:00,245.52621301987
2012-03-26 13:00:00,235.816017369618
2012-03-26 14:00:00,208.818091897596
2012-03-26 15:00:00,200.815575071267
2012-03-26 16:00:00,272.512419279693
2012-03-26 17:00:00,466.323032042775
2012-03-26 18:00:00,417.475586904027
2012-03-26 19:00:00,267.153045276448
2012-03-26 20:00:00,189.156966034081
2012-03-26 21:00:00,128.892401222189
2012-03-26 22:00:00,88.4412853149858
2012-03-26 23:00:00,35.6432249794763
2012-03-27 00:00:00,19.5830099502438
2012-03-27 01:00:00,4.51627102274758
2012-03-27 02:00:00,3.33443657116418
2012-03-27 03:00:00,1.85738243166813
2012-03-27 04:00:00,1.69687275063888
2012-03-27 05:00:00,9.7919607523236
2012-03-27 06:00:00,62.129402618122
2012-03-27 07:00:00,184.962203704342
2012-03-27 08:00:00,386.022479387103
2012-03-27 09:00:00,172.155174498492
2012-03-27 10:00:00,87.9353825418347
2012-03-27 11:00:00,92.1228247695195
2012-03-27 12:00:00,98.0759734858251
2012-03-27 13:00:00,109.335881459098
2012-03-27 14:00:00,113.69231555275
2012-03-27 15:00:00,148.942959640755
2012-03-27 16:00:00,185.749164373409
2012-03-27 17:00:00,408.716077691497
2012-03-27 18:00:00,365.772928548975
2012-03-27 19:00:00,271.568272832826
2012-03-27 20:00:00,227.532736112391
2012-03-27 21:00:00,123.390031600899
2012-03-27 22:00:00,88.7873791640808
2012-03-27 23:00:00,45.3628283536797
2012-03-28 00:00:00,24.7795608735926
2012-03-28 01:00:00,7.39673643088284
2012-03-28 02:00:00,2.84982544470785
2012-03-28 03:00:00,2.721720473983
2012-03-28 04:00:00,2.32011207704698
2012-03-28 05:00:00,17.9310844242069
2012-03-28 06:00:00,92.5559557797077
2012-03-28 07:00:00,263.480956200465
2012-03-28 08:00:00,475.204838663098
2012-03-28 09:00:00,229.51436359945
2012-03-28 10:00:00,145.341699296628
2012-03-28 11:00:00,152.911631819756
2012-03-28 12:00:00,226.493819942332
2012-03-28 13:00:00,204.40678527514
2012-03-28 14:00:00,208.653634642099
2012-03-28 15:00:00,214.257216100826
2012-03-28 16:00:00,246.158542481504
2012-03-28 17:00:00,614.701705481195
2012-03-28 18:00:00,726.082808974075
2012-03-28 19:00:00,476.697914062087
2012-03-28 20:00:00,367.535049214856
2012-03-28 21:00:00,254.351836319215
2012-03-28 22:00:00,184.527932256196
2012-03-28 23:00:00,83.3188525660138
2012-03-29 00:00:00,46.3882515648282
2012-03-29 01:00:00,21.0950466568543
2012-03-29 02:00:00,6.93595893096852
2012-03-29 03:00:00,2.91556934191946
2012-03-29 04:00:00,3.53762963201997
2012-03-29 05:00:00,19.3035378457947
2012-03-29 06:00:00,109.984828691252
2012-03-29 07:00:00,337.107673458691
2012-03-29 08:00:00,543.515088326896
2012-03-29 09:00:00,285.965888096366
2012-03-29 10:00:00,168.323284179511
2012-03-29 11:00:00,165.004253668936
2012-03-29 12:00:00,200.541243061346
2012-03-29 13:00:00,192.460545190655
2012-03-29 14:00:00,159.906452044343
2012-03-29 15:00:00,176.279018031457
2012-03-29 16:00:00,232.093078685579
2012-03-29 17:00:00,487.634374923998
2012-03-29 18:00:00,411.521005967057
2012-03-29 19:00:00,283.126664788467
2012-03-29 20:00:00,270.026607923885
2012-03-29 21:00:00,145.961293187656
2012-03-29 22:00:00,109.271107530794
2012-03-29 23:00:00,77.6416719899824
2012-03-30 00:00:00,43.9249631809663
2012-03-30 01:00:00,20.0001294638681
2012-03-30 02:00:00,8.81726923331848
2012-03-30 03:00:00,5.03335816970933
2012-03-30 04:00:00,2.97495190587578
2012-03-30 05:00:00,15.5868575248361
2012-03-30 06:00:00,83.9450226987397
2012-03-30 07:00:00,213.962229466669
2012-03-30 08:00:00,362.076064090394
2012-03-30 09:00:00,241.898042032071
2012-03-30 10:00:00,120.991069743715
2012-03-30 11:00:00,119.742105343924
2012-03-30 12:00:00,147.648816771807
2012-03-30 13:00:00,89.9214415502406
2012-03-30 14:00:00,83.4432238548592
2012-03-30 15:00:00,95.7070873453773
2012-03-30 16:00:00,71.9046191759803
2012-03-30 17:00:00,279.104133568563
2012-03-30 18:00:00,327.901365116053
2012-03-30 19:00:00,212.490214628142
2012-03-30 20:00:00,161.537374138075
2012-03-30 21:00:00,95.4990672761208
2012-03-30 22:00:00,87.2312066447739
2012-03-30 23:00:00,59.8708316637687
2012-03-31 00:00:00,73.5436879355421
2012-03-31 01:00:00,31.0039470888479
2012-03-31 02:00:00,24.6677011130355
2012-03-31 03:00:00,16.4945346329222
2012-03-31 04:00:00,2.97635828411871
2012-03-31 05:00:00,7.26489625611429
2012-03-31 06:00:00,16.5247443972064
2012-03-31 07:00:00,41.0667374128596
2012-03-31 08:00:00,68.2186752163944
2012-03-31 09:00:00,132.549987375544
2012-03-31 10:00:00,203.767034220577
2012-03-31 11:00:00,238.927499015548
2012-03-31 12:00:00,335.012783242601
2012-03-31 13:00:00,503.037299346336
2012-03-31 14:00:00,292.831866903693
2012-03-31 15:00:00,305.823037325595
2012-03-31 16:00:00,230.706670797498
2012-03-31 17:00:00,189.162466394742
2012-03-31 18:00:00,140.26134686546
2012-03-31 19:00:00,86.5720262426076
2012-03-31 20:00:00,77.2563639423085
2012-03-31 21:00:00,64.9377170619043
2012-03-31 22:00:00,58.1706943083923
2012-03-31 23:00:00,42.8821504495079
2012-04-20 00:00:00,57.9985247011973
2012-04-20 01:00:00,19.3182874744365
2012-04-20 02:00:00,8.98819090924802
2012-04-20 03:00:00,4.1727080308024
2012-04-20 04:00:00,3.40447537041985
2012-04-20 05:00:00,14.6487908214033
2012-04-20 06:00:00,68.2725668598354
2012-04-20 07:00:00,205.112428854701
2012-04-20 08:00:00,417.583364535854
2012-04-20 09:00:00,213.128531401848
2012-04-20 10:00:00,120.880471102079
2012-04-20 11:00:00,173.549488828927
2012-04-20 12:00:00,236.556833407546
2012-04-20 13:00:00,293.417548966647
2012-04-20 14:00:00,255.194149988146
2012-04-20 15:00:00,267.478035792219
2012-04-20 16:00:00,349.565254438494
2012-04-20 17:00:00,457.045110529905
2012-04-20 18:00:00,510.716839798737
2012-04-20 19:00:00,369.705486236834
2012-04-20 20:00:00,229.362599792762
2012-04-20 21:00:00,171.917047828597
2012-04-20 22:00:00,143.518323064748
2012-04-20 23:00:00,120.349167252833
2012-04-21 00:00:00,165.206323761157
2012-04-21 01:00:00,110.232313549564
2012-04-21 02:00:00,90.1934173743348
2012-04-21 03:00:00,27.1554368782056
2012-04-21 04:00:00,8.47498993220212
2012-04-21 05:00:00,11.4131662620214
2012-04-21 06:00:00,31.8588962804806
2012-04-21 07:00:00,62.9280614086793
2012-04-21 08:00:00,161.776765381357
2012-04-21 09:00:00,276.040201858673
2012-04-21 10:00:00,347.911748702525
2012-04-21 11:00:00,389.000889424306
2012-04-21 12:00:00,512.861364680416
2012-04-21 13:00:00,533.960263175193
2012-04-21 14:00:00,550.831505016138
2012-04-21 15:00:00,655.866719988408
2012-04-21 16:00:00,673.634897699104
2012-04-21 17:00:00,560.026021462848
2012-04-21 18:00:00,385.624097905396
2012-04-21 19:00:00,209.766867324214
2012-04-21 20:00:00,85.7521968202368
2012-04-21 21:00:00,56.7526452679026
2012-04-21 22:00:00,97.3443542818168
2012-04-21 23:00:00,53.0582344241164
2012-04-22 00:00:00,73.2701944265627
2012-04-22 01:00:00,32.9495459030015
2012-04-22 02:00:00,43.2717529709806
2012-04-22 03:00:00,19.7262489262315
2012-04-22 04:00:00,8.67252888854945
2012-04-22 05:00:00,8.19234789545206
2012-04-22 06:00:00,14.4488786932317
2012-04-22 07:00:00,22.9081098867003
2012-04-22 08:00:00,33.9750308844339
2012-04-22 09:00:00,62.6692341585689
2012-04-22 10:00:00,69.2410506194249
2012-04-22 11:00:00,68.5735370659065
2012-04-22 12:00:00,74.1341923759186
2012-04-22 13:00:00,120.961281671481
2012-04-22 14:00:00,82.2690426915206
2012-04-22 15:00:00,67.6982960728451
2012-04-22 16:00:00,42.6930127723023
2012-04-22 17:00:00,31.4444964459996
2012-04-22 18:00:00,21.7130247391492
2012-04-22 19:00:00,23.0385966113091
2012-04-22 20:00:00,24.0583503668765
2012-04-22 21:00:00,28.8650728341948
2012-04-22 22:00:00,12.0327182580813
2012-04-22 23:00:00,22.3719158843104
2012-04-23 00:00:00,7.62863480609212
2012-04-23 01:00:00,3.76276712784029
2012-04-23 02:00:00,2.62436043508737
2012-04-23 03:00:00,1.75047407971385
2012-04-23 04:00:00,1.67700494013316
2012-04-23 05:00:00,9.49550144084376
2012-04-23 06:00:00,53.0682856028268
2012-04-23 07:00:00,92.069339050907
2012-04-23 08:00:00,343.038452644572
2012-04-23 09:00:00,180.563423419874
2012-04-23 10:00:00,65.7748704790248
2012-04-23 11:00:00,66.8348400009127
2012-04-23 12:00:00,50.2246783012594
2012-04-23 13:00:00,54.4555420250424
2012-04-23 14:00:00,57.6314815706755
2012-04-23 15:00:00,89.126355365755
2012-04-23 16:00:00,52.2703753661804
2012-04-23 17:00:00,134.437651784353
2012-04-23 18:00:00,201.073696639641
2012-04-23 19:00:00,168.568562957212
2012-04-23 20:00:00,115.306727480124
2012-04-23 21:00:00,73.6352731464205
2012-04-23 22:00:00,63.6044795058668
2012-04-23 23:00:00,38.8371188854312
2012-04-24 00:00:00,16.286101059542
2012-04-24 01:00:00,6.99630061028596
2012-04-24 02:00:00,3.13422686614271
2012-04-24 03:00:00,2.43849322285567
2012-04-24 04:00:00,1.67676784192287
2012-04-24 05:00:00,18.2561529595795
2012-04-24 06:00:00,79.1514266865459
2012-04-24 07:00:00,254.96558323031
2012-04-24 08:00:00,441.415050531694
2012-04-24 09:00:00,284.17211351564
2012-04-24 10:00:00,145.237976534394
2012-04-24 11:00:00,164.138859372507
2012-04-24 12:00:00,232.594374281201
2012-04-24 13:00:00,247.637517203747
2012-04-24 14:00:00,211.943669285189
2012-04-24 15:00:00,256.521308257265
2012-04-24 16:00:00,384.550820850492
2012-04-24 17:00:00,640.014218955291
2012-04-24 18:00:00,717.916890075889
2012-04-24 19:00:00,491.773084926405
2012-04-24 20:00:00,321.895044344478
2012-04-24 21:00:00,175.198031077777
2012-04-24 22:00:00,150.407115085797
2012-04-24 23:00:00,91.7816329777871
2012-04-25 00:00:00,38.1437698841383
2012-04-25 01:00:00,10.8771789288605
2012-04-25 02:00:00,3.56999201920596
2012-04-25 03:00:00,2.21145054916581
2012-04-25 04:00:00,1.31152722356715
2012-04-25 05:00:00,17.8012440268616
2012-04-25 06:00:00,78.9318591365128
2012-04-25 07:00:00,282.43189140641
2012-04-25 08:00:00,515.758793914641
2012-04-25 09:00:00,326.386543502088
2012-04-25 10:00:00,159.746393557673
2012-04-25 11:00:00,162.36426421447
2012-04-25 12:00:00,200.533970201667
2012-04-25 13:00:00,223.935186862424
2012-04-25 14:00:00,199.153727325907
2012-04-25 15:00:00,231.280496892314
2012-04-25 16:00:00,310.363899766024
2012-04-25 17:00:00,623.768271300479
2012-04-25 18:00:00,694.718322019914
2012-04-25 19:00:00,492.488722806164
2012-04-25 20:00:00,318.471482840452
2012-04-25 21:00:00,184.265586151054
2012-04-25 22:00:00,129.722211085391
2012-04-25 23:00:00,79.2154889623219
2012-04-26 00:00:00,27.1812377796448
2012-04-26 01:00:00,16.2826799640644
2012-04-26 02:00:00,8.264452195514
2012-04-26 03:00:00,3.6595129005476
2012-04-26 04:00:00,4.57114500700137
2012-04-26 05:00:00,18.9734805730581
2012-04-26 06:00:00,84.1956538244631
2012-04-26 07:00:00,222.660437596656
2012-04-26 08:00:00,415.455155995884
2012-04-26 09:00:00,146.608836946588
2012-04-26 10:00:00,55.3285141334155
2012-04-26 11:00:00,52.758736762518
2012-04-26 12:00:00,110.648884097198
2012-04-26 13:00:00,104.728455600433
2012-04-26 14:00:00,117.641877908118
2012-04-26 15:00:00,74.770476416126
2012-04-26 16:00:00,147.866277139404
2012-04-26 17:00:00,535.763617421776
2012-04-26 18:00:00,395.306547811229
2012-04-26 19:00:00,315.942357073327
2012-04-26 20:00:00,245.762845578024
2012-04-26 21:00:00,160.40036076018
2012-04-26 22:00:00,148.839989528984
2012-04-26 23:00:00,85.3042681785701
2012-04-27 00:00:00,55.4559210011367
2012-04-27 01:00:00,21.5921015126955
2012-04-27 02:00:00,16.1076163662621
2012-04-27 03:00:00,6.61570320110479
2012-04-27 04:00:00,4.55422417937244
2012-04-27 05:00:00,26.859463516268
2012-04-27 06:00:00,109.027188956423
2012-04-27 07:00:00,294.260659096222
2012-04-27 08:00:00,538.671817920472
2012-04-27 09:00:00,363.196822112521
2012-04-27 10:00:00,208.334110987186
2012-04-27 11:00:00,223.190209730697
2012-04-27 12:00:00,318.406484943169
2012-04-27 13:00:00,352.45831987091
2012-04-27 14:00:00,321.82549808893
2012-04-27 15:00:00,301.33398234319
2012-04-27 16:00:00,438.461769351531
2012-04-27 17:00:00,638.522263868501
2012-04-27 18:00:00,478.617384543801
2012-04-27 19:00:00,397.918482310906
2012-04-27 20:00:00,267.367837830522
2012-04-27 21:00:00,192.891689691042
2012-04-27 22:00:00,153.237377522746
2012-04-27 23:00:00,110.538491761974
2012-04-28 00:00:00,120.634958420529
2012-04-28 01:00:00,42.5782926161382
2012-04-28 02:00:00,52.938227275891
2012-04-28 03:00:00,16.4183788638595
2012-04-28 04:00:00,5.65396819756022
2012-04-28 05:00:00,5.21692162577407
2012-04-28 06:00:00,22.2741390474584
2012-04-28 07:00:00,43.7014379047867
2012-04-28 08:00:00,106.291487122716
2012-04-28 09:00:00,138.004661990544
2012-04-28 10:00:00,165.088257761603
2012-04-28 11:00:00,175.7640771292
2012-04-28 12:00:00,266.973902568488
2012-04-28 13:00:00,223.16816063904
2012-04-28 14:00:00,284.415924953597
2012-04-28 15:00:00,349.640149494999
2012-04-28 16:00:00,243.814402886177
2012-04-28 17:00:00,178.548001845292
2012-04-28 18:00:00,120.587272159688
2012-04-28 19:00:00,116.078725535529
2012-04-28 20:00:00,68.4638584823413
2012-04-28 21:00:00,62.1246296432546
2012-04-28 22:00:00,97.7330963220114
2012-04-28 23:00:00,69.1606049944919
2012-04-29 00:00:00,60.2436006085995
2012-04-29 01:00:00,49.3539201216456
2012-04-29 02:00:00,30.4912760690503
2012-04-29 03:00:00,16.1951636123206
2012-04-29 04:00:00,6.80493142016429
2012-04-29 05:00:00,6.39078860208651
2012-04-29 06:00:00,13.8683681493357
2012-04-29 07:00:00,31.6625728589349
2012-04-29 08:00:00,66.9235519925273
2012-04-29 09:00:00,120.030594539358
2012-04-29 10:00:00,176.814092491526
2012-04-29 11:00:00,200.938115177895
2012-04-29 12:00:00,339.94672176738
2012-04-29 13:00:00,380.579596571564
2012-04-29 14:00:00,338.062018068249
2012-04-29 15:00:00,466.616916997869
2012-04-29 16:00:00,445.058839039205
2012-04-29 17:00:00,457.886149029004
2012-04-29 18:00:00,418.17785666393
2012-04-29 19:00:00,301.600620567889
2012-04-29 20:00:00,213.361798084524
2012-04-29 21:00:00,198.459804265141
2012-04-29 22:00:00,104.393597410595
2012-04-29 23:00:00,53.8570436662924
2012-04-30 00:00:00,40.8304061995258
2012-04-30 01:00:00,9.6387382540073
2012-04-30 02:00:00,9.96169434712814
2012-04-30 03:00:00,3.2785977786333
2012-04-30 04:00:00,1.55465937101993
2012-04-30 05:00:00,13.0205252813574
2012-04-30 06:00:00,90.2211885118045
2012-04-30 07:00:00,275.202417099464
2012-04-30 08:00:00,479.331428148294
2012-04-30 09:00:00,204.462815039468
2012-04-30 10:00:00,121.125269003987
2012-04-30 11:00:00,135.342870988736
2012-04-30 12:00:00,168.613638188
2012-04-30 13:00:00,148.191552670224
2012-04-30 14:00:00,144.128829424798
2012-04-30 15:00:00,153.23267057536
2012-04-30 16:00:00,236.697203150078
2012-04-30 17:00:00,490.023542822003
2012-04-30 18:00:00,424.80002539415
2012-04-30 19:00:00,313.984344259827
2012-04-30 20:00:00,200.522312133148
2012-04-30 21:00:00,163.152643956179
2012-04-30 22:00:00,108.499948061634
2012-04-30 23:00:00,56.5953375071817
2012-05-20 00:00:00,198.941435625369
2012-05-20 01:00:00,106.705822659089
2012-05-20 02:00:00,72.3621403626767
2012-05-20 03:00:00,38.9665101217514
2012-05-20 04:00:00,12.3010215100234
2012-05-20 05:00:00,15.8152017979953
2012-05-20 06:00:00,22.8819954749907
2012-05-20 07:00:00,47.3578866417569
2012-05-20 08:00:00,143.960331169244
2012-05-20 09:00:00,333.872097856704
2012-05-20 10:00:00,429.282649819235
2012-05-20 11:00:00,479.84174015593
2012-05-20 12:00:00,553.215807806173
2012-05-20 13:00:00,649.083777838806
2012-05-20 14:00:00,541.644534105816
2012-05-20 15:00:00,486.39449995817
2012-05-20 16:00:00,593.659425911372
2012-05-20 17:00:00,514.807846545545
2012-05-20 18:00:00,386.127200362805
2012-05-20 19:00:00,323.19401878594
2012-05-20 20:00:00,267.49254886582
2012-05-20 21:00:00,188.000347478118
2012-05-20 22:00:00,155.431232890208
2012-05-20 23:00:00,64.6700941819008
2012-05-21 00:00:00,18.7092990749804
2012-05-21 01:00:00,7.43644564073931
2012-05-21 02:00:00,5.76544125821862
2012-05-21 03:00:00,2.93403843794625
2012-05-21 04:00:00,3.5317119926372
2012-05-21 05:00:00,14.3452296953651
2012-05-21 06:00:00,49.8702589778395
2012-05-21 07:00:00,119.302430251684
2012-05-21 08:00:00,174.599685911508
2012-05-21 09:00:00,119.401905820018
2012-05-21 10:00:00,72.9452703543011
2012-05-21 11:00:00,138.951471448831
2012-05-21 12:00:00,186.205426012109
2012-05-21 13:00:00,101.479547761033
2012-05-21 14:00:00,90.8739914188131
2012-05-21 15:00:00,216.938737364968
2012-05-21 16:00:00,326.433405369391
2012-05-21 17:00:00,590.966051260758
2012-05-21 18:00:00,521.982969757308
2012-05-21 19:00:00,404.70436930029
2012-05-21 20:00:00,270.917195152482
2012-05-21 21:00:00,194.319316346958
2012-05-21 22:00:00,140.567735330333
2012-05-21 23:00:00,73.2451685911344
2012-05-22 00:00:00,38.4429521637511
2012-05-22 01:00:00,14.4972048993838
2012-05-22 02:00:00,6.52530602491725
2012-05-22 03:00:00,4.55107132317817
2012-05-22 04:00:00,4.6936989687142
2012-05-22 05:00:00,17.0502056043243
2012-05-22 06:00:00,76.0054734098991
2012-05-22 07:00:00,170.450790493564
2012-05-22 08:00:00,485.608207420783
2012-05-22 09:00:00,281.798596762866
2012-05-22 10:00:00,148.88607355436
2012-05-22 11:00:00,141.867210165102
2012-05-22 12:00:00,198.002877335882
2012-05-22 13:00:00,213.784303113723
2012-05-22 14:00:00,195.076125291311
2012-05-22 15:00:00,229.125939055844
2012-05-22 16:00:00,340.524082428151
2012-05-22 17:00:00,620.273399598185
2012-05-22 18:00:00,683.293005780288
2012-05-22 19:00:00,466.424184016997
2012-05-22 20:00:00,332.720153512241
2012-05-22 21:00:00,211.593741069512
2012-05-22 22:00:00,194.579199807481
2012-05-22 23:00:00,105.993562164097
2012-05-23 00:00:00,51.78039686254
2012-05-23 01:00:00,20.0169440466175
2012-05-23 02:00:00,7.87569477234937
2012-05-23 03:00:00,6.67861505122179
2012-05-23 04:00:00,3.14794650371301
2012-05-23 05:00:00,18.5158013334568
2012-05-23 06:00:00,125.887961737004
2012-05-23 07:00:00,365.108079416844
2012-05-23 08:00:00,619.42860710645
2012-05-23 09:00:00,343.684365865647
2012-05-23 10:00:00,171.5482258794
2012-05-23 11:00:00,182.503473427336
2012-05-23 12:00:00,219.702981983963
2012-05-23 13:00:00,233.338690742096
2012-05-23 14:00:00,213.134041502905
2012-05-23 15:00:00,238.254905350864
2012-05-23 16:00:00,256.947124259463
2012-05-23 17:00:00,458.604412496121
2012-05-23 18:00:00,521.327876385563
2012-05-23 19:00:00,291.697161114268
2012-05-23 20:00:00,195.85066774721
2012-05-23 21:00:00,162.303083057282
2012-05-23 22:00:00,155.798304176077
2012-05-23 23:00:00,111.985503698713
2012-05-24 00:00:00,57.6114768675716
2012-05-24 01:00:00,19.4800865760881
2012-05-24 02:00:00,11.8908163938577
2012-05-24 03:00:00,4.92230212430636
2012-05-24 04:00:00,4.09704313291302
2012-05-24 05:00:00,27.4299035836679
2012-05-24 06:00:00,122.674942472402
2012-05-24 07:00:00,389.966747175952
2012-05-24 08:00:00,675.210714426295
2012-05-24 09:00:00,313.736829320619
2012-05-24 10:00:00,193.060075218004
2012-05-24 11:00:00,217.172422897242
2012-05-24 12:00:00,272.16836888238
2012-05-24 13:00:00,263.245845135214
2012-05-24 14:00:00,214.89121447679
2012-05-24 15:00:00,248.025654893966
2012-05-24 16:00:00,352.606782041916
2012-05-24 17:00:00,637.588245132593
2012-05-24 18:00:00,591.17351189156
2012-05-24 19:00:00,494.532054285064
2012-05-24 20:00:00,303.249960627304
2012-05-24 21:00:00,168.786675585628
2012-05-24 22:00:00,172.495266300375
2012-05-24 23:00:00,118.317553198664
2012-05-25 00:00:00,69.117644055115
2012-05-25 01:00:00,32.2297543706038
2012-05-25 02:00:00,11.7791685344367
2012-05-25 03:00:00,6.16852315885529
2012-05-25 04:00:00,4.72868209216379
2012-05-25 05:00:00,21.7797892155293
2012-05-25 06:00:00,103.213377368398
2012-05-25 07:00:00,377.904675015869
2012-05-25 08:00:00,571.816500017258
2012-05-25 09:00:00,339.355013037689
2012-05-25 10:00:00,207.305831098296
2012-05-25 11:00:00,238.916508071197
2012-05-25 12:00:00,296.971636542817
2012-05-25 13:00:00,313.38274490891
2012-05-25 14:00:00,278.633035327185
2012-05-25 15:00:00,292.420382088381
2012-05-25 16:00:00,400.720473709801
2012-05-25 17:00:00,606.413701794165
2012-05-25 18:00:00,623.335153103423
2012-05-25 19:00:00,452.357360763548
2012-05-25 20:00:00,308.737908670083
2012-05-25 21:00:00,240.211423157975
2012-05-25 22:00:00,226.80781975047
2012-05-25 23:00:00,212.968319583754
2012-05-26 00:00:00,160.865544375394
2012-05-26 01:00:00,118.468905783664
2012-05-26 02:00:00,82.5527289305461
2012-05-26 03:00:00,35.1545519619401
2012-05-26 04:00:00,8.91422380091828
2012-05-26 05:00:00,12.1372430117886
2012-05-26 06:00:00,37.0614016744624
2012-05-26 07:00:00,64.2048949111195
2012-05-26 08:00:00,153.655460949469
2012-05-26 09:00:00,233.753968761278
2012-05-26 10:00:00,264.3440917198
2012-05-26 11:00:00,312.521142684171
2012-05-26 12:00:00,412.641550743256
2012-05-26 13:00:00,393.110719919874
2012-05-26 14:00:00,397.313180037718
2012-05-26 15:00:00,397.145032203828
2012-05-26 16:00:00,493.028494840665
2012-05-26 17:00:00,442.885427147003
2012-05-26 18:00:00,500.478279082783
2012-05-26 19:00:00,357.717394102768
2012-05-26 20:00:00,326.523874950486
2012-05-26 21:00:00,267.989807120633
2012-05-26 22:00:00,257.581364154009
2012-05-26 23:00:00,186.301596981634
2012-05-27 00:00:00,167.788703827571
2012-05-27 01:00:00,143.199212206859
2012-05-27 02:00:00,80.7354210818771
2012-05-27 03:00:00,45.033612208731
2012-05-27 04:00:00,8.30488148306361
2012-05-27 05:00:00,10.4271783405037
2012-05-27 06:00:00,28.0572646706027
2012-05-27 07:00:00,53.3210511629663
2012-05-27 08:00:00,126.347841936118
2012-05-27 09:00:00,212.014871708729
2012-05-27 10:00:00,316.941163802494
2012-05-27 11:00:00,330.647749821249
2012-05-27 12:00:00,346.009781850822
2012-05-27 13:00:00,451.458689185951
2012-05-27 14:00:00,378.685494375586
2012-05-27 15:00:00,384.885493401893
2012-05-27 16:00:00,466.214414669817
2012-05-27 17:00:00,438.310738055933
2012-05-27 18:00:00,350.063296708308
2012-05-27 19:00:00,324.776899260344
2012-05-27 20:00:00,296.986959711418
2012-05-27 21:00:00,170.826507079613
2012-05-27 22:00:00,84.2852324386523
2012-05-27 23:00:00,68.3708638322944
2012-05-28 00:00:00,163.185221242431
2012-05-28 01:00:00,58.4248063341194
2012-05-28 02:00:00,50.297244822766
2012-05-28 03:00:00,22.2859570366665
2012-05-28 04:00:00,11.7934579845249
2012-05-28 05:00:00,15.5716826168971
2012-05-28 06:00:00,37.0876501769728
2012-05-28 07:00:00,74.7890642412817
2012-05-28 08:00:00,171.341091600538
2012-05-28 09:00:00,250.858995690181
2012-05-28 10:00:00,347.254399985655
2012-05-28 11:00:00,379.964781691961
2012-05-28 12:00:00,449.758388798832
2012-05-28 13:00:00,442.68573119392
2012-05-28 14:00:00,419.435730703292
2012-05-28 15:00:00,431.35901354514
2012-05-28 16:00:00,424.810797464557
2012-05-28 17:00:00,504.367232615029
2012-05-28 18:00:00,483.604548134389
2012-05-28 19:00:00,417.955229298071
2012-05-28 20:00:00,345.210107622799
2012-05-28 21:00:00,273.127247114162
2012-05-28 22:00:00,239.372666436303
2012-05-28 23:00:00,141.524846174629
2012-05-29 00:00:00,42.4008587510301
2012-05-29 01:00:00,19.8456541632595
2012-05-29 02:00:00,9.07145197598554
2012-05-29 03:00:00,4.24553100088779
2012-05-29 04:00:00,4.63904300048365
2012-05-29 05:00:00,27.0345946978123
2012-05-29 06:00:00,142.57614239998
2012-05-29 07:00:00,334.800043301213
2012-05-29 08:00:00,542.388102474874
2012-05-29 09:00:00,260.674398811469
2012-05-29 10:00:00,147.495344089288
2012-05-29 11:00:00,156.711484529926
2012-05-29 12:00:00,212.480201872221
2012-05-29 13:00:00,214.952837734039
2012-05-29 14:00:00,179.996611293439
2012-05-29 15:00:00,194.206845080627
2012-05-29 16:00:00,273.886094363453
2012-05-29 17:00:00,560.041759058601
2012-05-29 18:00:00,491.868938990927
2012-05-29 19:00:00,413.90457782093
2012-05-29 20:00:00,219.416632081276
2012-05-29 21:00:00,121.857682017523
2012-05-29 22:00:00,150.653419628945
2012-05-29 23:00:00,50.5793783469496
2012-05-30 00:00:00,34.8642704497092
2012-05-30 01:00:00,14.1993012259423
2012-05-30 02:00:00,7.11214066007945
2012-05-30 03:00:00,4.33816465615251
2012-05-30 04:00:00,3.9500703482487
2012-05-30 05:00:00,30.9482902586905
2012-05-30 06:00:00,142.844152516137
2012-05-30 07:00:00,195.731716626948
2012-05-30 08:00:00,615.548830779427
2012-05-30 09:00:00,325.347594049956
2012-05-30 10:00:00,168.83427479593
2012-05-30 11:00:00,203.278677993503
2012-05-30 12:00:00,274.607325935662
2012-05-30 13:00:00,264.342468036924
2012-05-30 14:00:00,231.995046299929
2012-05-30 15:00:00,229.692625913008
2012-05-30 16:00:00,374.559358789023
2012-05-30 17:00:00,616.92838190307
2012-05-30 18:00:00,705.812651906776
2012-05-30 19:00:00,502.781289198754
2012-05-30 20:00:00,270.520501830567
2012-05-30 21:00:00,270.243187829211
2012-05-30 22:00:00,204.558873991633
2012-05-30 23:00:00,120.851579465834
2012-05-31 00:00:00,59.712413728219
2012-05-31 01:00:00,23.9590672968647
2012-05-31 02:00:00,11.6051677608435
2012-05-31 03:00:00,7.45980979361722
2012-05-31 04:00:00,7.39219372457625
2012-05-31 05:00:00,30.635813222871
2012-05-31 06:00:00,151.705046404738
2012-05-31 07:00:00,429.384582747265
2012-05-31 08:00:00,566.116225979642
2012-05-31 09:00:00,297.278809719276
2012-05-31 10:00:00,169.853946217506
2012-05-31 11:00:00,223.975511541505
2012-05-31 12:00:00,268.111217354126
2012-05-31 13:00:00,290.330621781666
2012-05-31 14:00:00,219.572390421143
2012-05-31 15:00:00,248.253243632199
2012-05-31 16:00:00,400.38433356863
2012-05-31 17:00:00,768.867303315891
2012-05-31 18:00:00,713.287892770494
2012-05-31 19:00:00,567.072336480305
2012-05-31 20:00:00,388.264410935293
2012-05-31 21:00:00,297.919672910471
2012-05-31 22:00:00,244.736579055847
2012-05-31 23:00:00,142.922980934628
2012-06-20 00:00:00,46.1319711739407
2012-06-20 01:00:00,21.0091571414146
2012-06-20 02:00:00,6.59316924676981
2012-06-20 03:00:00,5.41930877236019
2012-06-20 04:00:00,6.56952336532478
2012-06-20 05:00:00,32.6226341435703
2012-06-20 06:00:00,117.623723137087
2012-06-20 07:00:00,381.304719039238
2012-06-20 08:00:00,548.18806685118
2012-06-20 09:00:00,282.070477967643
2012-06-20 10:00:00,121.08242882037
2012-06-20 11:00:00,126.406919286275
2012-06-20 12:00:00,155.039277121452
2012-06-20 13:00:00,154.695181796151
2012-06-20 14:00:00,144.542788957055
2012-06-20 15:00:00,136.071325206566
2012-06-20 16:00:00,243.666446175048
2012-06-20 17:00:00,476.723389402183
2012-06-20 18:00:00,522.180473182442
2012-06-20 19:00:00,384.204187708
2012-06-20 20:00:00,314.578930467298
2012-06-20 21:00:00,230.475261415219
2012-06-20 22:00:00,182.594517747849
2012-06-20 23:00:00,106.333775703789
2012-06-21 00:00:00,61.4398252727988
2012-06-21 01:00:00,21.3117214689342
2012-06-21 02:00:00,7.99453079959857
2012-06-21 03:00:00,4.89030487136143
2012-06-21 04:00:00,6.70788956543526
2012-06-21 05:00:00,36.8633002066134
2012-06-21 06:00:00,143.522849178484
2012-06-21 07:00:00,356.638312547055
2012-06-21 08:00:00,578.466951555846
2012-06-21 09:00:00,221.664057154999
2012-06-21 10:00:00,140.882399493827
2012-06-21 11:00:00,160.263145177789
2012-06-21 12:00:00,198.500189216143
2012-06-21 13:00:00,188.645968726301
2012-06-21 14:00:00,182.491636200099
2012-06-21 15:00:00,186.724964832905
2012-06-21 16:00:00,301.073656308396
2012-06-21 17:00:00,663.714942393113
2012-06-21 18:00:00,627.09580377001
2012-06-21 19:00:00,470.257009808713
2012-06-21 20:00:00,348.28187478466
2012-06-21 21:00:00,282.623902025074
2012-06-21 22:00:00,218.332851811014
2012-06-21 23:00:00,145.613960459648
2012-06-22 00:00:00,72.4683977755572
2012-06-22 01:00:00,30.8547557741703
2012-06-22 02:00:00,12.4145309276155
2012-06-22 03:00:00,5.70759143875645
2012-06-22 04:00:00,8.41137777761165
2012-06-22 05:00:00,27.2897460691789
2012-06-22 06:00:00,98.113002617115
2012-06-22 07:00:00,366.318927747007
2012-06-22 08:00:00,507.09504580768
2012-06-22 09:00:00,231.802804187699
2012-06-22 10:00:00,159.424696566794
2012-06-22 11:00:00,202.715555829832
2012-06-22 12:00:00,236.285234038452
2012-06-22 13:00:00,251.902629246145
2012-06-22 14:00:00,226.018032935029
2012-06-22 15:00:00,246.392478906009
2012-06-22 16:00:00,369.810604170134
2012-06-22 17:00:00,719.627291295277
2012-06-22 18:00:00,565.486742347491
2012-06-22 19:00:00,374.914333291744
2012-06-22 20:00:00,309.293362927226
2012-06-22 21:00:00,169.329755129494
2012-06-22 22:00:00,212.731692661576
2012-06-22 23:00:00,133.111940314221
2012-06-23 00:00:00,110.811740412693
2012-06-23 01:00:00,89.2090706485623
2012-06-23 02:00:00,53.7189194987108
2012-06-23 03:00:00,31.2960539808434
2012-06-23 04:00:00,7.95958377589886
2012-06-23 05:00:00,7.50645171547499
2012-06-23 06:00:00,27.8500631954574
2012-06-23 07:00:00,57.517478802839
2012-06-23 08:00:00,148.262984554506
2012-06-23 09:00:00,242.865348864717
2012-06-23 10:00:00,325.575025014504
2012-06-23 11:00:00,425.305167719015
2012-06-23 12:00:00,509.935253499467
2012-06-23 13:00:00,536.957788508228
2012-06-23 14:00:00,503.313434242399
2012-06-23 15:00:00,460.371958470172
2012-06-23 16:00:00,526.735857876653
2012-06-23 17:00:00,454.55776537345
2012-06-23 18:00:00,428.998750316258
2012-06-23 19:00:00,383.508725758676
2012-06-23 20:00:00,316.553969283791
2012-06-23 21:00:00,261.829908108559
2012-06-23 22:00:00,253.497174889304
2012-06-23 23:00:00,239.668823394779
2012-06-24 00:00:00,232.497092746425
2012-06-24 01:00:00,112.269078763362
2012-06-24 02:00:00,78.3766885268186
2012-06-24 03:00:00,33.3500868899581
2012-06-24 04:00:00,14.8444605299778
2012-06-24 05:00:00,11.7185976372551
2012-06-24 06:00:00,19.5913822999868
2012-06-24 07:00:00,48.8512347540767
2012-06-24 08:00:00,133.735524552516
2012-06-24 09:00:00,236.174045939448
2012-06-24 10:00:00,391.099130738778
2012-06-24 11:00:00,454.520540154841
2012-06-24 12:00:00,478.254008138115
2012-06-24 13:00:00,490.086312817335
2012-06-24 14:00:00,457.135947452895
2012-06-24 15:00:00,500.697509707432
2012-06-24 16:00:00,490.281182715694
2012-06-24 17:00:00,445.137834988341
2012-06-24 18:00:00,443.567740893156
2012-06-24 19:00:00,376.625688415951
2012-06-24 20:00:00,320.550828025128
2012-06-24 21:00:00,241.140055269209
2012-06-24 22:00:00,192.967793708902
2012-06-24 23:00:00,119.408172559384
2012-06-25 00:00:00,43.5500806346685
2012-06-25 01:00:00,17.6293609250783
2012-06-25 02:00:00,9.80045679007499
2012-06-25 03:00:00,5.76021605465671
2012-06-25 04:00:00,6.34490274283385
2012-06-25 05:00:00,27.2561421042148
2012-06-25 06:00:00,128.012419400248
2012-06-25 07:00:00,382.152932442184
2012-06-25 08:00:00,480.994394529458
2012-06-25 09:00:00,261.965658177984
2012-06-25 10:00:00,145.422260875292
2012-06-25 11:00:00,171.429008764577
2012-06-25 12:00:00,238.463166565536
2012-06-25 13:00:00,197.181916300277
2012-06-25 14:00:00,192.530701654959
2012-06-25 15:00:00,203.496368535619
2012-06-25 16:00:00,343.478723331422
2012-06-25 17:00:00,627.717590268367
2012-06-25 18:00:00,546.220456959643
2012-06-25 19:00:00,346.436904845913
2012-06-25 20:00:00,315.727297227441
2012-06-25 21:00:00,228.729249590002
2012-06-25 22:00:00,150.277661240154
2012-06-25 23:00:00,97.4322033214388
2012-06-26 00:00:00,31.9978569667441
2012-06-26 01:00:00,11.7513852344386
2012-06-26 02:00:00,6.3134475438458
2012-06-26 03:00:00,2.92355863217729
2012-06-26 04:00:00,4.84935785529066
2012-06-26 05:00:00,24.1662759646264
2012-06-26 06:00:00,117.617223084274
2012-06-26 07:00:00,348.185096984268
2012-06-26 08:00:00,450.232117477967
2012-06-26 09:00:00,243.628132580807
2012-06-26 10:00:00,150.284664209503
2012-06-26 11:00:00,175.017946570857
2012-06-26 12:00:00,205.690219490799
2012-06-26 13:00:00,202.568571676847
2012-06-26 14:00:00,201.196390350795
2012-06-26 15:00:00,197.49758853872
2012-06-26 16:00:00,317.991160992661
2012-06-26 17:00:00,644.037357611742
2012-06-26 18:00:00,504.833825346051
2012-06-26 19:00:00,460.818885505208
2012-06-26 20:00:00,306.696733734054
2012-06-26 21:00:00,270.824342349775
2012-06-26 22:00:00,173.228402069071
2012-06-26 23:00:00,118.14962104336
2012-06-27 00:00:00,49.5262549551941
2012-06-27 01:00:00,15.4961262081865
2012-06-27 02:00:00,9.03633421492856
2012-06-27 03:00:00,3.61226059817805
2012-06-27 04:00:00,4.59878750347145
2012-06-27 05:00:00,32.6967611861865
2012-06-27 06:00:00,130.719876554776
2012-06-27 07:00:00,371.751708937271
2012-06-27 08:00:00,490.269569862471
2012-06-27 09:00:00,261.50827836745
2012-06-27 10:00:00,143.031837762759
2012-06-27 11:00:00,154.124635775048
2012-06-27 12:00:00,215.480229904944
2012-06-27 13:00:00,181.492109563532
2012-06-27 14:00:00,173.668681380156
2012-06-27 15:00:00,201.633210145012
2012-06-27 16:00:00,321.938808850363
2012-06-27 17:00:00,640.554679219947
2012-06-27 18:00:00,503.196497918928
2012-06-27 19:00:00,419.510525683737
2012-06-27 20:00:00,340.245820969491
2012-06-27 21:00:00,278.197709362124
2012-06-27 22:00:00,205.761243560882
2012-06-27 23:00:00,131.959198277544
2012-06-28 00:00:00,57.0003631969998
2012-06-28 01:00:00,19.7688905600847
2012-06-28 02:00:00,9.22640262908832
2012-06-28 03:00:00,4.96057241661317
2012-06-28 04:00:00,6.68993335863275
2012-06-28 05:00:00,33.1716367550849
2012-06-28 06:00:00,130.19627770322
2012-06-28 07:00:00,375.761567230765
2012-06-28 08:00:00,501.284806615372
2012-06-28 09:00:00,266.720812344397
2012-06-28 10:00:00,151.572688953743
2012-06-28 11:00:00,171.558085952843
2012-06-28 12:00:00,196.581731536521
2012-06-28 13:00:00,233.318834116298
2012-06-28 14:00:00,176.360516230026
2012-06-28 15:00:00,196.552940365737
2012-06-28 16:00:00,346.463260379094
2012-06-28 17:00:00,673.657440999424
2012-06-28 18:00:00,684.06022738084
2012-06-28 19:00:00,427.223813776906
2012-06-28 20:00:00,356.497804850899
2012-06-28 21:00:00,292.274318686483
2012-06-28 22:00:00,230.58474118835
2012-06-28 23:00:00,158.141014292711
2012-06-29 00:00:00,83.8718920038711
2012-06-29 01:00:00,31.9630286674742
2012-06-29 02:00:00,15.028225655829
2012-06-29 03:00:00,6.65786361959806
2012-06-29 04:00:00,6.83544323716511
2012-06-29 05:00:00,30.1479916523982
2012-06-29 06:00:00,123.830659390734
2012-06-29 07:00:00,347.998270671718
2012-06-29 08:00:00,523.688689742231
2012-06-29 09:00:00,245.240766872119
2012-06-29 10:00:00,160.29341891093
2012-06-29 11:00:00,191.091108311176
2012-06-29 12:00:00,240.603666069581
2012-06-29 13:00:00,215.105989206814
2012-06-29 14:00:00,205.902502416349
2012-06-29 15:00:00,196.606708526337
2012-06-29 16:00:00,299.982208675858
2012-06-29 17:00:00,521.567102589725
2012-06-29 18:00:00,423.420602949103
2012-06-29 19:00:00,351.996290227011
2012-06-29 20:00:00,256.58567086731
2012-06-29 21:00:00,237.325437426924
2012-06-29 22:00:00,127.701922413289
2012-06-29 23:00:00,112.327005536693
2012-06-30 00:00:00,81.1542010432845
2012-06-30 01:00:00,69.8282368670174
2012-06-30 02:00:00,51.4115733260658
2012-06-30 03:00:00,29.8354712475522
2012-06-30 04:00:00,7.70494911943425
2012-06-30 05:00:00,8.25514722163547
2012-06-30 06:00:00,22.3451340799102
2012-06-30 07:00:00,53.0908843911717
2012-06-30 08:00:00,122.041535312737
2012-06-30 09:00:00,167.797480573943
2012-06-30 10:00:00,376.755087347805
2012-06-30 11:00:00,444.981203400666
2012-06-30 12:00:00,451.901568463612
2012-06-30 13:00:00,503.613687542195
2012-06-30 14:00:00,451.949391842448
2012-06-30 15:00:00,488.988220952366
2012-06-30 16:00:00,466.355388310335
2012-06-30 17:00:00,432.504696806124
2012-06-30 18:00:00,405.399416334623
2012-06-30 19:00:00,377.692137048624
2012-06-30 20:00:00,280.990897894322
2012-06-30 21:00:00,245.514381167168
2012-06-30 22:00:00,216.329737672814
2012-06-30 23:00:00,208.201643884818
2012-07-20 00:00:00,36.5146738516258
2012-07-20 01:00:00,27.6591498901739
2012-07-20 02:00:00,11.3027318677168
2012-07-20 03:00:00,5.35010136297807
2012-07-20 04:00:00,5.18812371610754
2012-07-20 05:00:00,31.2532216348953
2012-07-20 06:00:00,112.582063892089
2012-07-20 07:00:00,326.459308153352
2012-07-20 08:00:00,527.004917617622
2012-07-20 09:00:00,317.931493834004
2012-07-20 10:00:00,181.689145830824
2012-07-20 11:00:00,157.121517942483
2012-07-20 12:00:00,143.430032580431
2012-07-20 13:00:00,122.499478198858
2012-07-20 14:00:00,113.513639081366
2012-07-20 15:00:00,182.370142564032
2012-07-20 16:00:00,220.632856902095
2012-07-20 17:00:00,236.309926280509
2012-07-20 18:00:00,365.161760213342
2012-07-20 19:00:00,264.032639986242
2012-07-20 20:00:00,85.5443003386756
2012-07-20 21:00:00,97.5242546148597
2012-07-20 22:00:00,168.238057419717
2012-07-20 23:00:00,124.504388706986
2012-07-21 00:00:00,81.8294276792816
2012-07-21 01:00:00,76.8788663409682
2012-07-21 02:00:00,48.2675171261773
2012-07-21 03:00:00,21.0046706207202
2012-07-21 04:00:00,4.1309751806535
2012-07-21 05:00:00,6.49012509229114
2012-07-21 06:00:00,14.385584737417
2012-07-21 07:00:00,49.3444470887031
2012-07-21 08:00:00,128.73285671719
2012-07-21 09:00:00,218.125416719209
2012-07-21 10:00:00,102.192263106191
2012-07-21 11:00:00,247.009999582181
2012-07-21 12:00:00,183.088284889215
2012-07-21 13:00:00,174.817961313308
2012-07-21 14:00:00,221.169585375838
2012-07-21 15:00:00,171.282456221646
2012-07-21 16:00:00,130.668357261933
2012-07-21 17:00:00,141.795702269596
2012-07-21 18:00:00,252.423741613696
2012-07-21 19:00:00,269.602181602072
2012-07-21 20:00:00,118.998582658615
2012-07-21 21:00:00,157.239670828583
2012-07-21 22:00:00,140.3968537843
2012-07-21 23:00:00,135.030317065274
2012-07-22 00:00:00,83.1061742770785
2012-07-22 01:00:00,73.5840234616068
2012-07-22 02:00:00,72.7135174218513
2012-07-22 03:00:00,34.7695503202488
2012-07-22 04:00:00,8.90116180668598
2012-07-22 05:00:00,9.79914407987436
2012-07-22 06:00:00,13.6220419527465
2012-07-22 07:00:00,39.9768377332304
2012-07-22 08:00:00,104.658288640129
2012-07-22 09:00:00,212.567099454127
2012-07-22 10:00:00,333.356789323922
2012-07-22 11:00:00,337.560059615028
2012-07-22 12:00:00,375.298871348334
2012-07-22 13:00:00,380.542908674955
2012-07-22 14:00:00,315.112195382436
2012-07-22 15:00:00,312.823237034349
2012-07-22 16:00:00,284.931343888727
2012-07-22 17:00:00,331.82212520061
2012-07-22 18:00:00,274.844110639864
2012-07-22 19:00:00,252.32572701619
2012-07-22 20:00:00,207.621897667486
2012-07-22 21:00:00,172.040830577875
2012-07-22 22:00:00,153.997203515665
2012-07-22 23:00:00,89.1745243784055
2012-07-23 00:00:00,29.047103746894
2012-07-23 01:00:00,13.1108992601077
2012-07-23 02:00:00,8.02480656501496
2012-07-23 03:00:00,4.26535515105583
2012-07-23 04:00:00,5.21932397008186
2012-07-23 05:00:00,21.1568599288462
2012-07-23 06:00:00,116.810029449498
2012-07-23 07:00:00,348.36707736251
2012-07-23 08:00:00,610.124377323012
2012-07-23 09:00:00,297.017509443213
2012-07-23 10:00:00,180.354998970565
2012-07-23 11:00:00,194.705487017058
2012-07-23 12:00:00,263.926129381738
2012-07-23 13:00:00,243.550085503514
2012-07-23 14:00:00,214.355713773481
2012-07-23 15:00:00,219.7910704787
2012-07-23 16:00:00,323.946724121209
2012-07-23 17:00:00,613.53753671189
2012-07-23 18:00:00,653.05612879939
2012-07-23 19:00:00,477.444340129064
2012-07-23 20:00:00,375.221431404216
2012-07-23 21:00:00,265.664184206087
2012-07-23 22:00:00,167.023186338256
2012-07-23 23:00:00,91.5641814681237
2012-07-24 00:00:00,41.670101489095
2012-07-24 01:00:00,18.4201103865993
2012-07-24 02:00:00,7.52163035062844
2012-07-24 03:00:00,5.22715836395062
2012-07-24 04:00:00,6.61110907673823
2012-07-24 05:00:00,32.7005030570897
2012-07-24 06:00:00,144.272940385536
2012-07-24 07:00:00,394.477333555466
2012-07-24 08:00:00,478.283845909736
2012-07-24 09:00:00,245.947471017583
2012-07-24 10:00:00,133.275462305757
2012-07-24 11:00:00,164.39662292037
2012-07-24 12:00:00,201.714738871137
2012-07-24 13:00:00,185.139630622853
2012-07-24 14:00:00,202.076666222978
2012-07-24 15:00:00,202.320365624536
2012-07-24 16:00:00,325.58814427751
2012-07-24 17:00:00,603.274854955417
2012-07-24 18:00:00,611.267332742526
2012-07-24 19:00:00,487.128024225374
2012-07-24 20:00:00,340.500328003492
2012-07-24 21:00:00,255.310693656777
2012-07-24 22:00:00,170.548799004959
2012-07-24 23:00:00,97.5900999518571
2012-07-25 00:00:00,49.9730958459694
2012-07-25 01:00:00,18.5678626028887
2012-07-25 02:00:00,8.30736536824424
2012-07-25 03:00:00,5.76615666651924
2012-07-25 04:00:00,4.94715038102135
2012-07-25 05:00:00,34.2589852926655
2012-07-25 06:00:00,147.912057137504
2012-07-25 07:00:00,333.113348878154
2012-07-25 08:00:00,501.049792487417
2012-07-25 09:00:00,225.310665653932
2012-07-25 10:00:00,158.124658141622
2012-07-25 11:00:00,195.637725639036
2012-07-25 12:00:00,239.263451008832
2012-07-25 13:00:00,241.629833684063
2012-07-25 14:00:00,201.267377707559
2012-07-25 15:00:00,236.696838984099
2012-07-25 16:00:00,391.218922074912
2012-07-25 17:00:00,684.000670325015
2012-07-25 18:00:00,690.837352031516
2012-07-25 19:00:00,472.023529952565
2012-07-25 20:00:00,365.081270612104
2012-07-25 21:00:00,280.501282639997
2012-07-25 22:00:00,225.640340048438
2012-07-25 23:00:00,119.698684007185
2012-07-26 00:00:00,56.0483655336772
2012-07-26 01:00:00,22.2025393766408
2012-07-26 02:00:00,9.8961092576112
2012-07-26 03:00:00,7.09093322860862
2012-07-26 04:00:00,5.26709816694145
2012-07-26 05:00:00,31.7302841593588
2012-07-26 06:00:00,149.330326259282
2012-07-26 07:00:00,392.664146535093
2012-07-26 08:00:00,494.617056427085
2012-07-26 09:00:00,285.964357001454
2012-07-26 10:00:00,143.611342941679
2012-07-26 11:00:00,159.058980975581
2012-07-26 12:00:00,199.117165493224
2012-07-26 13:00:00,191.57232101674
2012-07-26 14:00:00,173.959761639793
2012-07-26 15:00:00,175.536889052681
2012-07-26 16:00:00,277.428148649739
2012-07-26 17:00:00,527.723131356153
2012-07-26 18:00:00,530.289063421268
2012-07-26 19:00:00,413.523798128109
2012-07-26 20:00:00,369.318154308958
2012-07-26 21:00:00,264.603578959888
2012-07-26 22:00:00,209.130728325455
2012-07-26 23:00:00,148.160779812155
2012-07-27 00:00:00,75.4443260564779
2012-07-27 01:00:00,36.6133359142785
2012-07-27 02:00:00,17.2520773843552
2012-07-27 03:00:00,8.72723706749893
2012-07-27 04:00:00,7.07150703517777
2012-07-27 05:00:00,29.5085062107771
2012-07-27 06:00:00,114.003140135417
2012-07-27 07:00:00,331.486344305041
2012-07-27 08:00:00,517.697746024955
2012-07-27 09:00:00,254.402401630094
2012-07-27 10:00:00,200.171431520577
2012-07-27 11:00:00,221.185817523887
2012-07-27 12:00:00,258.212788573659
2012-07-27 13:00:00,253.608308480738
2012-07-27 14:00:00,229.645316794091
2012-07-27 15:00:00,247.178140511772
2012-07-27 16:00:00,342.211614836521
2012-07-27 17:00:00,539.861432081846
2012-07-27 18:00:00,564.97110530196
2012-07-27 19:00:00,423.295538864136
2012-07-27 20:00:00,336.145015354766
2012-07-27 21:00:00,270.500144585442
2012-07-27 22:00:00,228.03342571626
2012-07-27 23:00:00,152.40573127191
2012-07-28 00:00:00,219.278308869906
2012-07-28 01:00:00,108.882523870711
2012-07-28 02:00:00,79.7897606192249
2012-07-28 03:00:00,30.9365961008908
2012-07-28 04:00:00,8.54978069760455
2012-07-28 05:00:00,11.9969646728333
2012-07-28 06:00:00,33.5969400150187
2012-07-28 07:00:00,61.1778676591204
2012-07-28 08:00:00,127.733751136831
2012-07-28 09:00:00,254.781099390832
2012-07-28 10:00:00,336.98400656676
2012-07-28 11:00:00,387.186441352058
2012-07-28 12:00:00,420.711916875605
2012-07-28 13:00:00,456.090303441279
2012-07-28 14:00:00,419.756732567587
2012-07-28 15:00:00,383.478583578748
2012-07-28 16:00:00,411.766291070895
2012-07-28 17:00:00,358.801602697156
2012-07-28 18:00:00,396.266884200922
2012-07-28 19:00:00,309.2532168204
2012-07-28 20:00:00,188.155574468338
2012-07-28 21:00:00,152.646569001898
2012-07-28 22:00:00,144.537168303757
2012-07-28 23:00:00,152.629967659685
2012-07-29 00:00:00,113.987817714259
2012-07-29 01:00:00,104.590523056932
2012-07-29 02:00:00,86.23756365548
2012-07-29 03:00:00,39.621378284263
2012-07-29 04:00:00,8.5591128322929
2012-07-29 05:00:00,8.82530821271081
2012-07-29 06:00:00,17.3989579963737
2012-07-29 07:00:00,43.2638080710026
2012-07-29 08:00:00,120.454166578661
2012-07-29 09:00:00,200.298369521689
2012-07-29 10:00:00,311.077801064471
2012-07-29 11:00:00,332.261042464911
2012-07-29 12:00:00,410.434732095359
2012-07-29 13:00:00,378.084115482544
2012-07-29 14:00:00,430.124057490031
2012-07-29 15:00:00,417.02757899186
2012-07-29 16:00:00,388.676733583277
2012-07-29 17:00:00,388.225736334094
2012-07-29 18:00:00,393.558784320573
2012-07-29 19:00:00,310.201660312977
2012-07-29 20:00:00,201.402998035986
2012-07-29 21:00:00,183.581637513958
2012-07-29 22:00:00,164.511865176319
2012-07-29 23:00:00,104.55956464223
2012-07-30 00:00:00,49.062039445125
2012-07-30 01:00:00,17.6445976263775
2012-07-30 02:00:00,9.32701009834572
2012-07-30 03:00:00,6.02031524277913
2012-07-30 04:00:00,5.95933558724437
2012-07-30 05:00:00,28.1889941668567
2012-07-30 06:00:00,127.243296798949
2012-07-30 07:00:00,351.357574636474
2012-07-30 08:00:00,518.827521686023
2012-07-30 09:00:00,291.503469438468
2012-07-30 10:00:00,149.232578411407
2012-07-30 11:00:00,194.803511225619
2012-07-30 12:00:00,245.231928455915
2012-07-30 13:00:00,236.60354920329
2012-07-30 14:00:00,202.384666578662
2012-07-30 15:00:00,227.206038022249
2012-07-30 16:00:00,329.736842597439
2012-07-30 17:00:00,549.335191240498
2012-07-30 18:00:00,547.794379441266
2012-07-30 19:00:00,484.464771425865
2012-07-30 20:00:00,354.287185161804
2012-07-30 21:00:00,254.859699746294
2012-07-30 22:00:00,162.230631723639
2012-07-30 23:00:00,94.1682489264704
2012-07-31 00:00:00,37.4482203995112
2012-07-31 01:00:00,15.6224143926458
2012-07-31 02:00:00,7.23373272978434
2012-07-31 03:00:00,5.49148092419084
2012-07-31 04:00:00,6.61110907673823
2012-07-31 05:00:00,31.7292645263981
2012-07-31 06:00:00,129.005234741513
2012-07-31 07:00:00,357.113985176898
2012-07-31 08:00:00,578.669078966216
2012-07-31 09:00:00,284.283766113324
2012-07-31 10:00:00,157.923155682842
2012-07-31 11:00:00,173.38647530682
2012-07-31 12:00:00,236.077359504362
2012-07-31 13:00:00,189.520528018761
2012-07-31 14:00:00,184.127980637356
2012-07-31 15:00:00,226.053690240696
2012-07-31 16:00:00,326.174382145845
2012-07-31 17:00:00,675.858918817315
2012-07-31 18:00:00,585.042443570816
2012-07-31 19:00:00,297.134164333762
2012-07-31 20:00:00,238.212577663875
2012-07-31 21:00:00,237.32489636796
2012-07-31 22:00:00,171.206858629716
2012-07-31 23:00:00,94.2612311348131
2012-08-20 00:00:00,24.6550938869776
2012-08-20 01:00:00,14.5764130259833
2012-08-20 02:00:00,7.67102597432496
2012-08-20 03:00:00,3.87374766419303
2012-08-20 04:00:00,5.17293903099759
2012-08-20 05:00:00,23.3829482337816
2012-08-20 06:00:00,119.762608605641
2012-08-20 07:00:00,332.559311984847
2012-08-20 08:00:00,538.937117506343
2012-08-20 09:00:00,269.630483045503
2012-08-20 10:00:00,167.050886135831
2012-08-20 11:00:00,171.167993554765
2012-08-20 12:00:00,234.490415542626
2012-08-20 13:00:00,233.634862926562
2012-08-20 14:00:00,195.966821813351
2012-08-20 15:00:00,216.44245624295
2012-08-20 16:00:00,352.549461127031
2012-08-20 17:00:00,571.124440616844
2012-08-20 18:00:00,466.98437722083
2012-08-20 19:00:00,373.296752433001
2012-08-20 20:00:00,178.166259417488
2012-08-20 21:00:00,146.298754380625
2012-08-20 22:00:00,109.979146466139
2012-08-20 23:00:00,59.9903160985408
2012-08-21 00:00:00,25.294379415748
2012-08-21 01:00:00,13.3161350420045
2012-08-21 02:00:00,3.63215090153639
2012-08-21 03:00:00,3.05671632841547
2012-08-21 04:00:00,5.81803882270977
2012-08-21 05:00:00,26.5710106905197
2012-08-21 06:00:00,132.723828600458
2012-08-21 07:00:00,307.651593020224
2012-08-21 08:00:00,505.645353543674
2012-08-21 09:00:00,250.654942365475
2012-08-21 10:00:00,178.002644905623
2012-08-21 11:00:00,167.878362087528
2012-08-21 12:00:00,231.379813869101
2012-08-21 13:00:00,235.491642112064
2012-08-21 14:00:00,202.056997515284
2012-08-21 15:00:00,226.323306814609
2012-08-21 16:00:00,381.618811299205
2012-08-21 17:00:00,587.438159818054
2012-08-21 18:00:00,681.172253925954
2012-08-21 19:00:00,336.438606710123
2012-08-21 20:00:00,266.636419512679
2012-08-21 21:00:00,203.656217026199
2012-08-21 22:00:00,135.179182272755
2012-08-21 23:00:00,92.2223129513618
2012-08-22 00:00:00,39.9247995248645
2012-08-22 01:00:00,17.5395590164437
2012-08-22 02:00:00,6.49821935366378
2012-08-22 03:00:00,5.13493153919572
2012-08-22 04:00:00,6.44257774908814
2012-08-22 05:00:00,32.273931920609
2012-08-22 06:00:00,134.112820188858
2012-08-22 07:00:00,317.214761059135
2012-08-22 08:00:00,575.528695397319
2012-08-22 09:00:00,254.148298529152
2012-08-22 10:00:00,160.525228420672
2012-08-22 11:00:00,180.308659640155
2012-08-22 12:00:00,233.553882456011
2012-08-22 13:00:00,238.18098928414
2012-08-22 14:00:00,203.076545482622
2012-08-22 15:00:00,226.017528957092
2012-08-22 16:00:00,302.000916296762
2012-08-22 17:00:00,669.913369581406
2012-08-22 18:00:00,706.887755887983
2012-08-22 19:00:00,410.962573374414
2012-08-22 20:00:00,337.242748034756
2012-08-22 21:00:00,226.590876794556
2012-08-22 22:00:00,178.627353015084
2012-08-22 23:00:00,105.660336565525
2012-08-23 00:00:00,43.8583690952268
2012-08-23 01:00:00,19.7002701466545
2012-08-23 02:00:00,9.11509002447677
2012-08-23 03:00:00,6.25401511009963
2012-08-23 04:00:00,6.75538902728074
2012-08-23 05:00:00,31.516614024646
2012-08-23 06:00:00,111.95450195264
2012-08-23 07:00:00,305.844433239117
2012-08-23 08:00:00,512.884112991099
2012-08-23 09:00:00,294.830336671742
2012-08-23 10:00:00,172.464199902944
2012-08-23 11:00:00,203.012358788733
2012-08-23 12:00:00,255.05686540459
2012-08-23 13:00:00,236.355564788548
2012-08-23 14:00:00,205.046801408946
2012-08-23 15:00:00,227.677744969945
2012-08-23 16:00:00,370.414866289593
2012-08-23 17:00:00,715.857054449347
2012-08-23 18:00:00,675.495016545964
2012-08-23 19:00:00,473.363565592387
2012-08-23 20:00:00,368.340452742591
2012-08-23 21:00:00,283.949703486393
2012-08-23 22:00:00,196.408804934612
2012-08-23 23:00:00,121.124495232327
2012-08-24 00:00:00,59.7080216995916
2012-08-24 01:00:00,30.1174927498186
2012-08-24 02:00:00,15.6545323526777
2012-08-24 03:00:00,7.50347063334916
2012-08-24 04:00:00,6.57635809556631
2012-08-24 05:00:00,24.9680406418417
2012-08-24 06:00:00,89.6092511376024
2012-08-24 07:00:00,312.900085705626
2012-08-24 08:00:00,501.933915004143
2012-08-24 09:00:00,281.484154548741
2012-08-24 10:00:00,224.326604980255
2012-08-24 11:00:00,238.311828833653
2012-08-24 12:00:00,281.86948456469
2012-08-24 13:00:00,308.073445089995
2012-08-24 14:00:00,233.532462816873
2012-08-24 15:00:00,305.441412367262
2012-08-24 16:00:00,430.826749539183
2012-08-24 17:00:00,732.483608608195
2012-08-24 18:00:00,539.574103941311
2012-08-24 19:00:00,487.959354157072
2012-08-24 20:00:00,320.040601790456
2012-08-24 21:00:00,216.665845927116
2012-08-24 22:00:00,183.745610521446
2012-08-24 23:00:00,123.77711117653
2012-08-25 00:00:00,191.258567092376
2012-08-25 01:00:00,92.2150944035209
2012-08-25 02:00:00,73.661760053243
2012-08-25 03:00:00,32.9800966163277
2012-08-25 04:00:00,12.926888229766
2012-08-25 05:00:00,9.79535105910035
2012-08-25 06:00:00,32.3826985173603
2012-08-25 07:00:00,41.8547298528885
2012-08-25 08:00:00,117.477061361635
2012-08-25 09:00:00,208.916902843955
2012-08-25 10:00:00,339.778522860339
2012-08-25 11:00:00,423.380835407854
2012-08-25 12:00:00,484.822223326642
2012-08-25 13:00:00,443.359981473253
2012-08-25 14:00:00,381.062002259841
2012-08-25 15:00:00,259.111765241468
2012-08-25 16:00:00,306.092800673631
2012-08-25 17:00:00,301.464998880738
2012-08-25 18:00:00,360.678683882277
2012-08-25 19:00:00,255.385203255177
2012-08-25 20:00:00,119.100885924615
2012-08-25 21:00:00,135.287630586787
2012-08-25 22:00:00,122.753360236785
2012-08-25 23:00:00,104.956231101567
2012-08-26 00:00:00,87.696445619756
2012-08-26 01:00:00,74.2158613192326
2012-08-26 02:00:00,57.9318377254595
2012-08-26 03:00:00,29.1616738218778
2012-08-26 04:00:00,7.77030660864842
2012-08-26 05:00:00,6.42282948995516
2012-08-26 06:00:00,9.09006680014811
2012-08-26 07:00:00,32.8808653682294
2012-08-26 08:00:00,94.5208313046493
2012-08-26 09:00:00,184.112235754403
2012-08-26 10:00:00,307.460779453114
2012-08-26 11:00:00,310.473486043905
2012-08-26 12:00:00,324.086878694485
2012-08-26 13:00:00,225.33465885896
2012-08-26 14:00:00,148.001816925378
2012-08-26 15:00:00,143.895936957987
2012-08-26 16:00:00,113.00130438115
2012-08-26 17:00:00,138.422012212018
2012-08-26 18:00:00,211.670446171031
2012-08-26 19:00:00,203.070494058421
2012-08-26 20:00:00,130.435491058875
2012-08-26 21:00:00,123.604660187899
2012-08-26 22:00:00,85.0250803505275
2012-08-26 23:00:00,81.1596109821895
2012-08-27 00:00:00,30.5913460974088
2012-08-27 01:00:00,11.0111216520152
2012-08-27 02:00:00,6.49469605129147
2012-08-27 03:00:00,3.55471731098708
2012-08-27 04:00:00,5.86223030631597
2012-08-27 05:00:00,22.1464808107215
2012-08-27 06:00:00,90.4373095914898
2012-08-27 07:00:00,282.826302723114
2012-08-27 08:00:00,488.878692030658
2012-08-27 09:00:00,262.293685919985
2012-08-27 10:00:00,169.789394031315
2012-08-27 11:00:00,183.087177241636
2012-08-27 12:00:00,210.682575589214
2012-08-27 13:00:00,236.054959377671
2012-08-27 14:00:00,199.713918171819
2012-08-27 15:00:00,197.031291440734
2012-08-27 16:00:00,359.736668415857
2012-08-27 17:00:00,641.643769142878
2012-08-27 18:00:00,696.153070780761
2012-08-27 19:00:00,525.657350166257
2012-08-27 20:00:00,382.309108887163
2012-08-27 21:00:00,241.055874849622
2012-08-27 22:00:00,110.83417774763
2012-08-27 23:00:00,74.2972433917554
2012-08-28 00:00:00,36.1430989185157
2012-08-28 01:00:00,14.4239885323641
2012-08-28 02:00:00,8.02801441050517
2012-08-28 03:00:00,3.67596529942148
2012-08-28 04:00:00,6.29728722535993
2012-08-28 05:00:00,26.9350512755981
2012-08-28 06:00:00,149.59066614147
2012-08-28 07:00:00,351.257823703306
2012-08-28 08:00:00,531.27519199547
2012-08-28 09:00:00,305.592146273995
2012-08-28 10:00:00,147.608911253307
2012-08-28 11:00:00,164.326429655933
2012-08-28 12:00:00,205.335893855877
2012-08-28 13:00:00,193.241593023941
2012-08-28 14:00:00,181.320959520052
2012-08-28 15:00:00,194.621489385999
2012-08-28 16:00:00,345.413515047389
2012-08-28 17:00:00,674.468977709418
2012-08-28 18:00:00,605.547339945021
2012-08-28 19:00:00,482.423230148474
2012-08-28 20:00:00,356.318961084274
2012-08-28 21:00:00,250.663617882194
2012-08-28 22:00:00,169.228818889389
2012-08-28 23:00:00,109.494206135743
2012-08-29 00:00:00,47.7909053120482
2012-08-29 01:00:00,17.7713122332376
2012-08-29 02:00:00,6.81319839483893
2012-08-29 03:00:00,4.78603120434654
2012-08-29 04:00:00,5.31800447323819
2012-08-29 05:00:00,33.6108457171498
2012-08-29 06:00:00,137.429070749589
2012-08-29 07:00:00,326.785171603499
2012-08-29 08:00:00,517.767112274393
2012-08-29 09:00:00,215.188586703824
2012-08-29 10:00:00,149.053468298126
2012-08-29 11:00:00,193.958843486908
2012-08-29 12:00:00,249.243845057222
2012-08-29 13:00:00,248.172299922843
2012-08-29 14:00:00,203.141592340902
2012-08-29 15:00:00,225.098094766724
2012-08-29 16:00:00,388.49165129227
2012-08-29 17:00:00,781.74369338462
2012-08-29 18:00:00,730.474313682093
2012-08-29 19:00:00,496.248563500296
2012-08-29 20:00:00,340.05970548859
2012-08-29 21:00:00,268.690849899965
2012-08-29 22:00:00,191.914522293657
2012-08-29 23:00:00,126.466570457895
2012-08-30 00:00:00,46.6160715070613
2012-08-30 01:00:00,20.1165748343371
2012-08-30 02:00:00,8.99164732802181
2012-08-30 03:00:00,5.22604666134701
2012-08-30 04:00:00,8.04513435440104
2012-08-30 05:00:00,31.4036757371716
2012-08-30 06:00:00,141.366658636766
2012-08-30 07:00:00,386.851968254803
2012-08-30 08:00:00,593.117662100477
2012-08-30 09:00:00,267.027330922746
2012-08-30 10:00:00,166.871449105024
2012-08-30 11:00:00,208.855777652734
2012-08-30 12:00:00,255.593484089502
2012-08-30 13:00:00,232.435768967354
2012-08-30 14:00:00,209.769970582777
2012-08-30 15:00:00,232.234708732315
2012-08-30 16:00:00,388.395446044623
2012-08-30 17:00:00,772.739498000721
2012-08-30 18:00:00,745.703007908508
2012-08-30 19:00:00,542.29151677756
2012-08-30 20:00:00,394.851718727714
2012-08-30 21:00:00,291.465905499318
2012-08-30 22:00:00,190.240310625331
2012-08-30 23:00:00,145.390052489441
2012-08-31 00:00:00,67.0289446383943
2012-08-31 01:00:00,29.0900918903772
2012-08-31 02:00:00,12.6795055511839
2012-08-31 03:00:00,5.15638356360818
2012-08-31 04:00:00,6.35773828100454
2012-08-31 05:00:00,29.2938229483085
2012-08-31 06:00:00,105.826119819153
2012-08-31 07:00:00,285.302212292376
2012-08-31 08:00:00,554.100298416694
2012-08-31 09:00:00,284.416206403664
2012-08-31 10:00:00,184.417338521566
2012-08-31 11:00:00,180.653935122869
2012-08-31 12:00:00,246.078249172101
2012-08-31 13:00:00,249.885811092366
2012-08-31 14:00:00,235.214198919988
2012-08-31 15:00:00,234.728982037321
2012-08-31 16:00:00,346.063661374295
2012-08-31 17:00:00,631.406029323389
2012-08-31 18:00:00,524.173316475531
2012-08-31 19:00:00,419.83866350343
2012-08-31 20:00:00,336.057192280001
2012-08-31 21:00:00,247.63077796507
2012-08-31 22:00:00,213.368198903912
2012-08-31 23:00:00,170.601964736934
2012-09-20 00:00:00,46.0172183817734
2012-09-20 01:00:00,22.2708053055702
2012-09-20 02:00:00,13.678947502771
2012-09-20 03:00:00,7.91144393144739
2012-09-20 04:00:00,7.02630545976627
2012-09-20 05:00:00,40.3523211757133
2012-09-20 06:00:00,149.565408558951
2012-09-20 07:00:00,458.703870511484
2012-09-20 08:00:00,699.343315165875
2012-09-20 09:00:00,330.449740890379
2012-09-20 10:00:00,169.151734297262
2012-09-20 11:00:00,218.946123807988
2012-09-20 12:00:00,287.551703420499
2012-09-20 13:00:00,297.006877822918
2012-09-20 14:00:00,228.172832491724
2012-09-20 15:00:00,246.566095490877
2012-09-20 16:00:00,407.502122429483
2012-09-20 17:00:00,755.683419796583
2012-09-20 18:00:00,677.376140220647
2012-09-20 19:00:00,462.097494155008
2012-09-20 20:00:00,361.95661211072
2012-09-20 21:00:00,279.72274423984
2012-09-20 22:00:00,224.076211369265
2012-09-20 23:00:00,137.828995245491
2012-09-21 00:00:00,68.4997529918074
2012-09-21 01:00:00,41.0939484028433
2012-09-21 02:00:00,23.6090230370874
2012-09-21 03:00:00,11.5748313587933
2012-09-21 04:00:00,11.9399064634414
2012-09-21 05:00:00,41.0676400457793
2012-09-21 06:00:00,150.285651106387
2012-09-21 07:00:00,479.434835467652
2012-09-21 08:00:00,646.477108743751
2012-09-21 09:00:00,300.398294621189
2012-09-21 10:00:00,185.007304291805
2012-09-21 11:00:00,242.823756196823
2012-09-21 12:00:00,295.214286180081
2012-09-21 13:00:00,292.742621454467
2012-09-21 14:00:00,291.341725121244
2012-09-21 15:00:00,284.396178484765
2012-09-21 16:00:00,396.831986334445
2012-09-21 17:00:00,630.928274887306
2012-09-21 18:00:00,633.262138621134
2012-09-21 19:00:00,399.595301228639
2012-09-21 20:00:00,301.42011289573
2012-09-21 21:00:00,243.351963054815
2012-09-21 22:00:00,232.017606929521
2012-09-21 23:00:00,158.375996168801
2012-09-22 00:00:00,149.144906765495
2012-09-22 01:00:00,102.316850328213
2012-09-22 02:00:00,70.129999722511
2012-09-22 03:00:00,37.1991986956342
2012-09-22 04:00:00,9.83728290465789
2012-09-22 05:00:00,11.3458092613223
2012-09-22 06:00:00,29.0702413524718
2012-09-22 07:00:00,66.4868454370415
2012-09-22 08:00:00,139.742347207798
2012-09-22 09:00:00,183.516798584752
2012-09-22 10:00:00,365.444335240466
2012-09-22 11:00:00,461.351802560132
2012-09-22 12:00:00,511.194518143366
2012-09-22 13:00:00,470.463291823497
2012-09-22 14:00:00,505.236139881841
2012-09-22 15:00:00,611.309771612998
2012-09-22 16:00:00,521.337407901207
2012-09-22 17:00:00,535.293667762886
2012-09-22 18:00:00,439.679828985058
2012-09-22 19:00:00,310.662336324601
2012-09-22 20:00:00,301.346793521632
2012-09-22 21:00:00,265.748647885799
2012-09-22 22:00:00,217.061853714616
2012-09-22 23:00:00,219.115595588112
2012-09-23 00:00:00,402.65445004596
2012-09-23 01:00:00,92.7014651719075
2012-09-23 02:00:00,90.4614090114239
2012-09-23 03:00:00,35.6951736358898
2012-09-23 04:00:00,5.69917456412036
2012-09-23 05:00:00,8.57995784852043
2012-09-23 06:00:00,18.4763901170007
2012-09-23 07:00:00,59.6200602438373
2012-09-23 08:00:00,132.375191874069
2012-09-23 09:00:00,193.305764503371
2012-09-23 10:00:00,405.503273805329
2012-09-23 11:00:00,565.191204897834
2012-09-23 12:00:00,610.993377832682
2012-09-23 13:00:00,696.088394804249
2012-09-23 14:00:00,650.596159463993
2012-09-23 15:00:00,668.529886417749
2012-09-23 16:00:00,640.108972825388
2012-09-23 17:00:00,485.429037296341
2012-09-23 18:00:00,442.283710155644
2012-09-23 19:00:00,406.695578332056
2012-09-23 20:00:00,314.35111798096
2012-09-23 21:00:00,204.354846805813
2012-09-23 22:00:00,220.623804663569
2012-09-23 23:00:00,83.834129256282
2012-09-24 00:00:00,44.103066740477
2012-09-24 01:00:00,17.1945806229164
2012-09-24 02:00:00,9.19832654037291
2012-09-24 03:00:00,5.66958394323683
2012-09-24 04:00:00,5.34947418931673
2012-09-24 05:00:00,32.0007437436504
2012-09-24 06:00:00,139.774493432076
2012-09-24 07:00:00,426.225838565704
2012-09-24 08:00:00,600.169281184155
2012-09-24 09:00:00,274.337810110068
2012-09-24 10:00:00,154.057477592328
2012-09-24 11:00:00,206.571463560607
2012-09-24 12:00:00,255.390422141221
2012-09-24 13:00:00,243.091295655974
2012-09-24 14:00:00,206.718544258122
2012-09-24 15:00:00,239.90210242786
2012-09-24 16:00:00,386.68191637025
2012-09-24 17:00:00,609.565528942661
2012-09-24 18:00:00,666.824273746169
2012-09-24 19:00:00,426.670577915853
2012-09-24 20:00:00,306.11625036739
2012-09-24 21:00:00,205.237020321234
2012-09-24 22:00:00,135.985024980219
2012-09-24 23:00:00,75.2686766604084
2012-09-25 00:00:00,34.0012245317509
2012-09-25 01:00:00,12.9831816710003
2012-09-25 02:00:00,5.83510679746269
2012-09-25 03:00:00,4.42309889334747
2012-09-25 04:00:00,5.5793779832001
2012-09-25 05:00:00,35.0054073436735
2012-09-25 06:00:00,144.247858632081
2012-09-25 07:00:00,374.263148010052
2012-09-25 08:00:00,618.946658127434
2012-09-25 09:00:00,304.004024153646
2012-09-25 10:00:00,169.475839871657
2012-09-25 11:00:00,203.410006728618
2012-09-25 12:00:00,263.300037263707
2012-09-25 13:00:00,256.723207474934
2012-09-25 14:00:00,234.614813446516
2012-09-25 15:00:00,268.054230251636
2012-09-25 16:00:00,427.055527789373
2012-09-25 17:00:00,778.031340499109
2012-09-25 18:00:00,854.229853904492
2012-09-25 19:00:00,509.096994398984
2012-09-25 20:00:00,354.048716799203
2012-09-25 21:00:00,254.400681817852
2012-09-25 22:00:00,183.251419523421
2012-09-25 23:00:00,96.3092671928872
2012-09-26 00:00:00,50.4493631745569
2012-09-26 01:00:00,15.160369616169
2012-09-26 02:00:00,4.62098103802979
2012-09-26 03:00:00,5.09955296398872
2012-09-26 04:00:00,8.15901501799765
2012-09-26 05:00:00,39.8701493169186
2012-09-26 06:00:00,152.383567916391
2012-09-26 07:00:00,416.279164017594
2012-09-26 08:00:00,690.895308568876
2012-09-26 09:00:00,303.667499100435
2012-09-26 10:00:00,166.132321845153
2012-09-26 11:00:00,200.550391009056
2012-09-26 12:00:00,267.134082332791
2012-09-26 13:00:00,228.059223893444
2012-09-26 14:00:00,225.391617574521
2012-09-26 15:00:00,240.206344707812
2012-09-26 16:00:00,387.197814613698
2012-09-26 17:00:00,659.21424733523
2012-09-26 18:00:00,844.625039613147
2012-09-26 19:00:00,536.816298963793
2012-09-26 20:00:00,346.194025187831
2012-09-26 21:00:00,267.264806183664
2012-09-26 22:00:00,96.0333478378259
2012-09-26 23:00:00,87.6065226909187
2012-09-27 00:00:00,56.3015443014826
2012-09-27 01:00:00,20.112790990333
2012-09-27 02:00:00,9.85776441162506
2012-09-27 03:00:00,8.12062731068655
2012-09-27 04:00:00,5.88762783956232
2012-09-27 05:00:00,39.0689416083322
2012-09-27 06:00:00,129.689653134068
2012-09-27 07:00:00,386.644060550961
2012-09-27 08:00:00,628.602264363547
2012-09-27 09:00:00,345.639342017757
2012-09-27 10:00:00,147.594822015126
2012-09-27 11:00:00,186.403421616165
2012-09-27 12:00:00,268.246311103604
2012-09-27 13:00:00,241.263455804246
2012-09-27 14:00:00,232.238630015985
2012-09-27 15:00:00,271.764881257417
2012-09-27 16:00:00,314.04077977118
2012-09-27 17:00:00,552.21827047635
2012-09-27 18:00:00,613.417814872296
2012-09-27 19:00:00,474.514008400674
2012-09-27 20:00:00,287.182584437404
2012-09-27 21:00:00,133.728675090357
2012-09-27 22:00:00,108.355782928415
2012-09-27 23:00:00,74.9168379411052
2012-09-28 00:00:00,48.3844065347179
2012-09-28 01:00:00,21.2129374345884
2012-09-28 02:00:00,7.48496002246967
2012-09-28 03:00:00,6.88092702347206
2012-09-28 04:00:00,5.06410575135328
2012-09-28 05:00:00,28.792100851304
2012-09-28 06:00:00,91.3870747043608
2012-09-28 07:00:00,326.912406039638
2012-09-28 08:00:00,645.458964139169
2012-09-28 09:00:00,294.780431569301
2012-09-28 10:00:00,187.654778825863
2012-09-28 11:00:00,222.17748113563
2012-09-28 12:00:00,329.189123879663
2012-09-28 13:00:00,288.409417080786
2012-09-28 14:00:00,298.102426737022
2012-09-28 15:00:00,289.027197056828
2012-09-28 16:00:00,444.552988102975
2012-09-28 17:00:00,631.473474793623
2012-09-28 18:00:00,663.479323779995
2012-09-28 19:00:00,388.90026625063
2012-09-28 20:00:00,247.46302414553
2012-09-28 21:00:00,185.671025390356
2012-09-28 22:00:00,162.475700873242
2012-09-28 23:00:00,98.5414757541562
2012-09-29 00:00:00,241.245841421872
2012-09-29 01:00:00,133.199838559831
2012-09-29 02:00:00,61.6335890688038
2012-09-29 03:00:00,30.7668428688177
2012-09-29 04:00:00,10.4805535211209
2012-09-29 05:00:00,8.55109397100381
2012-09-29 06:00:00,27.5663456134424
2012-09-29 07:00:00,68.52361742565
2012-09-29 08:00:00,149.19790948795
2012-09-29 09:00:00,263.169546955659
2012-09-29 10:00:00,352.433976408297
2012-09-29 11:00:00,422.775065225045
2012-09-29 12:00:00,652.459043471765
2012-09-29 13:00:00,670.984826904602
2012-09-29 14:00:00,651.849386737453
2012-09-29 15:00:00,656.296354399954
2012-09-29 16:00:00,656.498548012744
2012-09-29 17:00:00,627.456171602519
2012-09-29 18:00:00,478.01467953379
2012-09-29 19:00:00,356.342240200439
2012-09-29 20:00:00,297.859260519382
2012-09-29 21:00:00,269.549156039545
2012-09-29 22:00:00,189.040389138772
2012-09-29 23:00:00,169.994701960606
2012-09-30 00:00:00,194.165117125317
2012-09-30 01:00:00,104.462586647388
2012-09-30 02:00:00,74.0142403034927
2012-09-30 03:00:00,29.424202340464
2012-09-30 04:00:00,7.03712208530748
2012-09-30 05:00:00,10.7760113205455
2012-09-30 06:00:00,30.47143607086
2012-09-30 07:00:00,65.2467230025391
2012-09-30 08:00:00,135.269481918557
2012-09-30 09:00:00,302.947159060146
2012-09-30 10:00:00,441.295055369759
2012-09-30 11:00:00,603.778980182454
2012-09-30 12:00:00,665.233049849644
2012-09-30 13:00:00,740.668115043944
2012-09-30 14:00:00,633.765156421003
2012-09-30 15:00:00,687.193389659652
2012-09-30 16:00:00,699.344389956008
2012-09-30 17:00:00,619.923758812113
2012-09-30 18:00:00,333.724145953082
2012-09-30 19:00:00,235.954002785669
2012-09-30 20:00:00,169.389797596068
2012-09-30 21:00:00,182.180261015599
2012-09-30 22:00:00,136.281327445606
2012-09-30 23:00:00,96.4356692042229
2012-10-20 00:00:00,132.42702025402
2012-10-20 01:00:00,88.4871321061453
2012-10-20 02:00:00,65.9471641886967
2012-10-20 03:00:00,26.1379661705072
2012-10-20 04:00:00,7.76771966273367
2012-10-20 05:00:00,11.4582138696918
2012-10-20 06:00:00,26.515468423178
2012-10-20 07:00:00,66.7246129834389
2012-10-20 08:00:00,128.460211939194
2012-10-20 09:00:00,259.919418250642
2012-10-20 10:00:00,341.569590864088
2012-10-20 11:00:00,395.97432068986
2012-10-20 12:00:00,494.596458230541
2012-10-20 13:00:00,548.551773436192
2012-10-20 14:00:00,507.715131800908
2012-10-20 15:00:00,518.616505662548
2012-10-20 16:00:00,510.913406447005
2012-10-20 17:00:00,504.93543164922
2012-10-20 18:00:00,381.182232316656
2012-10-20 19:00:00,287.598570861841
2012-10-20 20:00:00,234.772626283306
2012-10-20 21:00:00,192.382273039962
2012-10-20 22:00:00,163.843786526976
2012-10-20 23:00:00,133.1552647462
2012-10-21 00:00:00,169.161391425382
2012-10-21 01:00:00,83.3669319402089
2012-10-21 02:00:00,68.7898768300386
2012-10-21 03:00:00,25.7557091911883
2012-10-21 04:00:00,10.8715630978025
2012-10-21 05:00:00,10.4062229215179
2012-10-21 06:00:00,17.6735937608057
2012-10-21 07:00:00,62.8520755571518
2012-10-21 08:00:00,99.9109322497366
2012-10-21 09:00:00,200.074212485093
2012-10-21 10:00:00,317.408297589506
2012-10-21 11:00:00,370.538049562383
2012-10-21 12:00:00,464.613359173598
2012-10-21 13:00:00,460.478096286687
2012-10-21 14:00:00,497.897451393103
2012-10-21 15:00:00,424.865229314364
2012-10-21 16:00:00,554.211614195558
2012-10-21 17:00:00,448.866302177446
2012-10-21 18:00:00,352.574658956607
2012-10-21 19:00:00,272.649861601976
2012-10-21 20:00:00,225.279808486809
2012-10-21 21:00:00,173.823599126894
2012-10-21 22:00:00,137.433005108171
2012-10-21 23:00:00,87.1826874229352
2012-10-22 00:00:00,41.4102809872414
2012-10-22 01:00:00,12.3871217265516
2012-10-22 02:00:00,6.79250867182271
2012-10-22 03:00:00,4.39969949809589
2012-10-22 04:00:00,5.19983108512308
2012-10-22 05:00:00,29.6060656724735
2012-10-22 06:00:00,111.021776112426
2012-10-22 07:00:00,346.649366341359
2012-10-22 08:00:00,577.818064804577
2012-10-22 09:00:00,270.090651341935
2012-10-22 10:00:00,145.753299063965
2012-10-22 11:00:00,200.824006589325
2012-10-22 12:00:00,240.899946660968
2012-10-22 13:00:00,253.636898323441
2012-10-22 14:00:00,225.247512428504
2012-10-22 15:00:00,271.321784108552
2012-10-22 16:00:00,447.158183971518
2012-10-22 17:00:00,745.62635855109
2012-10-22 18:00:00,539.065588247555
2012-10-22 19:00:00,372.118723499636
2012-10-22 20:00:00,287.213366714404
2012-10-22 21:00:00,193.20596635675
2012-10-22 22:00:00,115.445795353813
2012-10-22 23:00:00,75.4231829683253
2012-10-23 00:00:00,30.306384193185
2012-10-23 01:00:00,12.7150628261922
2012-10-23 02:00:00,4.15379124708833
2012-10-23 03:00:00,4.25792149142821
2012-10-23 04:00:00,8.69633438682495
2012-10-23 05:00:00,33.7674731762245
2012-10-23 06:00:00,129.735043709916
2012-10-23 07:00:00,367.033280556252
2012-10-23 08:00:00,515.321160866645
2012-10-23 09:00:00,292.694217423931
2012-10-23 10:00:00,168.730650325416
2012-10-23 11:00:00,197.146873439905
2012-10-23 12:00:00,236.702161845978
2012-10-23 13:00:00,264.270264789695
2012-10-23 14:00:00,256.362788754798
2012-10-23 15:00:00,289.616438927684
2012-10-23 16:00:00,432.091611381294
2012-10-23 17:00:00,829.061561948276
2012-10-23 18:00:00,796.414678833439
2012-10-23 19:00:00,425.194497547992
2012-10-23 20:00:00,289.048519121783
2012-10-23 21:00:00,208.039808123456
2012-10-23 22:00:00,180.826991888549
2012-10-23 23:00:00,102.055073864276
2012-10-24 00:00:00,51.3049381823009
2012-10-24 01:00:00,20.0827749056079
2012-10-24 02:00:00,7.94135995046797
2012-10-24 03:00:00,6.01513308985221
2012-10-24 04:00:00,8.46634145916244
2012-10-24 05:00:00,39.4201227480132
2012-10-24 06:00:00,157.812454122051
2012-10-24 07:00:00,350.205679265303
2012-10-24 08:00:00,612.831446301587
2012-10-24 09:00:00,310.933363381681
2012-10-24 10:00:00,172.448050527418
2012-10-24 11:00:00,194.595387208372
2012-10-24 12:00:00,254.281957888224
2012-10-24 13:00:00,263.151313295914
2012-10-24 14:00:00,268.98633259183
2012-10-24 15:00:00,319.782516273043
2012-10-24 16:00:00,528.087363189338
2012-10-24 17:00:00,664.265877076621
2012-10-24 18:00:00,790.943205608668
2012-10-24 19:00:00,516.250074238791
2012-10-24 20:00:00,382.492152986207
2012-10-24 21:00:00,258.682413267722
2012-10-24 22:00:00,212.656444691899
2012-10-24 23:00:00,112.662852712196
2012-10-25 00:00:00,57.5541082805312
2012-10-25 01:00:00,23.377367409849
2012-10-25 02:00:00,10.1379418883664
2012-10-25 03:00:00,5.65824934318892
2012-10-25 04:00:00,6.21738229521703
2012-10-25 05:00:00,31.4744105028824
2012-10-25 06:00:00,126.576865732825
2012-10-25 07:00:00,368.9422141261
2012-10-25 08:00:00,530.977963112684
2012-10-25 09:00:00,282.03424274683
2012-10-25 10:00:00,128.356501903398
2012-10-25 11:00:00,146.232240704247
2012-10-25 12:00:00,185.733094823243
2012-10-25 13:00:00,187.486203938691
2012-10-25 14:00:00,196.45616875505
2012-10-25 15:00:00,271.087656816483
2012-10-25 16:00:00,371.809230439126
2012-10-25 17:00:00,718.814074489703
2012-10-25 18:00:00,338.56207094556
2012-10-25 19:00:00,263.093024434348
2012-10-25 20:00:00,239.417068364972
2012-10-25 21:00:00,182.714193951337
2012-10-25 22:00:00,159.277200493005
2012-10-25 23:00:00,89.2359773421742
2012-10-26 00:00:00,48.1987049817894
2012-10-26 01:00:00,21.3440795461999
2012-10-26 02:00:00,8.24568280034741
2012-10-26 03:00:00,6.21517673458172
2012-10-26 04:00:00,5.90567646543476
2012-10-26 05:00:00,29.450905021717
2012-10-26 06:00:00,105.556579240417
2012-10-26 07:00:00,361.535792265744
2012-10-26 08:00:00,461.491331498077
2012-10-26 09:00:00,328.207643233053
2012-10-26 10:00:00,155.944260633308
2012-10-26 11:00:00,220.677311796503
2012-10-26 12:00:00,293.078365105633
2012-10-26 13:00:00,297.491771563688
2012-10-26 14:00:00,306.802605817542
2012-10-26 15:00:00,334.105051709376
2012-10-26 16:00:00,418.327522424919
2012-10-26 17:00:00,497.606802411118
2012-10-26 18:00:00,431.427266931647
2012-10-26 19:00:00,277.824449152348
2012-10-26 20:00:00,200.09636182105
2012-10-26 21:00:00,204.454900938336
2012-10-26 22:00:00,152.51475746972
2012-10-26 23:00:00,152.156312082793
2012-10-27 00:00:00,134.529736893384
2012-10-27 01:00:00,82.4030819513446
2012-10-27 02:00:00,52.393019503632
2012-10-27 03:00:00,37.1718990629707
2012-10-27 04:00:00,8.92574588288842
2012-10-27 05:00:00,9.83098043769369
2012-10-27 06:00:00,31.2579777330061
2012-10-27 07:00:00,64.239457451086
2012-10-27 08:00:00,133.165080315066
2012-10-27 09:00:00,206.320609929667
2012-10-27 10:00:00,294.323148262197
2012-10-27 11:00:00,409.321347373098
2012-10-27 12:00:00,458.910701596245
2012-10-27 13:00:00,611.101099186213
2012-10-27 14:00:00,562.727675586072
2012-10-27 15:00:00,381.566482537407
2012-10-27 16:00:00,391.333696818749
2012-10-27 17:00:00,439.17803030302
2012-10-27 18:00:00,397.186162802865
2012-10-27 19:00:00,254.560771287558
2012-10-27 20:00:00,188.498302945742
2012-10-27 21:00:00,164.58840232733
2012-10-27 22:00:00,140.678978126009
2012-10-27 23:00:00,96.0339116517669
2012-10-28 00:00:00,117.935015813232
2012-10-28 01:00:00,78.7736575568047
2012-10-28 02:00:00,57.398686979235
2012-10-28 03:00:00,22.5532919198517
2012-10-28 04:00:00,10.9059040887043
2012-10-28 05:00:00,7.27704002301618
2012-10-28 06:00:00,15.4821729171344
2012-10-28 07:00:00,53.6253119035371
2012-10-28 08:00:00,112.965387520747
2012-10-28 09:00:00,180.008121574873
2012-10-28 10:00:00,251.689358774309
2012-10-28 11:00:00,314.696553989059
2012-10-28 12:00:00,297.667099411133
2012-10-28 13:00:00,324.096875382517
2012-10-28 14:00:00,300.846563094935
2012-10-28 15:00:00,257.263551468214
2012-10-28 16:00:00,255.111940201249
2012-10-28 17:00:00,175.335885155883
2012-10-28 18:00:00,71.8403050970389
2012-10-28 19:00:00,81.1097875391315
2012-10-28 20:00:00,74.1830780454355
2012-10-28 21:00:00,74.9436412594269
2012-10-28 22:00:00,57.4317834268793
2012-10-28 23:00:00,36.8536333058396
2012-10-29 00:00:00,18.5622295505912
2012-10-30 13:00:00,73.4465382507216
2012-10-30 14:00:00,65.7676975506484
2012-10-30 15:00:00,61.3006201743004
2012-10-30 16:00:00,87.8443698497817
2012-10-30 17:00:00,158.818268569456
2012-10-30 18:00:00,213.934542860556
2012-10-30 19:00:00,460.482527667813
2012-10-30 20:00:00,154.697340887116
2012-10-30 21:00:00,117.84965853386
2012-10-30 22:00:00,108.631087116753
2012-10-30 23:00:00,68.5471480335945
2012-10-31 00:00:00,27.7593526953588
2012-10-31 01:00:00,12.1068122765615
2012-10-31 02:00:00,4.79963072697181
2012-10-31 03:00:00,3.90021494938957
2012-10-31 04:00:00,5.81491942290783
2012-10-31 05:00:00,23.7627076737725
2012-10-31 06:00:00,106.673715023125
2012-10-31 07:00:00,357.700870031698
2012-10-31 08:00:00,601.673249240636
2012-10-31 09:00:00,293.277329380452
2012-10-31 10:00:00,146.358872114517
2012-10-31 11:00:00,189.371947266301
2012-10-31 12:00:00,241.8434021808
2012-10-31 13:00:00,259.253928255982
2012-10-31 14:00:00,250.894763964344
2012-10-31 15:00:00,262.046283205559
2012-10-31 16:00:00,409.47169425241
2012-10-31 17:00:00,665.696199925575
2012-10-31 18:00:00,596.145979731867
2012-10-31 19:00:00,483.463520314592
2012-10-31 20:00:00,334.362894131447
2012-10-31 21:00:00,247.484334420887
2012-10-31 22:00:00,168.442389554303
2012-10-31 23:00:00,116.86273661231
2012-11-20 00:00:00,31.0214703924529
2012-11-20 01:00:00,12.6321972411683
2012-11-20 02:00:00,3.58614903122268
2012-11-20 03:00:00,4.30062660095421
2012-11-20 04:00:00,9.10748522196375
2012-11-20 05:00:00,34.6344822073705
2012-11-20 06:00:00,136.271732427477
2012-11-20 07:00:00,313.559204956651
2012-11-20 08:00:00,585.87411900957
2012-11-20 09:00:00,252.646039192482
2012-11-20 10:00:00,133.327443436784
2012-11-20 11:00:00,138.261777999733
2012-11-20 12:00:00,183.466030872631
2012-11-20 13:00:00,207.752416363845
2012-11-20 14:00:00,181.755757148203
2012-11-20 15:00:00,202.004100053147
2012-11-20 16:00:00,286.969675410524
2012-11-20 17:00:00,488.790538037658
2012-11-20 18:00:00,460.573740109713
2012-11-20 19:00:00,337.399919853821
2012-11-20 20:00:00,200.197850250816
2012-11-20 21:00:00,154.677343113148
2012-11-20 22:00:00,124.078136621528
2012-11-20 23:00:00,70.1621634125856
2012-11-21 00:00:00,27.5348129983341
2012-11-21 01:00:00,13.7340914362203
2012-11-21 02:00:00,4.60508049457919
2012-11-21 03:00:00,4.78551572541147
2012-11-21 04:00:00,5.56821407658012
2012-11-21 05:00:00,25.2464274383352
2012-11-21 06:00:00,90.4442516289238
2012-11-21 07:00:00,252.903300565102
2012-11-21 08:00:00,581.98902990017
2012-11-21 09:00:00,266.78434237537
2012-11-21 10:00:00,154.317196947992
2012-11-21 11:00:00,182.184613676005
2012-11-21 12:00:00,226.599104223473
2012-11-21 13:00:00,207.774258969897
2012-11-21 14:00:00,204.911324176133
2012-11-21 15:00:00,220.50155799038
2012-11-21 16:00:00,336.921185389077
2012-11-21 17:00:00,566.501557620696
2012-11-21 18:00:00,484.401719221166
2012-11-21 19:00:00,372.226608560412
2012-11-21 20:00:00,249.107308715068
2012-11-21 21:00:00,192.726285235218
2012-11-21 22:00:00,136.509267159883
2012-11-21 23:00:00,92.7855462214829
2012-11-22 00:00:00,115.981263237548
2012-11-22 01:00:00,65.6501881822393
2012-11-22 02:00:00,23.2408921305982
2012-11-22 03:00:00,9.56584423725063
2012-11-22 04:00:00,9.03064857050219
2012-11-22 05:00:00,5.97001265224273
2012-11-22 06:00:00,22.6538972650629
2012-11-22 07:00:00,52.6412634435313
2012-11-22 08:00:00,106.552883584137
2012-11-22 09:00:00,164.842813775582
2012-11-22 10:00:00,254.911245618804
2012-11-22 11:00:00,321.340865718019
2012-11-22 12:00:00,403.128434416654
2012-11-22 13:00:00,356.478787142781
2012-11-22 14:00:00,374.593506086699
2012-11-22 15:00:00,403.453230688141
2012-11-22 16:00:00,361.163510370424
2012-11-22 17:00:00,320.079720960911
2012-11-22 18:00:00,327.454319648336
2012-11-22 19:00:00,130.441455560492
2012-11-22 20:00:00,135.284750892007
2012-11-22 21:00:00,132.337923106215
2012-11-22 22:00:00,105.509422017053
2012-11-22 23:00:00,68.6877808134903
2012-11-23 00:00:00,37.5482657756731
2012-11-23 01:00:00,20.5930826182263
2012-11-23 02:00:00,9.72284854610476
2012-11-23 03:00:00,4.73043903599729
2012-11-23 04:00:00,8.34314656896569
2012-11-23 05:00:00,20.5972545148641
2012-11-23 06:00:00,83.3844563927469
2012-11-23 07:00:00,240.343711276806
2012-11-23 08:00:00,465.275361491027
2012-11-23 09:00:00,306.357444481658
2012-11-23 10:00:00,188.090514557556
2012-11-23 11:00:00,220.67468879444
2012-11-23 12:00:00,287.294610247968
2012-11-23 13:00:00,271.05326180435
2012-11-23 14:00:00,233.069090199336
2012-11-23 15:00:00,263.079511020355
2012-11-23 16:00:00,345.7747077402
2012-11-23 17:00:00,527.421953338602
2012-11-23 18:00:00,498.062069485495
2012-11-23 19:00:00,359.049309125372
2012-11-23 20:00:00,244.937071507062
2012-11-23 21:00:00,198.343172909809
2012-11-23 22:00:00,154.241553853567
2012-11-23 23:00:00,118.173770854931
2012-11-24 00:00:00,200.496387008743
2012-11-24 01:00:00,67.4531427461518
2012-11-24 02:00:00,48.3904743692683
2012-11-24 03:00:00,18.6897626072593
2012-11-24 04:00:00,6.71626609545109
2012-11-24 05:00:00,5.96160972152372
2012-11-24 06:00:00,23.6443694219337
2012-11-24 07:00:00,59.1781793923453
2012-11-24 08:00:00,119.328192666088
2012-11-24 09:00:00,190.594583692444
2012-11-24 10:00:00,166.355632094794
2012-11-24 11:00:00,244.333875532352
2012-11-24 12:00:00,257.562661988079
2012-11-24 13:00:00,231.571948646018
2012-11-24 14:00:00,169.936507549949
2012-11-24 15:00:00,195.027856415085
2012-11-24 16:00:00,216.397592740787
2012-11-24 17:00:00,193.436917905092
2012-11-24 18:00:00,167.408163054071
2012-11-24 19:00:00,126.312762577342
2012-11-24 20:00:00,100.342763974057
2012-11-24 21:00:00,77.7205034384686
2012-11-24 22:00:00,67.7635953295719
2012-11-24 23:00:00,59.3330326746317
2012-11-25 00:00:00,82.9824403690115
2012-11-25 01:00:00,66.9718726468765
2012-11-25 02:00:00,47.625739752499
2012-11-25 03:00:00,18.300978591476
2012-11-25 04:00:00,7.38428643797058
2012-11-25 05:00:00,3.81307819767968
2012-11-25 06:00:00,15.5438947039931
2012-11-25 07:00:00,26.8888726147725
2012-11-25 08:00:00,55.2906303032799
2012-11-25 09:00:00,117.153093793179
2012-11-25 10:00:00,154.109499023756
2012-11-25 11:00:00,207.533775048164
2012-11-25 12:00:00,239.187615538076
2012-11-25 13:00:00,257.945820236777
2012-11-25 14:00:00,238.739718853941
2012-11-25 15:00:00,214.07385601018
2012-11-25 16:00:00,234.15912975357
2012-11-25 17:00:00,145.592816967513
2012-11-25 18:00:00,123.571243312534
2012-11-25 19:00:00,131.611339562326
2012-11-25 20:00:00,67.9795411172705
2012-11-25 21:00:00,97.5028338997106
2012-11-25 22:00:00,53.8566528551323
2012-11-25 23:00:00,46.8167367436001
2012-11-26 00:00:00,17.0649644378142
2012-11-26 01:00:00,6.3062725678544
2012-11-26 02:00:00,3.29413449783254
2012-11-26 03:00:00,2.85021856798691
2012-11-26 04:00:00,3.55876395756696
2012-11-26 05:00:00,29.1821513776979
2012-11-26 06:00:00,74.6013656113646
2012-11-26 07:00:00,262.90203935219
2012-11-26 08:00:00,536.159431177658
2012-11-26 09:00:00,275.638031748769
2012-11-26 10:00:00,167.98478660071
2012-11-26 11:00:00,159.258464245563
2012-11-26 12:00:00,211.015455032172
2012-11-26 13:00:00,191.677683767308
2012-11-26 14:00:00,193.662849237131
2012-11-26 15:00:00,217.14635171652
2012-11-26 16:00:00,273.494584918756
2012-11-26 17:00:00,490.171617218665
2012-11-26 18:00:00,484.458902378404
2012-11-26 19:00:00,298.784367839488
2012-11-26 20:00:00,231.016935465896
2012-11-26 21:00:00,161.051214260694
2012-11-26 22:00:00,113.088686920016
2012-11-26 23:00:00,62.289601189221
2012-11-27 00:00:00,26.9088543905537
2012-11-27 01:00:00,15.1461420525883
2012-11-27 02:00:00,5.43207258789233
2012-11-27 03:00:00,4.11071167344156
2012-11-27 04:00:00,8.16644915726143
2012-11-27 05:00:00,23.3271038421404
2012-11-27 06:00:00,101.607200977328
2012-11-27 07:00:00,173.76094231157
2012-11-27 08:00:00,277.681859966929
2012-11-27 09:00:00,252.251494623841
2012-11-27 10:00:00,89.7658462661619
2012-11-27 11:00:00,60.7766833110091
2012-11-27 12:00:00,44.3588589453456
2012-11-27 13:00:00,67.6219088887324
2012-11-27 14:00:00,45.2651641248845
2012-11-27 15:00:00,134.091805142716
2012-11-27 16:00:00,208.362985633467
2012-11-27 17:00:00,329.855331887474
2012-11-27 18:00:00,144.401026779566
2012-11-27 19:00:00,227.17112584256
2012-11-27 20:00:00,124.257950047733
2012-11-27 21:00:00,79.991648729528
2012-11-27 22:00:00,88.0293230369304
2012-11-27 23:00:00,46.1800248984941
2012-11-28 00:00:00,34.6322412350969
2012-11-28 01:00:00,18.5205268922226
2012-11-28 02:00:00,7.58184224078389
2012-11-28 03:00:00,5.99099649697812
2012-11-28 04:00:00,7.58510516632072
2012-11-28 05:00:00,45.8796021965206
2012-11-28 06:00:00,132.977938999738
2012-11-28 07:00:00,440.245016338464
2012-11-28 08:00:00,486.759991511023
2012-11-28 09:00:00,313.734226650707
2012-11-28 10:00:00,151.031844197183
2012-11-28 11:00:00,171.669943657034
2012-11-28 12:00:00,213.204492813795
2012-11-28 13:00:00,214.387731164318
2012-11-28 14:00:00,186.971967823517
2012-11-28 15:00:00,206.102521486712
2012-11-28 16:00:00,251.904468631218
2012-11-28 17:00:00,426.672951024752
2012-11-28 18:00:00,474.446276597303
2012-11-28 19:00:00,306.411405890306
2012-11-28 20:00:00,220.784736246288
2012-11-28 21:00:00,164.447401385456
2012-11-28 22:00:00,98.8973742108204
2012-11-28 23:00:00,58.1925026325276
2012-11-29 00:00:00,26.4049602131739
2012-11-29 01:00:00,12.0068030465392
2012-11-29 02:00:00,3.59062349889723
2012-11-29 04:00:00,5.97460482963592
2012-11-29 05:00:00,27.6418323392917
2012-11-29 06:00:00,81.2709736081303
2012-11-29 07:00:00,236.518822988652
2012-11-29 08:00:00,559.961649562193
2012-11-29 09:00:00,324.697013735957
2012-11-29 10:00:00,126.997561468462
2012-11-29 11:00:00,180.96535041867
2012-11-29 12:00:00,226.221851646528
2012-11-29 13:00:00,227.527195704774
2012-11-29 14:00:00,182.639995433222
2012-11-29 15:00:00,197.237717216173
2012-11-29 16:00:00,287.997790053672
2012-11-29 17:00:00,499.270780565984
2012-11-29 18:00:00,487.931213796303
2012-11-29 19:00:00,259.68789001415
2012-11-29 20:00:00,245.742653432315
2012-11-29 21:00:00,124.887613174011
2012-11-29 22:00:00,113.442831364722
2012-11-29 23:00:00,115.779269562
2012-11-30 00:00:00,42.6787551931353
2012-11-30 01:00:00,19.9203325604858
2012-11-30 02:00:00,7.41886002357747
2012-11-30 03:00:00,4.1589769414287
2012-11-30 04:00:00,4.08824329250425
2012-11-30 05:00:00,18.6703688461769
2012-11-30 06:00:00,52.5978856858765
2012-11-30 07:00:00,219.681180346456
2012-11-30 08:00:00,481.230161791377
2012-11-30 09:00:00,293.365290982738
2012-11-30 10:00:00,155.418061331581
2012-11-30 11:00:00,212.508872725669
2012-11-30 12:00:00,265.980217381642
2012-11-30 13:00:00,266.441783909463
2012-11-30 14:00:00,223.819123376053
2012-11-30 15:00:00,290.462862429891
2012-11-30 16:00:00,344.67323530324
2012-11-30 17:00:00,576.202131553695
2012-11-30 18:00:00,422.638177215594
2012-11-30 19:00:00,247.331044350991
2012-11-30 20:00:00,183.233519960731
2012-11-30 21:00:00,145.395505739498
2012-11-30 22:00:00,140.519053012323
2012-11-30 23:00:00,97.7949478647982
2012-12-20 00:00:00,48.1672599264817
2012-12-20 01:00:00,12.9321416286424
2012-12-20 02:00:00,5.88844508244263
2012-12-20 03:00:00,2.99636364185072
2012-12-20 04:00:00,5.92332725426985
2012-12-20 05:00:00,31.8342152817821
2012-12-20 06:00:00,122.429863591367
2012-12-20 07:00:00,301.018781166678
2012-12-20 08:00:00,485.133597744085
2012-12-20 09:00:00,242.895940854865
2012-12-20 10:00:00,134.475408855165
2012-12-20 11:00:00,154.720117119408
2012-12-20 12:00:00,198.998856477932
2012-12-20 13:00:00,199.258167100823
2012-12-20 14:00:00,172.283550248227
2012-12-20 15:00:00,196.432267881179
2012-12-20 16:00:00,222.441350936328
2012-12-20 17:00:00,415.33670386482
2012-12-20 18:00:00,375.936071842418
2012-12-20 19:00:00,158.159724604248
2012-12-20 20:00:00,128.797732752803
2012-12-20 21:00:00,102.468860753767
2012-12-20 22:00:00,71.182153264051
2012-12-20 23:00:00,53.6222363397437
2012-12-21 00:00:00,18.8782228773509
2012-12-21 01:00:00,10.6755271725192
2012-12-21 02:00:00,6.92036922574467
2012-12-21 03:00:00,2.69615431829173
2012-12-21 04:00:00,3.28755292690161
2012-12-21 05:00:00,17.5390304474229
2012-12-21 06:00:00,84.3923735956616
2012-12-21 07:00:00,189.839986199493
2012-12-21 08:00:00,340.257122813061
2012-12-21 09:00:00,246.482796582349
2012-12-21 10:00:00,125.69613043328
2012-12-21 11:00:00,128.554074829667
2012-12-21 12:00:00,137.809998776976
2012-12-21 13:00:00,138.823546761637
2012-12-21 14:00:00,121.489000390338
2012-12-21 15:00:00,138.872049172705
2012-12-21 16:00:00,173.012760955815
2012-12-21 17:00:00,203.607076495209
2012-12-21 18:00:00,190.981690405093
2012-12-21 19:00:00,161.200553019649
2012-12-21 20:00:00,95.8829816779677
2012-12-21 21:00:00,101.050873708237
2012-12-21 22:00:00,77.7500686391619
2012-12-21 23:00:00,57.2865251476829
2012-12-22 00:00:00,73.8616063911403
2012-12-22 01:00:00,39.20909811741
2012-12-22 02:00:00,39.6703252392274
2012-12-22 03:00:00,12.4151688467521
2012-12-22 04:00:00,3.02656646515528
2012-12-22 05:00:00,2.81144873650843
2012-12-22 06:00:00,8.92813142820164
2012-12-22 07:00:00,27.6991168190655
2012-12-22 08:00:00,55.4799968817546
2012-12-22 09:00:00,87.8695497953259
2012-12-22 10:00:00,117.200623236508
2012-12-22 11:00:00,126.689170561501
2012-12-22 12:00:00,141.605340967966
2012-12-22 13:00:00,106.285073768799
2012-12-22 14:00:00,116.857406641327
2012-12-22 15:00:00,145.75885175812
2012-12-22 16:00:00,125.144894848622
2012-12-22 17:00:00,125.91533414666
2012-12-22 18:00:00,108.349677489588
2012-12-22 19:00:00,82.8386073222631
2012-12-22 20:00:00,65.1752726903678
2012-12-22 21:00:00,49.1055470609605
2012-12-22 22:00:00,47.7857713569572
2012-12-22 23:00:00,39.325540309056
2012-12-23 00:00:00,52.994834107609
2012-12-23 01:00:00,34.3288948489563
2012-12-23 02:00:00,26.5048068091934
2012-12-23 03:00:00,12.3668962965859
2012-12-23 04:00:00,3.2758402711129
2012-12-23 05:00:00,1.97668619079639
2012-12-23 06:00:00,2.618488836808
2012-12-23 07:00:00,9.03961302099978
2012-12-23 08:00:00,26.26951878652
2012-12-23 09:00:00,58.0851298974509
2012-12-23 10:00:00,77.7454517373433
2012-12-23 11:00:00,91.3734066546277
2012-12-23 12:00:00,167.660224993239
2012-12-23 13:00:00,222.114812673595
2012-12-23 14:00:00,172.155724288212
2012-12-23 15:00:00,215.23600907656
2012-12-23 16:00:00,179.671582300372
2012-12-23 17:00:00,128.822010110066
2012-12-23 18:00:00,116.964799327005
2012-12-23 19:00:00,115.695643174399
2012-12-23 20:00:00,46.7984674287909
2012-12-23 21:00:00,38.1038171172327
2012-12-23 22:00:00,47.2950613823806
2012-12-23 23:00:00,25.0587180686233
2012-12-24 00:00:00,11.3706455572796
2012-12-24 01:00:00,4.67218446138599
2012-12-24 02:00:00,3.05036719154542
2012-12-24 03:00:00,2.00597877281948
2012-12-24 05:00:00,8.48129288258157
2012-12-24 06:00:00,52.0025742751489
2012-12-24 07:00:00,140.614429840226
2012-12-24 08:00:00,300.851601886589
2012-12-24 09:00:00,171.67913779921
2012-12-24 10:00:00,92.8502588636051
2012-12-24 11:00:00,93.8617260302138
2012-12-24 12:00:00,92.6527556546167
2012-12-24 13:00:00,67.1152375174841
2012-12-24 14:00:00,55.8394219407801
2012-12-24 15:00:00,57.7396143593066
2012-12-24 16:00:00,74.5444151577586
2012-12-24 17:00:00,143.727371790324
2012-12-24 18:00:00,161.396391390737
2012-12-24 19:00:00,160.464009129207
2012-12-24 20:00:00,108.318298697308
2012-12-24 21:00:00,54.6661926883451
2012-12-24 22:00:00,58.2693046697061
2012-12-24 23:00:00,31.5268114549427
2012-12-25 00:00:00,24.6813810635167
2012-12-25 01:00:00,27.6100188785358
2012-12-25 02:00:00,21.3058752021799
2012-12-25 04:00:00,6.36204918423306
2012-12-25 05:00:00,4.67932174545462
2012-12-25 06:00:00,8.22741596192802
2012-12-25 07:00:00,17.6159231053471
2012-12-25 08:00:00,52.8011725376441
2012-12-25 09:00:00,120.926166817978
2012-12-25 10:00:00,116.955304845002
2012-12-25 11:00:00,125.922109200314
2012-12-25 12:00:00,143.072346957005
2012-12-25 13:00:00,134.654451638291
2012-12-25 14:00:00,184.00622319704
2012-12-25 15:00:00,130.377018268149
2012-12-25 16:00:00,124.575731305735
2012-12-25 17:00:00,154.68255020092
2012-12-25 18:00:00,154.157051267142
2012-12-25 19:00:00,129.405283864972
2012-12-25 20:00:00,77.6076468170108
2012-12-25 21:00:00,64.1535806292247
2012-12-25 22:00:00,75.8366321973632
2012-12-25 23:00:00,27.4605428204666
2012-12-26 00:00:00,15.4784726020559
2012-12-26 01:00:00,5.22065310449671
2012-12-26 02:00:00,2.91699701606772
2012-12-26 03:00:00,2.16790254511176
2012-12-26 04:00:00,1.20223088479161
2012-12-26 05:00:00,12.2128565707543
2012-12-26 06:00:00,78.4157927361151
2012-12-26 07:00:00,41.9486472313928
2012-12-26 08:00:00,94.7898943929721
2012-12-26 09:00:00,49.5576343519532
2012-12-26 10:00:00,20.7132450789406
2012-12-26 11:00:00,19.0032094751471
2012-12-26 12:00:00,16.7588795339881
2012-12-26 13:00:00,17.161575042809
2012-12-26 14:00:00,20.6501020995669
2012-12-26 15:00:00,22.6663412204653
2012-12-26 16:00:00,33.0653211103837
2012-12-26 17:00:00,45.1269734691652
2012-12-26 18:00:00,54.1984336318234
2012-12-26 19:00:00,100.448857297278
2012-12-26 20:00:00,43.231482919355
2012-12-26 21:00:00,80.7735758584635
2012-12-26 22:00:00,11.8222304217862
2012-12-26 23:00:00,18.3022266296922
2012-12-27 00:00:00,10.5023348402512
2012-12-27 01:00:00,2.39127431436221
2012-12-27 02:00:00,1.93267956730701
2012-12-27 03:00:00,3.35578416723883
2012-12-27 04:00:00,1.77232120458557
2012-12-27 05:00:00,17.6357524568938
2012-12-27 06:00:00,70.2531305131752
2012-12-27 07:00:00,217.704822773773
2012-12-27 08:00:00,390.871153928094
2012-12-27 09:00:00,181.999869279218
2012-12-27 10:00:00,98.0050393601382
2012-12-27 11:00:00,103.529859452244
2012-12-27 12:00:00,120.706630316984
2012-12-27 13:00:00,106.603252702293
2012-12-27 14:00:00,56.8733161800289
2012-12-27 15:00:00,64.0299132313094
2012-12-27 16:00:00,135.471279411886
2012-12-27 17:00:00,308.754111685341
2012-12-27 18:00:00,220.928133972985
2012-12-27 19:00:00,128.771842469858
2012-12-27 20:00:00,112.220508334063
2012-12-27 21:00:00,90.6659493818235
2012-12-27 22:00:00,43.9519581766128
2012-12-27 23:00:00,38.4656786066665
2012-12-28 00:00:00,25.0008138220945
2012-12-28 01:00:00,9.85832419148701
2012-12-28 02:00:00,6.50360763543028
2012-12-28 03:00:00,5.75432308481164
2012-12-28 04:00:00,3.12412286630925
2012-12-28 05:00:00,18.5982863541813
2012-12-28 06:00:00,69.454610918816
2012-12-28 07:00:00,173.258243810676
2012-12-28 08:00:00,456.753740527352
2012-12-28 09:00:00,133.566169044521
2012-12-28 10:00:00,95.2428724702476
2012-12-28 11:00:00,96.9607429360029
2012-12-28 12:00:00,117.835093424688
2012-12-28 13:00:00,109.681102482903
2012-12-28 14:00:00,87.1723744846504
2012-12-28 15:00:00,89.5363298318924
2012-12-28 16:00:00,117.004650884597
2012-12-28 17:00:00,186.318688291641
2012-12-28 18:00:00,167.490371804297
2012-12-28 19:00:00,128.847106457507
2012-12-28 20:00:00,87.1277438728591
2012-12-28 21:00:00,65.1386536031779
2012-12-28 22:00:00,53.1778215048593
2012-12-28 23:00:00,35.8250165136312
2012-12-29 00:00:00,31.5780500060259
2012-12-29 01:00:00,26.3768031302491
2012-12-29 02:00:00,21.5706633118117
2012-12-29 03:00:00,10.2950473750065
2012-12-29 04:00:00,3.43180880891139
2012-12-29 05:00:00,2.21888212818243
2012-12-29 06:00:00,6.50461907560781
2012-12-29 07:00:00,13.1475737110298
2012-12-29 08:00:00,35.9723526713049
2012-12-29 09:00:00,94.4096264928995
2012-12-29 10:00:00,69.7287290136608
2012-12-29 11:00:00,41.8872786891329
2012-12-29 12:00:00,40.0177690844617
2012-12-29 13:00:00,52.7162096050108
2012-12-29 14:00:00,146.547847129096
2012-12-29 15:00:00,125.866377007182
2012-12-29 16:00:00,98.3919679794113
2012-12-29 17:00:00,91.3137908864741
2012-12-29 18:00:00,78.658410759717
2012-12-29 19:00:00,91.1352651852177
2012-12-29 20:00:00,69.3503612871504
2012-12-29 21:00:00,54.2283359276629
2012-12-29 22:00:00,48.2873898837956
2012-12-29 23:00:00,41.740667137496
2012-12-30 00:00:00,45.6364784950666
2012-12-30 01:00:00,25.4553721530362
2012-12-30 02:00:00,34.4569737068136
2012-12-30 03:00:00,11.6297347136706
2012-12-30 04:00:00,2.94720126619114
2012-12-30 05:00:00,2.50073186012898
2012-12-30 06:00:00,4.08820155393672
2012-12-30 07:00:00,12.7198191330287
2012-12-30 08:00:00,34.5345754111296
2012-12-30 09:00:00,63.2563021518803
2012-12-30 10:00:00,118.21276892074
2012-12-30 11:00:00,127.343880429421
2012-12-30 12:00:00,153.347689770928
2012-12-30 13:00:00,143.126437728429
2012-12-30 14:00:00,129.852969121868
2012-12-30 15:00:00,135.530864204497
2012-12-30 16:00:00,142.653205435124
2012-12-30 17:00:00,117.789733719116
2012-12-30 18:00:00,87.7192110935016
2012-12-30 19:00:00,82.9926675617018
2012-12-30 20:00:00,54.8066772325363
2012-12-30 21:00:00,39.9809162068419
2012-12-30 22:00:00,33.6454180255808
2012-12-30 23:00:00,19.6307356334692
2012-12-31 00:00:00,11.9508755343422
2012-12-31 01:00:00,4.15121964731968
2012-12-31 02:00:00,2.31678654803538
2012-12-31 03:00:00,1.37453361665031
2012-12-31 04:00:00,1.83611853860129
2012-12-31 05:00:00,7.0675368571835
2012-12-31 06:00:00,48.6313153658924
2012-12-31 07:00:00,115.150416820484
2012-12-31 08:00:00,182.830907592495
2012-12-31 09:00:00,149.390674651189
2012-12-31 10:00:00,55.2792430651672
2012-12-31 11:00:00,59.3164012585436
2012-12-31 12:00:00,64.4879032729376
2012-12-31 13:00:00,109.757740342878
2012-12-31 14:00:00,94.8023166271198
2012-12-31 15:00:00,96.6147009138833
2012-12-31 16:00:00,107.488282824207
2012-12-31 17:00:00,208.536063684351
2012-12-31 18:00:00,205.017900608046
2012-12-31 19:00:00,174.160926247014
2012-12-31 20:00:00,112.229998780941
2012-12-31 21:00:00,71.7359122422654
2012-12-31 22:00:00,59.3155621429985
2012-12-31 23:00:00,33.0851931197767
