datetime,count
2011-01-20 00:00:00,15.6548575568846
2011-01-20 01:00:00,4.66715233803024
2011-01-20 02:00:00,3.71011950322992
2011-01-20 03:00:00,3.12510644857794
2011-01-20 04:00:00,1.7276601554921
2011-01-20 05:00:00,15.3244248723963
2011-01-20 06:00:00,68.572368067306
2011-01-20 07:00:00,202.467146619894
2011-01-20 08:00:00,341.907723320149
2011-01-20 09:00:00,189.56391805488
2011-01-20 10:00:00,100.479435805963
2011-01-20 11:00:00,112.746515976207
2011-01-20 12:00:00,129.626890112787
2011-01-20 13:00:00,123.537587468527
2011-01-20 14:00:00,111.970226134974
2011-01-20 15:00:00,105.395647042481
2011-01-20 16:00:00,115.065726169721
2011-01-20 17:00:00,229.340660486893
2011-01-20 18:00:00,222.01691876363
2011-01-20 19:00:00,178.237395963683
2011-01-20 20:00:00,136.520082252501
2011-01-20 21:00:00,90.3690734684584
2011-01-20 22:00:00,62.8974238602029
2011-01-20 23:00:00,32.9742483076335
2011-01-21 00:00:00,20.6746851428456
2011-01-21 01:00:00,7.43648302763226
2011-01-21 02:00:00,7.89824698181994
2011-01-21 03:00:00,1.64473025565487
2011-01-21 04:00:00,2.30435406034613
2011-01-21 05:00:00,6.28859348779115
2011-01-21 06:00:00,47.9043032905408
2011-01-21 07:00:00,113.954196476528
2011-01-21 08:00:00,229.564890488988
2011-01-21 09:00:00,127.097962922221
2011-01-21 10:00:00,66.2204615799417
2011-01-21 11:00:00,75.7995272547255
2011-01-21 12:00:00,86.658413180361
2011-01-21 13:00:00,66.6957185048988
2011-01-21 14:00:00,70.0394795506012
2011-01-21 15:00:00,76.9474302709406
2011-01-21 16:00:00,84.060173820055
2011-01-21 17:00:00,165.671509260737
2011-01-21 18:00:00,131.004426473747
2011-01-21 19:00:00,100.112837656032
2011-01-21 20:00:00,90.5805221356235
2011-01-21 21:00:00,59.7501077502227
2011-01-21 22:00:00,43.7560915609208
2011-01-21 23:00:00,29.4585586739861
2011-01-22 00:00:00,29.1710738070528
2011-01-22 01:00:00,23.708468519187
2011-01-22 02:00:00,21.1017624922746
2011-01-22 03:00:00,10.7484299913693
2011-01-22 04:00:00,2.67698463383852
2011-01-22 06:00:00,4.19085226843147
2011-01-22 07:00:00,12.285786340171
2011-01-22 08:00:00,32.1868100219473
2011-01-22 09:00:00,54.6219205182867
2011-01-22 10:00:00,68.8115013882662
2011-01-22 11:00:00,78.7311171594024
2011-01-22 12:00:00,119.657263468098
2011-01-22 13:00:00,89.62001773016
2011-01-22 14:00:00,86.6961685667543
2011-01-22 15:00:00,102.898903682342
2011-01-22 16:00:00,83.4811295926623
2011-01-22 17:00:00,72.2673353014439
2011-01-22 18:00:00,57.5871141979524
2011-01-22 19:00:00,49.3087948176172
2011-01-22 20:00:00,37.9503658294005
2011-01-22 21:00:00,46.0183186374839
2011-01-22 22:00:00,35.0474690424296
2011-01-22 23:00:00,30.196559014273
2011-01-23 00:00:00,33.470822056921
2011-01-23 01:00:00,24.4327500453819
2011-01-23 02:00:00,14.4409002364439
2011-01-23 03:00:00,11.2732098408339
2011-01-23 05:00:00,3.02507376404404
2011-01-23 06:00:00,3.22037039106956
2011-01-23 07:00:00,11.0570882842584
2011-01-23 08:00:00,25.4573422112051
2011-01-23 09:00:00,44.0775227826676
2011-01-23 10:00:00,59.5057897160055
2011-01-23 11:00:00,85.5836656355308
2011-01-23 12:00:00,104.190964470293
2011-01-23 13:00:00,84.6055824558765
2011-01-23 14:00:00,125.846401681702
2011-01-23 15:00:00,112.797326160862
2011-01-23 16:00:00,126.632324044663
2011-01-23 17:00:00,70.8085437633142
2011-01-23 18:00:00,54.7645216295727
2011-01-23 19:00:00,41.6056829939084
2011-01-23 20:00:00,41.9935285689984
2011-01-23 21:00:00,41.8287623724406
2011-01-23 22:00:00,33.1541612489838
2011-01-23 23:00:00,19.8880472099535
2011-01-24 00:00:00,12.2375195279493
2011-01-24 01:00:00,5.0757393685358
2011-01-24 03:00:00,1.12918719311115
2011-01-24 04:00:00,2.48672951062064
2011-01-24 05:00:00,8.74465766591645
2011-01-24 06:00:00,41.7941083429296
2011-01-24 07:00:00,111.54321367434
2011-01-24 08:00:00,235.633577619216
2011-01-24 09:00:00,158.67760703179
2011-01-24 10:00:00,64.8208702487064
2011-01-24 11:00:00,65.5717287288445
2011-01-24 12:00:00,61.716005249077
2011-01-24 13:00:00,58.0650924180741
2011-01-24 14:00:00,48.3664019213018
2011-01-24 15:00:00,72.8228732325593
2011-01-24 16:00:00,83.6739153644796
2011-01-24 17:00:00,120.508294422625
2011-01-24 18:00:00,133.548453541411
2011-01-24 19:00:00,101.706778705277
2011-01-24 20:00:00,70.3114047302336
2011-01-24 21:00:00,45.3841179015806
2011-01-24 22:00:00,31.2460385133159
2011-01-24 23:00:00,19.8831993240315
2011-01-25 00:00:00,10.541233931194
2011-01-25 01:00:00,3.83865533462981
2011-01-25 02:00:00,1.96118025312882
2011-01-25 04:00:00,1.63458993157312
2011-01-25 05:00:00,6.49284682653433
2011-01-25 06:00:00,43.3409203016144
2011-01-25 07:00:00,99.8757978390423
2011-01-25 08:00:00,272.822313505324
2011-01-25 09:00:00,184.527186855391
2011-01-25 10:00:00,76.5701356525127
2011-01-25 11:00:00,70.429178220014
2011-01-25 12:00:00,98.0425946674869
2011-01-25 13:00:00,94.3663583000327
2011-01-25 14:00:00,99.6123610165231
2011-01-25 15:00:00,94.9990325227401
2011-01-25 16:00:00,145.648885953785
2011-01-25 17:00:00,244.071788634122
2011-01-25 18:00:00,213.527741099183
2011-01-25 19:00:00,159.675137675961
2011-01-25 20:00:00,80.8314583301444
2011-01-25 21:00:00,71.4107108510043
2011-01-25 22:00:00,40.2062842133141
2011-01-25 23:00:00,23.6287585837881
2011-01-26 00:00:00,11.8810873215874
2011-01-26 01:00:00,5.60969826056358
2011-01-26 02:00:00,2.84033678956073
2011-01-26 05:00:00,3.49784080657465
2011-01-26 06:00:00,25.3986635295796
2011-01-26 07:00:00,53.3493745236263
2011-01-26 08:00:00,112.449112744026
2011-01-26 09:00:00,59.6100987806255
2011-01-26 10:00:00,23.6751257948235
2011-01-26 11:00:00,14.7732267251829
2011-01-26 12:00:00,14.8381095125556
2011-01-26 13:00:00,19.4067672180525
2011-01-26 14:00:00,14.2184067090568
2011-01-26 15:00:00,16.5696326910359
2011-01-26 16:00:00,28.7098167199423
2011-01-26 17:00:00,71.9711632313206
2011-01-27 16:00:00,85.6661950816843
2011-01-27 17:00:00,158.178197234952
2011-01-27 18:00:00,141.354073984106
2011-01-27 19:00:00,112.09043770601
2011-01-27 20:00:00,79.3155466816158
2011-01-27 21:00:00,56.3951293730977
2011-01-27 22:00:00,47.2641120363367
2011-01-27 23:00:00,29.3120171776572
2011-01-28 00:00:00,17.2065968922703
2011-01-28 01:00:00,7.1192628633787
2011-01-28 02:00:00,3.21213533331891
2011-01-28 03:00:00,2.67036317468597
2011-01-28 05:00:00,12.8095413204811
2011-01-28 06:00:00,55.0047970142619
2011-01-28 07:00:00,119.011423603237
2011-01-28 08:00:00,295.265695002056
2011-01-28 09:00:00,99.9226192381823
2011-01-28 10:00:00,53.2456667494623
2011-01-28 11:00:00,46.455891553492
2011-01-28 12:00:00,42.7768819109275
2011-01-28 13:00:00,48.5122766575518
2011-01-28 14:00:00,36.5793657961658
2011-01-28 15:00:00,64.2873448567072
2011-01-28 16:00:00,67.8971509416108
2011-01-28 17:00:00,181.012092875721
2011-01-28 18:00:00,159.890757369329
2011-01-28 19:00:00,134.827014391216
2011-01-28 20:00:00,77.811979549933
2011-01-28 21:00:00,64.5920725728774
2011-01-28 22:00:00,65.7413114541533
2011-01-28 23:00:00,48.7845228682151
2011-01-29 00:00:00,39.2583609884362
2011-01-29 01:00:00,26.5883974776465
2011-01-29 02:00:00,18.1165091733622
2011-01-29 03:00:00,11.7060088056368
2011-01-29 04:00:00,3.89698932751782
2011-01-29 06:00:00,3.67933340155083
2011-01-29 07:00:00,13.2029234855304
2011-01-29 08:00:00,33.9831447472289
2011-01-29 09:00:00,47.9875182813328
2011-01-29 10:00:00,83.4025700834321
2011-01-29 11:00:00,78.4888504346241
2011-01-29 12:00:00,103.564989191615
2011-01-29 13:00:00,105.237060259377
2011-01-29 14:00:00,112.260749601128
2011-01-29 15:00:00,88.7576720635488
2011-01-29 16:00:00,103.546336275041
2011-01-29 17:00:00,68.3086325192478
2011-01-29 18:00:00,63.1566763559923
2011-01-29 19:00:00,62.0653975201591
2011-01-29 20:00:00,41.692535763657
2011-01-29 21:00:00,34.1189105343965
2011-01-29 22:00:00,30.9559223663261
2011-01-29 23:00:00,30.6197979184037
2011-01-30 00:00:00,34.4741527039112
2011-01-30 01:00:00,28.0132396737739
2011-01-30 02:00:00,18.3049932974233
2011-01-30 03:00:00,8.73972360668679
2011-01-30 04:00:00,3.24652579185147
2011-01-30 05:00:00,3.15022461477027
2011-01-30 07:00:00,8.20657475349083
2011-01-30 08:00:00,25.8816514448009
2011-01-30 09:00:00,68.5264887029409
2011-01-30 10:00:00,101.455696346453
2011-01-30 11:00:00,76.7069522445421
2011-01-30 12:00:00,179.165104211001
2011-01-30 13:00:00,129.639986280437
2011-01-30 14:00:00,128.369806690242
2011-01-30 15:00:00,139.804041995675
2011-01-30 16:00:00,133.077777203876
2011-01-30 17:00:00,96.811428737839
2011-01-30 18:00:00,73.5643168313381
2011-01-30 19:00:00,61.563511894986
2011-01-30 20:00:00,58.1536136532298
2011-01-30 21:00:00,49.9586227274194
2011-01-30 22:00:00,42.8388554706777
2011-01-30 23:00:00,22.0259442860366
2011-01-31 00:00:00,14.2566375095192
2011-01-31 01:00:00,3.0794130229334
2011-01-31 02:00:00,3.1808042903037
2011-01-31 03:00:00,1.70425218776688
2011-01-31 04:00:00,1.2641993914598
2011-01-31 05:00:00,3.92602496687353
2011-01-31 06:00:00,32.2690447976742
2011-01-31 07:00:00,96.6031388739881
2011-01-31 08:00:00,209.148554524558
2011-01-31 09:00:00,105.4149722813
2011-01-31 10:00:00,43.4092977969295
2011-01-31 11:00:00,42.7087441476444
2011-01-31 12:00:00,58.7948092518074
2011-01-31 13:00:00,58.8839306247576
2011-01-31 14:00:00,48.6839122751238
2011-01-31 15:00:00,48.6262753285448
2011-01-31 16:00:00,65.4441897055351
2011-01-31 17:00:00,127.438059452325
2011-01-31 18:00:00,139.762615034453
2011-01-31 19:00:00,140.648949054808
2011-01-31 20:00:00,80.4316159812333
2011-01-31 21:00:00,46.2653349895453
2011-01-31 22:00:00,34.615349951702
2011-01-31 23:00:00,17.250490529102
2011-02-20 00:00:00,67.2459061540135
2011-02-20 01:00:00,32.6552948261102
2011-02-20 02:00:00,36.7525219824136
2011-02-20 03:00:00,13.9242660658216
2011-02-20 04:00:00,2.86945023576106
2011-02-20 06:00:00,3.65196327649495
2011-02-20 07:00:00,14.5691407301418
2011-02-20 08:00:00,37.1682264630418
2011-02-20 09:00:00,60.3166588971074
2011-02-20 10:00:00,115.632356106101
2011-02-20 11:00:00,160.471875395142
2011-02-20 12:00:00,204.240284876353
2011-02-20 13:00:00,236.737086856371
2011-02-20 14:00:00,233.988477795597
2011-02-20 15:00:00,280.852393055835
2011-02-20 16:00:00,224.304105814632
2011-02-20 17:00:00,184.442102591274
2011-02-20 18:00:00,123.071677179553
2011-02-20 19:00:00,103.063351934365
2011-02-20 20:00:00,85.7088909767228
2011-02-20 21:00:00,65.8897708259704
2011-02-20 22:00:00,58.9264874862208
2011-02-20 23:00:00,37.1748924426286
2011-02-21 00:00:00,50.4175981974751
2011-02-21 01:00:00,26.6275539306262
2011-02-21 02:00:00,16.6315147894859
2011-02-21 03:00:00,6.45258489310227
2011-02-21 04:00:00,5.8660072042119
2011-02-21 05:00:00,3.19174773558984
2011-02-21 06:00:00,13.4297422042178
2011-02-21 07:00:00,42.2375905372172
2011-02-21 08:00:00,63.419065086278
2011-02-21 09:00:00,111.757317119424
2011-02-21 10:00:00,138.672920389905
2011-02-21 11:00:00,202.985329475997
2011-02-21 12:00:00,308.39531336996
2011-02-21 13:00:00,107.293021027903
2011-02-21 14:00:00,214.096100903576
2011-02-21 15:00:00,221.497005983538
2011-02-21 16:00:00,110.19562539963
2011-02-21 17:00:00,188.862485572065
2011-02-21 18:00:00,102.120063546636
2011-02-21 19:00:00,89.7461161807033
2011-02-21 20:00:00,41.443791581875
2011-02-21 21:00:00,39.5958846452195
2011-02-21 22:00:00,31.4801289273691
2011-02-21 23:00:00,22.3421449483968
2011-02-22 06:00:00,35.9992302754076
2011-02-22 07:00:00,90.1562388924789
2011-02-22 08:00:00,275.220209887671
2011-02-22 09:00:00,141.834273564039
2011-02-22 10:00:00,50.7413941181633
2011-02-22 11:00:00,56.9657306275296
2011-02-22 12:00:00,66.2370758333202
2011-02-22 13:00:00,70.9820277426896
2011-02-22 14:00:00,63.0455750719418
2011-02-22 15:00:00,78.1010131990322
2011-02-22 16:00:00,69.4094547349372
2011-02-22 17:00:00,150.039278752777
2011-02-22 18:00:00,154.056770754441
2011-02-22 19:00:00,105.698828939192
2011-02-22 20:00:00,75.7797068194876
2011-02-22 21:00:00,51.4590843011164
2011-02-22 22:00:00,43.574920701599
2011-02-22 23:00:00,24.7209207814618
2011-02-23 00:00:00,11.2138592289789
2011-02-23 01:00:00,4.534671198402
2011-02-23 02:00:00,1.55995736577198
2011-02-23 03:00:00,1.1688511504877
2011-02-23 05:00:00,5.72514315204213
2011-02-23 06:00:00,31.6370339925566
2011-02-23 07:00:00,101.668299288654
2011-02-23 08:00:00,210.256063663537
2011-02-23 09:00:00,170.703572901391
2011-02-23 10:00:00,68.1487964954763
2011-02-23 11:00:00,83.2577270617755
2011-02-23 12:00:00,94.9539987347893
2011-02-23 13:00:00,84.0298590583776
2011-02-23 14:00:00,82.0852375067227
2011-02-23 15:00:00,94.7846932322526
2011-02-23 16:00:00,128.616420988475
2011-02-23 17:00:00,265.824104821695
2011-02-23 18:00:00,220.605556982338
2011-02-23 19:00:00,155.888352508328
2011-02-23 20:00:00,93.4158962349221
2011-02-23 21:00:00,78.0002348800522
2011-02-23 22:00:00,56.7128909085412
2011-02-23 23:00:00,28.8015265587652
2011-02-24 00:00:00,11.9373768326481
2011-02-24 01:00:00,6.32387445179069
2011-02-24 02:00:00,3.0544723188206
2011-02-24 03:00:00,2.69300730565824
2011-02-24 05:00:00,15.6051154903535
2011-02-24 06:00:00,68.0150985490758
2011-02-24 07:00:00,204.19644231521
2011-02-24 08:00:00,432.301961795175
2011-02-24 09:00:00,167.452736411181
2011-02-24 10:00:00,101.737952493005
2011-02-24 11:00:00,92.5655393934136
2011-02-24 12:00:00,122.947577166852
2011-02-24 13:00:00,112.020468252784
2011-02-24 14:00:00,98.9478466809551
2011-02-24 15:00:00,63.9552189492574
2011-02-24 16:00:00,90.1069332613511
2011-02-24 17:00:00,263.772914626525
2011-02-24 18:00:00,158.807692143498
2011-02-24 19:00:00,93.1934611443092
2011-02-24 20:00:00,82.7143009759033
2011-02-24 21:00:00,78.2076390517566
2011-02-24 22:00:00,29.206307339934
2011-02-24 23:00:00,41.7154749476842
2011-02-25 00:00:00,14.4367014310219
2011-02-25 01:00:00,10.2663670148512
2011-02-25 02:00:00,5.84030124504237
2011-02-25 03:00:00,2.0324124724446
2011-02-25 05:00:00,10.7624436371158
2011-02-25 06:00:00,48.2631337601179
2011-02-25 07:00:00,69.7457016568072
2011-02-25 08:00:00,263.094933870956
2011-02-25 09:00:00,57.8488447558218
2011-02-25 10:00:00,46.3506892711334
2011-02-25 11:00:00,189.881666667985
2011-02-25 12:00:00,201.318379569442
2011-02-25 13:00:00,154.230218213488
2011-02-25 14:00:00,141.347707182453
2011-02-25 15:00:00,236.033740708955
2011-02-25 16:00:00,131.045222813843
2011-02-25 17:00:00,223.955661215069
2011-02-25 18:00:00,194.954513809816
2011-02-25 19:00:00,130.160228804103
2011-02-25 20:00:00,97.1710088593227
2011-02-25 21:00:00,98.1681169744636
2011-02-25 22:00:00,72.9994600932779
2011-02-25 23:00:00,56.2727251688679
2011-02-26 00:00:00,50.2178301190639
2011-02-26 01:00:00,33.7048181095959
2011-02-26 02:00:00,21.6481640077041
2011-02-26 03:00:00,14.2017063602316
2011-02-26 04:00:00,4.26682839480906
2011-02-26 05:00:00,2.94129869553759
2011-02-26 06:00:00,4.15426981771082
2011-02-26 07:00:00,13.85466807561
2011-02-26 08:00:00,32.2570805029683
2011-02-26 09:00:00,88.5852247526058
2011-02-26 10:00:00,125.963756078871
2011-02-26 11:00:00,178.240139932018
2011-02-26 12:00:00,236.128523113448
2011-02-26 13:00:00,292.328640494805
2011-02-26 14:00:00,203.28794495591
2011-02-26 15:00:00,211.593553272871
2011-02-26 16:00:00,202.375877256706
2011-02-26 17:00:00,199.032895919113
2011-02-26 18:00:00,154.598724696135
2011-02-26 19:00:00,86.079195495659
2011-02-26 20:00:00,72.5668789864192
2011-02-26 21:00:00,61.0647784591573
2011-02-26 22:00:00,55.0097363402152
2011-02-26 23:00:00,41.1410736736772
2011-02-27 00:00:00,35.6961296963334
2011-02-27 01:00:00,32.7761612558691
2011-02-27 02:00:00,32.0222723083967
2011-02-27 03:00:00,14.7552679009418
2011-02-27 04:00:00,8.83394831673304
2011-02-27 06:00:00,4.43062610524295
2011-02-27 07:00:00,17.3880861790797
2011-02-27 08:00:00,39.1065721800861
2011-02-27 09:00:00,54.3196625638837
2011-02-27 10:00:00,106.168469387441
2011-02-27 11:00:00,216.408239513472
2011-02-27 12:00:00,246.464492215762
2011-02-27 13:00:00,270.342272868854
2011-02-27 14:00:00,233.849840838393
2011-02-27 15:00:00,291.703118537052
2011-02-27 16:00:00,354.273693463408
2011-02-27 17:00:00,167.885411389273
2011-02-27 18:00:00,140.036876010923
2011-02-27 19:00:00,103.546140270888
2011-02-27 20:00:00,87.1618610471058
2011-02-27 21:00:00,76.1632157916189
2011-02-27 22:00:00,60.3754584164391
2011-02-27 23:00:00,48.2434375544561
2011-02-28 00:00:00,14.7629133859764
2011-02-28 01:00:00,3.69147033870758
2011-02-28 03:00:00,1.22932293813983
2011-02-28 05:00:00,12.7547806692262
2011-02-28 06:00:00,56.1012648134969
2011-02-28 07:00:00,219.007611315009
2011-02-28 08:00:00,331.580353700007
2011-02-28 09:00:00,203.829081791141
2011-02-28 10:00:00,118.009853239258
2011-02-28 11:00:00,131.213305199693
2011-02-28 12:00:00,180.726926743045
2011-02-28 13:00:00,93.7729617355645
2011-02-28 14:00:00,40.5499142595083
2011-02-28 15:00:00,43.3066188232585
2011-02-28 16:00:00,108.310588699438
2011-02-28 17:00:00,134.569753065171
2011-02-28 18:00:00,240.564034629861
2011-02-28 19:00:00,103.69699952169
2011-02-28 20:00:00,91.4582232867611
2011-02-28 21:00:00,90.9796998167233
2011-02-28 22:00:00,28.8076802622209
2011-02-28 23:00:00,32.7250178967449
2011-03-20 00:00:00,75.9144183700032
2011-03-20 01:00:00,37.1120465736013
2011-03-20 02:00:00,32.9877152067976
2011-03-20 03:00:00,17.4043920483341
2011-03-20 04:00:00,2.25040472471438
2011-03-20 05:00:00,2.49396245772536
2011-03-20 06:00:00,3.43182605474582
2011-03-20 07:00:00,11.9359407038251
2011-03-20 08:00:00,49.7346137852433
2011-03-20 09:00:00,88.1618211533366
2011-03-20 10:00:00,151.25112630331
2011-03-20 11:00:00,209.78455179408
2011-03-20 12:00:00,286.38607206071
2011-03-20 13:00:00,247.622930397379
2011-03-20 14:00:00,214.180144416533
2011-03-20 15:00:00,236.159999992831
2011-03-20 16:00:00,238.718765022617
2011-03-20 17:00:00,157.739290615326
2011-03-20 18:00:00,119.806205341763
2011-03-20 19:00:00,97.7417957940049
2011-03-20 20:00:00,96.2840575286013
2011-03-20 21:00:00,69.070483212771
2011-03-20 22:00:00,59.4820023588502
2011-03-20 23:00:00,36.9457916106849
2011-03-21 00:00:00,12.9949903690452
2011-03-21 01:00:00,6.1138586707433
2011-03-21 02:00:00,3.96906421366606
2011-03-21 03:00:00,1.97836610552835
2011-03-21 05:00:00,7.4456778834441
2011-03-21 06:00:00,36.8311453762839
2011-03-21 07:00:00,70.0202558533163
2011-03-21 08:00:00,296.545170872543
2011-03-21 09:00:00,164.318560821485
2011-03-21 10:00:00,80.7833233983996
2011-03-21 11:00:00,106.356925506261
2011-03-21 12:00:00,163.255139407433
2011-03-21 13:00:00,158.483743375045
2011-03-21 14:00:00,158.215526593254
2011-03-21 15:00:00,173.468304284943
2011-03-21 16:00:00,213.848190177944
2011-03-21 17:00:00,572.140847294011
2011-03-21 18:00:00,528.56939347839
2011-03-21 19:00:00,389.725426434116
2011-03-21 20:00:00,291.544492151255
2011-03-21 21:00:00,150.675887973184
2011-03-21 22:00:00,113.062934946455
2011-03-21 23:00:00,61.6218665486868
2011-03-22 00:00:00,31.9187792673442
2011-03-22 01:00:00,7.74609315194793
2011-03-22 02:00:00,6.07120296226234
2011-03-22 03:00:00,3.94926750832607
2011-03-22 04:00:00,4.17878651496763
2011-03-22 05:00:00,20.5135647518372
2011-03-22 06:00:00,87.1972738525117
2011-03-22 07:00:00,270.482094659228
2011-03-22 08:00:00,416.330351633555
2011-03-22 09:00:00,183.242638078336
2011-03-22 10:00:00,98.7798641895767
2011-03-22 11:00:00,134.243597793796
2011-03-22 12:00:00,204.605365427425
2011-03-22 13:00:00,219.396251638127
2011-03-22 14:00:00,168.716475520082
2011-03-22 15:00:00,212.417166166358
2011-03-22 16:00:00,316.685847097187
2011-03-22 17:00:00,514.080167719989
2011-03-22 18:00:00,531.777158937968
2011-03-22 19:00:00,255.480868741812
2011-03-22 20:00:00,148.121453111733
2011-03-22 21:00:00,92.5166192823108
2011-03-22 22:00:00,84.2509805499589
2011-03-22 23:00:00,45.5083509742584
2011-03-23 00:00:00,17.5752192067568
2011-03-23 01:00:00,6.50288165312754
2011-03-23 02:00:00,3.28281970022744
2011-03-23 03:00:00,2.45879758386844
2011-03-23 05:00:00,7.13273606346544
2011-03-23 06:00:00,62.1954036253014
2011-03-23 07:00:00,120.056245754032
2011-03-23 08:00:00,303.29378788926
2011-03-23 09:00:00,171.480589846917
2011-03-23 10:00:00,49.7123854166038
2011-03-23 11:00:00,53.4212260478069
2011-03-23 12:00:00,59.0419706551985
2011-03-23 13:00:00,45.5749285491153
2011-03-23 14:00:00,54.4499819052488
2011-03-23 15:00:00,86.0939092200713
2011-03-23 16:00:00,123.572323385848
2011-03-23 17:00:00,331.457175812622
2011-03-23 18:00:00,181.656201823367
2011-03-23 19:00:00,122.912007257137
2011-03-23 20:00:00,32.1750816245976
2011-03-23 21:00:00,16.5028760673315
2011-03-23 22:00:00,35.5441045111808
2011-03-23 23:00:00,22.9357157534414
2011-03-24 00:00:00,10.2733365008736
2011-03-24 01:00:00,6.26461947512925
2011-03-24 02:00:00,3.4062558778953
2011-03-24 03:00:00,2.20781394002078
2011-03-24 04:00:00,1.79909770988099
2011-03-24 05:00:00,11.7534281597078
2011-03-24 06:00:00,65.3258033153727
2011-03-24 07:00:00,90.9522558067551
2011-03-24 08:00:00,130.112720196804
2011-03-24 09:00:00,157.518506687598
2011-03-24 10:00:00,33.1026591925824
2011-03-24 11:00:00,64.7300797739163
2011-03-24 12:00:00,103.028373320141
2011-03-24 13:00:00,85.3728937514562
2011-03-24 14:00:00,81.9338814653752
2011-03-24 15:00:00,77.3052398203501
2011-03-24 16:00:00,97.2920402237138
2011-03-24 17:00:00,225.381927886464
2011-03-24 18:00:00,249.236160347155
2011-03-24 19:00:00,178.554029599743
2011-03-24 20:00:00,132.259168260702
2011-03-24 21:00:00,99.2485694418297
2011-03-24 22:00:00,77.5616211984585
2011-03-24 23:00:00,48.9500391067555
2011-03-25 00:00:00,18.0057770332141
2011-03-25 01:00:00,5.77043555914229
2011-03-25 02:00:00,2.31754864908832
2011-03-25 03:00:00,3.59863144776271
2011-03-25 04:00:00,1.51297132967777
2011-03-25 05:00:00,10.2016135846723
2011-03-25 06:00:00,57.1694393564576
2011-03-25 07:00:00,124.503577121052
2011-03-25 08:00:00,282.311551636148
2011-03-25 09:00:00,197.585371036674
2011-03-25 10:00:00,103.774606059275
2011-03-25 11:00:00,112.607988728997
2011-03-25 12:00:00,129.446000652804
2011-03-25 13:00:00,124.485327969513
2011-03-25 14:00:00,176.356300490173
2011-03-25 15:00:00,109.480168026207
2011-03-25 16:00:00,192.504906549103
2011-03-25 17:00:00,318.246314911882
2011-03-25 18:00:00,214.707408264775
2011-03-25 19:00:00,154.322285432056
2011-03-25 20:00:00,116.76279892133
2011-03-25 21:00:00,84.2894485320088
2011-03-25 22:00:00,78.9051169557881
2011-03-25 23:00:00,48.2148027431927
2011-03-26 00:00:00,75.1941478228883
2011-03-26 01:00:00,54.2612590384544
2011-03-26 02:00:00,38.1781296174653
2011-03-26 03:00:00,14.3497293103485
2011-03-26 04:00:00,3.15516326691492
2011-03-26 05:00:00,3.29521375562777
2011-03-26 06:00:00,6.75723012604978
2011-03-26 07:00:00,14.8762988896245
2011-03-26 08:00:00,62.0578020238009
2011-03-26 09:00:00,111.082820416045
2011-03-26 10:00:00,151.877415495779
2011-03-26 11:00:00,147.659954483859
2011-03-26 12:00:00,197.684219342217
2011-03-26 13:00:00,300.53647865586
2011-03-26 14:00:00,243.283885255327
2011-03-26 15:00:00,299.345644316661
2011-03-26 16:00:00,214.473794473923
2011-03-26 17:00:00,157.901516696873
2011-03-26 18:00:00,138.478190632573
2011-03-26 19:00:00,77.8924300699812
2011-03-26 20:00:00,66.5212486679896
2011-03-26 21:00:00,51.1076331777159
2011-03-26 22:00:00,49.8805464360774
2011-03-26 23:00:00,44.1994377835345
2011-03-27 00:00:00,62.1130339394335
2011-03-27 01:00:00,33.4321466945054
2011-03-27 02:00:00,20.5162769927662
2011-03-27 03:00:00,8.74129469558671
2011-03-27 04:00:00,2.26938694723212
2011-03-27 06:00:00,4.79408136323442
2011-03-27 07:00:00,7.21543463271916
2011-03-27 08:00:00,35.7392532982565
2011-03-27 09:00:00,57.1954544671286
2011-03-27 10:00:00,85.5995915432777
2011-03-27 11:00:00,136.542808177626
2011-03-27 12:00:00,210.172267338878
2011-03-27 13:00:00,221.89007622533
2011-03-27 14:00:00,204.375888882918
2011-03-27 15:00:00,247.990597536228
2011-03-27 16:00:00,179.875783094462
2011-03-27 17:00:00,150.79472795313
2011-03-27 18:00:00,106.345415896753
2011-03-27 19:00:00,72.6332128320571
2011-03-27 20:00:00,63.4958103656758
2011-03-27 21:00:00,63.236284075576
2011-03-27 22:00:00,51.975874712189
2011-03-27 23:00:00,31.516240909061
2011-03-28 00:00:00,10.6187871381595
2011-03-28 01:00:00,5.21969585212324
2011-03-28 02:00:00,4.31797979519297
2011-03-28 03:00:00,1.76905467635279
2011-03-28 05:00:00,10.935317059
2011-03-28 06:00:00,45.9413717781481
2011-03-28 07:00:00,127.77845205534
2011-03-28 08:00:00,307.581798180467
2011-03-28 09:00:00,169.099413520401
2011-03-28 10:00:00,89.3734242128471
2011-03-28 11:00:00,86.1848741775276
2011-03-28 12:00:00,96.6764924039447
2011-03-28 13:00:00,103.481282918467
2011-03-28 14:00:00,100.006334740158
2011-03-28 15:00:00,111.529953519273
2011-03-28 16:00:00,150.685666358583
2011-03-28 17:00:00,310.406528555633
2011-03-28 18:00:00,252.334580161052
2011-03-28 19:00:00,154.433026431833
2011-03-28 20:00:00,146.722768643409
2011-03-28 21:00:00,102.17189348219
2011-03-28 22:00:00,59.7845597692307
2011-03-28 23:00:00,39.7273917074293
2011-03-29 00:00:00,12.9630831746719
2011-03-29 01:00:00,2.98679569022398
2011-03-29 02:00:00,2.92294089189154
2011-03-29 03:00:00,1.81085822022502
2011-03-29 04:00:00,2.15192088827488
2011-03-29 05:00:00,8.87819513936423
2011-03-29 06:00:00,60.2971696663598
2011-03-29 07:00:00,150.306912295018
2011-03-29 08:00:00,301.929078411487
2011-03-29 09:00:00,218.273227365651
2011-03-29 10:00:00,89.2077788359241
2011-03-29 11:00:00,83.5692960488165
2011-03-29 12:00:00,140.322678692797
2011-03-29 13:00:00,111.263179630392
2011-03-29 14:00:00,121.167988880272
2011-03-29 15:00:00,146.939940929061
2011-03-29 16:00:00,187.872722471163
2011-03-29 17:00:00,418.220413905602
2011-03-29 18:00:00,290.274942820054
2011-03-29 19:00:00,241.730100930977
2011-03-29 20:00:00,165.285279983074
2011-03-29 21:00:00,129.729550255904
2011-03-29 22:00:00,86.3055092827478
2011-03-29 23:00:00,46.8327030128455
2011-03-30 00:00:00,17.2093580057523
2011-03-30 01:00:00,8.54097784371194
2011-03-30 02:00:00,3.77214729521575
2011-03-30 03:00:00,2.7443777235118
2011-03-30 04:00:00,2.91797336666596
2011-03-30 05:00:00,21.4414470360928
2011-03-30 06:00:00,93.9138101132134
2011-03-30 07:00:00,283.506399099254
2011-03-30 08:00:00,472.049609630126
2011-03-30 09:00:00,232.21039543855
2011-03-30 10:00:00,95.0059828654166
2011-03-30 11:00:00,93.7728614221059
2011-03-30 12:00:00,131.889711490576
2011-03-30 13:00:00,129.154556425592
2011-03-30 14:00:00,105.866311930767
2011-03-30 15:00:00,26.1198875964841
2011-03-30 16:00:00,44.3147496705416
2011-03-30 17:00:00,116.372770308289
2011-03-30 18:00:00,98.475199655213
2011-03-30 19:00:00,93.9749134086868
2011-03-30 20:00:00,39.1112367328106
2011-03-30 21:00:00,61.4704616814968
2011-03-30 22:00:00,34.7446389923939
2011-03-30 23:00:00,16.5196290790925
2011-03-31 00:00:00,8.12816085327147
2011-03-31 01:00:00,4.92317424138329
2011-03-31 02:00:00,5.41716827293533
2011-03-31 03:00:00,2.71703907678976
2011-03-31 04:00:00,2.65993049942458
2011-03-31 05:00:00,10.2129876699053
2011-03-31 06:00:00,27.321179522296
2011-03-31 07:00:00,121.109822052789
2011-03-31 08:00:00,238.098112542901
2011-03-31 09:00:00,90.8268852516172
2011-03-31 10:00:00,48.1452362614484
2011-03-31 11:00:00,43.8835880102777
2011-03-31 12:00:00,43.2321985412159
2011-03-31 13:00:00,47.3172085702292
2011-03-31 14:00:00,39.5317686649686
2011-03-31 15:00:00,27.350821911113
2011-03-31 16:00:00,79.4289467343372
2011-03-31 17:00:00,194.870894920962
2011-03-31 18:00:00,190.949276139806
2011-03-31 19:00:00,148.369305615902
2011-03-31 20:00:00,49.7137428454776
2011-03-31 21:00:00,83.5050533648098
2011-03-31 22:00:00,34.5112697223249
2011-03-31 23:00:00,30.3882036821646
2011-04-20 00:00:00,38.2644690084485
2011-04-20 01:00:00,8.21943751678281
2011-04-20 02:00:00,5.5881587731009
2011-04-20 03:00:00,3.32962395189683
2011-04-20 04:00:00,2.24416397966813
2011-04-20 05:00:00,14.0259231564672
2011-04-20 06:00:00,84.8554494362759
2011-04-20 07:00:00,261.818157899109
2011-04-20 08:00:00,603.377066942886
2011-04-20 09:00:00,277.310655321894
2011-04-20 10:00:00,177.506265705129
2011-04-20 11:00:00,191.089563693312
2011-04-20 12:00:00,272.354693799344
2011-04-20 13:00:00,233.603893181212
2011-04-20 14:00:00,233.289740376
2011-04-20 15:00:00,229.969948637295
2011-04-20 16:00:00,363.755674852163
2011-04-20 17:00:00,706.666876910286
2011-04-20 18:00:00,511.176521846372
2011-04-20 19:00:00,515.707374797157
2011-04-20 20:00:00,342.950449975298
2011-04-20 21:00:00,242.853004711382
2011-04-20 22:00:00,196.014127197073
2011-04-20 23:00:00,108.888189556887
2011-04-21 00:00:00,45.9580273662939
2011-04-21 01:00:00,17.2811218606757
2011-04-21 02:00:00,11.1247244956586
2011-04-21 03:00:00,4.11790556459326
2011-04-21 04:00:00,3.78284890894426
2011-04-21 05:00:00,29.856880384828
2011-04-21 06:00:00,102.395495687259
2011-04-21 07:00:00,287.629974526908
2011-04-21 08:00:00,458.735740868806
2011-04-21 09:00:00,245.272720061259
2011-04-21 10:00:00,164.740702805595
2011-04-21 11:00:00,178.039352899689
2011-04-21 12:00:00,229.320919125909
2011-04-21 13:00:00,238.535542333187
2011-04-21 14:00:00,207.653541336486
2011-04-21 15:00:00,201.889174960185
2011-04-21 16:00:00,234.216955784992
2011-04-21 17:00:00,645.822952574227
2011-04-21 18:00:00,569.927039342296
2011-04-21 19:00:00,369.74424911913
2011-04-21 20:00:00,276.809678728967
2011-04-21 21:00:00,180.186344111078
2011-04-21 22:00:00,166.750356937164
2011-04-21 23:00:00,101.67896898242
2011-04-22 00:00:00,39.9412639646728
2011-04-22 01:00:00,18.0693137637426
2011-04-22 02:00:00,9.4956927873346
2011-04-22 03:00:00,6.22970116427436
2011-04-22 04:00:00,3.86843281610841
2011-04-22 05:00:00,17.7340653297239
2011-04-22 06:00:00,88.5162584255782
2011-04-22 07:00:00,244.909771684978
2011-04-22 08:00:00,440.378655423242
2011-04-22 09:00:00,111.319532545741
2011-04-22 10:00:00,113.660733770876
2011-04-22 11:00:00,79.8335792698803
2011-04-22 12:00:00,53.7735133437772
2011-04-22 13:00:00,39.7841351238362
2011-04-22 14:00:00,23.0891558253807
2011-04-22 15:00:00,36.9006117150757
2011-04-22 16:00:00,69.5738001989155
2011-04-22 17:00:00,114.584293189687
2011-04-22 18:00:00,82.7608561724465
2011-04-22 19:00:00,69.0319660075362
2011-04-22 20:00:00,50.7801367318459
2011-04-22 21:00:00,47.0801529540712
2011-04-22 22:00:00,39.4312715265037
2011-04-22 23:00:00,37.4063411838359
2011-04-23 00:00:00,33.6825327959618
2011-04-23 01:00:00,28.4527336515337
2011-04-23 02:00:00,29.4843448098278
2011-04-23 03:00:00,16.1353172035902
2011-04-23 04:00:00,5.04284609069483
2011-04-23 05:00:00,6.43213928171606
2011-04-23 06:00:00,11.5901873141073
2011-04-23 07:00:00,16.3906740098856
2011-04-23 08:00:00,47.1897345255137
2011-04-23 09:00:00,51.7758003584885
2011-04-23 10:00:00,99.9348488263458
2011-04-23 11:00:00,191.772531837345
2011-04-23 12:00:00,198.124072097937
2011-04-23 13:00:00,199.2032636665
2011-04-23 14:00:00,268.081114291036
2011-04-23 15:00:00,361.48612221008
2011-04-23 16:00:00,336.273291906185
2011-04-23 17:00:00,363.726985174808
2011-04-23 18:00:00,294.204924942698
2011-04-23 19:00:00,231.776002656885
2011-04-23 20:00:00,156.995436158953
2011-04-23 21:00:00,165.578421741284
2011-04-23 22:00:00,189.997177907055
2011-04-23 23:00:00,116.216676430459
2011-04-24 00:00:00,138.635751887378
2011-04-24 01:00:00,66.2240062763136
2011-04-24 02:00:00,53.9002096700197
2011-04-24 03:00:00,27.1032313009268
2011-04-24 04:00:00,9.60325553016598
2011-04-24 05:00:00,15.6099037122192
2011-04-24 06:00:00,9.47261929630448
2011-04-24 07:00:00,25.1684205299176
2011-04-24 08:00:00,83.3579135291142
2011-04-24 09:00:00,136.594640447747
2011-04-24 10:00:00,230.165872630357
2011-04-24 11:00:00,394.677893048651
2011-04-24 12:00:00,390.654471761722
2011-04-24 13:00:00,425.976726208352
2011-04-24 14:00:00,484.537625124354
2011-04-24 15:00:00,417.248011150601
2011-04-24 16:00:00,455.017681441218
2011-04-24 17:00:00,470.807716591627
2011-04-24 18:00:00,299.949827426685
2011-04-24 19:00:00,189.169479461873
2011-04-24 20:00:00,132.188360517598
2011-04-24 21:00:00,69.1618352491636
2011-04-24 22:00:00,45.7894074039046
2011-04-24 23:00:00,47.3701350605735
2011-04-25 00:00:00,21.3631483191739
2011-04-25 01:00:00,10.5471568305062
2011-04-25 02:00:00,7.22963045200136
2011-04-25 03:00:00,3.8326144249673
2011-04-25 04:00:00,6.11235689149482
2011-04-25 05:00:00,13.310556312627
2011-04-25 06:00:00,75.7669958009695
2011-04-25 07:00:00,219.979977478201
2011-04-25 08:00:00,503.292483567444
2011-04-25 09:00:00,280.807090963096
2011-04-25 10:00:00,153.545846596698
2011-04-25 11:00:00,177.262434028363
2011-04-25 12:00:00,202.028149813506
2011-04-25 13:00:00,226.292317133142
2011-04-25 14:00:00,180.003205628188
2011-04-25 15:00:00,205.400228545101
2011-04-25 16:00:00,311.837428905588
2011-04-25 17:00:00,613.552464057729
2011-04-25 18:00:00,528.818273588047
2011-04-25 19:00:00,413.19873358928
2011-04-25 20:00:00,282.424805516791
2011-04-25 21:00:00,209.860337165532
2011-04-25 22:00:00,128.118328223509
2011-04-25 23:00:00,59.9313527020415
2011-04-26 00:00:00,34.0878845199664
2011-04-26 01:00:00,13.9276381373004
2011-04-26 02:00:00,5.47918683254085
2011-04-26 03:00:00,3.5334514932178
2011-04-26 04:00:00,5.96716980721118
2011-04-26 05:00:00,25.2508203953028
2011-04-26 06:00:00,116.595540428524
2011-04-26 07:00:00,356.161313479562
2011-04-26 08:00:00,538.674200929826
2011-04-26 09:00:00,253.170587268758
2011-04-26 10:00:00,155.001841956093
2011-04-26 11:00:00,165.68711735367
2011-04-26 12:00:00,223.267495800343
2011-04-26 13:00:00,195.974414099072
2011-04-26 14:00:00,187.813681880397
2011-04-26 15:00:00,215.735190523194
2011-04-26 16:00:00,312.058673377775
2011-04-26 17:00:00,623.578636741817
2011-04-26 18:00:00,619.132280719868
2011-04-26 19:00:00,404.674581961933
2011-04-26 20:00:00,322.814734486701
2011-04-26 21:00:00,209.757713615794
2011-04-26 22:00:00,160.192130726514
2011-04-26 23:00:00,75.7488192442103
2011-04-27 00:00:00,44.7960252873302
2011-04-27 01:00:00,16.9526067560323
2011-04-27 02:00:00,6.22793822278526
2011-04-27 03:00:00,4.51794966069372
2011-04-27 04:00:00,5.32551415792385
2011-04-27 05:00:00,17.5504025620027
2011-04-27 06:00:00,118.858639318334
2011-04-27 07:00:00,323.447839522263
2011-04-27 08:00:00,491.017628478589
2011-04-27 09:00:00,234.11542910081
2011-04-27 10:00:00,134.920690650288
2011-04-27 11:00:00,146.662728817507
2011-04-27 12:00:00,197.21454561361
2011-04-27 13:00:00,181.308534958068
2011-04-27 14:00:00,204.282722807857
2011-04-27 15:00:00,232.196551062771
2011-04-27 16:00:00,367.074594793249
2011-04-27 17:00:00,241.846739035666
2011-04-27 18:00:00,232.309676859998
2011-04-27 19:00:00,450.367678020278
2011-04-27 20:00:00,258.469773030697
2011-04-27 21:00:00,175.330675507044
2011-04-27 22:00:00,112.470918606442
2011-04-27 23:00:00,64.5671612865379
2011-04-28 00:00:00,49.9743978478571
2011-04-28 01:00:00,16.4014800153446
2011-04-28 02:00:00,8.02048591978139
2011-04-28 03:00:00,4.59447127081027
2011-04-28 04:00:00,5.50831302756832
2011-04-28 05:00:00,31.7908382367197
2011-04-28 06:00:00,125.951706539664
2011-04-28 07:00:00,339.363309392852
2011-04-28 08:00:00,546.152803351503
2011-04-28 09:00:00,157.182511484504
2011-04-28 10:00:00,114.983761295054
2011-04-28 11:00:00,122.573696214718
2011-04-28 12:00:00,186.579644029591
2011-04-28 13:00:00,137.732185902289
2011-04-28 14:00:00,135.097711665667
2011-04-28 15:00:00,245.925628448435
2011-04-28 16:00:00,283.858844351449
2011-04-28 17:00:00,562.940358465796
2011-04-28 18:00:00,610.647061502643
2011-04-28 19:00:00,475.031269588347
2011-04-28 20:00:00,338.743711216525
2011-04-28 21:00:00,260.590769744785
2011-04-28 22:00:00,195.981541259411
2011-04-28 23:00:00,141.624226804883
2011-04-29 00:00:00,57.4452325854304
2011-04-29 01:00:00,39.171797200647
2011-04-29 02:00:00,19.653332107647
2011-04-29 03:00:00,10.3587195293629
2011-04-29 04:00:00,5.72096251269828
2011-04-29 05:00:00,24.614391514683
2011-04-29 06:00:00,124.261673523478
2011-04-29 07:00:00,338.392454997068
2011-04-29 08:00:00,567.600885885971
2011-04-29 09:00:00,312.670743147397
2011-04-29 10:00:00,201.972372134097
2011-04-29 11:00:00,273.962759075107
2011-04-29 12:00:00,311.726670903469
2011-04-29 13:00:00,318.581226031465
2011-04-29 14:00:00,239.272991370127
2011-04-29 15:00:00,264.364026829905
2011-04-29 16:00:00,362.792709192269
2011-04-29 17:00:00,417.375001466206
2011-04-29 18:00:00,511.304737384874
2011-04-29 19:00:00,280.976993153799
2011-04-29 20:00:00,218.248461676278
2011-04-29 21:00:00,183.97481162858
2011-04-29 22:00:00,154.067559999286
2011-04-29 23:00:00,104.515822954545
2011-04-30 00:00:00,90.9226815467471
2011-04-30 01:00:00,62.1668491791011
2011-04-30 02:00:00,44.9225958091307
2011-04-30 03:00:00,22.0164513417735
2011-04-30 04:00:00,5.75947520854614
2011-04-30 05:00:00,6.08213204183473
2011-04-30 06:00:00,20.2803889872105
2011-04-30 07:00:00,32.5438668578268
2011-04-30 08:00:00,89.7811868392067
2011-04-30 09:00:00,129.176745813133
2011-04-30 10:00:00,298.027648170052
2011-04-30 11:00:00,356.760431649028
2011-04-30 12:00:00,399.962051128884
2011-04-30 13:00:00,374.135504044519
2011-04-30 14:00:00,399.110764045676
2011-04-30 15:00:00,530.633029086808
2011-04-30 16:00:00,434.645862212916
2011-04-30 17:00:00,409.206943842321
2011-04-30 18:00:00,321.987250731984
2011-04-30 19:00:00,280.267044821636
2011-04-30 20:00:00,110.616347642462
2011-04-30 21:00:00,104.081540294025
2011-04-30 22:00:00,89.6639115391869
2011-04-30 23:00:00,82.819729733234
2011-05-20 00:00:00,32.6721595405892
2011-05-20 01:00:00,14.2879532731663
2011-05-20 02:00:00,8.5997469931388
2011-05-20 03:00:00,5.19159946672402
2011-05-20 04:00:00,5.05937134449521
2011-05-20 05:00:00,23.2207381338778
2011-05-20 06:00:00,126.983106431212
2011-05-20 07:00:00,389.528429384713
2011-05-20 08:00:00,569.421494851928
2011-05-20 09:00:00,286.761833320385
2011-05-20 10:00:00,175.289271326341
2011-05-20 11:00:00,218.016504171813
2011-05-20 12:00:00,300.601299712552
2011-05-20 13:00:00,190.161996001752
2011-05-20 14:00:00,261.944667911403
2011-05-20 15:00:00,261.406522139244
2011-05-20 16:00:00,412.694088025146
2011-05-20 17:00:00,577.047200509536
2011-05-20 18:00:00,533.11723517726
2011-05-20 19:00:00,364.943903717984
2011-05-20 20:00:00,252.707249202361
2011-05-20 21:00:00,241.38755866684
2011-05-20 22:00:00,204.147614761247
2011-05-20 23:00:00,168.465582530272
2011-05-21 00:00:00,162.646218813524
2011-05-21 01:00:00,109.767461286638
2011-05-21 02:00:00,77.2552425537473
2011-05-21 03:00:00,28.1080297888196
2011-05-21 04:00:00,6.2652822272229
2011-05-21 05:00:00,13.6707469771001
2011-05-21 06:00:00,31.6120870542741
2011-05-21 07:00:00,88.7032022216871
2011-05-21 08:00:00,173.68133327914
2011-05-21 09:00:00,276.676576744039
2011-05-21 10:00:00,312.780719103656
2011-05-21 11:00:00,439.714860887914
2011-05-21 12:00:00,502.941487724647
2011-05-21 13:00:00,572.261663059394
2011-05-21 14:00:00,548.633939548715
2011-05-21 15:00:00,516.786232114214
2011-05-21 16:00:00,546.766730337241
2011-05-21 17:00:00,515.26620321647
2011-05-21 18:00:00,387.695062909072
2011-05-21 19:00:00,403.892145442206
2011-05-21 20:00:00,221.078758970892
2011-05-21 21:00:00,206.61383597862
2011-05-21 22:00:00,166.760178679251
2011-05-21 23:00:00,146.05036393032
2011-05-22 00:00:00,118.094190974404
2011-05-22 01:00:00,74.3670222923085
2011-05-22 02:00:00,61.6016861143249
2011-05-22 03:00:00,26.0982154823726
2011-05-22 04:00:00,8.45466281598872
2011-05-22 05:00:00,13.4322628153578
2011-05-22 06:00:00,19.9664018450852
2011-05-22 07:00:00,60.793962596795
2011-05-22 08:00:00,130.108771559237
2011-05-22 09:00:00,207.704619946891
2011-05-22 10:00:00,268.590906715918
2011-05-22 11:00:00,393.307566605921
2011-05-22 12:00:00,398.010725581843
2011-05-22 13:00:00,540.224540118733
2011-05-22 14:00:00,246.110834436186
2011-05-22 15:00:00,443.31892335593
2011-05-22 16:00:00,429.141582124961
2011-05-22 17:00:00,428.1428623192
2011-05-22 18:00:00,378.924432645523
2011-05-22 19:00:00,295.587647159419
2011-05-22 20:00:00,218.923174724075
2011-05-22 21:00:00,179.193636202308
2011-05-22 22:00:00,126.164687310908
2011-05-22 23:00:00,93.5187606489597
2011-05-23 00:00:00,32.5634310629352
2011-05-23 01:00:00,16.3987031440196
2011-05-23 02:00:00,5.19037779575166
2011-05-23 03:00:00,2.89891503660385
2011-05-23 04:00:00,5.56326052541012
2011-05-23 05:00:00,20.2712567390062
2011-05-23 06:00:00,74.4022270583171
2011-05-23 07:00:00,292.114159672528
2011-05-23 08:00:00,487.713605949769
2011-05-23 09:00:00,217.734195859327
2011-05-23 10:00:00,130.526819856539
2011-05-23 11:00:00,140.124913465765
2011-05-23 12:00:00,194.858247120357
2011-05-23 13:00:00,181.491024639928
2011-05-23 14:00:00,175.259596520817
2011-05-23 15:00:00,183.64769159066
2011-05-23 16:00:00,286.740642801636
2011-05-23 17:00:00,414.768319261272
2011-05-23 18:00:00,555.300925954346
2011-05-23 19:00:00,439.281960996503
2011-05-23 20:00:00,236.706610766576
2011-05-23 21:00:00,209.743944489503
2011-05-23 22:00:00,103.845740860277
2011-05-23 23:00:00,66.4532028076992
2011-05-24 00:00:00,18.1430967310918
2011-05-24 01:00:00,7.88774244318214
2011-05-24 02:00:00,6.63470486229652
2011-05-24 03:00:00,3.8691278807101
2011-05-24 04:00:00,5.93584157355326
2011-05-24 05:00:00,17.5615243558513
2011-05-24 06:00:00,104.564995940271
2011-05-24 07:00:00,230.398717037614
2011-05-24 08:00:00,289.36979052254
2011-05-24 09:00:00,277.876057757779
2011-05-24 10:00:00,145.398204976678
2011-05-24 11:00:00,162.838000707927
2011-05-24 12:00:00,205.228512856554
2011-05-24 13:00:00,209.098371318452
2011-05-24 14:00:00,178.314256502496
2011-05-24 15:00:00,178.695397660206
2011-05-24 16:00:00,364.315463404039
2011-05-24 17:00:00,648.317376331752
2011-05-24 18:00:00,746.377233652417
2011-05-24 19:00:00,465.619098829208
2011-05-24 20:00:00,324.129652610634
2011-05-24 21:00:00,215.161830397657
2011-05-24 22:00:00,71.9402878268587
2011-05-24 23:00:00,89.7567435780519
2011-05-25 00:00:00,37.5167612456868
2011-05-25 01:00:00,13.1600833832766
2011-05-25 02:00:00,7.07666820513405
2011-05-25 03:00:00,4.21196040911441
2011-05-25 04:00:00,4.94064352366541
2011-05-25 05:00:00,26.2686626290845
2011-05-25 06:00:00,122.646182494227
2011-05-25 07:00:00,409.680025889059
2011-05-25 08:00:00,573.959806893988
2011-05-25 09:00:00,263.81273383189
2011-05-25 10:00:00,165.494277055319
2011-05-25 11:00:00,162.641635905602
2011-05-25 12:00:00,242.429450661074
2011-05-25 13:00:00,218.329301701974
2011-05-25 14:00:00,194.293503515316
2011-05-25 15:00:00,209.575234378772
2011-05-25 16:00:00,307.492217824563
2011-05-25 17:00:00,675.112011970163
2011-05-25 18:00:00,692.082320208379
2011-05-25 19:00:00,512.658972043331
2011-05-25 20:00:00,400.160034564128
2011-05-25 21:00:00,261.195819861198
2011-05-25 22:00:00,201.001977666298
2011-05-25 23:00:00,114.112310173868
2011-05-26 00:00:00,51.0345684460632
2011-05-26 01:00:00,21.559375437126
2011-05-26 02:00:00,10.7377212234658
2011-05-26 03:00:00,5.62448424847557
2011-05-26 04:00:00,6.62208735722429
2011-05-26 05:00:00,25.6426135751082
2011-05-26 06:00:00,82.927408591618
2011-05-26 07:00:00,241.455149522533
2011-05-26 08:00:00,532.828055558211
2011-05-26 09:00:00,248.493128127925
2011-05-26 10:00:00,138.405692812959
2011-05-26 11:00:00,158.353670055366
2011-05-26 12:00:00,193.628129674052
2011-05-26 13:00:00,198.008038017157
2011-05-26 14:00:00,185.132063514785
2011-05-26 15:00:00,195.727306990321
2011-05-26 16:00:00,325.769982919703
2011-05-26 17:00:00,515.004488913659
2011-05-26 18:00:00,534.107274120788
2011-05-26 19:00:00,430.062281357063
2011-05-26 20:00:00,366.669730433687
2011-05-26 21:00:00,272.427226946755
2011-05-26 22:00:00,203.714977294822
2011-05-26 23:00:00,138.371626509672
2011-05-27 00:00:00,68.1216911617148
2011-05-27 01:00:00,28.6924342448062
2011-05-27 02:00:00,13.8456901803609
2011-05-27 03:00:00,7.7716958602551
2011-05-27 04:00:00,5.86386275999485
2011-05-27 05:00:00,32.6739408200146
2011-05-27 06:00:00,109.021452629031
2011-05-27 07:00:00,376.428170688494
2011-05-27 08:00:00,533.700470891402
2011-05-27 09:00:00,282.991557969257
2011-05-27 10:00:00,184.204272919318
2011-05-27 11:00:00,202.364628254134
2011-05-27 12:00:00,240.24073162647
2011-05-27 13:00:00,258.822255579544
2011-05-27 14:00:00,231.278235257437
2011-05-27 15:00:00,249.123738995508
2011-05-27 16:00:00,368.229983323768
2011-05-27 17:00:00,594.43975224842
2011-05-27 18:00:00,573.446180336328
2011-05-27 19:00:00,218.973340586364
2011-05-27 20:00:00,240.83484078843
2011-05-27 21:00:00,196.770747950646
2011-05-27 22:00:00,223.590323836049
2011-05-27 23:00:00,156.544914759738
2011-05-28 00:00:00,126.905639752142
2011-05-28 01:00:00,91.6171040294007
2011-05-28 02:00:00,50.3295573245173
2011-05-28 03:00:00,30.7799368840641
2011-05-28 04:00:00,10.7911344085147
2011-05-28 05:00:00,14.4857586924692
2011-05-28 06:00:00,35.7037941232486
2011-05-28 07:00:00,72.0395616513279
2011-05-28 08:00:00,155.979490470089
2011-05-28 09:00:00,252.16032265967
2011-05-28 10:00:00,319.848922161154
2011-05-28 11:00:00,410.494621952482
2011-05-28 12:00:00,405.859202963133
2011-05-28 13:00:00,437.943151389479
2011-05-28 14:00:00,373.835132563645
2011-05-28 15:00:00,474.478083575684
2011-05-28 16:00:00,460.703826791699
2011-05-28 17:00:00,492.491301667457
2011-05-28 18:00:00,368.903511407142
2011-05-28 19:00:00,296.734797295642
2011-05-28 20:00:00,253.567771788387
2011-05-28 21:00:00,232.866617899455
2011-05-28 22:00:00,158.75710549325
2011-05-28 23:00:00,132.33224385839
2011-05-29 00:00:00,143.081359699213
2011-05-29 01:00:00,84.4478847151238
2011-05-29 02:00:00,56.4391657854987
2011-05-29 03:00:00,32.0246498139842
2011-05-29 04:00:00,11.6388900459324
2011-05-29 05:00:00,13.7758284073803
2011-05-29 06:00:00,17.1826372927276
2011-05-29 07:00:00,30.5148617220295
2011-05-29 08:00:00,97.3085092571526
2011-05-29 09:00:00,101.968861165016
2011-05-29 10:00:00,214.321169640672
2011-05-29 11:00:00,258.499401579773
2011-05-29 12:00:00,322.122218329778
2011-05-29 13:00:00,371.800602908355
2011-05-29 14:00:00,306.713768335394
2011-05-29 15:00:00,355.116419480346
2011-05-29 16:00:00,370.06461757548
2011-05-29 17:00:00,326.204337113396
2011-05-29 18:00:00,325.175329387628
2011-05-29 19:00:00,257.712321190228
2011-05-29 20:00:00,190.784868526771
2011-05-29 21:00:00,171.051418246191
2011-05-29 22:00:00,111.669040265141
2011-05-29 23:00:00,91.7537027248032
2011-05-30 00:00:00,93.565991649216
2011-05-30 01:00:00,64.5675663070301
2011-05-30 02:00:00,34.560563071182
2011-05-30 03:00:00,15.5354016217909
2011-05-30 04:00:00,10.4672458120623
2011-05-30 05:00:00,11.498150684296
2011-05-30 06:00:00,17.3244622404803
2011-05-30 07:00:00,43.3916001242293
2011-05-30 08:00:00,129.008507823585
2011-05-30 09:00:00,197.388744386757
2011-05-30 10:00:00,376.553135183227
2011-05-30 11:00:00,317.633695720676
2011-05-30 12:00:00,393.061668182128
2011-05-30 13:00:00,352.733991331205
2011-05-30 14:00:00,391.444922519274
2011-05-30 15:00:00,423.80849925182
2011-05-30 16:00:00,388.340613069405
2011-05-30 17:00:00,453.787000627992
2011-05-30 18:00:00,440.739710346568
2011-05-30 19:00:00,243.021731885232
2011-05-30 20:00:00,255.245988411478
2011-05-30 21:00:00,230.910420948995
2011-05-30 22:00:00,170.521608014669
2011-05-30 23:00:00,90.8678971377147
2011-05-31 00:00:00,39.5325928605823
2011-05-31 01:00:00,20.3254532695044
2011-05-31 02:00:00,8.26876285486517
2011-05-31 03:00:00,4.3305634109569
2011-05-31 04:00:00,6.97635547142342
2011-05-31 05:00:00,29.0738214030213
2011-05-31 06:00:00,145.603993946663
2011-05-31 07:00:00,319.570982995057
2011-05-31 08:00:00,465.917630315447
2011-05-31 09:00:00,214.150119746084
2011-05-31 10:00:00,124.007779886773
2011-05-31 11:00:00,135.114651456018
2011-05-31 12:00:00,157.843397014424
2011-05-31 13:00:00,148.869266926325
2011-05-31 14:00:00,147.717495453797
2011-05-31 15:00:00,145.70610718068
2011-05-31 16:00:00,233.19229559616
2011-05-31 17:00:00,554.30826330636
2011-05-31 18:00:00,535.057493851404
2011-05-31 19:00:00,429.0613208303
2011-05-31 20:00:00,312.360052369875
2011-05-31 21:00:00,256.659951702221
2011-05-31 22:00:00,183.329565636073
2011-05-31 23:00:00,120.135142415031
2011-06-20 00:00:00,36.2755068749931
2011-06-20 01:00:00,16.0552475056789
2011-06-20 02:00:00,7.1865665378124
2011-06-20 03:00:00,2.957293728577
2011-06-20 04:00:00,3.56415964304724
2011-06-20 05:00:00,22.6747469953462
2011-06-20 06:00:00,90.0626755708264
2011-06-20 07:00:00,152.36177642612
2011-06-20 08:00:00,312.395496517492
2011-06-20 09:00:00,237.20929061142
2011-06-20 10:00:00,127.121457168413
2011-06-20 11:00:00,154.397312618791
2011-06-20 12:00:00,210.89535466924
2011-06-20 13:00:00,225.895421384307
2011-06-20 14:00:00,191.364713834205
2011-06-20 15:00:00,214.959976330493
2011-06-20 16:00:00,301.647651910892
2011-06-20 17:00:00,628.126928276607
2011-06-20 18:00:00,628.839866713404
2011-06-20 19:00:00,439.763873366681
2011-06-20 20:00:00,312.094922523948
2011-06-20 21:00:00,237.995275572935
2011-06-20 22:00:00,138.131687682135
2011-06-20 23:00:00,82.2280810556968
2011-06-21 00:00:00,31.0523114004743
2011-06-21 01:00:00,12.26802108105
2011-06-21 02:00:00,4.39817813550328
2011-06-21 03:00:00,2.7563246593415
2011-06-21 04:00:00,6.26741391702284
2011-06-21 05:00:00,25.9451201374269
2011-06-21 06:00:00,127.432497059032
2011-06-21 07:00:00,265.025255272826
2011-06-21 08:00:00,588.650621292913
2011-06-21 09:00:00,237.942541064199
2011-06-21 10:00:00,117.678989964925
2011-06-21 11:00:00,136.029301159938
2011-06-21 12:00:00,219.522939265011
2011-06-21 13:00:00,204.50719796381
2011-06-21 14:00:00,203.98712628307
2011-06-21 15:00:00,234.62987964749
2011-06-21 16:00:00,358.893204910914
2011-06-21 17:00:00,721.058530783602
2011-06-21 18:00:00,707.893134944466
2011-06-21 19:00:00,474.432445114031
2011-06-21 20:00:00,280.570505894467
2011-06-21 21:00:00,270.115277129083
2011-06-21 22:00:00,167.974954120085
2011-06-21 23:00:00,117.212343630693
2011-06-22 00:00:00,41.8279153103599
2011-06-22 01:00:00,20.5934616033169
2011-06-22 02:00:00,7.36595381411366
2011-06-22 03:00:00,6.30161769243689
2011-06-22 04:00:00,5.73412559787987
2011-06-22 05:00:00,29.2319841975655
2011-06-22 06:00:00,148.425574006476
2011-06-22 07:00:00,371.452758335501
2011-06-22 08:00:00,657.272172704378
2011-06-22 09:00:00,274.419189437958
2011-06-22 10:00:00,144.135686587934
2011-06-22 11:00:00,180.124911831568
2011-06-22 12:00:00,248.87257610731
2011-06-22 13:00:00,207.988398597021
2011-06-22 14:00:00,227.03445951974
2011-06-22 15:00:00,206.535180301896
2011-06-22 16:00:00,311.12106276327
2011-06-22 17:00:00,750.365372715818
2011-06-22 18:00:00,709.358666348122
2011-06-22 19:00:00,537.261923166048
2011-06-22 20:00:00,384.071688507408
2011-06-22 21:00:00,272.527472070052
2011-06-22 22:00:00,187.468652719801
2011-06-22 23:00:00,116.394916748666
2011-06-23 00:00:00,48.364296247028
2011-06-23 01:00:00,22.2168485021443
2011-06-23 02:00:00,10.4135531110205
2011-06-23 03:00:00,5.23944502583863
2011-06-23 04:00:00,6.8101544220896
2011-06-23 05:00:00,34.315002078487
2011-06-23 06:00:00,147.109986979987
2011-06-23 07:00:00,400.827833438687
2011-06-23 08:00:00,492.469484959667
2011-06-23 09:00:00,270.617716223487
2011-06-23 10:00:00,178.895171064059
2011-06-23 11:00:00,168.406457534962
2011-06-23 12:00:00,208.368804242262
2011-06-23 13:00:00,199.300277655321
2011-06-23 14:00:00,178.419520096753
2011-06-23 15:00:00,206.373288367091
2011-06-23 16:00:00,316.581638128041
2011-06-23 17:00:00,575.20309823454
2011-06-23 18:00:00,580.77395972763
2011-06-23 19:00:00,422.700715970856
2011-06-23 20:00:00,336.180665699749
2011-06-23 21:00:00,260.335526134397
2011-06-23 22:00:00,171.438854258397
2011-06-23 23:00:00,123.565684236777
2011-06-24 00:00:00,58.2118834016688
2011-06-24 01:00:00,23.1509635685172
2011-06-24 02:00:00,13.6634907822388
2011-06-24 03:00:00,7.69868047053514
2011-06-24 04:00:00,7.37501116871444
2011-06-24 05:00:00,28.5403081452829
2011-06-24 06:00:00,122.126516978454
2011-06-24 07:00:00,329.495696890196
2011-06-24 08:00:00,489.036346648449
2011-06-24 09:00:00,268.736628352045
2011-06-24 10:00:00,192.711632068125
2011-06-24 11:00:00,243.123520201265
2011-06-24 12:00:00,272.711029189679
2011-06-24 13:00:00,299.843955704965
2011-06-24 14:00:00,238.830385714195
2011-06-24 15:00:00,293.768086568875
2011-06-24 16:00:00,430.349058638315
2011-06-24 17:00:00,669.979910407531
2011-06-24 18:00:00,556.333039253178
2011-06-24 19:00:00,426.643416914728
2011-06-24 20:00:00,327.206421879364
2011-06-24 21:00:00,244.809904115886
2011-06-24 22:00:00,211.489394979063
2011-06-24 23:00:00,161.052295592707
2011-06-25 00:00:00,279.450438627314
2011-06-25 01:00:00,123.581762449246
2011-06-25 02:00:00,95.4065939601527
2011-06-25 03:00:00,36.4503644069985
2011-06-25 04:00:00,12.0946759500003
2011-06-25 05:00:00,9.25877959838325
2011-06-25 06:00:00,47.6447372235461
2011-06-25 07:00:00,71.4147981387573
2011-06-25 08:00:00,199.703556174094
2011-06-25 09:00:00,310.281503533928
2011-06-25 10:00:00,388.847345262913
2011-06-25 11:00:00,465.665327112882
2011-06-25 12:00:00,519.498170948152
2011-06-25 13:00:00,484.737655728172
2011-06-25 14:00:00,461.330380113151
2011-06-25 15:00:00,473.846744805349
2011-06-25 16:00:00,465.486436853543
2011-06-25 17:00:00,514.383349305903
2011-06-25 18:00:00,463.308328577643
2011-06-25 19:00:00,362.482121605625
2011-06-25 20:00:00,310.610955758673
2011-06-25 21:00:00,242.552814738318
2011-06-25 22:00:00,232.077128638383
2011-06-25 23:00:00,173.716637553033
2011-06-26 00:00:00,221.248385080795
2011-06-26 01:00:00,104.83426888306
2011-06-26 02:00:00,82.3019285272875
2011-06-26 03:00:00,45.4144284313031
2011-06-26 04:00:00,13.1148494044721
2011-06-26 05:00:00,10.1502610390309
2011-06-26 06:00:00,22.2642092946703
2011-06-26 07:00:00,49.0974220630024
2011-06-26 08:00:00,134.715304220156
2011-06-26 09:00:00,266.328552573031
2011-06-26 10:00:00,372.47596037974
2011-06-26 11:00:00,454.47104143762
2011-06-26 12:00:00,529.989644343508
2011-06-26 13:00:00,474.003234916754
2011-06-26 14:00:00,498.238703299432
2011-06-26 15:00:00,520.806620532721
2011-06-26 16:00:00,503.373866528602
2011-06-26 17:00:00,482.897715003413
2011-06-26 18:00:00,416.077502288937
2011-06-26 19:00:00,383.032711813793
2011-06-26 20:00:00,300.911904494155
2011-06-26 21:00:00,242.091989976047
2011-06-26 22:00:00,181.436475533792
2011-06-26 23:00:00,110.921740890427
2011-06-27 00:00:00,32.0625476978466
2011-06-27 01:00:00,12.8953398352518
2011-06-27 02:00:00,6.51822714922081
2011-06-27 03:00:00,4.1667446933734
2011-06-27 04:00:00,6.5334142103157
2011-06-27 05:00:00,27.5004215413677
2011-06-27 06:00:00,123.386622389538
2011-06-27 07:00:00,353.811905066552
2011-06-27 08:00:00,449.538305046887
2011-06-27 09:00:00,300.807744777808
2011-06-27 10:00:00,179.891579768604
2011-06-27 11:00:00,200.467131649339
2011-06-27 12:00:00,247.383903424324
2011-06-27 13:00:00,222.540942065607
2011-06-27 14:00:00,213.158620259294
2011-06-27 15:00:00,242.003516042283
2011-06-27 16:00:00,339.128197693529
2011-06-27 17:00:00,710.51559285385
2011-06-27 18:00:00,667.009060135149
2011-06-27 19:00:00,500.665854385844
2011-06-27 20:00:00,320.980164553786
2011-06-27 21:00:00,221.477179371305
2011-06-27 22:00:00,142.862378015587
2011-06-27 23:00:00,88.9626979478914
2011-06-28 00:00:00,33.2977671589913
2011-06-28 01:00:00,16.0479299958646
2011-06-28 02:00:00,9.93080062842693
2011-06-28 03:00:00,5.8320750241266
2011-06-28 04:00:00,7.6857602821992
2011-06-28 05:00:00,29.2276870468914
2011-06-28 06:00:00,146.898059064347
2011-06-28 07:00:00,350.24807952201
2011-06-28 08:00:00,506.59063334023
2011-06-28 09:00:00,266.551093937524
2011-06-28 10:00:00,153.795702922042
2011-06-28 11:00:00,175.768697843152
2011-06-28 12:00:00,220.623448319664
2011-06-28 13:00:00,219.719309039041
2011-06-28 14:00:00,187.190843676716
2011-06-28 15:00:00,190.668820634889
2011-06-28 16:00:00,265.508276190475
2011-06-28 17:00:00,488.3254633623
2011-06-28 18:00:00,431.754760932246
2011-06-28 19:00:00,362.247821259002
2011-06-28 20:00:00,352.412406347215
2011-06-28 21:00:00,226.426311608696
2011-06-28 22:00:00,177.007469039901
2011-06-28 23:00:00,113.480624446788
2011-06-29 00:00:00,35.1789551553328
2011-06-29 01:00:00,16.5693593838047
2011-06-29 02:00:00,7.43276645319115
2011-06-29 03:00:00,5.68220289165578
2011-06-29 04:00:00,7.36383366755115
2011-06-29 05:00:00,38.2362308775536
2011-06-29 06:00:00,150.931187102009
2011-06-29 07:00:00,349.035636348099
2011-06-29 08:00:00,498.456006844547
2011-06-29 09:00:00,243.009138473798
2011-06-29 10:00:00,139.092311587703
2011-06-29 11:00:00,170.220785268046
2011-06-29 12:00:00,224.409562668379
2011-06-29 13:00:00,177.031942210406
2011-06-29 14:00:00,195.140357490295
2011-06-29 15:00:00,222.769146475276
2011-06-29 16:00:00,325.863131240949
2011-06-29 17:00:00,585.991384157746
2011-06-29 18:00:00,507.357422303493
2011-06-29 19:00:00,497.780432633622
2011-06-29 20:00:00,381.437465389239
2011-06-29 21:00:00,280.532884770882
2011-06-29 22:00:00,212.026348569929
2011-06-29 23:00:00,128.558566168258
2011-06-30 00:00:00,47.143307063108
2011-06-30 01:00:00,20.1343197789085
2011-06-30 02:00:00,9.18448984110575
2011-06-30 03:00:00,6.96098297023836
2011-06-30 04:00:00,6.50653242803168
2011-06-30 05:00:00,37.4865786411979
2011-06-30 06:00:00,137.246243631713
2011-06-30 07:00:00,374.010778438443
2011-06-30 08:00:00,525.065928551312
2011-06-30 09:00:00,239.276182751072
2011-06-30 10:00:00,153.370987960469
2011-06-30 11:00:00,201.291779914482
2011-06-30 12:00:00,273.170537764622
2011-06-30 13:00:00,253.834903631462
2011-06-30 14:00:00,216.302111216969
2011-06-30 15:00:00,192.408850725512
2011-06-30 16:00:00,313.308701771948
2011-06-30 17:00:00,559.528429645983
2011-06-30 18:00:00,587.465710929311
2011-06-30 19:00:00,498.759756352365
2011-06-30 20:00:00,369.476097525862
2011-06-30 21:00:00,292.165020176304
2011-06-30 22:00:00,212.915570673629
2011-06-30 23:00:00,167.454933677936
2011-07-20 00:00:00,44.210534617959
2011-07-20 01:00:00,19.5103219734937
2011-07-20 02:00:00,7.56636746286295
2011-07-20 03:00:00,5.86839744133484
2011-07-20 04:00:00,6.95652156491752
2011-07-20 05:00:00,38.4483498282407
2011-07-20 06:00:00,158.138441464265
2011-07-20 07:00:00,460.746153734248
2011-07-20 08:00:00,661.360044695074
2011-07-20 09:00:00,256.210954235607
2011-07-20 10:00:00,173.177318064009
2011-07-20 11:00:00,178.90383064692
2011-07-20 12:00:00,187.829604143588
2011-07-20 13:00:00,191.327596764423
2011-07-20 14:00:00,174.571214788404
2011-07-20 15:00:00,190.623264200411
2011-07-20 16:00:00,323.789191443103
2011-07-20 17:00:00,637.071742519005
2011-07-20 18:00:00,616.07431646395
2011-07-20 19:00:00,483.248196017888
2011-07-20 20:00:00,356.069821677136
2011-07-20 21:00:00,281.508542581979
2011-07-20 22:00:00,209.358356342215
2011-07-20 23:00:00,119.325638005789
2011-07-21 00:00:00,54.6247715410233
2011-07-21 01:00:00,19.3820374894354
2011-07-21 02:00:00,8.30928244531834
2011-07-21 03:00:00,5.07264410286759
2011-07-21 04:00:00,8.48419612379691
2011-07-21 05:00:00,33.8567367287203
2011-07-21 06:00:00,163.640698602513
2011-07-21 07:00:00,399.071046936841
2011-07-21 08:00:00,526.93339979159
2011-07-21 09:00:00,206.712587040017
2011-07-21 10:00:00,126.503478447873
2011-07-21 11:00:00,160.351897375835
2011-07-21 12:00:00,182.467401014508
2011-07-21 13:00:00,177.319837772983
2011-07-21 14:00:00,170.50113761365
2011-07-21 15:00:00,185.07528934605
2011-07-21 16:00:00,275.197351307414
2011-07-21 17:00:00,497.160068480148
2011-07-21 18:00:00,547.478228966216
2011-07-21 19:00:00,422.638734438671
2011-07-21 20:00:00,343.647544761691
2011-07-21 21:00:00,259.238203682185
2011-07-21 22:00:00,193.684205443227
2011-07-21 23:00:00,134.374424178662
2011-07-22 00:00:00,75.0938244625094
2011-07-22 01:00:00,34.1585403306635
2011-07-22 02:00:00,13.5741731966483
2011-07-22 03:00:00,7.00593799726981
2011-07-22 04:00:00,9.66960044979136
2011-07-22 05:00:00,30.3701293584374
2011-07-22 06:00:00,120.282389809237
2011-07-22 07:00:00,352.059962495876
2011-07-22 08:00:00,466.756062002699
2011-07-22 09:00:00,228.096600567071
2011-07-22 10:00:00,140.089302060087
2011-07-22 11:00:00,182.359288476144
2011-07-22 12:00:00,248.185134034288
2011-07-22 13:00:00,227.553106816746
2011-07-22 14:00:00,210.185080401798
2011-07-22 15:00:00,213.32244440016
2011-07-22 16:00:00,252.519310807715
2011-07-22 17:00:00,507.008410979669
2011-07-22 18:00:00,615.099701459944
2011-07-22 19:00:00,497.63539426181
2011-07-22 20:00:00,328.538797036915
2011-07-22 21:00:00,255.090122592454
2011-07-22 22:00:00,208.796698047237
2011-07-22 23:00:00,171.97114779252
2011-07-23 00:00:00,222.385500165545
2011-07-23 01:00:00,112.059948916709
2011-07-23 02:00:00,87.0990703435867
2011-07-23 03:00:00,34.1304114432582
2011-07-23 04:00:00,12.378468152229
2011-07-23 05:00:00,11.0110189823243
2011-07-23 06:00:00,48.7074830385193
2011-07-23 07:00:00,91.0461510202187
2011-07-23 08:00:00,207.768413463145
2011-07-23 09:00:00,294.176211012911
2011-07-23 10:00:00,393.781905885302
2011-07-23 11:00:00,410.151052453883
2011-07-23 12:00:00,393.39230817772
2011-07-23 13:00:00,366.96236983042
2011-07-23 14:00:00,360.649189407321
2011-07-23 15:00:00,327.715288067117
2011-07-23 16:00:00,317.358657670959
2011-07-23 17:00:00,334.661972283641
2011-07-23 18:00:00,366.471659598759
2011-07-23 19:00:00,312.330453736644
2011-07-23 20:00:00,275.669120450075
2011-07-23 21:00:00,248.468802516432
2011-07-23 22:00:00,219.257029059348
2011-07-23 23:00:00,160.703606783963
2011-07-24 00:00:00,209.422015498044
2011-07-24 01:00:00,100.682062265846
2011-07-24 02:00:00,85.3379261508514
2011-07-24 03:00:00,40.6314291380192
2011-07-24 04:00:00,12.0584354867158
2011-07-24 05:00:00,13.8350845040354
2011-07-24 06:00:00,34.01114521898
2011-07-24 07:00:00,57.8025898921319
2011-07-24 08:00:00,160.129626984129
2011-07-24 09:00:00,270.401292466236
2011-07-24 10:00:00,358.007651054654
2011-07-24 11:00:00,339.430197816516
2011-07-24 12:00:00,398.445488507913
2011-07-24 13:00:00,456.950330814279
2011-07-24 14:00:00,417.222995174729
2011-07-24 15:00:00,399.210673758056
2011-07-24 16:00:00,371.141016095621
2011-07-24 17:00:00,391.257758237917
2011-07-24 18:00:00,394.257316538694
2011-07-24 19:00:00,379.137199750243
2011-07-24 20:00:00,326.99146701283
2011-07-24 21:00:00,218.278337689275
2011-07-24 22:00:00,167.267575176956
2011-07-24 23:00:00,123.888415393756
2011-07-25 00:00:00,46.1572225160757
2011-07-25 01:00:00,14.6360014523366
2011-07-25 02:00:00,7.64741383327501
2011-07-25 03:00:00,5.33638437763676
2011-07-25 04:00:00,8.440610490364
2011-07-25 05:00:00,30.6476938224683
2011-07-25 06:00:00,144.223382594453
2011-07-25 07:00:00,378.251267107064
2011-07-25 08:00:00,611.066767105171
2011-07-25 09:00:00,214.719611764783
2011-07-25 10:00:00,132.482200672841
2011-07-25 11:00:00,169.064870755391
2011-07-25 12:00:00,209.521831754082
2011-07-25 13:00:00,206.76531184891
2011-07-25 14:00:00,173.691714198273
2011-07-25 15:00:00,122.125315674549
2011-07-25 16:00:00,235.181349684985
2011-07-25 17:00:00,558.766111385891
2011-07-25 18:00:00,764.628632886515
2011-07-25 19:00:00,499.730505228846
2011-07-25 20:00:00,313.806291871848
2011-07-25 21:00:00,187.290206514811
2011-07-25 22:00:00,131.714163216367
2011-07-25 23:00:00,87.9692546311798
2011-07-26 00:00:00,40.2780255415456
2011-07-26 01:00:00,17.8710726887719
2011-07-26 02:00:00,8.91522621513034
2011-07-26 03:00:00,5.71310367313123
2011-07-26 04:00:00,6.05746285304375
2011-07-26 05:00:00,32.8034156750706
2011-07-26 06:00:00,145.551579081224
2011-07-26 07:00:00,356.247213731667
2011-07-26 08:00:00,458.911419463435
2011-07-26 09:00:00,234.999622863678
2011-07-26 10:00:00,147.364486280062
2011-07-26 11:00:00,174.89963259414
2011-07-26 12:00:00,235.381242946046
2011-07-26 13:00:00,191.763164948143
2011-07-26 14:00:00,165.315474659978
2011-07-26 15:00:00,182.068000011091
2011-07-26 16:00:00,312.712728823645
2011-07-26 17:00:00,585.524457605303
2011-07-26 18:00:00,564.509508538139
2011-07-26 19:00:00,405.147434101264
2011-07-26 20:00:00,367.683099956034
2011-07-26 21:00:00,259.825620384087
2011-07-26 22:00:00,187.487283947905
2011-07-26 23:00:00,117.88497245379
2011-07-27 00:00:00,48.3873253892249
2011-07-27 01:00:00,15.0247708146643
2011-07-27 02:00:00,6.69375223621797
2011-07-27 03:00:00,4.63203495972662
2011-07-27 04:00:00,5.42438177740499
2011-07-27 05:00:00,34.9807271186603
2011-07-27 06:00:00,144.252127144465
2011-07-27 07:00:00,335.800266072237
2011-07-27 08:00:00,441.253313997785
2011-07-27 09:00:00,247.607191635329
2011-07-27 10:00:00,144.359658975461
2011-07-27 11:00:00,157.536357903408
2011-07-27 12:00:00,194.972530926132
2011-07-27 13:00:00,169.495173988396
2011-07-27 14:00:00,181.454332874507
2011-07-27 15:00:00,196.41962473722
2011-07-27 16:00:00,331.789746408532
2011-07-27 17:00:00,604.656776465767
2011-07-27 18:00:00,602.952597522887
2011-07-27 19:00:00,429.316601463055
2011-07-27 20:00:00,388.938523099729
2011-07-27 21:00:00,277.858177765424
2011-07-27 22:00:00,227.318397843847
2011-07-27 23:00:00,120.031658915465
2011-07-28 00:00:00,50.5160405926945
2011-07-28 01:00:00,23.247251033279
2011-07-28 02:00:00,12.1097462132162
2011-07-28 03:00:00,6.17226983412871
2011-07-28 04:00:00,6.99963364745581
2011-07-28 05:00:00,32.5948709183848
2011-07-28 06:00:00,149.591079759205
2011-07-28 07:00:00,427.084697924731
2011-07-28 08:00:00,498.042603702239
2011-07-28 09:00:00,253.075686904351
2011-07-28 10:00:00,148.284859070748
2011-07-28 11:00:00,170.628427330342
2011-07-28 12:00:00,198.278792640783
2011-07-28 13:00:00,203.933603580329
2011-07-28 14:00:00,213.339041544726
2011-07-28 15:00:00,195.022434582661
2011-07-28 16:00:00,321.743415716968
2011-07-28 17:00:00,691.181434060007
2011-07-28 18:00:00,592.365154463933
2011-07-28 19:00:00,498.762017244207
2011-07-28 20:00:00,387.653339897742
2011-07-28 21:00:00,250.445791935266
2011-07-28 22:00:00,205.862639021478
2011-07-28 23:00:00,131.866614253438
2011-07-29 00:00:00,65.7721689844804
2011-07-29 01:00:00,30.3118121576477
2011-07-29 02:00:00,12.6826432743454
2011-07-29 03:00:00,6.65742661694857
2011-07-29 04:00:00,7.83733070210317
2011-07-29 05:00:00,31.7988204529195
2011-07-29 06:00:00,140.876141254237
2011-07-29 07:00:00,371.694894962033
2011-07-29 08:00:00,655.069889564746
2011-07-29 09:00:00,256.009200398278
2011-07-29 10:00:00,178.969160697628
2011-07-29 11:00:00,238.750579993876
2011-07-29 12:00:00,266.396319357546
2011-07-29 13:00:00,250.295970552669
2011-07-29 14:00:00,235.78924203633
2011-07-29 15:00:00,254.296873581236
2011-07-29 16:00:00,361.705195929782
2011-07-29 17:00:00,490.776615550445
2011-07-29 18:00:00,492.288235712427
2011-07-29 19:00:00,407.376485684496
2011-07-29 20:00:00,336.746827271681
2011-07-29 21:00:00,272.025800114467
2011-07-29 22:00:00,230.773424736811
2011-07-29 23:00:00,163.113078695431
2011-07-30 00:00:00,267.064178538791
2011-07-30 01:00:00,113.903546439434
2011-07-30 02:00:00,89.0238570087383
2011-07-30 03:00:00,33.5250781968564
2011-07-30 04:00:00,12.3608400716375
2011-07-30 05:00:00,14.3754858089705
2011-07-30 06:00:00,44.2909798123847
2011-07-30 07:00:00,77.2443914563151
2011-07-30 08:00:00,162.806413156436
2011-07-30 09:00:00,337.854903631022
2011-07-30 10:00:00,430.231556596075
2011-07-30 11:00:00,419.605702615411
2011-07-30 12:00:00,413.156917008151
2011-07-30 13:00:00,417.334292194372
2011-07-30 14:00:00,385.137746412681
2011-07-30 15:00:00,397.458884691398
2011-07-30 16:00:00,393.407998371924
2011-07-30 17:00:00,376.570019967047
2011-07-30 18:00:00,363.879246182186
2011-07-30 19:00:00,396.591389700866
2011-07-30 20:00:00,317.976658945605
2011-07-30 21:00:00,265.348951393465
2011-07-30 22:00:00,219.911252077177
2011-07-30 23:00:00,170.652045720197
2011-07-31 00:00:00,253.747496196672
2011-07-31 01:00:00,101.139521041468
2011-07-31 02:00:00,87.0487231038762
2011-07-31 03:00:00,38.6408976957458
2011-07-31 04:00:00,12.729404030037
2011-07-31 05:00:00,13.1740181408204
2011-07-31 06:00:00,34.0027321280236
2011-07-31 07:00:00,59.4252495313364
2011-07-31 08:00:00,168.754950598832
2011-07-31 09:00:00,288.316759893092
2011-07-31 10:00:00,372.814650274793
2011-07-31 11:00:00,405.512042758027
2011-07-31 12:00:00,386.714032901129
2011-07-31 13:00:00,435.611065520243
2011-07-31 14:00:00,410.048148140642
2011-07-31 15:00:00,377.970551439533
2011-07-31 16:00:00,368.469434746006
2011-07-31 17:00:00,380.677802127726
2011-07-31 18:00:00,414.248619229395
2011-07-31 19:00:00,355.180579327943
2011-07-31 20:00:00,319.422834843076
2011-07-31 21:00:00,232.829426031826
2011-07-31 22:00:00,178.545372006571
2011-07-31 23:00:00,118.74617745277
2011-08-20 00:00:00,119.534573563366
2011-08-20 01:00:00,93.048980208554
2011-08-20 02:00:00,70.4618571915661
2011-08-20 03:00:00,35.07592166031
2011-08-20 04:00:00,7.06437227487721
2011-08-20 05:00:00,14.6797815302732
2011-08-20 06:00:00,26.3413096063274
2011-08-20 07:00:00,57.980936393988
2011-08-20 08:00:00,140.566550357374
2011-08-20 09:00:00,232.003022459218
2011-08-20 10:00:00,317.796390081137
2011-08-20 11:00:00,434.979817523772
2011-08-20 12:00:00,421.109547817852
2011-08-20 13:00:00,444.969216846347
2011-08-20 14:00:00,425.523893538772
2011-08-20 15:00:00,430.163997742393
2011-08-20 16:00:00,424.008257464446
2011-08-20 17:00:00,406.659292798297
2011-08-20 18:00:00,356.462541569305
2011-08-20 19:00:00,294.383345893376
2011-08-20 20:00:00,264.159666315114
2011-08-20 21:00:00,224.833919386223
2011-08-20 22:00:00,178.500639288453
2011-08-20 23:00:00,143.840710728265
2011-08-21 00:00:00,164.258107868496
2011-08-21 01:00:00,104.174262319229
2011-08-21 02:00:00,84.4372165422702
2011-08-21 03:00:00,36.1036731950812
2011-08-21 04:00:00,8.99608715576957
2011-08-21 05:00:00,8.31832635113126
2011-08-21 06:00:00,12.3987928288281
2011-08-21 07:00:00,46.6156861291329
2011-08-21 08:00:00,111.132406401933
2011-08-21 09:00:00,173.012438847845
2011-08-21 10:00:00,243.568335749338
2011-08-21 11:00:00,371.999257287203
2011-08-21 12:00:00,363.104342429824
2011-08-21 13:00:00,410.077231141585
2011-08-21 14:00:00,265.627071246807
2011-08-21 15:00:00,223.050481470052
2011-08-21 16:00:00,264.066687046926
2011-08-21 17:00:00,217.181500760477
2011-08-21 18:00:00,243.225672346116
2011-08-21 19:00:00,261.389320450395
2011-08-21 20:00:00,183.820724161539
2011-08-21 21:00:00,156.832527968627
2011-08-21 22:00:00,132.491513960696
2011-08-21 23:00:00,106.880429274383
2011-08-22 00:00:00,33.3678515082189
2011-08-22 01:00:00,15.9748351417431
2011-08-22 02:00:00,10.40300890564
2011-08-22 03:00:00,3.97330582855821
2011-08-22 04:00:00,6.07059717482688
2011-08-22 05:00:00,29.7781571225399
2011-08-22 06:00:00,106.706967825432
2011-08-22 07:00:00,316.695529616374
2011-08-22 08:00:00,454.546549684418
2011-08-22 09:00:00,224.604896381761
2011-08-22 10:00:00,144.221731493321
2011-08-22 11:00:00,179.572956002931
2011-08-22 12:00:00,223.599982395864
2011-08-22 13:00:00,180.040672043135
2011-08-22 14:00:00,189.475744164803
2011-08-22 15:00:00,195.567742618317
2011-08-22 16:00:00,356.124168133373
2011-08-22 17:00:00,612.92184136452
2011-08-22 18:00:00,609.480180677675
2011-08-22 19:00:00,464.380900856385
2011-08-22 20:00:00,342.812184346853
2011-08-22 21:00:00,248.002922100529
2011-08-22 22:00:00,158.37562769291
2011-08-22 23:00:00,95.7220183071879
2011-08-23 00:00:00,36.5150339462641
2011-08-23 01:00:00,13.5334097381167
2011-08-23 02:00:00,8.09049930336183
2011-08-23 03:00:00,4.51711094893543
2011-08-23 04:00:00,5.48240635656854
2011-08-23 05:00:00,31.339240887802
2011-08-23 06:00:00,131.429590205257
2011-08-23 07:00:00,374.751579696901
2011-08-23 08:00:00,553.452494927447
2011-08-23 09:00:00,302.283064998218
2011-08-23 10:00:00,175.034362410204
2011-08-23 11:00:00,204.65559825245
2011-08-23 12:00:00,257.866561674986
2011-08-23 13:00:00,263.545025419315
2011-08-23 14:00:00,244.735729523975
2011-08-23 15:00:00,254.912869609435
2011-08-23 16:00:00,406.504678262634
2011-08-23 17:00:00,841.139769663392
2011-08-23 18:00:00,756.89357154356
2011-08-23 19:00:00,480.66533726667
2011-08-23 20:00:00,364.526249665974
2011-08-23 21:00:00,251.046710136279
2011-08-23 22:00:00,201.71113672394
2011-08-23 23:00:00,109.313932114269
2011-08-24 00:00:00,46.1904038068559
2011-08-24 01:00:00,16.6307126601873
2011-08-24 02:00:00,7.32622018277767
2011-08-24 03:00:00,6.61182667999217
2011-08-24 04:00:00,7.57152408282154
2011-08-24 05:00:00,36.1977464431551
2011-08-24 06:00:00,154.493121816681
2011-08-24 07:00:00,343.450288146626
2011-08-24 08:00:00,547.633382922737
2011-08-24 09:00:00,276.979441442665
2011-08-24 10:00:00,161.822964411491
2011-08-24 11:00:00,175.896100519618
2011-08-24 12:00:00,213.536038801622
2011-08-24 13:00:00,193.720103337217
2011-08-24 14:00:00,192.102148544203
2011-08-24 15:00:00,212.315972375362
2011-08-24 16:00:00,338.532631538336
2011-08-24 17:00:00,647.175274505169
2011-08-24 18:00:00,556.464041688247
2011-08-24 19:00:00,456.210475580752
2011-08-24 20:00:00,352.655431670195
2011-08-24 21:00:00,265.216195167272
2011-08-24 22:00:00,189.482615362966
2011-08-24 23:00:00,114.487190858695
2011-08-25 00:00:00,50.1993229534805
2011-08-25 01:00:00,20.9481031256981
2011-08-25 02:00:00,9.19075409291023
2011-08-25 03:00:00,6.26897736489598
2011-08-25 04:00:00,6.47071311962523
2011-08-25 05:00:00,39.0788108286782
2011-08-25 06:00:00,135.105396877645
2011-08-25 07:00:00,321.621816931395
2011-08-25 08:00:00,520.736146208197
2011-08-25 09:00:00,245.149988577787
2011-08-25 10:00:00,156.898354061129
2011-08-25 11:00:00,90.1150339587177
2011-08-25 12:00:00,105.14652484113
2011-08-25 13:00:00,158.136084168585
2011-08-25 14:00:00,184.387818489713
2011-08-25 15:00:00,221.827426194743
2011-08-25 16:00:00,222.045248215741
2011-08-25 17:00:00,460.742761225667
2011-08-25 18:00:00,403.801176005145
2011-08-25 19:00:00,366.701289849612
2011-08-25 20:00:00,267.066164116988
2011-08-25 21:00:00,223.794782956469
2011-08-25 22:00:00,164.222662974004
2011-08-25 23:00:00,130.442802042466
2011-08-26 00:00:00,55.2156538864076
2011-08-26 01:00:00,24.7165923791575
2011-08-26 02:00:00,12.0926853933607
2011-08-26 03:00:00,6.91204012594996
2011-08-26 04:00:00,6.32162303745524
2011-08-26 05:00:00,26.1715697243073
2011-08-26 06:00:00,108.036060544805
2011-08-26 07:00:00,302.768935046077
2011-08-26 08:00:00,579.534755756398
2011-08-26 09:00:00,300.076218990885
2011-08-26 10:00:00,173.136196677125
2011-08-26 11:00:00,215.57914411119
2011-08-26 12:00:00,273.346757363388
2011-08-26 13:00:00,283.857413457616
2011-08-26 14:00:00,205.908827089684
2011-08-26 15:00:00,306.037071628193
2011-08-26 16:00:00,372.11607020636
2011-08-26 17:00:00,569.801703374327
2011-08-26 18:00:00,558.109879276222
2011-08-26 19:00:00,356.858094225318
2011-08-26 20:00:00,303.409984132383
2011-08-26 21:00:00,265.423956927769
2011-08-26 22:00:00,232.06908562892
2011-08-26 23:00:00,169.708674430437
2011-08-27 00:00:00,174.895543387538
2011-08-27 01:00:00,103.818566379657
2011-08-27 02:00:00,78.2062675137957
2011-08-27 03:00:00,35.1922379318173
2011-08-27 04:00:00,8.68536534376355
2011-08-27 05:00:00,10.8232681366655
2011-08-27 06:00:00,38.530022971955
2011-08-27 07:00:00,46.2782161515623
2011-08-27 08:00:00,132.118565809426
2011-08-27 09:00:00,201.227686555549
2011-08-27 10:00:00,257.224666741405
2011-08-27 11:00:00,165.71344313585
2011-08-27 12:00:00,206.272546578199
2011-08-27 13:00:00,202.521498878661
2011-08-27 14:00:00,108.026686367825
2011-08-27 15:00:00,141.271472711579
2011-08-27 16:00:00,121.011065828067
2011-08-27 17:00:00,95.9157396228886
2011-08-28 07:00:00,29.6387564417408
2011-08-28 08:00:00,79.8017372882975
2011-08-28 09:00:00,179.317426926973
2011-08-28 10:00:00,330.904515370584
2011-08-28 11:00:00,391.753312500885
2011-08-28 12:00:00,461.731584911607
2011-08-28 13:00:00,430.898729269232
2011-08-28 14:00:00,420.524343119082
2011-08-28 15:00:00,435.665350094523
2011-08-28 16:00:00,460.392294620681
2011-08-28 17:00:00,527.706348299607
2011-08-28 18:00:00,457.931882110172
2011-08-28 19:00:00,352.300427515909
2011-08-28 20:00:00,312.291489140467
2011-08-28 21:00:00,196.664002463526
2011-08-28 22:00:00,136.315048046729
2011-08-28 23:00:00,99.7689422096733
2011-08-29 00:00:00,37.8941211905012
2011-08-29 01:00:00,15.5354830101387
2011-08-29 02:00:00,9.04335302789818
2011-08-29 03:00:00,6.97667441215252
2011-08-29 04:00:00,7.00277873385813
2011-08-29 05:00:00,29.2973281055753
2011-08-29 06:00:00,127.406726900572
2011-08-29 07:00:00,399.674052109961
2011-08-29 08:00:00,487.659436529851
2011-08-29 09:00:00,271.93016474124
2011-08-29 10:00:00,160.446031711077
2011-08-29 11:00:00,198.220969296399
2011-08-29 12:00:00,281.81678586951
2011-08-29 13:00:00,264.621090214049
2011-08-29 14:00:00,229.324993216263
2011-08-29 15:00:00,235.507181839589
2011-08-29 16:00:00,387.192780031723
2011-08-29 17:00:00,721.707510569623
2011-08-29 18:00:00,777.690198840582
2011-08-29 19:00:00,534.116690805308
2011-08-29 20:00:00,351.753942860159
2011-08-29 21:00:00,245.380885319741
2011-08-29 22:00:00,162.125293303284
2011-08-29 23:00:00,89.064827083207
2011-08-30 00:00:00,32.9582937452352
2011-08-30 01:00:00,12.7640860886652
2011-08-30 02:00:00,6.15218715169565
2011-08-30 03:00:00,4.93775233435899
2011-08-30 04:00:00,7.22773611524459
2011-08-30 05:00:00,32.8048669832674
2011-08-30 06:00:00,143.633378552204
2011-08-30 07:00:00,429.998911818867
2011-08-30 08:00:00,532.31794965455
2011-08-30 09:00:00,265.932442201945
2011-08-30 10:00:00,150.239089450747
2011-08-30 11:00:00,190.195241798562
2011-08-30 12:00:00,255.311338881214
2011-08-30 13:00:00,250.95834258335
2011-08-30 14:00:00,243.771787689837
2011-08-30 15:00:00,248.471144627634
2011-08-30 16:00:00,410.100257529703
2011-08-30 17:00:00,821.877364140539
2011-08-30 18:00:00,731.891657486805
2011-08-30 19:00:00,439.367660236686
2011-08-30 20:00:00,336.933475678975
2011-08-30 21:00:00,243.682203588864
2011-08-30 22:00:00,184.889656098267
2011-08-30 23:00:00,110.974762713674
2011-08-31 00:00:00,45.2735740551221
2011-08-31 01:00:00,17.0697272122891
2011-08-31 02:00:00,7.99988058160649
2011-08-31 03:00:00,7.80643396350697
2011-08-31 04:00:00,6.91141161851688
2011-08-31 05:00:00,38.8928769378336
2011-08-31 06:00:00,158.347894541546
2011-08-31 07:00:00,347.574223994676
2011-08-31 08:00:00,550.84990704539
2011-08-31 09:00:00,261.604003983286
2011-08-31 10:00:00,167.354618322852
2011-08-31 11:00:00,201.190936566536
2011-08-31 12:00:00,253.289325867309
2011-08-31 13:00:00,244.408184448052
2011-08-31 14:00:00,238.077120105474
2011-08-31 15:00:00,250.009272320879
2011-08-31 16:00:00,392.816389870176
2011-08-31 17:00:00,711.978341848643
2011-08-31 18:00:00,696.028315091642
2011-08-31 19:00:00,499.077371025889
2011-08-31 20:00:00,393.819387104625
2011-08-31 21:00:00,256.30928888454
2011-08-31 22:00:00,190.11870763981
2011-08-31 23:00:00,119.167557088402
2011-09-20 00:00:00,31.2859146066128
2011-09-20 01:00:00,10.9521772881725
2011-09-20 02:00:00,5.01984067959853
2011-09-20 03:00:00,4.03967385649215
2011-09-20 04:00:00,4.82118842753734
2011-09-20 05:00:00,26.2673128403197
2011-09-20 06:00:00,102.046346374852
2011-09-20 07:00:00,307.256242137155
2011-09-20 08:00:00,173.250664300912
2011-09-20 09:00:00,93.04900885992
2011-09-20 10:00:00,61.9150839614674
2011-09-20 11:00:00,67.4554134684193
2011-09-20 12:00:00,89.8905100107601
2011-09-20 13:00:00,89.4514525239517
2011-09-20 14:00:00,132.315278265598
2011-09-20 15:00:00,194.016096509835
2011-09-20 16:00:00,241.836659570601
2011-09-20 17:00:00,429.365989542459
2011-09-20 18:00:00,397.026073129873
2011-09-20 19:00:00,291.886332772435
2011-09-20 20:00:00,223.091039199487
2011-09-20 21:00:00,164.860022462919
2011-09-20 22:00:00,128.138886640109
2011-09-20 23:00:00,86.736567532086
2011-09-21 00:00:00,17.7423236644736
2011-09-21 01:00:00,11.300123986049
2011-09-21 02:00:00,6.85036652501852
2011-09-21 03:00:00,3.7700625748843
2011-09-21 04:00:00,3.81681062141967
2011-09-21 05:00:00,12.8388208900174
2011-09-21 06:00:00,65.7599728203641
2011-09-21 07:00:00,186.009141210483
2011-09-21 08:00:00,297.836373926638
2011-09-21 09:00:00,99.6011945234621
2011-09-21 10:00:00,73.4050321193599
2011-09-21 11:00:00,115.322621077769
2011-09-21 12:00:00,163.688737683249
2011-09-21 13:00:00,213.828894645239
2011-09-21 14:00:00,210.988828477772
2011-09-21 15:00:00,211.942624127459
2011-09-21 16:00:00,346.552544486822
2011-09-21 17:00:00,554.285601744368
2011-09-21 18:00:00,272.037357883837
2011-09-21 19:00:00,112.520870780958
2011-09-21 20:00:00,61.0062001111484
2011-09-21 21:00:00,64.4488123588959
2011-09-21 22:00:00,75.4051544992534
2011-09-21 23:00:00,78.6473201597254
2011-09-22 00:00:00,23.7363503890891
2011-09-22 01:00:00,9.72661401691973
2011-09-22 02:00:00,6.63558447808771
2011-09-22 03:00:00,3.65468910407234
2011-09-22 04:00:00,4.96387031220861
2011-09-22 05:00:00,21.603404552997
2011-09-22 06:00:00,75.8335859833499
2011-09-22 07:00:00,211.741986574625
2011-09-22 08:00:00,290.062634224754
2011-09-22 09:00:00,136.32414550981
2011-09-22 10:00:00,107.675097829616
2011-09-22 11:00:00,125.03118358839
2011-09-22 12:00:00,184.523782927837
2011-09-22 13:00:00,137.449695232957
2011-09-22 14:00:00,133.910514176663
2011-09-22 15:00:00,172.388884632844
2011-09-22 16:00:00,312.791884773179
2011-09-22 17:00:00,488.054083511845
2011-09-22 18:00:00,326.170482368585
2011-09-22 19:00:00,250.028809015003
2011-09-22 20:00:00,150.695374809861
2011-09-22 21:00:00,144.628595247648
2011-09-22 22:00:00,79.6883183211179
2011-09-22 23:00:00,80.5210325729068
2011-09-23 00:00:00,54.3089928874178
2011-09-23 01:00:00,17.9011276293016
2011-09-23 02:00:00,10.3903161555302
2011-09-23 03:00:00,7.14387781664069
2011-09-23 04:00:00,4.87678928280283
2011-09-23 05:00:00,30.6834309905068
2011-09-23 06:00:00,147.58281682579
2011-09-23 07:00:00,199.901320962238
2011-09-23 08:00:00,274.161084610202
2011-09-23 09:00:00,146.39580257054
2011-09-23 10:00:00,85.9171744565552
2011-09-23 11:00:00,108.449488771412
2011-09-23 12:00:00,124.535961161609
2011-09-23 13:00:00,106.684762537971
2011-09-23 14:00:00,116.745107482127
2011-09-23 15:00:00,165.852485041693
2011-09-23 16:00:00,240.211351120743
2011-09-23 17:00:00,332.232013879486
2011-09-23 18:00:00,299.762604912027
2011-09-23 19:00:00,319.607889588977
2011-09-23 20:00:00,221.341580260806
2011-09-23 21:00:00,168.071475557715
2011-09-23 22:00:00,169.74612718998
2011-09-23 23:00:00,94.9798909776844
2011-09-24 00:00:00,142.347224691165
2011-09-24 01:00:00,103.806138044076
2011-09-24 02:00:00,61.4448846242837
2011-09-24 03:00:00,39.4462140181103
2011-09-24 04:00:00,11.0961920002041
2011-09-24 05:00:00,13.3943334979255
2011-09-24 06:00:00,35.5584780075392
2011-09-24 07:00:00,74.0731403135267
2011-09-24 08:00:00,164.945201721323
2011-09-24 09:00:00,321.57585118392
2011-09-24 10:00:00,396.686417918574
2011-09-24 11:00:00,378.938060797279
2011-09-24 12:00:00,436.478473946725
2011-09-24 13:00:00,371.187566909512
2011-09-24 14:00:00,497.453870202869
2011-09-24 15:00:00,608.079735878455
2011-09-24 16:00:00,486.734543976125
2011-09-24 17:00:00,445.267014840836
2011-09-24 18:00:00,347.2007491271
2011-09-24 19:00:00,294.122773748557
2011-09-24 20:00:00,228.730902504102
2011-09-24 21:00:00,200.438429607241
2011-09-24 22:00:00,182.036050209187
2011-09-24 23:00:00,143.427545549207
2011-09-25 00:00:00,129.384311428017
2011-09-25 01:00:00,106.76764372761
2011-09-25 02:00:00,62.0022168120901
2011-09-25 03:00:00,36.1183238321862
2011-09-25 04:00:00,10.4315242834315
2011-09-25 05:00:00,20.5860314713683
2011-09-25 06:00:00,19.4261154510221
2011-09-25 07:00:00,48.1714400320618
2011-09-25 08:00:00,131.144330753363
2011-09-25 09:00:00,221.126581532934
2011-09-25 10:00:00,314.103672462666
2011-09-25 11:00:00,444.139748620743
2011-09-25 12:00:00,453.48266382586
2011-09-25 13:00:00,484.962869930335
2011-09-25 14:00:00,420.400101878567
2011-09-25 15:00:00,458.358211193594
2011-09-25 16:00:00,475.7118742168
2011-09-25 17:00:00,374.791001017291
2011-09-25 18:00:00,347.745902167598
2011-09-25 19:00:00,238.00789132645
2011-09-25 20:00:00,202.356724960286
2011-09-25 21:00:00,146.976977369884
2011-09-25 22:00:00,131.279147758424
2011-09-25 23:00:00,89.1484545348704
2011-09-26 00:00:00,39.3549215534935
2011-09-26 01:00:00,16.746701617844
2011-09-26 02:00:00,6.4251000698493
2011-09-26 03:00:00,5.48234185810583
2011-09-26 04:00:00,8.58389976130912
2011-09-26 05:00:00,33.0382470948466
2011-09-26 06:00:00,149.30852902722
2011-09-26 07:00:00,348.933350414384
2011-09-26 08:00:00,527.485014730751
2011-09-26 09:00:00,329.118390510078
2011-09-26 10:00:00,171.005725431374
2011-09-26 11:00:00,184.900056891211
2011-09-26 12:00:00,229.701500771493
2011-09-26 13:00:00,242.459066762383
2011-09-26 14:00:00,256.762272677072
2011-09-26 15:00:00,279.620247165705
2011-09-26 16:00:00,408.512676364802
2011-09-26 17:00:00,808.018142640393
2011-09-26 18:00:00,533.797558424937
2011-09-26 19:00:00,311.479280737399
2011-09-26 20:00:00,298.57044470271
2011-09-26 21:00:00,229.377888212088
2011-09-26 22:00:00,136.524726337294
2011-09-26 23:00:00,96.7494797595536
2011-09-27 00:00:00,31.7810652319096
2011-09-27 01:00:00,12.726442120112
2011-09-27 02:00:00,6.89983741898898
2011-09-27 03:00:00,5.60912850625345
2011-09-27 04:00:00,5.4564647516235
2011-09-27 05:00:00,19.7418291936001
2011-09-27 06:00:00,152.164784428449
2011-09-27 07:00:00,387.828277305129
2011-09-27 08:00:00,581.482929941336
2011-09-27 09:00:00,187.046030959707
2011-09-27 10:00:00,105.84163289509
2011-09-27 11:00:00,160.937686591249
2011-09-27 12:00:00,179.313842453405
2011-09-27 13:00:00,217.057398350924
2011-09-27 14:00:00,199.792618727011
2011-09-27 15:00:00,210.725315117429
2011-09-27 16:00:00,316.714636297395
2011-09-27 17:00:00,569.697910900282
2011-09-27 18:00:00,508.166103038766
2011-09-27 19:00:00,352.789194406833
2011-09-27 20:00:00,271.045993785645
2011-09-27 21:00:00,189.887765927631
2011-09-27 22:00:00,146.649627274461
2011-09-27 23:00:00,94.286354233959
2011-09-28 00:00:00,47.6663036039487
2011-09-28 01:00:00,21.1656274350633
2011-09-28 02:00:00,7.65668797322724
2011-09-28 03:00:00,6.59776963969912
2011-09-28 04:00:00,9.01245696860902
2011-09-28 05:00:00,29.7840245194729
2011-09-28 06:00:00,96.6321817742173
2011-09-28 07:00:00,137.876916401291
2011-09-28 08:00:00,236.076602652399
2011-09-28 09:00:00,179.135101599139
2011-09-28 10:00:00,83.5186263818305
2011-09-28 11:00:00,177.691162451574
2011-09-28 12:00:00,210.990495318178
2011-09-28 13:00:00,244.946536426147
2011-09-28 14:00:00,250.283399691711
2011-09-28 15:00:00,306.809693039653
2011-09-28 16:00:00,487.113916840929
2011-09-28 17:00:00,842.013272563232
2011-09-28 18:00:00,438.328443649543
2011-09-28 19:00:00,313.941055160757
2011-09-28 20:00:00,126.22350454837
2011-09-28 21:00:00,102.571373030377
2011-09-28 22:00:00,155.542710044761
2011-09-28 23:00:00,108.74660799373
2011-09-29 00:00:00,29.8940979073262
2011-09-29 01:00:00,9.88650962197829
2011-09-29 02:00:00,8.0203852292558
2011-09-29 03:00:00,5.5752744608478
2011-09-29 04:00:00,6.69000277836394
2011-09-29 05:00:00,35.7157814751588
2011-09-29 06:00:00,162.449093708345
2011-09-29 07:00:00,463.57512712295
2011-09-29 08:00:00,655.30803643454
2011-09-29 09:00:00,308.168632920682
2011-09-29 10:00:00,187.211055543738
2011-09-29 11:00:00,228.573629566152
2011-09-29 12:00:00,310.027503970509
2011-09-29 13:00:00,285.715739076074
2011-09-29 14:00:00,235.381398231882
2011-09-29 15:00:00,245.147878248773
2011-09-29 16:00:00,404.318491010268
2011-09-29 17:00:00,635.120503557761
2011-09-29 18:00:00,763.310443456159
2011-09-29 19:00:00,479.040163928229
2011-09-29 20:00:00,383.610369324742
2011-09-29 21:00:00,252.009215803243
2011-09-29 22:00:00,210.306729493433
2011-09-29 23:00:00,127.87816687725
2011-09-30 00:00:00,53.9052461913782
2011-09-30 01:00:00,28.5265463580249
2011-09-30 02:00:00,12.5260196536617
2011-09-30 03:00:00,8.47454384200653
2011-09-30 04:00:00,7.25445502592193
2011-09-30 05:00:00,32.2736103139397
2011-09-30 06:00:00,127.612107669992
2011-09-30 07:00:00,320.167276009515
2011-09-30 08:00:00,565.420234465865
2011-09-30 09:00:00,282.432673343083
2011-09-30 10:00:00,207.795996495643
2011-09-30 11:00:00,253.588620157215
2011-09-30 12:00:00,330.984653502058
2011-09-30 13:00:00,268.574446258693
2011-09-30 14:00:00,252.182478238524
2011-09-30 15:00:00,259.839381813024
2011-09-30 16:00:00,433.430537352305
2011-09-30 17:00:00,664.895674725325
2011-09-30 18:00:00,469.405165395631
2011-09-30 19:00:00,335.659918274184
2011-09-30 20:00:00,242.28310580231
2011-09-30 21:00:00,214.257863872321
2011-09-30 22:00:00,153.541108947048
2011-09-30 23:00:00,140.650881468637
2011-10-20 00:00:00,21.6240169749853
2011-10-20 01:00:00,12.993665705419
2011-10-20 02:00:00,7.91611527490235
2011-10-20 03:00:00,5.13303597174593
2011-10-20 04:00:00,6.24096335195964
2011-10-20 05:00:00,30.6748404587741
2011-10-20 06:00:00,134.582357920547
2011-10-20 07:00:00,396.534132510577
2011-10-20 08:00:00,706.275111054244
2011-10-20 09:00:00,369.964386345584
2011-10-20 10:00:00,174.844758146025
2011-10-20 11:00:00,210.717521901383
2011-10-20 12:00:00,246.849779123976
2011-10-20 13:00:00,244.388946404773
2011-10-20 14:00:00,186.76273621214
2011-10-20 15:00:00,187.421347804208
2011-10-20 16:00:00,308.948033056575
2011-10-20 17:00:00,437.905707236241
2011-10-20 18:00:00,427.26667209694
2011-10-20 19:00:00,344.547189302431
2011-10-20 20:00:00,241.615308030934
2011-10-20 21:00:00,188.528793704666
2011-10-20 22:00:00,150.196686925672
2011-10-20 23:00:00,91.086757821767
2011-10-21 00:00:00,54.9488917785645
2011-10-21 01:00:00,25.1212199479529
2011-10-21 02:00:00,11.3442042478296
2011-10-21 03:00:00,7.66654488754589
2011-10-21 04:00:00,6.59842290986555
2011-10-21 05:00:00,26.0901870800262
2011-10-21 06:00:00,124.755880037619
2011-10-21 07:00:00,339.207862762852
2011-10-21 08:00:00,570.590611290622
2011-10-21 09:00:00,315.701711366941
2011-10-21 10:00:00,175.097609365742
2011-10-21 11:00:00,237.769154392937
2011-10-21 12:00:00,249.850578677157
2011-10-21 13:00:00,230.525480304713
2011-10-21 14:00:00,244.812914939133
2011-10-21 15:00:00,257.741031810097
2011-10-21 16:00:00,371.463590470642
2011-10-21 17:00:00,538.148291891459
2011-10-21 18:00:00,465.804516243625
2011-10-21 19:00:00,306.530511643179
2011-10-21 20:00:00,257.736807844478
2011-10-21 21:00:00,202.789156290714
2011-10-21 22:00:00,163.812125363029
2011-10-21 23:00:00,117.430910183871
2011-10-22 00:00:00,155.646609269614
2011-10-22 01:00:00,94.8019609391739
2011-10-22 02:00:00,49.8693625153704
2011-10-22 03:00:00,26.075239349456
2011-10-22 04:00:00,8.88515098845661
2011-10-22 05:00:00,8.1906820549892
2011-10-22 06:00:00,23.6267980719375
2011-10-22 07:00:00,79.8628669837901
2011-10-22 08:00:00,148.298580299751
2011-10-22 09:00:00,214.288006672638
2011-10-22 10:00:00,331.136932947825
2011-10-22 11:00:00,378.117017929231
2011-10-22 12:00:00,422.486844086442
2011-10-22 13:00:00,440.841333322535
2011-10-22 14:00:00,468.525481040312
2011-10-22 15:00:00,397.652185979625
2011-10-22 16:00:00,452.825051772177
2011-10-22 17:00:00,334.40812738515
2011-10-22 18:00:00,257.204034579939
2011-10-22 19:00:00,191.383429561152
2011-10-22 20:00:00,153.279232560136
2011-10-22 21:00:00,129.390256759481
2011-10-22 22:00:00,123.438290257416
2011-10-22 23:00:00,129.700424911817
2011-10-23 00:00:00,86.7531847133315
2011-10-23 01:00:00,65.3782001214944
2011-10-23 02:00:00,58.1232357254725
2011-10-23 03:00:00,26.5944985536227
2011-10-23 04:00:00,9.23257011196963
2011-10-23 05:00:00,9.63743777272609
2011-10-23 06:00:00,17.2189718700289
2011-10-23 07:00:00,48.4509259350679
2011-10-23 08:00:00,107.330435214754
2011-10-23 09:00:00,130.000703240593
2011-10-23 10:00:00,272.606626637217
2011-10-23 11:00:00,304.412520306547
2011-10-23 12:00:00,371.444050870465
2011-10-23 13:00:00,396.024729370555
2011-10-23 14:00:00,375.409749151511
2011-10-23 15:00:00,373.920559222963
2011-10-23 16:00:00,403.877376599845
2011-10-23 17:00:00,386.386461871316
2011-10-23 18:00:00,283.900904691713
2011-10-23 19:00:00,174.408793134798
2011-10-23 20:00:00,152.906959924984
2011-10-23 21:00:00,133.797552069597
2011-10-23 22:00:00,120.308325510956
2011-10-23 23:00:00,88.9033101188863
2011-10-24 00:00:00,31.731429345793
2011-10-24 01:00:00,11.8946223027044
2011-10-24 02:00:00,7.60660432212647
2011-10-24 03:00:00,5.70427164103967
2011-10-24 04:00:00,6.66003849582656
2011-10-24 05:00:00,34.5573062636292
2011-10-24 06:00:00,121.637206329611
2011-10-24 07:00:00,374.965579199055
2011-10-24 08:00:00,541.153713446848
2011-10-24 09:00:00,305.563865968366
2011-10-24 10:00:00,131.712127307927
2011-10-24 11:00:00,170.431679422597
2011-10-24 12:00:00,217.963441721227
2011-10-24 13:00:00,228.700712137008
2011-10-24 14:00:00,197.231526978881
2011-10-24 15:00:00,208.760887785174
2011-10-24 16:00:00,320.647685081439
2011-10-24 17:00:00,657.637535416559
2011-10-24 18:00:00,567.925392479539
2011-10-24 19:00:00,264.94216468219
2011-10-24 20:00:00,253.811304286721
2011-10-24 21:00:00,200.556974976623
2011-10-24 22:00:00,134.221393311916
2011-10-24 23:00:00,81.2258640150697
2011-10-25 00:00:00,35.1441039800961
2011-10-25 01:00:00,13.5177036835145
2011-10-25 02:00:00,5.06545037074742
2011-10-25 03:00:00,4.62991519701732
2011-10-25 04:00:00,6.51619137073444
2011-10-25 05:00:00,31.4591468875492
2011-10-25 06:00:00,128.717774903203
2011-10-25 07:00:00,275.050193395451
2011-10-25 08:00:00,630.007051002615
2011-10-25 09:00:00,291.127745348191
2011-10-25 10:00:00,164.697606550756
2011-10-25 11:00:00,178.058320851782
2011-10-25 12:00:00,223.755520549426
2011-10-25 13:00:00,235.615852162881
2011-10-25 14:00:00,219.1976607169
2011-10-25 15:00:00,226.659430498361
2011-10-25 16:00:00,367.364278592644
2011-10-25 17:00:00,643.288982601792
2011-10-25 18:00:00,624.944207611897
2011-10-25 19:00:00,385.791356937073
2011-10-25 20:00:00,271.071444757873
2011-10-25 21:00:00,198.995783117183
2011-10-25 22:00:00,140.323807432302
2011-10-25 23:00:00,86.5076728427849
2011-10-26 00:00:00,49.4366994797344
2011-10-26 01:00:00,14.7255187112459
2011-10-26 02:00:00,6.63301334966765
2011-10-26 03:00:00,5.03724740266748
2011-10-26 04:00:00,5.84539313022596
2011-10-26 05:00:00,35.9006580594951
2011-10-26 06:00:00,131.615109548039
2011-10-26 07:00:00,397.279340227525
2011-10-26 08:00:00,580.684613618879
2011-10-26 09:00:00,318.575074809046
2011-10-26 10:00:00,161.351081898552
2011-10-26 11:00:00,179.594400292054
2011-10-26 12:00:00,272.966060757371
2011-10-26 13:00:00,142.563651770041
2011-10-26 14:00:00,172.032432563919
2011-10-26 15:00:00,194.776550137933
2011-10-26 16:00:00,246.064676344248
2011-10-26 17:00:00,553.140014358491
2011-10-26 18:00:00,662.060294931387
2011-10-26 19:00:00,252.042322572218
2011-10-26 20:00:00,221.923306748667
2011-10-26 21:00:00,203.984067929559
2011-10-26 22:00:00,134.587994246028
2011-10-26 23:00:00,73.6003013394402
2011-10-27 00:00:00,29.9227935600926
2011-10-27 01:00:00,11.5719685170897
2011-10-27 02:00:00,6.98440519306012
2011-10-27 03:00:00,2.67602778367053
2011-10-27 04:00:00,4.26860374206267
2011-10-27 05:00:00,22.3579177355731
2011-10-27 06:00:00,80.8204407018727
2011-10-27 07:00:00,303.352226764966
2011-10-27 08:00:00,274.394097354712
2011-10-27 09:00:00,296.737220785884
2011-10-27 10:00:00,82.4048685919039
2011-10-27 11:00:00,95.9638694550063
2011-10-27 12:00:00,84.010607333459
2011-10-27 13:00:00,178.182458476852
2011-10-27 14:00:00,123.680434996946
2011-10-27 15:00:00,192.467293855179
2011-10-27 16:00:00,329.689475461321
2011-10-27 17:00:00,495.193420146769
2011-10-27 18:00:00,458.034540596295
2011-10-27 19:00:00,242.443833420402
2011-10-27 20:00:00,240.656926290296
2011-10-27 21:00:00,174.233582589815
2011-10-27 22:00:00,111.239764018278
2011-10-27 23:00:00,97.9776581554996
2011-10-28 00:00:00,55.596238626903
2011-10-28 01:00:00,24.8965013921295
2011-10-28 02:00:00,8.79215653849723
2011-10-28 03:00:00,4.47593240813012
2011-10-28 04:00:00,6.11572851469106
2011-10-28 05:00:00,35.3293235554445
2011-10-28 06:00:00,120.916691679068
2011-10-28 07:00:00,358.580563755281
2011-10-28 08:00:00,613.132671023026
2011-10-28 09:00:00,270.85555553755
2011-10-28 10:00:00,147.176830253442
2011-10-28 11:00:00,218.346185974059
2011-10-28 12:00:00,282.592354380386
2011-10-28 13:00:00,261.092414913419
2011-10-28 14:00:00,202.068885021937
2011-10-28 15:00:00,213.17187120212
2011-10-28 16:00:00,315.496133389438
2011-10-28 17:00:00,442.928787694089
2011-10-28 18:00:00,406.946595450617
2011-10-28 19:00:00,325.91711607807
2011-10-28 20:00:00,152.168845610217
2011-10-28 21:00:00,99.4041918481662
2011-10-28 22:00:00,68.1286605530409
2011-10-28 23:00:00,40.2854197547781
2011-10-29 00:00:00,46.3401306973881
2011-10-29 01:00:00,38.5537229652484
2011-10-29 02:00:00,37.263194198185
2011-10-29 03:00:00,9.41847270848623
2011-10-29 04:00:00,6.23823462123408
2011-10-29 05:00:00,3.75334365046526
2011-10-29 06:00:00,11.8848599381639
2011-10-29 07:00:00,28.426590338625
2011-10-29 08:00:00,58.7704166927865
2011-10-29 09:00:00,79.4705228358166
2011-10-29 10:00:00,83.8149412340436
2011-10-29 11:00:00,77.3420360923804
2011-10-29 12:00:00,69.0722398441605
2011-10-29 13:00:00,100.801571651341
2011-10-29 14:00:00,89.7434062868789
2011-10-29 15:00:00,132.194228761497
2011-10-29 16:00:00,83.9180679122867
2011-10-29 17:00:00,86.3730514429021
2011-10-29 18:00:00,66.7892844855955
2011-10-29 19:00:00,74.0994828537237
2011-10-29 20:00:00,69.7546691193873
2011-10-29 21:00:00,62.5934725301028
2011-10-29 22:00:00,71.6889386754444
2011-10-29 23:00:00,65.9935762384513
2011-10-30 00:00:00,61.9692365830106
2011-10-30 01:00:00,58.6416230155155
2011-10-30 02:00:00,27.8693269245498
2011-10-30 03:00:00,11.3387230693728
2011-10-30 04:00:00,4.58572075606628
2011-10-30 05:00:00,5.88468760700787
2011-10-30 06:00:00,13.8200867819953
2011-10-30 07:00:00,31.5862172240624
2011-10-30 08:00:00,84.5875247514535
2011-10-30 09:00:00,138.301166611213
2011-10-30 10:00:00,252.883483213868
2011-10-30 11:00:00,274.350613906739
2011-10-30 12:00:00,447.419549453915
2011-10-30 13:00:00,521.503923390053
2011-10-30 14:00:00,419.407521105126
2011-10-30 15:00:00,414.073909681675
2011-10-30 16:00:00,380.772808046438
2011-10-30 17:00:00,321.572833985983
2011-10-30 18:00:00,269.715378411065
2011-10-30 19:00:00,287.487250797486
2011-10-30 20:00:00,138.146209068485
2011-10-30 21:00:00,112.969160406793
2011-10-30 22:00:00,94.4051163158514
2011-10-30 23:00:00,40.0867179259054
2011-10-31 00:00:00,19.1536720286363
2011-10-31 01:00:00,8.09836155175552
2011-10-31 02:00:00,2.64470882233428
2011-10-31 03:00:00,4.00429060624261
2011-10-31 04:00:00,3.20564479716312
2011-10-31 05:00:00,20.3048541485978
2011-10-31 06:00:00,85.2830671835203
2011-10-31 07:00:00,220.457225918152
2011-10-31 08:00:00,437.057391876871
2011-10-31 09:00:00,245.370445324188
2011-10-31 10:00:00,143.33082435943
2011-10-31 11:00:00,178.11095042994
2011-10-31 12:00:00,236.933333028343
2011-10-31 13:00:00,241.007126131936
2011-10-31 14:00:00,189.172529859614
2011-10-31 15:00:00,210.109028117272
2011-10-31 16:00:00,341.448418281002
2011-10-31 17:00:00,565.596009394822
2011-10-31 18:00:00,403.333790317556
2011-10-31 19:00:00,293.506327097505
2011-10-31 20:00:00,211.514293599237
2011-10-31 21:00:00,132.389444236871
2011-10-31 22:00:00,97.0616364509946
2011-10-31 23:00:00,55.3013944350031
2011-11-20 00:00:00,126.670283197732
2011-11-20 01:00:00,79.8029083636728
2011-11-20 02:00:00,49.4520294860283
2011-11-20 03:00:00,18.2946660216944
2011-11-20 04:00:00,9.16345645530194
2011-11-20 05:00:00,8.40041258671664
2011-11-20 06:00:00,15.7081492555322
2011-11-20 07:00:00,49.9448965081056
2011-11-20 08:00:00,105.231395591549
2011-11-20 09:00:00,164.721470849266
2011-11-20 10:00:00,311.535764332669
2011-11-20 11:00:00,360.963787746801
2011-11-20 12:00:00,427.917562773516
2011-11-20 13:00:00,426.212518531461
2011-11-20 14:00:00,329.283014060281
2011-11-20 15:00:00,428.396540407263
2011-11-20 16:00:00,391.07766828823
2011-11-20 17:00:00,367.460510821119
2011-11-20 18:00:00,359.898081068917
2011-11-20 19:00:00,227.837505853662
2011-11-20 20:00:00,204.609709578058
2011-11-20 21:00:00,134.371283932748
2011-11-20 22:00:00,77.3061611475019
2011-11-20 23:00:00,60.1948346220249
2011-11-21 00:00:00,24.9006175848272
2011-11-21 01:00:00,5.55378965439541
2011-11-21 02:00:00,4.43425687817462
2011-11-21 03:00:00,1.71870946470329
2011-11-21 04:00:00,3.58488482881384
2011-11-21 05:00:00,19.6121012418901
2011-11-21 06:00:00,99.1707357891874
2011-11-21 07:00:00,328.568793220289
2011-11-21 08:00:00,536.777977351924
2011-11-21 09:00:00,240.285700899653
2011-11-21 10:00:00,112.333406414292
2011-11-21 11:00:00,150.206981348914
2011-11-21 12:00:00,205.564977266261
2011-11-21 13:00:00,214.464548566736
2011-11-21 14:00:00,172.697429686032
2011-11-21 15:00:00,133.354853251935
2011-11-21 16:00:00,179.006904702966
2011-11-21 17:00:00,192.423975929875
2011-11-21 18:00:00,296.158522637224
2011-11-21 19:00:00,243.880042785537
2011-11-21 20:00:00,166.221872885011
2011-11-21 21:00:00,114.021598043923
2011-11-21 22:00:00,77.5391414082077
2011-11-21 23:00:00,55.0307831452324
2011-11-22 00:00:00,21.0178729390444
2011-11-22 01:00:00,6.95500537551514
2011-11-22 02:00:00,3.34488750797602
2011-11-22 03:00:00,2.33044979351191
2011-11-22 04:00:00,5.25601422996681
2011-11-22 05:00:00,10.7060237473204
2011-11-22 06:00:00,124.31185255043
2011-11-22 07:00:00,137.084648435625
2011-11-22 08:00:00,209.502276047335
2011-11-22 09:00:00,132.062930225798
2011-11-22 10:00:00,69.3246019793141
2011-11-22 11:00:00,77.3461854972264
2011-11-22 12:00:00,75.4463079276485
2011-11-22 13:00:00,74.7801102010918
2011-11-22 14:00:00,65.2720831426819
2011-11-22 15:00:00,64.9873529668756
2011-11-22 16:00:00,133.913553930319
2011-11-22 17:00:00,225.83876791278
2011-11-22 18:00:00,212.712285132451
2011-11-22 19:00:00,266.447240069132
2011-11-22 20:00:00,180.941915176896
2011-11-22 21:00:00,153.855633580105
2011-11-22 22:00:00,120.48801196383
2011-11-22 23:00:00,68.7281711709937
2011-11-23 00:00:00,21.8112358501914
2011-11-23 01:00:00,9.22281876688375
2011-11-23 02:00:00,4.42011168224506
2011-11-23 03:00:00,3.09846935861044
2011-11-23 04:00:00,4.74389947950379
2011-11-23 05:00:00,17.1045953344374
2011-11-23 06:00:00,71.3509546367447
2011-11-23 07:00:00,246.613041884696
2011-11-23 08:00:00,519.302725369593
2011-11-23 09:00:00,202.495710402038
2011-11-23 10:00:00,96.2534041750152
2011-11-23 11:00:00,157.875561158998
2011-11-23 12:00:00,238.422547172688
2011-11-23 13:00:00,206.350751799244
2011-11-23 14:00:00,214.09069016397
2011-11-23 15:00:00,213.170859918027
2011-11-23 16:00:00,270.753344768063
2011-11-23 17:00:00,242.399605364895
2011-11-23 18:00:00,433.474002287537
2011-11-23 19:00:00,353.58059304898
2011-11-23 20:00:00,247.262405880923
2011-11-23 21:00:00,147.683210103796
2011-11-23 22:00:00,115.579008800795
2011-11-23 23:00:00,91.2723992492821
2011-11-24 00:00:00,92.318337901268
2011-11-24 01:00:00,33.6780773855153
2011-11-24 02:00:00,26.1083530004199
2011-11-24 03:00:00,8.97521654945158
2011-11-24 04:00:00,8.94937954069345
2011-11-24 05:00:00,8.6506817124111
2011-11-24 06:00:00,22.2728135931585
2011-11-24 07:00:00,53.5574450354666
2011-11-24 08:00:00,120.846609979188
2011-11-24 09:00:00,153.436406326523
2011-11-24 10:00:00,265.15137303505
2011-11-24 11:00:00,270.961496571764
2011-11-24 12:00:00,414.674333705138
2011-11-24 13:00:00,385.641427074872
2011-11-24 14:00:00,414.755928342418
2011-11-24 15:00:00,362.790605229688
2011-11-24 16:00:00,394.558411464803
2011-11-24 17:00:00,373.135217381692
2011-11-24 18:00:00,281.678597557148
2011-11-24 19:00:00,250.415013364843
2011-11-24 20:00:00,141.830534586206
2011-11-24 21:00:00,145.282458404426
2011-11-24 22:00:00,133.469107999878
2011-11-24 23:00:00,70.1339705792973
2011-11-25 00:00:00,45.8927582830059
2011-11-25 01:00:00,17.7521409513553
2011-11-25 02:00:00,10.182852935729
2011-11-25 03:00:00,5.99923071501632
2011-11-25 04:00:00,6.98607327245424
2011-11-25 05:00:00,27.5370414961475
2011-11-25 06:00:00,104.934055253919
2011-11-25 07:00:00,259.799578263628
2011-11-25 08:00:00,482.940539647499
2011-11-25 09:00:00,296.069360020094
2011-11-25 10:00:00,172.771946520029
2011-11-25 11:00:00,192.644955797137
2011-11-25 12:00:00,248.04923894497
2011-11-25 13:00:00,257.036763121287
2011-11-25 14:00:00,260.49773827288
2011-11-25 15:00:00,297.545682366581
2011-11-25 16:00:00,422.515986015681
2011-11-25 17:00:00,651.594787571614
2011-11-25 18:00:00,472.79864003757
2011-11-25 19:00:00,304.833539282545
2011-11-25 20:00:00,242.361363982755
2011-11-25 21:00:00,162.317047129749
2011-11-25 22:00:00,158.276134539843
2011-11-25 23:00:00,122.196724905958
2011-11-26 00:00:00,130.809436143264
2011-11-26 01:00:00,97.8342797506912
2011-11-26 02:00:00,62.4901326014166
2011-11-26 03:00:00,28.5381028998871
2011-11-26 04:00:00,8.99143741293422
2011-11-26 05:00:00,8.06352445564215
2011-11-26 06:00:00,20.0377129670171
2011-11-26 07:00:00,55.2749468838109
2011-11-26 08:00:00,134.149620218787
2011-11-26 09:00:00,171.206292835987
2011-11-26 10:00:00,226.859468565358
2011-11-26 11:00:00,340.685674085258
2011-11-26 12:00:00,429.583647164809
2011-11-26 13:00:00,438.918926847348
2011-11-26 14:00:00,437.251095516178
2011-11-26 15:00:00,418.446830339254
2011-11-26 16:00:00,387.574653421463
2011-11-26 17:00:00,330.886259015527
2011-11-26 18:00:00,224.715574551602
2011-11-26 19:00:00,226.326519439535
2011-11-26 20:00:00,198.822685564306
2011-11-26 21:00:00,145.120733629084
2011-11-26 22:00:00,143.291340616227
2011-11-26 23:00:00,120.071345489018
2011-11-27 00:00:00,105.567616668696
2011-11-27 01:00:00,80.925663078655
2011-11-27 02:00:00,52.9853249541356
2011-11-27 03:00:00,26.5944985536227
2011-11-27 04:00:00,10.8826929082425
2011-11-27 05:00:00,9.18477152654576
2011-11-27 06:00:00,19.1742892891138
2011-11-27 07:00:00,40.6647158304353
2011-11-27 08:00:00,114.776401565996
2011-11-27 09:00:00,157.652976790829
2011-11-27 10:00:00,229.35804187085
2011-11-27 11:00:00,308.17826112787
2011-11-27 12:00:00,371.728899717939
2011-11-27 13:00:00,399.610208194449
2011-11-27 14:00:00,462.921804312864
2011-11-27 15:00:00,475.503554340937
2011-11-27 16:00:00,404.611969742497
2011-11-27 17:00:00,409.293600090886
2011-11-27 18:00:00,305.428770116244
2011-11-27 19:00:00,193.821496396651
2011-11-27 20:00:00,188.423157759893
2011-11-27 21:00:00,137.616049597486
2011-11-27 22:00:00,122.482128904979
2011-11-27 23:00:00,84.1065180667979
2011-11-28 00:00:00,37.1053237154972
2011-11-28 01:00:00,14.0323980539491
2011-11-28 03:00:00,4.54151146736315
2011-11-28 04:00:00,7.71915745079978
2011-11-28 05:00:00,35.6785852209753
2011-11-28 06:00:00,120.073503064949
2011-11-28 07:00:00,374.486289990263
2011-11-28 08:00:00,554.492620523817
2011-11-28 09:00:00,285.585418215056
2011-11-28 10:00:00,140.436479128778
2011-11-28 11:00:00,161.10047095537
2011-11-28 12:00:00,235.919970670816
2011-11-28 13:00:00,235.64505844021
2011-11-28 14:00:00,218.380959488885
2011-11-28 15:00:00,235.470132013247
2011-11-28 16:00:00,338.317693663262
2011-11-28 17:00:00,670.712816860733
2011-11-28 18:00:00,640.114732843089
2011-11-28 19:00:00,439.777633620661
2011-11-28 20:00:00,302.62378061555
2011-11-28 21:00:00,234.212458885783
2011-11-28 22:00:00,134.505339411263
2011-11-28 23:00:00,67.574893323487
2011-11-29 00:00:00,30.3165618975227
2011-11-29 01:00:00,13.169977901607
2011-11-29 02:00:00,3.92809841861755
2011-11-29 03:00:00,4.18632789306254
2011-11-29 04:00:00,6.05929568893372
2011-11-29 05:00:00,29.0381782337793
2011-11-29 06:00:00,129.479441005551
2011-11-29 07:00:00,331.937633159803
2011-11-29 08:00:00,466.938472338509
2011-11-29 09:00:00,205.913705724977
2011-11-29 10:00:00,149.140746954676
2011-11-29 11:00:00,78.0079796951583
2011-11-29 12:00:00,86.6536598864878
2011-11-29 13:00:00,109.965081307646
2011-11-29 14:00:00,67.1017420407088
2011-11-29 15:00:00,66.3508341958767
2011-11-29 16:00:00,136.807991878332
2011-11-29 17:00:00,372.995786089574
2011-11-29 18:00:00,336.230403660444
2011-11-29 19:00:00,224.102550388535
2011-11-29 20:00:00,204.277327375569
2011-11-29 21:00:00,154.010107844141
2011-11-29 22:00:00,113.478099881926
2011-11-29 23:00:00,70.5026749412233
2011-11-30 00:00:00,41.2867641901446
2011-11-30 01:00:00,15.237811742342
2011-11-30 02:00:00,5.00373068505382
2011-11-30 03:00:00,4.04064473978544
2011-11-30 04:00:00,7.14303371390187
2011-11-30 05:00:00,29.5905904427504
2011-11-30 06:00:00,97.1203969017697
2011-11-30 07:00:00,332.998365756875
2011-11-30 08:00:00,483.841827818143
2011-11-30 09:00:00,281.285258718088
2011-11-30 10:00:00,149.760103072366
2011-11-30 11:00:00,179.850115551153
2011-11-30 12:00:00,234.138537800126
2011-11-30 13:00:00,237.222539884619
2011-11-30 14:00:00,200.601482157702
2011-11-30 15:00:00,208.217073904804
2011-11-30 16:00:00,337.313021424979
2011-11-30 17:00:00,527.839454005629
2011-11-30 18:00:00,457.953831428543
2011-11-30 19:00:00,320.164481094402
2011-11-30 20:00:00,225.358096211652
2011-11-30 21:00:00,170.946657095783
2011-11-30 22:00:00,110.557075853453
2011-11-30 23:00:00,68.2509097813832
2011-12-20 00:00:00,35.5880228049242
2011-12-20 01:00:00,10.3831146329318
2011-12-20 02:00:00,3.76316789674743
2011-12-20 03:00:00,3.75238232359405
2011-12-20 04:00:00,7.15510285846147
2011-12-20 05:00:00,33.7421600233237
2011-12-20 06:00:00,129.360478388405
2011-12-20 07:00:00,371.070757805237
2011-12-20 08:00:00,657.636677004937
2011-12-20 09:00:00,244.181124027848
2011-12-20 10:00:00,138.570794474163
2011-12-20 11:00:00,152.64326686833
2011-12-20 12:00:00,217.197734208983
2011-12-20 13:00:00,209.237559330565
2011-12-20 14:00:00,178.702173037849
2011-12-20 15:00:00,191.770470790344
2011-12-20 16:00:00,299.423140850844
2011-12-20 17:00:00,550.394344863292
2011-12-20 18:00:00,460.227045418605
2011-12-20 19:00:00,305.281973600469
2011-12-20 20:00:00,202.70388971087
2011-12-20 21:00:00,160.071397554986
2011-12-20 22:00:00,125.378335653645
2011-12-20 23:00:00,88.2049415980362
2011-12-21 00:00:00,20.7630936419536
2011-12-21 01:00:00,8.68976561503582
2011-12-21 02:00:00,3.6125035458306
2011-12-21 03:00:00,2.89610241190566
2011-12-21 04:00:00,2.20222289070369
2011-12-21 05:00:00,19.8434225085343
2011-12-21 06:00:00,72.2363671479997
2011-12-21 07:00:00,231.082329949244
2011-12-21 08:00:00,222.554415694031
2011-12-21 09:00:00,165.064093778459
2011-12-21 10:00:00,80.6235992247776
2011-12-21 11:00:00,79.5283046516261
2011-12-21 12:00:00,47.7959964038303
2011-12-21 13:00:00,35.9121173110379
2011-12-21 14:00:00,74.159308433876
2011-12-21 15:00:00,80.8158484080069
2011-12-21 16:00:00,38.6755239128902
2011-12-21 17:00:00,67.9292842055323
2011-12-21 18:00:00,85.4992639598689
2011-12-21 19:00:00,105.901463268412
2011-12-21 20:00:00,98.1692465045815
2011-12-21 21:00:00,131.186385382173
2011-12-21 22:00:00,126.706906131904
2011-12-21 23:00:00,80.9041541682141
2011-12-22 00:00:00,34.8579441060864
2011-12-22 01:00:00,11.632789725587
2011-12-22 02:00:00,11.013214648692
2011-12-22 03:00:00,4.50500815836658
2011-12-22 04:00:00,3.23866525797924
2011-12-22 05:00:00,23.3733289850669
2011-12-22 06:00:00,91.0795752382576
2011-12-22 07:00:00,254.142892506418
2011-12-22 08:00:00,512.788719478676
2011-12-22 09:00:00,240.532282616533
2011-12-22 10:00:00,104.752056305638
2011-12-22 11:00:00,132.603837671142
2011-12-22 12:00:00,172.355315324001
2011-12-22 13:00:00,147.552697491842
2011-12-22 14:00:00,143.977976023741
2011-12-22 15:00:00,150.506620241478
2011-12-22 16:00:00,191.556312711454
2011-12-22 17:00:00,401.198103519395
2011-12-22 18:00:00,331.410887893585
2011-12-22 19:00:00,260.873729914872
2011-12-22 20:00:00,168.884459432877
2011-12-22 21:00:00,135.382656118329
2011-12-22 22:00:00,62.7712233425353
2011-12-22 23:00:00,52.4159960713837
2011-12-23 00:00:00,32.438967828084
2011-12-23 01:00:00,13.1360405087476
2011-12-23 02:00:00,7.80463782567658
2011-12-23 03:00:00,3.82304817969548
2011-12-23 04:00:00,2.56406754997804
2011-12-23 05:00:00,12.5069543660726
2011-12-23 06:00:00,73.647282337267
2011-12-23 07:00:00,235.156374769111
2011-12-23 08:00:00,355.143964424168
2011-12-23 09:00:00,192.84815223199
2011-12-23 10:00:00,116.251038914344
2011-12-23 11:00:00,148.885846550286
2011-12-23 12:00:00,186.254300347783
2011-12-23 13:00:00,155.628007826197
2011-12-23 14:00:00,144.304360373579
2011-12-23 15:00:00,125.877669005286
2011-12-23 16:00:00,169.081126233288
2011-12-23 17:00:00,262.384041707246
2011-12-23 18:00:00,234.759614816099
2011-12-23 19:00:00,196.545931232278
2011-12-23 20:00:00,98.7394951389057
2011-12-23 21:00:00,93.2286922397951
2011-12-23 22:00:00,80.9545192982961
2011-12-23 23:00:00,69.9163468025216
2011-12-24 00:00:00,55.5891750079185
2011-12-24 01:00:00,30.6713961499709
2011-12-24 02:00:00,35.3499281248277
2011-12-24 03:00:00,16.6931608942456
2011-12-24 04:00:00,4.9698570191041
2011-12-24 05:00:00,2.80739210821563
2011-12-24 06:00:00,8.90780919783671
2011-12-24 07:00:00,31.2928166530188
2011-12-24 08:00:00,59.7977625210632
2011-12-24 09:00:00,89.614298127989
2011-12-24 10:00:00,119.02861416292
2011-12-24 11:00:00,158.984088671118
2011-12-24 12:00:00,251.736056083504
2011-12-24 13:00:00,241.300742971002
2011-12-24 14:00:00,211.267289130655
2011-12-24 15:00:00,223.135659107936
2011-12-24 16:00:00,188.959287545999
2011-12-24 17:00:00,113.891583825804
2011-12-24 18:00:00,117.760602973295
2011-12-24 19:00:00,88.2323810077432
2011-12-24 20:00:00,52.5855274846464
2011-12-24 21:00:00,50.4965897732678
2011-12-24 22:00:00,37.3661768065837
2011-12-24 23:00:00,32.1262457013239
2011-12-25 00:00:00,38.9608750333706
2011-12-25 01:00:00,32.9764939491224
2011-12-25 02:00:00,30.5215599310874
2011-12-25 03:00:00,15.5265810721152
2011-12-25 05:00:00,3.43064077448342
2011-12-25 06:00:00,5.93128328840757
2011-12-25 07:00:00,15.5011941665257
2011-12-25 08:00:00,42.3906356860421
2011-12-25 09:00:00,73.59799089744
2011-12-25 10:00:00,112.163085973897
2011-12-25 11:00:00,174.35542605936
2011-12-25 12:00:00,142.620656331864
2011-12-25 13:00:00,222.467362581595
2011-12-25 14:00:00,184.075632295789
2011-12-25 15:00:00,191.593477749119
2011-12-25 16:00:00,211.893643261824
2011-12-25 17:00:00,152.990125285451
2011-12-25 18:00:00,109.344493823399
2011-12-25 19:00:00,91.3875252149831
2011-12-25 20:00:00,82.286272012963
2011-12-25 21:00:00,59.4508967730295
2011-12-25 22:00:00,58.7462703596045
2011-12-25 23:00:00,30.8766410525928
2011-12-26 00:00:00,44.3033893311051
2011-12-26 01:00:00,29.3781071962207
2011-12-26 02:00:00,20.7352255313869
2011-12-26 04:00:00,4.1766315443208
2011-12-26 05:00:00,3.08810303538994
2011-12-26 06:00:00,9.50290809376992
2011-12-26 07:00:00,34.0501016304828
2011-12-26 08:00:00,76.8550874671929
2011-12-26 09:00:00,92.6366046385426
2011-12-26 10:00:00,99.5113253871025
2011-12-26 11:00:00,118.040008395693
2011-12-26 12:00:00,100.583963302121
2011-12-26 13:00:00,198.788245647862
2011-12-26 14:00:00,160.494990304357
2011-12-26 15:00:00,197.945442791925
2011-12-26 16:00:00,150.15416447795
2011-12-26 17:00:00,153.88382713859
2011-12-26 18:00:00,134.600594123763
2011-12-26 19:00:00,94.8951248067953
2011-12-26 20:00:00,65.6383992200367
2011-12-26 21:00:00,45.9881695476787
2011-12-26 22:00:00,44.1064329028038
2011-12-26 23:00:00,40.0000141507331
2011-12-27 00:00:00,14.4546148888373
2011-12-27 01:00:00,4.88020913983086
2011-12-27 02:00:00,2.43904618458752
2011-12-27 03:00:00,2.64729289471386
2011-12-27 04:00:00,2.13315623708435
2011-12-27 05:00:00,14.7037439249539
2011-12-27 06:00:00,75.6327215415333
2011-12-27 07:00:00,209.06199473416
2011-12-27 08:00:00,427.016085638356
2011-12-27 09:00:00,100.445124967114
2011-12-27 10:00:00,88.2110298284916
2011-12-27 11:00:00,64.2512532240315
2011-12-27 12:00:00,54.9939016676076
2011-12-27 13:00:00,54.0539151618991
2011-12-27 14:00:00,37.4113594821879
2011-12-27 15:00:00,42.9581294465589
2011-12-27 16:00:00,79.1217250595312
2011-12-27 17:00:00,321.809313605359
2011-12-27 18:00:00,248.38184543383
2011-12-27 19:00:00,167.132399897193
2011-12-27 20:00:00,89.8850133220984
2011-12-27 21:00:00,85.8378025477827
2011-12-27 22:00:00,57.9426453650082
2011-12-27 23:00:00,34.6121691014205
2011-12-28 00:00:00,15.2438178125344
2011-12-28 01:00:00,8.10228488232029
2011-12-28 02:00:00,2.89814302046433
2011-12-28 03:00:00,2.91441171479002
2011-12-28 05:00:00,16.4891833686242
2011-12-28 06:00:00,74.4063830217015
2011-12-28 07:00:00,228.458261417371
2011-12-28 08:00:00,504.345332073955
2011-12-28 09:00:00,200.373669360893
2011-12-28 10:00:00,94.637885637757
2011-12-28 11:00:00,105.351027200422
2011-12-28 12:00:00,124.316716269544
2011-12-28 13:00:00,110.534150911645
2011-12-28 14:00:00,95.398311297461
2011-12-28 15:00:00,109.560485456936
2011-12-28 16:00:00,134.653933628033
2011-12-28 17:00:00,248.449638916567
2011-12-28 18:00:00,275.790289799848
2011-12-28 19:00:00,151.54417245552
2011-12-28 20:00:00,114.539283840368
2011-12-28 21:00:00,68.4462275214861
2011-12-28 22:00:00,51.6576413860209
2011-12-28 23:00:00,27.001538958985
2011-12-29 00:00:00,13.8556765805737
2011-12-29 01:00:00,5.82438447882136
2011-12-29 02:00:00,3.85502952139467
2011-12-29 03:00:00,2.18871776987756
2011-12-29 04:00:00,2.50876047955621
2011-12-29 05:00:00,16.1934058874088
2011-12-29 06:00:00,55.5228438904249
2011-12-29 07:00:00,170.66468663318
2011-12-29 08:00:00,369.979950699405
2011-12-29 09:00:00,200.070074299062
2011-12-29 10:00:00,70.6450123081126
2011-12-29 11:00:00,79.2947312877297
2011-12-29 12:00:00,117.087117264094
2011-12-29 13:00:00,109.520504388298
2011-12-29 14:00:00,102.525494772234
2011-12-29 15:00:00,92.4289355965432
2011-12-29 16:00:00,109.352108761662
2011-12-29 17:00:00,227.604861350414
2011-12-29 18:00:00,233.984475378989
2011-12-29 19:00:00,164.215545343101
2011-12-29 20:00:00,108.849218239177
2011-12-29 21:00:00,113.811107275888
2011-12-29 22:00:00,84.2042073875282
2011-12-29 23:00:00,53.9841599993497
2011-12-30 00:00:00,30.8491453524155
2011-12-30 01:00:00,8.16403132050224
2011-12-30 02:00:00,8.0681961946808
2011-12-30 03:00:00,4.26372507283302
2011-12-30 04:00:00,2.30422177517489
2011-12-30 05:00:00,10.3196668163367
2011-12-30 06:00:00,59.3691864808183
2011-12-30 07:00:00,175.069329150477
2011-12-30 08:00:00,420.271115253902
2011-12-30 09:00:00,231.734990959959
2011-12-30 10:00:00,92.140062387721
2011-12-30 11:00:00,102.744818262444
2011-12-30 12:00:00,129.659975652798
2011-12-30 13:00:00,156.183618355661
2011-12-30 14:00:00,148.016149800638
2011-12-30 15:00:00,187.873773271009
2011-12-30 16:00:00,232.625823233929
2011-12-30 17:00:00,330.512252600479
2011-12-30 18:00:00,269.215725635493
2011-12-30 19:00:00,157.598673474247
2011-12-30 20:00:00,134.129712468422
2011-12-30 21:00:00,111.17752653571
2011-12-30 22:00:00,71.3297974176071
2011-12-30 23:00:00,50.4097096143507
2011-12-31 00:00:00,54.8541012996775
2011-12-31 01:00:00,37.7769702846853
2011-12-31 02:00:00,28.6701250695759
2011-12-31 03:00:00,13.7305266888877
2011-12-31 04:00:00,3.90365417232686
2011-12-31 05:00:00,2.92562826096564
2011-12-31 06:00:00,15.478182641906
2011-12-31 07:00:00,24.2098305008943
2011-12-31 08:00:00,81.474441132052
2011-12-31 09:00:00,82.3823832842449
2011-12-31 10:00:00,94.6308113728306
2011-12-31 11:00:00,241.212178312626
2011-12-31 12:00:00,380.015425678798
2011-12-31 13:00:00,249.518447902569
2011-12-31 14:00:00,276.852689719022
2011-12-31 15:00:00,228.376116352687
2011-12-31 16:00:00,186.059197003781
2011-12-31 17:00:00,185.302554387348
2011-12-31 18:00:00,166.165071289343
2011-12-31 19:00:00,130.184178293797
2011-12-31 20:00:00,118.485584098889
2011-12-31 21:00:00,87.7715381596559
2011-12-31 22:00:00,78.3659775329943
2011-12-31 23:00:00,59.8231948808005
2012-01-20 00:00:00,20.4690008806707
2012-01-20 01:00:00,9.72544680728033
2012-01-20 02:00:00,6.7012800291342
2012-01-20 03:00:00,4.73415025801252
2012-01-20 04:00:00,2.79889490533703
2012-01-20 05:00:00,11.2304574249139
2012-01-20 06:00:00,57.6213777300883
2012-01-20 07:00:00,129.045581756409
2012-01-20 08:00:00,311.422844346724
2012-01-20 09:00:00,155.812071813334
2012-01-20 10:00:00,61.4063317060354
2012-01-20 11:00:00,44.8735364298448
2012-01-20 12:00:00,51.6222022869473
2012-01-20 13:00:00,76.0815680201577
2012-01-20 14:00:00,61.8948699509078
2012-01-20 15:00:00,66.0345752351509
2012-01-20 16:00:00,87.756126833327
2012-01-20 17:00:00,155.075729923645
2012-01-20 18:00:00,159.075827785332
2012-01-20 19:00:00,138.810481834227
2012-01-20 20:00:00,92.5881457394816
2012-01-20 21:00:00,68.7488381610407
2012-01-20 22:00:00,40.8705723022116
2012-01-20 23:00:00,23.9840179964869
2012-01-21 00:00:00,26.6557418793304
2012-01-21 01:00:00,18.9912707940062
2012-01-21 02:00:00,16.3111068362256
2012-01-21 03:00:00,6.68460174049338
2012-01-21 04:00:00,3.33482339387195
2012-01-21 05:00:00,3.04425110596717
2012-01-21 06:00:00,3.20342849025576
2012-01-21 07:00:00,6.54552101953139
2012-01-21 08:00:00,34.4901447273585
2012-01-21 09:00:00,56.5683749532385
2012-01-21 10:00:00,40.3356707199057
2012-01-21 11:00:00,92.9190374741479
2012-01-21 12:00:00,131.250900623965
2012-01-21 13:00:00,119.745377898295
2012-01-21 14:00:00,65.938745098102
2012-01-21 15:00:00,69.3328563979819
2012-01-21 16:00:00,80.9119076345088
2012-01-21 17:00:00,70.0510956977232
2012-01-21 18:00:00,61.5618480368845
2012-01-21 19:00:00,49.6453884238448
2012-01-21 20:00:00,43.2715573047847
2012-01-21 21:00:00,36.2652187651134
2012-01-21 22:00:00,34.4700381046357
2012-01-21 23:00:00,38.8016247360205
2012-01-22 00:00:00,33.8376247970223
2012-01-22 01:00:00,25.2649594753017
2012-01-22 02:00:00,19.5588124932145
2012-01-22 03:00:00,9.11184951524758
2012-01-22 04:00:00,2.3593556076838
2012-01-22 05:00:00,2.70104244929789
2012-01-22 06:00:00,3.31517647087809
2012-01-22 07:00:00,9.47990925349298
2012-01-22 08:00:00,28.5843585957416
2012-01-22 09:00:00,63.5805350819894
2012-01-22 10:00:00,87.6712056900191
2012-01-22 11:00:00,55.8994046836926
2012-01-22 12:00:00,116.340981229075
2012-01-22 13:00:00,100.65005717478
2012-01-22 14:00:00,89.5708558723189
2012-01-22 15:00:00,77.325443245957
2012-01-22 16:00:00,82.7948753013727
2012-01-22 17:00:00,76.4811856325626
2012-01-22 18:00:00,31.559821457158
2012-01-22 19:00:00,30.7555646322164
2012-01-22 20:00:00,29.3534955249301
2012-01-22 21:00:00,20.2831601041893
2012-01-22 22:00:00,27.9577878614283
2012-01-22 23:00:00,20.904443239797
2012-01-23 00:00:00,9.25113108086308
2012-01-23 01:00:00,6.37926216592241
2012-01-23 02:00:00,2.73741268187014
2012-01-23 03:00:00,1.61698522208078
2012-01-23 04:00:00,2.08411708520928
2012-01-23 05:00:00,9.71594585909484
2012-01-23 06:00:00,36.7683803248182
2012-01-23 07:00:00,64.3554383309003
2012-01-23 08:00:00,218.937187679206
2012-01-23 09:00:00,204.807174154427
2012-01-23 10:00:00,63.2673261470055
2012-01-23 11:00:00,59.8735628883687
2012-01-23 12:00:00,65.0680193543877
2012-01-23 13:00:00,50.5960900986165
2012-01-23 14:00:00,56.1892512065415
2012-01-23 15:00:00,49.2149496298372
2012-01-23 16:00:00,93.913898834889
2012-01-23 17:00:00,175.950311158934
2012-01-23 18:00:00,215.637541208132
2012-01-23 19:00:00,154.893473176407
2012-01-23 20:00:00,89.480807165628
2012-01-23 21:00:00,68.597709186662
2012-01-23 22:00:00,47.1490787632899
2012-01-23 23:00:00,35.3782404683903
2012-01-24 00:00:00,6.99555436044978
2012-01-24 01:00:00,5.4630953312401
2012-01-24 02:00:00,3.36937947878906
2012-01-24 03:00:00,1.60527867099736
2012-01-24 04:00:00,2.47316497180735
2012-01-24 05:00:00,8.82814066968316
2012-01-24 06:00:00,52.0782846845719
2012-01-24 07:00:00,224.509765323338
2012-01-24 08:00:00,409.895688672823
2012-01-24 09:00:00,195.279014529799
2012-01-24 10:00:00,74.5033477177387
2012-01-24 11:00:00,77.5994576244841
2012-01-24 12:00:00,76.7450591931774
2012-01-24 13:00:00,77.6987113971803
2012-01-24 14:00:00,61.4495691333767
2012-01-24 15:00:00,97.5624915080231
2012-01-24 16:00:00,148.164392567091
2012-01-24 17:00:00,376.719461368133
2012-01-24 18:00:00,308.584877759522
2012-01-24 19:00:00,274.760628621299
2012-01-24 20:00:00,114.07018656581
2012-01-24 21:00:00,109.310656892505
2012-01-24 22:00:00,72.735776928685
2012-01-24 23:00:00,40.1690018089934
2012-01-25 00:00:00,7.65010096642361
2012-01-25 01:00:00,9.80517688159454
2012-01-25 02:00:00,3.28635844571351
2012-01-25 03:00:00,2.48586611999978
2012-01-25 04:00:00,1.21321013566446
2012-01-25 05:00:00,8.07777784219127
2012-01-25 06:00:00,57.5716738611747
2012-01-25 07:00:00,168.138046603584
2012-01-25 08:00:00,325.85619746393
2012-01-25 09:00:00,193.675280440727
2012-01-25 10:00:00,73.1160402707553
2012-01-25 11:00:00,94.2406419955845
2012-01-25 12:00:00,120.867659749949
2012-01-25 13:00:00,110.828293462034
2012-01-25 14:00:00,98.0903248399069
2012-01-25 15:00:00,102.142433310643
2012-01-25 16:00:00,149.363965737916
2012-01-25 17:00:00,280.642458957019
2012-01-25 18:00:00,224.202817539746
2012-01-25 19:00:00,200.620776781976
2012-01-25 20:00:00,111.846254029792
2012-01-25 21:00:00,110.266454749835
2012-01-25 22:00:00,74.7210444588478
2012-01-25 23:00:00,42.0404033525853
2012-01-26 00:00:00,18.0729650733631
2012-01-26 01:00:00,8.100199316855
2012-01-26 02:00:00,5.42421246844874
2012-01-26 03:00:00,2.06280440378608
2012-01-26 04:00:00,2.26018273349247
2012-01-26 05:00:00,13.8559299959484
2012-01-26 06:00:00,62.5946138031643
2012-01-26 07:00:00,208.661065617886
2012-01-26 08:00:00,396.390738456548
2012-01-26 09:00:00,206.709799568279
2012-01-26 10:00:00,96.7065822420004
2012-01-26 11:00:00,92.5072250099937
2012-01-26 12:00:00,119.729961703059
2012-01-26 13:00:00,111.385864733812
2012-01-26 14:00:00,112.203001166708
2012-01-26 15:00:00,139.238285953822
2012-01-26 16:00:00,153.540938679076
2012-01-26 17:00:00,409.825788844417
2012-01-26 18:00:00,405.081580268857
2012-01-26 19:00:00,268.659789782268
2012-01-26 20:00:00,176.233241198176
2012-01-26 21:00:00,134.904519469845
2012-01-26 22:00:00,126.815389911764
2012-01-26 23:00:00,73.1734885131566
2012-01-27 00:00:00,34.8099392849994
2012-01-27 01:00:00,14.3717868771166
2012-01-27 02:00:00,8.91649126198465
2012-01-27 03:00:00,2.66463422423725
2012-01-27 04:00:00,2.13304687427497
2012-01-27 05:00:00,13.458235114934
2012-01-27 06:00:00,31.6282266895651
2012-01-27 07:00:00,103.789119728096
2012-01-27 08:00:00,190.42004497954
2012-01-27 09:00:00,125.192464148214
2012-01-27 10:00:00,59.6990821431382
2012-01-27 11:00:00,95.2034006813288
2012-01-27 12:00:00,176.539366530522
2012-01-27 13:00:00,198.551273277262
2012-01-27 14:00:00,197.998586299511
2012-01-27 15:00:00,162.389278152295
2012-01-27 16:00:00,222.863265891229
2012-01-27 17:00:00,276.878151931623
2012-01-27 18:00:00,262.399323499313
2012-01-27 19:00:00,171.778585021975
2012-01-27 20:00:00,105.97244192227
2012-01-27 21:00:00,77.086204454032
2012-01-27 22:00:00,92.3164911643694
2012-01-27 23:00:00,60.3860190894386
2012-01-28 00:00:00,62.4407435530208
2012-01-28 01:00:00,45.5803230064536
2012-01-28 02:00:00,29.3978855486185
2012-01-28 03:00:00,17.4528740928275
2012-01-28 04:00:00,3.42276888262211
2012-01-28 05:00:00,2.6368776556271
2012-01-28 06:00:00,6.50885995266587
2012-01-28 07:00:00,14.0050089764078
2012-01-28 08:00:00,48.2028935277169
2012-01-28 09:00:00,69.4314420885628
2012-01-28 10:00:00,137.209926740553
2012-01-28 11:00:00,178.115501607178
2012-01-28 12:00:00,147.488298174568
2012-01-28 13:00:00,243.572996408049
2012-01-28 14:00:00,221.880096012594
2012-01-28 15:00:00,207.7459792713
2012-01-28 16:00:00,229.670785660843
2012-01-28 17:00:00,160.249229755595
2012-01-28 18:00:00,162.955907294085
2012-01-28 19:00:00,99.6351459929476
2012-01-28 20:00:00,80.4498077960386
2012-01-28 21:00:00,79.0600849467711
2012-01-28 22:00:00,81.136353781423
2012-01-28 23:00:00,70.7220757427809
2012-01-29 00:00:00,72.8895948259429
2012-01-29 01:00:00,36.4996108593303
2012-01-29 02:00:00,42.2108659123342
2012-01-29 03:00:00,22.9469869744705
2012-01-29 04:00:00,5.90147795621768
2012-01-29 05:00:00,2.89755410814016
2012-01-29 06:00:00,6.48906073856132
2012-01-29 07:00:00,23.1983357833636
2012-01-29 08:00:00,56.7559120771738
2012-01-29 09:00:00,60.4102771771374
2012-01-29 10:00:00,122.543442504617
2012-01-29 11:00:00,173.921858095011
2012-01-29 12:00:00,246.74612501032
2012-01-29 13:00:00,284.990498120843
2012-01-29 14:00:00,203.893076619339
2012-01-29 15:00:00,264.374103610364
2012-01-29 16:00:00,169.46328342486
2012-01-29 17:00:00,150.054211379392
2012-01-29 18:00:00,133.372469217548
2012-01-29 19:00:00,81.6108788479476
2012-01-29 20:00:00,69.5667239151182
2012-01-29 21:00:00,73.1098399375526
2012-01-29 22:00:00,56.9841291947602
2012-01-29 23:00:00,35.8378144277338
2012-01-30 00:00:00,14.1851841520529
2012-01-30 01:00:00,2.52807160249909
2012-01-30 02:00:00,3.35676266181454
2012-01-30 03:00:00,1.81267060546145
2012-01-30 04:00:00,2.24006974587124
2012-01-30 05:00:00,12.7705382947592
2012-01-30 06:00:00,42.9357177335511
2012-01-30 07:00:00,152.168429861646
2012-01-30 08:00:00,260.223890507297
2012-01-30 09:00:00,137.267198084498
2012-01-30 10:00:00,60.7004086457586
2012-01-30 11:00:00,78.2359250659858
2012-01-30 12:00:00,99.7428914050451
2012-01-30 13:00:00,102.509569824742
2012-01-30 14:00:00,96.654687312903
2012-01-30 15:00:00,87.5538825397144
2012-01-30 16:00:00,168.033307474548
2012-01-30 17:00:00,281.697900779613
2012-01-30 18:00:00,311.975478717602
2012-01-30 19:00:00,159.662781541961
2012-01-30 20:00:00,120.406882178246
2012-01-30 21:00:00,96.9071645404534
2012-01-30 22:00:00,55.4906358579396
2012-01-30 23:00:00,35.6519430571851
2012-01-31 00:00:00,16.5873200133119
2012-01-31 01:00:00,5.13673131284829
2012-01-31 02:00:00,3.1951731771559
2012-01-31 03:00:00,2.42888763655498
2012-01-31 04:00:00,2.64822656391879
2012-01-31 05:00:00,17.5457502874698
2012-01-31 06:00:00,77.0019046033646
2012-01-31 07:00:00,202.593472203544
2012-01-31 08:00:00,440.577946765141
2012-01-31 09:00:00,229.279325398254
2012-01-31 10:00:00,84.9778469521492
2012-01-31 11:00:00,115.57236211833
2012-01-31 12:00:00,126.088213010559
2012-01-31 13:00:00,173.538895532913
2012-01-31 14:00:00,148.748817898579
2012-01-31 15:00:00,167.604715141141
2012-01-31 16:00:00,199.636545223483
2012-01-31 17:00:00,517.713079941118
2012-01-31 18:00:00,525.755047233036
2012-01-31 19:00:00,347.713502075829
2012-01-31 20:00:00,158.734332477702
2012-01-31 21:00:00,153.121160794597
2012-01-31 22:00:00,105.877393631541
2012-01-31 23:00:00,61.631676694876
2012-02-20 00:00:00,51.6660879080881
2012-02-20 01:00:00,33.9688115830065
2012-02-20 02:00:00,26.4535520917146
2012-02-20 03:00:00,5.33723178937031
2012-02-20 05:00:00,2.86370822925677
2012-02-20 06:00:00,7.78522263376932
2012-02-20 07:00:00,13.464980639253
2012-02-20 08:00:00,57.3973201418727
2012-02-20 09:00:00,78.4533698579061
2012-02-20 10:00:00,94.3531095439036
2012-02-20 11:00:00,147.411143567247
2012-02-20 12:00:00,177.917650393784
2012-02-20 13:00:00,197.070959138608
2012-02-20 14:00:00,165.168918994519
2012-02-20 15:00:00,205.763235417269
2012-02-20 16:00:00,171.780818026872
2012-02-20 17:00:00,161.501141139114
2012-02-20 18:00:00,137.842521178707
2012-02-20 19:00:00,108.141293175752
2012-02-20 20:00:00,83.4098907318281
2012-02-20 21:00:00,66.8692718380668
2012-02-20 22:00:00,53.8869190042832
2012-02-20 23:00:00,36.0954969807711
2012-02-21 00:00:00,12.5408340520636
2012-02-21 01:00:00,4.00329240064175
2012-02-21 02:00:00,2.39999261197776
2012-02-21 04:00:00,2.42104442029138
2012-02-21 05:00:00,11.7385453510956
2012-02-21 06:00:00,45.9006556106556
2012-02-21 07:00:00,156.001567684032
2012-02-21 08:00:00,344.553162659082
2012-02-21 09:00:00,202.342435631444
2012-02-21 10:00:00,81.4379743682167
2012-02-21 11:00:00,65.6977442031296
2012-02-21 12:00:00,103.480021157462
2012-02-21 13:00:00,95.017189708202
2012-02-21 14:00:00,83.5865597883289
2012-02-21 15:00:00,96.4834215559725
2012-02-21 16:00:00,141.977728901118
2012-02-21 17:00:00,364.34554718094
2012-02-21 18:00:00,363.492284093566
2012-02-21 19:00:00,204.834907236597
2012-02-21 20:00:00,123.304039395506
2012-02-21 21:00:00,116.870055162929
2012-02-21 22:00:00,61.2685473498663
2012-02-21 23:00:00,37.2846970990513
2012-02-22 00:00:00,19.9205332653972
2012-02-22 01:00:00,10.6258848729878
2012-02-22 02:00:00,2.53421088609359
2012-02-22 03:00:00,3.01464133822933
2012-02-22 04:00:00,2.04054385303168
2012-02-22 05:00:00,16.1796676186027
2012-02-22 06:00:00,57.3397587644075
2012-02-22 07:00:00,199.755846108499
2012-02-22 08:00:00,431.025733895613
2012-02-22 09:00:00,220.520154373109
2012-02-22 10:00:00,103.038165248181
2012-02-22 11:00:00,98.6005003767565
2012-02-22 12:00:00,119.080329125308
2012-02-22 13:00:00,131.115567636566
2012-02-22 14:00:00,111.855101159564
2012-02-22 15:00:00,144.882746611944
2012-02-22 16:00:00,195.60377895526
2012-02-22 17:00:00,407.416838181204
2012-02-22 18:00:00,420.713457397617
2012-02-22 19:00:00,271.226050809545
2012-02-22 20:00:00,211.628467493556
2012-02-22 21:00:00,123.934922842907
2012-02-22 22:00:00,113.397918596986
2012-02-22 23:00:00,53.8499955403623
2012-02-23 00:00:00,29.5421369186198
2012-02-23 01:00:00,9.95526058085769
2012-02-23 02:00:00,8.86230795412242
2012-02-23 03:00:00,2.70435173130242
2012-02-23 04:00:00,2.64689998717559
2012-02-23 05:00:00,21.0919342367733
2012-02-23 06:00:00,79.1272600508942
2012-02-23 07:00:00,236.351968638843
2012-02-23 08:00:00,394.345902162735
2012-02-23 09:00:00,182.112619070983
2012-02-23 10:00:00,117.021658815428
2012-02-23 11:00:00,138.397531192395
2012-02-23 12:00:00,165.107058240929
2012-02-23 13:00:00,185.696289367769
2012-02-23 14:00:00,168.073007059543
2012-02-23 15:00:00,205.141358672102
2012-02-23 16:00:00,265.210476987077
2012-02-23 17:00:00,552.877227017761
2012-02-23 18:00:00,560.299958297054
2012-02-23 19:00:00,371.863962334704
2012-02-23 20:00:00,247.156591888365
2012-02-23 21:00:00,174.53464396693
2012-02-23 22:00:00,132.568856410906
2012-02-23 23:00:00,104.832351200875
2012-02-24 00:00:00,49.75262249005
2012-02-24 01:00:00,21.1728360779515
2012-02-24 02:00:00,7.16042737624925
2012-02-24 03:00:00,5.71247097700944
2012-02-24 04:00:00,4.06780735708961
2012-02-24 05:00:00,20.7795628851022
2012-02-24 06:00:00,73.3090525167577
2012-02-24 07:00:00,154.646738009785
2012-02-24 08:00:00,362.62376457413
2012-02-24 09:00:00,94.2782251930521
2012-02-24 10:00:00,89.426753031255
2012-02-24 11:00:00,113.581129506976
2012-02-24 12:00:00,146.385930990063
2012-02-24 13:00:00,178.22744719546
2012-02-24 14:00:00,170.945029596874
2012-02-24 15:00:00,66.4688723936204
2012-02-24 16:00:00,116.031961661719
2012-02-24 17:00:00,264.699582160826
2012-02-24 18:00:00,299.888724847754
2012-02-24 19:00:00,268.274382049912
2012-02-24 20:00:00,172.766231614858
2012-02-24 21:00:00,136.678585526417
2012-02-24 22:00:00,120.95574204149
2012-02-24 23:00:00,83.5807496969081
2012-02-25 00:00:00,91.3546715081955
2012-02-25 01:00:00,46.9482009998197
2012-02-25 02:00:00,40.6887837628838
2012-02-25 03:00:00,14.3267223631832
2012-02-25 04:00:00,3.84298938714649
2012-02-25 05:00:00,3.44969006694711
2012-02-25 06:00:00,9.92823759996607
2012-02-25 07:00:00,26.3458324841125
2012-02-25 08:00:00,64.9471263739962
2012-02-25 09:00:00,71.9030797428905
2012-02-25 10:00:00,118.357023497478
2012-02-25 11:00:00,136.252753914257
2012-02-25 12:00:00,169.153119787009
2012-02-25 13:00:00,150.100078662958
2012-02-25 14:00:00,141.435755985491
2012-02-25 15:00:00,161.540649569826
2012-02-25 16:00:00,161.843487475553
2012-02-25 17:00:00,119.279029670287
2012-02-25 18:00:00,92.2122656614715
2012-02-25 19:00:00,87.2908779658151
2012-02-25 20:00:00,73.3266722295123
2012-02-25 21:00:00,78.258658129019
2012-02-25 22:00:00,58.8318361071381
2012-02-25 23:00:00,50.9509935459467
2012-02-26 00:00:00,60.8434023855307
2012-02-26 01:00:00,30.6120002408075
2012-02-26 02:00:00,31.0625376605514
2012-02-26 03:00:00,17.9034740584491
2012-02-26 04:00:00,3.88647194985009
2012-02-26 05:00:00,3.01949872212957
2012-02-26 06:00:00,4.28058562380934
2012-02-26 07:00:00,11.8058086895214
2012-02-26 08:00:00,36.46193353351
2012-02-26 09:00:00,59.9123819231014
2012-02-26 10:00:00,134.936708091706
2012-02-26 11:00:00,175.262795320539
2012-02-26 12:00:00,208.094941100842
2012-02-26 13:00:00,225.674904037453
2012-02-26 14:00:00,201.265725189372
2012-02-26 15:00:00,252.811256790502
2012-02-26 16:00:00,219.108470892017
2012-02-26 17:00:00,178.208904260368
2012-02-26 18:00:00,151.394542021188
2012-02-26 19:00:00,118.341335559216
2012-02-26 20:00:00,89.2638444538615
2012-02-26 21:00:00,68.3278790301298
2012-02-26 22:00:00,52.5824290489213
2012-02-26 23:00:00,25.7411685041589
2012-02-27 00:00:00,13.821081053931
2012-02-27 01:00:00,4.0918075902849
2012-02-27 02:00:00,3.37828992466173
2012-02-27 03:00:00,2.38384571250846
2012-02-27 04:00:00,2.5480235163997
2012-02-27 05:00:00,11.6339483611734
2012-02-27 06:00:00,53.8672984428005
2012-02-27 07:00:00,198.086713814042
2012-02-27 08:00:00,332.064156621155
2012-02-27 09:00:00,206.919419071618
2012-02-27 10:00:00,94.9738873288667
2012-02-27 11:00:00,96.2902402943699
2012-02-27 12:00:00,122.87832567011
2012-02-27 13:00:00,127.896578180785
2012-02-27 14:00:00,141.043299238785
2012-02-27 15:00:00,131.127796777613
2012-02-27 16:00:00,181.34479659954
2012-02-27 17:00:00,426.833200310196
2012-02-27 18:00:00,439.257750498244
2012-02-27 19:00:00,283.997587884708
2012-02-27 20:00:00,210.739438356722
2012-02-27 21:00:00,141.033306887964
2012-02-27 22:00:00,113.270515802151
2012-02-27 23:00:00,57.1995025059203
2012-02-28 00:00:00,28.1962615567984
2012-02-28 01:00:00,10.2661178031083
2012-02-28 02:00:00,3.45972946437211
2012-02-28 03:00:00,2.13867824956765
2012-02-28 04:00:00,2.77791724471556
2012-02-28 05:00:00,13.8223767409191
2012-02-28 06:00:00,67.1606969183414
2012-02-28 07:00:00,204.613252849413
2012-02-28 08:00:00,263.79125739011
2012-02-28 09:00:00,189.32628840359
2012-02-28 10:00:00,92.9936099971576
2012-02-28 11:00:00,91.839168747004
2012-02-28 12:00:00,127.188983060575
2012-02-28 13:00:00,114.443226522312
2012-02-28 14:00:00,105.036272874854
2012-02-28 15:00:00,122.446091357294
2012-02-28 16:00:00,158.520837003479
2012-02-28 17:00:00,373.587748387763
2012-02-28 18:00:00,391.680454588939
2012-02-28 19:00:00,271.1411665556
2012-02-28 20:00:00,187.091390988131
2012-02-28 21:00:00,121.0865540157
2012-02-28 22:00:00,83.2962662007813
2012-02-28 23:00:00,39.9915828464871
2012-02-29 00:00:00,21.200473232137
2012-02-29 01:00:00,8.39331818016418
2012-02-29 02:00:00,3.77613302231066
2012-02-29 03:00:00,2.16379404139121
2012-02-29 05:00:00,12.8225503091606
2012-02-29 06:00:00,72.8696717592534
2012-02-29 07:00:00,209.252505573407
2012-02-29 08:00:00,403.765799796225
2012-02-29 09:00:00,99.3342653553263
2012-02-29 10:00:00,50.365507613622
2012-02-29 11:00:00,43.9391707925322
2012-02-29 12:00:00,25.4141370945251
2012-02-29 13:00:00,42.0247858831464
2012-02-29 14:00:00,36.8513004919452
2012-02-29 15:00:00,70.9903542830318
2012-02-29 16:00:00,77.6837683786949
2012-02-29 17:00:00,245.125864491421
2012-02-29 18:00:00,249.4551940567
2012-02-29 19:00:00,202.005808111589
2012-02-29 20:00:00,135.030368954675
2012-02-29 21:00:00,98.6437527169038
2012-02-29 22:00:00,47.2854467050953
2012-02-29 23:00:00,32.1911306193075
2012-03-20 00:00:00,27.0784099857483
2012-03-20 01:00:00,13.0127700874092
2012-03-20 02:00:00,5.0175560238041
2012-03-20 03:00:00,4.0510668062937
2012-03-20 04:00:00,4.61147955069352
2012-03-20 05:00:00,20.0248708271738
2012-03-20 06:00:00,93.47311300132
2012-03-20 07:00:00,117.282749011467
2012-03-20 08:00:00,544.80391696954
2012-03-20 09:00:00,262.719831989913
2012-03-20 10:00:00,119.943751998729
2012-03-20 11:00:00,135.736787283202
2012-03-20 12:00:00,197.527185418985
2012-03-20 13:00:00,197.164240050183
2012-03-20 14:00:00,181.26837324947
2012-03-20 15:00:00,209.242479414228
2012-03-20 16:00:00,315.826995925576
2012-03-20 17:00:00,569.606988131622
2012-03-20 18:00:00,553.18794572068
2012-03-20 19:00:00,372.795072093906
2012-03-20 20:00:00,290.70861129197
2012-03-20 21:00:00,210.203357254213
2012-03-20 22:00:00,141.988908915954
2012-03-20 23:00:00,83.4730187473164
2012-03-21 00:00:00,35.5577181206115
2012-03-21 01:00:00,18.4407981665906
2012-03-21 02:00:00,6.94948440701563
2012-03-21 03:00:00,3.32587814713326
2012-03-21 04:00:00,3.76773030628232
2012-03-21 05:00:00,22.6833479131199
2012-03-21 06:00:00,73.4744448915918
2012-03-21 07:00:00,125.107626292868
2012-03-21 08:00:00,272.455765609288
2012-03-21 09:00:00,261.161595459995
2012-03-21 10:00:00,116.843653634339
2012-03-21 11:00:00,107.898815274991
2012-03-21 12:00:00,159.1041426636
2012-03-21 13:00:00,106.939105983721
2012-03-21 14:00:00,151.105318097015
2012-03-21 15:00:00,166.791163835305
2012-03-21 16:00:00,273.271214384171
2012-03-21 17:00:00,555.532196363921
2012-03-21 18:00:00,481.289973691386
2012-03-21 19:00:00,427.16344901938
2012-03-21 20:00:00,338.657645704162
2012-03-21 21:00:00,193.586581038272
2012-03-21 22:00:00,150.577818707253
2012-03-21 23:00:00,114.27110274762
2012-03-22 00:00:00,47.5253303088573
2012-03-22 01:00:00,20.5450816263131
2012-03-22 02:00:00,13.2269213780368
2012-03-22 03:00:00,6.65716156746479
2012-03-22 04:00:00,4.08912615594812
2012-03-22 05:00:00,14.0619851882512
2012-03-22 06:00:00,74.4798606089756
2012-03-22 07:00:00,218.022065735534
2012-03-22 08:00:00,468.082866480194
2012-03-22 09:00:00,179.335670745395
2012-03-22 10:00:00,61.4920624691979
2012-03-22 11:00:00,67.6321941577066
2012-03-22 12:00:00,156.634759635468
2012-03-22 13:00:00,202.647647066679
2012-03-22 14:00:00,198.718951480058
2012-03-22 15:00:00,248.10436053959
2012-03-22 16:00:00,346.95349149133
2012-03-22 17:00:00,680.422585939935
2012-03-22 18:00:00,699.07918876055
2012-03-22 19:00:00,428.094598431862
2012-03-22 20:00:00,337.239488226137
2012-03-22 21:00:00,235.966755182734
2012-03-22 22:00:00,181.408208776608
2012-03-22 23:00:00,122.285190967988
2012-03-23 00:00:00,57.223348264975
2012-03-23 01:00:00,25.8172499579461
2012-03-23 02:00:00,13.7241515144043
2012-03-23 03:00:00,7.9864052732021
2012-03-23 04:00:00,4.47464173457035
2012-03-23 05:00:00,18.3418412549747
2012-03-23 06:00:00,99.2285037921156
2012-03-23 07:00:00,268.166477378856
2012-03-23 08:00:00,453.817034866224
2012-03-23 09:00:00,229.568608680002
2012-03-23 10:00:00,135.538803425896
2012-03-23 11:00:00,195.979428670978
2012-03-23 12:00:00,292.538283726937
2012-03-23 13:00:00,312.904038571246
2012-03-23 14:00:00,310.889320933861
2012-03-23 15:00:00,339.652979419161
2012-03-23 16:00:00,494.486710754098
2012-03-23 17:00:00,734.169534456836
2012-03-23 18:00:00,559.432207688173
2012-03-23 19:00:00,435.155502665954
2012-03-23 20:00:00,317.995902639854
2012-03-23 21:00:00,261.705283266789
2012-03-23 22:00:00,218.261304971345
2012-03-23 23:00:00,175.517127158908
2012-03-24 00:00:00,177.172536929852
2012-03-24 01:00:00,118.507742503655
2012-03-24 02:00:00,72.491110238191
2012-03-24 03:00:00,33.6590697181513
2012-03-24 04:00:00,11.3278716223986
2012-03-24 05:00:00,13.4460539758274
2012-03-24 06:00:00,39.4036875690038
2012-03-24 07:00:00,51.7939823462907
2012-03-24 08:00:00,109.905934826311
2012-03-24 09:00:00,243.763889672977
2012-03-24 10:00:00,265.372878963891
2012-03-24 11:00:00,214.350735059286
2012-03-24 12:00:00,144.163792070422
2012-03-24 13:00:00,137.13023843115
2012-03-24 14:00:00,92.4503458917327
2012-03-24 15:00:00,57.7189011456758
2012-03-24 16:00:00,50.8332221305795
2012-03-24 17:00:00,93.2711635735568
2012-03-24 18:00:00,53.1939417676551
2012-03-24 19:00:00,87.1701580125277
2012-03-24 20:00:00,39.5152829118155
2012-03-24 21:00:00,32.3596930192673
2012-03-24 22:00:00,22.2909333772496
2012-03-24 23:00:00,32.5783382450934
2012-03-25 00:00:00,25.1204940010671
2012-03-25 01:00:00,30.4123627860167
2012-03-25 02:00:00,16.8964971717327
2012-03-25 03:00:00,8.68916596299718
2012-03-25 04:00:00,3.38193494623494
2012-03-25 05:00:00,4.42673567789071
2012-03-25 06:00:00,4.48635961593078
2012-03-25 07:00:00,8.81373852571179
2012-03-25 08:00:00,30.0699286028478
2012-03-25 09:00:00,48.5700829704296
2012-03-25 10:00:00,79.3354048561586
2012-03-25 11:00:00,88.8764047197557
2012-03-25 12:00:00,129.514104732948
2012-03-25 13:00:00,378.21660465809
2012-03-25 14:00:00,254.139457870994
2012-03-25 15:00:00,194.991245127905
2012-03-25 16:00:00,236.441163369108
2012-03-25 17:00:00,268.701434786263
2012-03-25 18:00:00,242.162066340029
2012-03-25 19:00:00,186.558571582261
2012-03-25 20:00:00,146.026229959919
2012-03-25 21:00:00,116.291738966084
2012-03-25 22:00:00,90.1582290611
2012-03-25 23:00:00,80.0251039541302
2012-03-26 00:00:00,38.9433953658729
2012-03-26 01:00:00,13.6132176426103
2012-03-26 02:00:00,9.14931658253234
2012-03-26 03:00:00,4.97915055489149
2012-03-26 04:00:00,5.51838995648315
2012-03-26 05:00:00,29.7326018617344
2012-03-26 06:00:00,95.6733077066061
2012-03-26 07:00:00,335.772440464173
2012-03-26 08:00:00,460.803681011401
2012-03-26 09:00:00,204.838181642416
2012-03-26 10:00:00,167.61094532481
2012-03-26 11:00:00,198.74864889929
2012-03-26 12:00:00,256.028322640502
2012-03-26 13:00:00,231.177847342598
2012-03-26 14:00:00,221.899343099961
2012-03-26 15:00:00,204.18066394899
2012-03-26 16:00:00,276.328964513344
2012-03-26 17:00:00,456.077608907273
2012-03-26 18:00:00,457.098913037195
2012-03-26 19:00:00,336.551648709295
2012-03-26 20:00:00,192.810509069305
2012-03-26 21:00:00,129.549707334394
2012-03-26 22:00:00,95.7319567731426
2012-03-26 23:00:00,39.1442731462967
2012-03-27 00:00:00,17.2024706482603
2012-03-27 01:00:00,4.57230811052789
2012-03-27 02:00:00,3.24288607285982
2012-03-27 03:00:00,1.80273360948576
2012-03-27 04:00:00,1.68724292108044
2012-03-27 05:00:00,7.20037071818858
2012-03-27 06:00:00,71.1648259578575
2012-03-27 07:00:00,199.670612193348
2012-03-27 08:00:00,284.561153148599
2012-03-27 09:00:00,190.013307800979
2012-03-27 10:00:00,79.9700091036881
2012-03-27 11:00:00,103.607130431448
2012-03-27 12:00:00,125.280775547915
2012-03-27 13:00:00,124.380707499182
2012-03-27 14:00:00,152.519523828989
2012-03-27 15:00:00,168.69036831041
2012-03-27 16:00:00,215.500570208531
2012-03-27 17:00:00,420.163313605693
2012-03-27 18:00:00,359.66875456448
2012-03-27 19:00:00,297.261268703979
2012-03-27 20:00:00,204.001992308635
2012-03-27 21:00:00,139.896495033126
2012-03-27 22:00:00,101.39240708496
2012-03-27 23:00:00,55.7616341646509
2012-03-28 00:00:00,22.7279610560443
2012-03-28 01:00:00,6.54888455890287
2012-03-28 02:00:00,2.90707668291974
2012-03-28 03:00:00,3.13829479724007
2012-03-28 04:00:00,2.39591762492881
2012-03-28 05:00:00,18.1360043856528
2012-03-28 06:00:00,113.008315917652
2012-03-28 07:00:00,324.564439094379
2012-03-28 08:00:00,482.099056395608
2012-03-28 09:00:00,276.520683610631
2012-03-28 10:00:00,160.395235948221
2012-03-28 11:00:00,160.176237711545
2012-03-28 12:00:00,226.37186738182
2012-03-28 13:00:00,209.318119503042
2012-03-28 14:00:00,227.991889639244
2012-03-28 15:00:00,250.755369102802
2012-03-28 16:00:00,240.58924554757
2012-03-28 17:00:00,710.56988216447
2012-03-28 18:00:00,680.438815578381
2012-03-28 19:00:00,504.163607898329
2012-03-28 20:00:00,354.276870170679
2012-03-28 21:00:00,228.868766506159
2012-03-28 22:00:00,195.057657151335
2012-03-28 23:00:00,111.975194873764
2012-03-29 00:00:00,47.1285856613307
2012-03-29 01:00:00,19.5545910176395
2012-03-29 02:00:00,6.1223201626739
2012-03-29 03:00:00,3.23197944395652
2012-03-29 04:00:00,5.31188210734647
2012-03-29 05:00:00,28.5932427256536
2012-03-29 06:00:00,132.764006652854
2012-03-29 07:00:00,336.676278704563
2012-03-29 08:00:00,551.816714369576
2012-03-29 09:00:00,294.751828675979
2012-03-29 10:00:00,169.275883450644
2012-03-29 11:00:00,199.273414263131
2012-03-29 12:00:00,233.989502805344
2012-03-29 13:00:00,224.18452397924
2012-03-29 14:00:00,181.366577486629
2012-03-29 15:00:00,206.907660542577
2012-03-29 16:00:00,292.883562692069
2012-03-29 17:00:00,549.975553501951
2012-03-29 18:00:00,539.626524983128
2012-03-29 19:00:00,373.577365241312
2012-03-29 20:00:00,252.69368860069
2012-03-29 21:00:00,161.405409309689
2012-03-29 22:00:00,128.445335445604
2012-03-29 23:00:00,81.3116521557201
2012-03-30 00:00:00,49.4831024966455
2012-03-30 01:00:00,19.6863210600673
2012-03-30 02:00:00,9.4956927873346
2012-03-30 03:00:00,6.4954639734541
2012-03-30 04:00:00,3.54464652907092
2012-03-30 05:00:00,19.5935425107839
2012-03-30 06:00:00,91.158538300342
2012-03-30 07:00:00,258.888141816674
2012-03-30 08:00:00,468.123609745443
2012-03-30 09:00:00,275.319110695526
2012-03-30 10:00:00,115.010436100645
2012-03-30 11:00:00,120.216928878796
2012-03-30 12:00:00,154.638388264568
2012-03-30 13:00:00,84.5280018803525
2012-03-30 14:00:00,72.3461138467645
2012-03-30 15:00:00,75.0329042931885
2012-03-30 16:00:00,95.4606939239163
2012-03-30 17:00:00,336.037802710318
2012-03-30 18:00:00,435.852808217291
2012-03-30 19:00:00,248.842260186848
2012-03-30 20:00:00,171.088764875628
2012-03-30 21:00:00,128.161317678871
2012-03-30 22:00:00,101.274433682189
2012-03-30 23:00:00,75.6991011783167
2012-03-31 00:00:00,67.0718052969368
2012-03-31 01:00:00,33.2152409025421
2012-03-31 02:00:00,35.1540463371174
2012-03-31 03:00:00,16.3411988850463
2012-03-31 04:00:00,4.12795662643763
2012-03-31 05:00:00,7.04615149645765
2012-03-31 06:00:00,20.4909724715682
2012-03-31 07:00:00,32.989732377534
2012-03-31 08:00:00,72.6428190489307
2012-03-31 09:00:00,85.2785015678425
2012-03-31 10:00:00,147.187481317347
2012-03-31 11:00:00,289.36067166245
2012-03-31 12:00:00,323.381123859084
2012-03-31 13:00:00,343.447765893844
2012-03-31 14:00:00,290.639336293485
2012-03-31 15:00:00,299.183323675334
2012-03-31 16:00:00,253.455300603028
2012-03-31 17:00:00,199.234704085721
2012-03-31 18:00:00,108.843337235215
2012-03-31 19:00:00,87.0392167410481
2012-03-31 20:00:00,85.4215449817015
2012-03-31 21:00:00,69.6516070580825
2012-03-31 22:00:00,64.7372090128584
2012-03-31 23:00:00,49.7332685711851
2012-04-20 00:00:00,59.593230689293
2012-04-20 01:00:00,28.5416242362316
2012-04-20 02:00:00,11.7013667030576
2012-04-20 03:00:00,7.68988585291653
2012-04-20 04:00:00,4.91975344245726
2012-04-20 05:00:00,22.4580834477024
2012-04-20 06:00:00,100.23416477385
2012-04-20 07:00:00,291.533909397374
2012-04-20 08:00:00,512.498371698523
2012-04-20 09:00:00,310.497647959059
2012-04-20 10:00:00,158.27123315157
2012-04-20 11:00:00,218.616794140732
2012-04-20 12:00:00,272.212680204526
2012-04-20 13:00:00,304.492624218086
2012-04-20 14:00:00,264.489483269597
2012-04-20 15:00:00,279.049889238073
2012-04-20 16:00:00,410.914565819764
2012-04-20 17:00:00,495.819605673704
2012-04-20 18:00:00,454.692474469659
2012-04-20 19:00:00,427.063665730032
2012-04-20 20:00:00,271.482105546537
2012-04-20 21:00:00,238.171595531682
2012-04-20 22:00:00,195.096834489284
2012-04-20 23:00:00,174.042069502039
2012-04-21 00:00:00,154.451970642832
2012-04-21 01:00:00,96.3648627638317
2012-04-21 02:00:00,76.8095350400802
2012-04-21 03:00:00,24.7687668332815
2012-04-21 04:00:00,7.19431670133873
2012-04-21 05:00:00,11.8173819791131
2012-04-21 06:00:00,31.9462438270363
2012-04-21 07:00:00,45.8618184646323
2012-04-21 08:00:00,158.59969216571
2012-04-21 09:00:00,250.780522534764
2012-04-21 10:00:00,346.600723895301
2012-04-21 11:00:00,446.554529355671
2012-04-21 12:00:00,500.007573257277
2012-04-21 13:00:00,595.253644798988
2012-04-21 14:00:00,535.747310907723
2012-04-21 15:00:00,615.710091086612
2012-04-21 16:00:00,608.391763957586
2012-04-21 17:00:00,517.720778634191
2012-04-21 18:00:00,385.638537902201
2012-04-21 19:00:00,205.288919229785
2012-04-21 20:00:00,81.6727040774251
2012-04-21 21:00:00,66.374827082073
2012-04-21 22:00:00,79.9545466773371
2012-04-21 23:00:00,55.3404526884374
2012-04-22 00:00:00,76.1526073684567
2012-04-22 01:00:00,39.6962732986038
2012-04-22 02:00:00,52.8310289687344
2012-04-22 03:00:00,20.8845812115848
2012-04-22 04:00:00,10.6443407389998
2012-04-22 05:00:00,9.00143749049171
2012-04-22 06:00:00,15.164015277242
2012-04-22 07:00:00,21.2069518588874
2012-04-22 08:00:00,34.3241171117868
2012-04-22 09:00:00,55.3239921316176
2012-04-22 10:00:00,61.7608969525231
2012-04-22 11:00:00,52.545253957734
2012-04-22 12:00:00,58.8021002670874
2012-04-22 13:00:00,114.691744791802
2012-04-22 14:00:00,66.580762829875
2012-04-22 15:00:00,42.2355481667612
2012-04-22 16:00:00,39.2961270994421
2012-04-22 17:00:00,33.5163450648777
2012-04-22 18:00:00,22.3359548821068
2012-04-22 19:00:00,22.5028454350431
2012-04-22 20:00:00,16.2016396299185
2012-04-22 21:00:00,21.8488771675605
2012-04-22 22:00:00,13.8010659655182
2012-04-22 23:00:00,25.7214409275338
2012-04-23 00:00:00,11.5304112978532
2012-04-23 01:00:00,3.47463477046588
2012-04-23 02:00:00,3.18792093818342
2012-04-23 03:00:00,1.62373307230978
2012-04-23 04:00:00,1.65459212953212
2012-04-23 05:00:00,7.47648189859743
2012-04-23 06:00:00,53.7402380125048
2012-04-23 07:00:00,93.2273325452412
2012-04-23 08:00:00,346.224393660398
2012-04-23 09:00:00,192.439872265037
2012-04-23 10:00:00,70.127219261172
2012-04-23 11:00:00,75.4608133141006
2012-04-23 12:00:00,58.4247808809799
2012-04-23 13:00:00,63.0329391762337
2012-04-23 14:00:00,63.969532370992
2012-04-23 15:00:00,87.5162745181287
2012-04-23 16:00:00,44.5251718073773
2012-04-23 17:00:00,115.860440939452
2012-04-23 18:00:00,170.040589529484
2012-04-23 19:00:00,147.89884270836
2012-04-23 20:00:00,83.2120838261688
2012-04-23 21:00:00,66.2167342540188
2012-04-23 22:00:00,53.7086486880396
2012-04-23 23:00:00,34.6705638407857
2012-04-24 00:00:00,16.2012968400173
2012-04-24 01:00:00,7.63903600300125
2012-04-24 02:00:00,3.77127857286708
2012-04-24 03:00:00,2.41325818555448
2012-04-24 04:00:00,1.66466138020406
2012-04-24 05:00:00,18.4612783361993
2012-04-24 06:00:00,86.0840268599843
2012-04-24 07:00:00,243.364860937308
2012-04-24 08:00:00,441.938035084625
2012-04-24 09:00:00,228.283831939782
2012-04-24 10:00:00,140.531499158361
2012-04-24 11:00:00,162.402432310113
2012-04-24 12:00:00,237.607767538912
2012-04-24 13:00:00,220.014666034882
2012-04-24 14:00:00,206.34080333147
2012-04-24 15:00:00,228.784419670004
2012-04-24 16:00:00,366.271612017346
2012-04-24 17:00:00,631.794955911813
2012-04-24 18:00:00,677.63865853513
2012-04-24 19:00:00,488.53020505475
2012-04-24 20:00:00,313.284598715089
2012-04-24 21:00:00,173.600034857097
2012-04-24 22:00:00,156.574027557438
2012-04-24 23:00:00,80.2523541644187
2012-04-25 00:00:00,39.4053699680444
2012-04-25 01:00:00,12.5614789122004
2012-04-25 02:00:00,3.84334457690886
2012-04-25 03:00:00,2.17945082985964
2012-04-25 04:00:00,1.59651991860365
2012-04-25 05:00:00,17.4606954140235
2012-04-25 06:00:00,74.7069861461631
2012-04-25 07:00:00,280.125938164574
2012-04-25 08:00:00,519.719330586024
2012-04-25 09:00:00,269.651374071233
2012-04-25 10:00:00,172.640743070581
2012-04-25 11:00:00,170.465798914156
2012-04-25 12:00:00,189.117412813864
2012-04-25 13:00:00,192.987127606479
2012-04-25 14:00:00,188.590892296549
2012-04-25 15:00:00,227.890417768937
2012-04-25 16:00:00,286.300816673504
2012-04-25 17:00:00,565.216130203391
2012-04-25 18:00:00,547.266153884015
2012-04-25 19:00:00,496.310641765436
2012-04-25 20:00:00,328.972211276172
2012-04-25 21:00:00,215.068278169157
2012-04-25 22:00:00,154.166852180719
2012-04-25 23:00:00,85.5495957183316
2012-04-26 00:00:00,39.6005566183401
2012-04-26 01:00:00,16.89015449788
2012-04-26 02:00:00,9.95956233715518
2012-04-26 03:00:00,3.73614095974287
2012-04-26 04:00:00,5.04675247179266
2012-04-26 05:00:00,23.7483458070217
2012-04-26 06:00:00,94.4144374859398
2012-04-26 07:00:00,232.792807035225
2012-04-26 08:00:00,457.38025185631
2012-04-26 09:00:00,194.507808743544
2012-04-26 10:00:00,88.3689800360295
2012-04-26 11:00:00,79.6724483030371
2012-04-26 12:00:00,184.925193895257
2012-04-26 13:00:00,154.557891064223
2012-04-26 14:00:00,151.651822557283
2012-04-26 15:00:00,123.716390355916
2012-04-26 16:00:00,209.341022114444
2012-04-26 17:00:00,547.997754987247
2012-04-26 18:00:00,490.065161699591
2012-04-26 19:00:00,370.921780871436
2012-04-26 20:00:00,305.148431842435
2012-04-26 21:00:00,204.324635369538
2012-04-26 22:00:00,167.727352899216
2012-04-26 23:00:00,103.584875105951
2012-04-27 00:00:00,58.0113066658195
2012-04-27 01:00:00,26.8324882076784
2012-04-27 02:00:00,18.9352016298353
2012-04-27 03:00:00,7.09330572216995
2012-04-27 04:00:00,4.55391391863791
2012-04-27 05:00:00,30.5320419786466
2012-04-27 06:00:00,110.809283637264
2012-04-27 07:00:00,312.252461089921
2012-04-27 08:00:00,586.35877588928
2012-04-27 09:00:00,333.192284919861
2012-04-27 10:00:00,246.775958022616
2012-04-27 11:00:00,263.566152196997
2012-04-27 12:00:00,306.161773953278
2012-04-27 13:00:00,357.395491733071
2012-04-27 14:00:00,313.781047051512
2012-04-27 15:00:00,315.939620965492
2012-04-27 16:00:00,408.542013987347
2012-04-27 17:00:00,680.697925872102
2012-04-27 18:00:00,537.249980521915
2012-04-27 19:00:00,409.436577626325
2012-04-27 20:00:00,263.076109667708
2012-04-27 21:00:00,184.41274714065
2012-04-27 22:00:00,161.018301301596
2012-04-27 23:00:00,118.474023524372
2012-04-28 00:00:00,110.843301545311
2012-04-28 01:00:00,52.7732185710711
2012-04-28 02:00:00,44.9127012843921
2012-04-28 03:00:00,23.6213910701447
2012-04-28 04:00:00,7.25446463911658
2012-04-28 05:00:00,4.58854737619808
2012-04-28 06:00:00,21.0237549967815
2012-04-28 07:00:00,37.7964234784458
2012-04-28 08:00:00,108.686996086503
2012-04-28 09:00:00,116.03317018597
2012-04-28 10:00:00,166.397241453838
2012-04-28 11:00:00,194.743631761594
2012-04-28 12:00:00,284.455566553636
2012-04-28 13:00:00,322.676501651587
2012-04-28 14:00:00,300.876039605055
2012-04-28 15:00:00,343.539582121277
2012-04-28 16:00:00,210.822330493534
2012-04-28 17:00:00,180.061675264825
2012-04-28 18:00:00,124.184361675031
2012-04-28 19:00:00,97.4799515470379
2012-04-28 20:00:00,76.324264071448
2012-04-28 21:00:00,59.4671686550804
2012-04-28 22:00:00,79.9530063327046
2012-04-28 23:00:00,61.7730534509602
2012-04-29 00:00:00,51.9990591431474
2012-04-29 01:00:00,57.1999125306452
2012-04-29 02:00:00,43.1774801247373
2012-04-29 03:00:00,15.408962800049
2012-04-29 04:00:00,8.2080302073188
2012-04-29 05:00:00,7.53129499213166
2012-04-29 06:00:00,12.1846218530742
2012-04-29 07:00:00,30.1879212580539
2012-04-29 08:00:00,60.5812947799433
2012-04-29 09:00:00,98.8339347297759
2012-04-29 10:00:00,162.068920579267
2012-04-29 11:00:00,238.476910321832
2012-04-29 12:00:00,387.317332359256
2012-04-29 13:00:00,334.626641603792
2012-04-29 14:00:00,377.603713599858
2012-04-29 15:00:00,487.722717441031
2012-04-29 16:00:00,433.554044715889
2012-04-29 17:00:00,426.602414600647
2012-04-29 18:00:00,378.900520471848
2012-04-29 19:00:00,312.805338977979
2012-04-29 20:00:00,242.379354439078
2012-04-29 21:00:00,157.512283815853
2012-04-29 22:00:00,109.989121779619
2012-04-29 23:00:00,74.3580664099161
2012-04-30 00:00:00,43.4809856945183
2012-04-30 01:00:00,14.9518934039455
2012-04-30 02:00:00,10.8405454148002
2012-04-30 03:00:00,3.56324586918125
2012-04-30 04:00:00,2.79556296631369
2012-04-30 05:00:00,14.5666599178536
2012-04-30 06:00:00,72.1342924379995
2012-04-30 07:00:00,259.867030047271
2012-04-30 08:00:00,460.033916620285
2012-04-30 09:00:00,199.995009715196
2012-04-30 10:00:00,123.157328937329
2012-04-30 11:00:00,145.248178802841
2012-04-30 12:00:00,184.610867355202
2012-04-30 13:00:00,133.9153293659
2012-04-30 14:00:00,140.557416242129
2012-04-30 15:00:00,171.093481865112
2012-04-30 16:00:00,261.219816013152
2012-04-30 17:00:00,544.785401210362
2012-04-30 18:00:00,567.685555132487
2012-04-30 19:00:00,373.169703114915
2012-04-30 20:00:00,253.240248562749
2012-04-30 21:00:00,179.842591335536
2012-04-30 22:00:00,125.29019019086
2012-04-30 23:00:00,69.9432233239868
2012-05-20 00:00:00,201.911446909894
2012-05-20 01:00:00,101.058597440568
2012-05-20 02:00:00,78.1344858571657
2012-05-20 03:00:00,34.2816498890109
2012-05-20 04:00:00,15.2601773427264
2012-05-20 05:00:00,15.8418324648316
2012-05-20 06:00:00,23.1412129531773
2012-05-20 07:00:00,55.4974476634192
2012-05-20 08:00:00,152.342632344993
2012-05-20 09:00:00,383.408905431713
2012-05-20 10:00:00,463.004668745585
2012-05-20 11:00:00,495.643655166697
2012-05-20 12:00:00,532.808099833704
2012-05-20 13:00:00,613.014295535713
2012-05-20 14:00:00,613.878925606512
2012-05-20 15:00:00,465.232568702597
2012-05-20 16:00:00,561.714314671938
2012-05-20 17:00:00,487.575837020968
2012-05-20 18:00:00,392.766792109465
2012-05-20 19:00:00,301.649750707205
2012-05-20 20:00:00,262.302988923492
2012-05-20 21:00:00,171.460455305499
2012-05-20 22:00:00,155.689699562855
2012-05-20 23:00:00,74.6372058841057
2012-05-21 00:00:00,23.3391918129229
2012-05-21 01:00:00,7.42039185577537
2012-05-21 02:00:00,4.87942730050566
2012-05-21 03:00:00,3.27630394348967
2012-05-21 04:00:00,3.28816026589473
2012-05-21 05:00:00,15.7548378179561
2012-05-21 06:00:00,54.6389655453311
2012-05-21 07:00:00,125.194174182282
2012-05-21 08:00:00,194.69194390614
2012-05-21 09:00:00,146.243571180259
2012-05-21 10:00:00,96.7066818891814
2012-05-21 11:00:00,132.621009784265
2012-05-21 12:00:00,183.597120519873
2012-05-21 13:00:00,104.251730618903
2012-05-21 14:00:00,103.615237189258
2012-05-21 15:00:00,215.62983781363
2012-05-21 16:00:00,340.506810292829
2012-05-21 17:00:00,661.412346316479
2012-05-21 18:00:00,634.839689699142
2012-05-21 19:00:00,370.874303557146
2012-05-21 20:00:00,300.897180183777
2012-05-21 21:00:00,201.434121515085
2012-05-21 22:00:00,146.810091287522
2012-05-21 23:00:00,72.4458023796239
2012-05-22 00:00:00,32.0811341126333
2012-05-22 01:00:00,14.7060788986501
2012-05-22 02:00:00,6.05270699732664
2012-05-22 03:00:00,4.18205227407732
2012-05-22 04:00:00,4.80988439088031
2012-05-22 05:00:00,19.5172136254975
2012-05-22 06:00:00,86.0911811619178
2012-05-22 07:00:00,188.642332296376
2012-05-22 08:00:00,491.008107348525
2012-05-22 09:00:00,293.695345434276
2012-05-22 10:00:00,147.999401127065
2012-05-22 11:00:00,145.326251857834
2012-05-22 12:00:00,186.504280905605
2012-05-22 13:00:00,201.07392239056
2012-05-22 14:00:00,186.633637146247
2012-05-22 15:00:00,245.692742029684
2012-05-22 16:00:00,342.101103132218
2012-05-22 17:00:00,703.924030848959
2012-05-22 18:00:00,685.232552916755
2012-05-22 19:00:00,445.366705880778
2012-05-22 20:00:00,347.637454920469
2012-05-22 21:00:00,228.329197435293
2012-05-22 22:00:00,196.375168100142
2012-05-22 23:00:00,103.063700467113
2012-05-23 00:00:00,41.8575226791091
2012-05-23 01:00:00,17.7483589679246
2012-05-23 02:00:00,6.51590009415534
2012-05-23 03:00:00,5.96595764905829
2012-05-23 04:00:00,5.13264311747788
2012-05-23 05:00:00,18.8197354776146
2012-05-23 06:00:00,139.515891600454
2012-05-23 07:00:00,376.133246203751
2012-05-23 08:00:00,628.331679834178
2012-05-23 09:00:00,296.929664376874
2012-05-23 10:00:00,172.836351387449
2012-05-23 11:00:00,175.340369080915
2012-05-23 12:00:00,215.27041386182
2012-05-23 13:00:00,224.857454720732
2012-05-23 14:00:00,212.96746410554
2012-05-23 15:00:00,240.809883079424
2012-05-23 16:00:00,245.364742828184
2012-05-23 17:00:00,497.425885534539
2012-05-23 18:00:00,546.88780681706
2012-05-23 19:00:00,289.737611517341
2012-05-23 20:00:00,229.827527027764
2012-05-23 21:00:00,159.134552324017
2012-05-23 22:00:00,177.165300894497
2012-05-23 23:00:00,113.549171266792
2012-05-24 00:00:00,47.0168794149714
2012-05-24 01:00:00,20.0603034841195
2012-05-24 02:00:00,10.3922739858066
2012-05-24 03:00:00,4.36680548294094
2012-05-24 04:00:00,5.34678895845915
2012-05-24 05:00:00,25.4796044319357
2012-05-24 06:00:00,134.300767121894
2012-05-24 07:00:00,408.180865969704
2012-05-24 08:00:00,548.038729499036
2012-05-24 09:00:00,302.685860664744
2012-05-24 10:00:00,175.090914548918
2012-05-24 11:00:00,216.167811063124
2012-05-24 12:00:00,263.676443332732
2012-05-24 13:00:00,240.336137357704
2012-05-24 14:00:00,196.356085178749
2012-05-24 15:00:00,223.143846906048
2012-05-24 16:00:00,304.008170175057
2012-05-24 17:00:00,646.45658053037
2012-05-24 18:00:00,543.313893491
2012-05-24 19:00:00,454.86944056874
2012-05-24 20:00:00,323.118394105926
2012-05-24 21:00:00,149.607321335153
2012-05-24 22:00:00,187.922470774405
2012-05-24 23:00:00,114.056366284836
2012-05-25 00:00:00,59.6216120260279
2012-05-25 01:00:00,29.36365658452
2012-05-25 02:00:00,10.9104509882632
2012-05-25 03:00:00,4.93373194404813
2012-05-25 04:00:00,5.59006544253833
2012-05-25 05:00:00,26.1629362719633
2012-05-25 06:00:00,117.896149801187
2012-05-25 07:00:00,378.117637389532
2012-05-25 08:00:00,514.500576693891
2012-05-25 09:00:00,304.587954495385
2012-05-25 10:00:00,191.152745504514
2012-05-25 11:00:00,217.599348261729
2012-05-25 12:00:00,259.115808740009
2012-05-25 13:00:00,263.744767442494
2012-05-25 14:00:00,231.49411374207
2012-05-25 15:00:00,246.38471777042
2012-05-25 16:00:00,346.764319707957
2012-05-25 17:00:00,578.575171748418
2012-05-25 18:00:00,567.114755567333
2012-05-25 19:00:00,432.009230498663
2012-05-25 20:00:00,339.796703970272
2012-05-25 21:00:00,253.294570757313
2012-05-25 22:00:00,236.855792148627
2012-05-25 23:00:00,181.360657482854
2012-05-26 00:00:00,144.174646221901
2012-05-26 01:00:00,98.5730484433719
2012-05-26 02:00:00,56.9200958664983
2012-05-26 03:00:00,27.7257377040369
2012-05-26 04:00:00,8.78801228232441
2012-05-26 05:00:00,9.68643104482559
2012-05-26 06:00:00,31.7942592451582
2012-05-26 07:00:00,61.3686705861048
2012-05-26 08:00:00,150.519543931198
2012-05-26 09:00:00,212.499120639637
2012-05-26 10:00:00,245.033491062627
2012-05-26 11:00:00,301.695770529486
2012-05-26 12:00:00,379.726059846048
2012-05-26 13:00:00,326.291408032822
2012-05-26 14:00:00,301.765605019595
2012-05-26 15:00:00,380.250150339996
2012-05-26 16:00:00,438.626068807432
2012-05-26 17:00:00,428.308744325318
2012-05-26 18:00:00,377.445118719442
2012-05-26 19:00:00,303.998231939625
2012-05-26 20:00:00,274.139886872474
2012-05-26 21:00:00,217.71599316392
2012-05-26 22:00:00,183.60414300966
2012-05-26 23:00:00,136.154124111362
2012-05-27 00:00:00,154.372704663943
2012-05-27 01:00:00,104.684372327661
2012-05-27 02:00:00,67.2562237503035
2012-05-27 03:00:00,34.3306689562826
2012-05-27 04:00:00,8.91971903735462
2012-05-27 05:00:00,8.88296016119289
2012-05-27 06:00:00,22.4501618135989
2012-05-27 07:00:00,51.1284003139317
2012-05-27 08:00:00,131.583557872156
2012-05-27 09:00:00,165.084438060221
2012-05-27 10:00:00,282.622610322379
2012-05-27 11:00:00,331.029667004243
2012-05-27 12:00:00,354.505722862791
2012-05-27 13:00:00,353.00528381053
2012-05-27 14:00:00,320.696228362948
2012-05-27 15:00:00,398.589123201836
2012-05-27 16:00:00,396.291517825232
2012-05-27 17:00:00,397.270135689816
2012-05-27 18:00:00,357.477465711628
2012-05-27 19:00:00,284.67044768551
2012-05-27 20:00:00,284.008023740876
2012-05-27 21:00:00,213.533414556404
2012-05-27 22:00:00,86.0456615860145
2012-05-27 23:00:00,63.4483914737372
2012-05-28 00:00:00,169.610104451955
2012-05-28 01:00:00,49.1997365083618
2012-05-28 02:00:00,48.4643052165718
2012-05-28 03:00:00,18.3881882109256
2012-05-28 04:00:00,12.4521131539315
2012-05-28 05:00:00,16.2098999283161
2012-05-28 06:00:00,42.0627460934087
2012-05-28 07:00:00,64.0455417489995
2012-05-28 08:00:00,116.64331052077
2012-05-28 09:00:00,172.153466253642
2012-05-28 10:00:00,195.426795515455
2012-05-28 11:00:00,315.673110257625
2012-05-28 12:00:00,450.452884971598
2012-05-28 13:00:00,381.016293637583
2012-05-28 14:00:00,347.729489420039
2012-05-28 15:00:00,335.40525756784
2012-05-28 16:00:00,341.811881399216
2012-05-28 17:00:00,448.873308276172
2012-05-28 18:00:00,395.947372899876
2012-05-28 19:00:00,407.128359299871
2012-05-28 20:00:00,262.626293014761
2012-05-28 21:00:00,215.624076496023
2012-05-28 22:00:00,209.286698636038
2012-05-28 23:00:00,124.889141478687
2012-05-29 00:00:00,38.195799624866
2012-05-29 01:00:00,15.7652967009575
2012-05-29 02:00:00,8.67329513870196
2012-05-29 03:00:00,4.667653552882
2012-05-29 04:00:00,6.1935281763473
2012-05-29 05:00:00,31.3342136510139
2012-05-29 06:00:00,144.879672335821
2012-05-29 07:00:00,366.542161980859
2012-05-29 08:00:00,509.428394318149
2012-05-29 09:00:00,245.006291012897
2012-05-29 10:00:00,134.811370616979
2012-05-29 11:00:00,158.03420887546
2012-05-29 12:00:00,183.967397331969
2012-05-29 13:00:00,189.000501990336
2012-05-29 14:00:00,182.631838649466
2012-05-29 15:00:00,198.655879564955
2012-05-29 16:00:00,302.136303880111
2012-05-29 17:00:00,480.295331143213
2012-05-29 18:00:00,476.572986725428
2012-05-29 19:00:00,408.196490840315
2012-05-29 20:00:00,225.710061539631
2012-05-29 21:00:00,100.457019595782
2012-05-29 22:00:00,138.628058737658
2012-05-29 23:00:00,49.8084821680096
2012-05-30 00:00:00,35.8384833147674
2012-05-30 01:00:00,12.750189362527
2012-05-30 02:00:00,6.5345808098966
2012-05-30 03:00:00,3.72183495962283
2012-05-30 04:00:00,4.99636504983201
2012-05-30 05:00:00,36.1234192175188
2012-05-30 06:00:00,144.970985832811
2012-05-30 07:00:00,220.080822776192
2012-05-30 08:00:00,655.845880329514
2012-05-30 09:00:00,310.636038868653
2012-05-30 10:00:00,169.143474971492
2012-05-30 11:00:00,203.283524013372
2012-05-30 12:00:00,265.373306526461
2012-05-30 13:00:00,264.49190397305
2012-05-30 14:00:00,242.368990701036
2012-05-30 15:00:00,225.260501038849
2012-05-30 16:00:00,370.289935316804
2012-05-30 17:00:00,600.199904976157
2012-05-30 18:00:00,658.036671739012
2012-05-30 19:00:00,505.162869593477
2012-05-30 20:00:00,286.417585930139
2012-05-30 21:00:00,283.791064456357
2012-05-30 22:00:00,211.96631151998
2012-05-30 23:00:00,122.447134840255
2012-05-31 00:00:00,49.7639356150996
2012-05-31 01:00:00,19.9855535344454
2012-05-31 02:00:00,8.68994424406686
2012-05-31 03:00:00,5.34432625774403
2012-05-31 04:00:00,5.72747817540394
2012-05-31 05:00:00,34.1503341057198
2012-05-31 06:00:00,150.939400365177
2012-05-31 07:00:00,415.807146923872
2012-05-31 08:00:00,583.075784980983
2012-05-31 09:00:00,270.947233807058
2012-05-31 10:00:00,152.754535182647
2012-05-31 11:00:00,190.154280912972
2012-05-31 12:00:00,261.337211119457
2012-05-31 13:00:00,268.533855848617
2012-05-31 14:00:00,214.673521654045
2012-05-31 15:00:00,226.525844857771
2012-05-31 16:00:00,366.439858904516
2012-05-31 17:00:00,717.253833017681
2012-05-31 18:00:00,667.266919876374
2012-05-31 19:00:00,511.849795396078
2012-05-31 20:00:00,391.303071905033
2012-05-31 21:00:00,285.425409290494
2012-05-31 22:00:00,212.858300005761
2012-05-31 23:00:00,138.588811810775
2012-06-20 00:00:00,40.2723387621319
2012-06-20 01:00:00,21.1240006954248
2012-06-20 02:00:00,6.68801567686646
2012-06-20 03:00:00,5.50240480341735
2012-06-20 04:00:00,6.97496205438846
2012-06-20 05:00:00,32.5791688251633
2012-06-20 06:00:00,127.740482280146
2012-06-20 07:00:00,312.214944061448
2012-06-20 08:00:00,485.984063495755
2012-06-20 09:00:00,262.242516111226
2012-06-20 10:00:00,125.266327303479
2012-06-20 11:00:00,142.542310996459
2012-06-20 12:00:00,161.270328684498
2012-06-20 13:00:00,165.410374607786
2012-06-20 14:00:00,143.413505794164
2012-06-20 15:00:00,136.586568703209
2012-06-20 16:00:00,215.998911362578
2012-06-20 17:00:00,483.523232434433
2012-06-20 18:00:00,496.753201911713
2012-06-20 19:00:00,386.73951994274
2012-06-20 20:00:00,341.336794276834
2012-06-20 21:00:00,230.201500819134
2012-06-20 22:00:00,185.731814739258
2012-06-20 23:00:00,107.559897029505
2012-06-21 00:00:00,62.0776178708318
2012-06-21 01:00:00,21.8804954002524
2012-06-21 02:00:00,10.2780580622152
2012-06-21 03:00:00,5.64880196567533
2012-06-21 04:00:00,7.26340519911784
2012-06-21 05:00:00,36.3583071606497
2012-06-21 06:00:00,160.606360961319
2012-06-21 07:00:00,402.25064703967
2012-06-21 08:00:00,631.158026073443
2012-06-21 09:00:00,247.195004278688
2012-06-21 10:00:00,165.915490322321
2012-06-21 11:00:00,195.710784568342
2012-06-21 12:00:00,239.965193796497
2012-06-21 13:00:00,221.425477943267
2012-06-21 14:00:00,220.657801510925
2012-06-21 15:00:00,224.103600991623
2012-06-21 16:00:00,335.446429871994
2012-06-21 17:00:00,675.487231528706
2012-06-21 18:00:00,692.832514775921
2012-06-21 19:00:00,513.560124973376
2012-06-21 20:00:00,401.749548833406
2012-06-21 21:00:00,306.406818455411
2012-06-21 22:00:00,220.14694950003
2012-06-21 23:00:00,149.031312150056
2012-06-22 00:00:00,72.5716368955734
2012-06-22 01:00:00,31.3855234679385
2012-06-22 02:00:00,12.6826432743454
2012-06-22 03:00:00,6.65742661694857
2012-06-22 04:00:00,8.4497527017359
2012-06-22 05:00:00,27.3670634098327
2012-06-22 06:00:00,111.340032415755
2012-06-22 07:00:00,335.143120144387
2012-06-22 08:00:00,504.328200464125
2012-06-22 09:00:00,266.055970576133
2012-06-22 10:00:00,186.86384420298
2012-06-22 11:00:00,234.383179559526
2012-06-22 12:00:00,277.401008829292
2012-06-22 13:00:00,278.405589250368
2012-06-22 14:00:00,251.753531035881
2012-06-22 15:00:00,274.239509250222
2012-06-22 16:00:00,403.791482957466
2012-06-22 17:00:00,794.230832244678
2012-06-22 18:00:00,626.876446916043
2012-06-22 19:00:00,332.38308969346
2012-06-22 20:00:00,293.683254781382
2012-06-22 21:00:00,202.412212976537
2012-06-22 22:00:00,192.548651816902
2012-06-22 23:00:00,130.927853225449
2012-06-23 00:00:00,132.948167493396
2012-06-23 01:00:00,98.8098845759162
2012-06-23 02:00:00,55.2616378377858
2012-06-23 03:00:00,36.010061002495
2012-06-23 04:00:00,7.66046401078828
2012-06-23 05:00:00,7.89416504900341
2012-06-23 06:00:00,24.0567566307631
2012-06-23 07:00:00,59.3743325998442
2012-06-23 08:00:00,145.323336458371
2012-06-23 09:00:00,245.935739666003
2012-06-23 10:00:00,352.237809756421
2012-06-23 11:00:00,394.541333191841
2012-06-23 12:00:00,414.319869702475
2012-06-23 13:00:00,494.087667274652
2012-06-23 14:00:00,455.922476263959
2012-06-23 15:00:00,418.331312473519
2012-06-23 16:00:00,406.302140617992
2012-06-23 17:00:00,428.473487384854
2012-06-23 18:00:00,381.070528082749
2012-06-23 19:00:00,358.654402417365
2012-06-23 20:00:00,338.247533882699
2012-06-23 21:00:00,276.251319482931
2012-06-23 22:00:00,262.457345203451
2012-06-23 23:00:00,211.769095548241
2012-06-24 00:00:00,224.356801150397
2012-06-24 01:00:00,114.928217707434
2012-06-24 02:00:00,96.1551497103165
2012-06-24 03:00:00,38.2020869784537
2012-06-24 04:00:00,11.9344397782591
2012-06-24 05:00:00,11.3157122461449
2012-06-24 06:00:00,15.2525301752812
2012-06-24 07:00:00,51.2013544410352
2012-06-24 08:00:00,128.603286012828
2012-06-24 09:00:00,248.907382743251
2012-06-24 10:00:00,394.029796224143
2012-06-24 11:00:00,469.382316249338
2012-06-24 12:00:00,435.443907017966
2012-06-24 13:00:00,446.887557804657
2012-06-24 14:00:00,423.293967855746
2012-06-24 15:00:00,405.705631864472
2012-06-24 16:00:00,410.850893846045
2012-06-24 17:00:00,409.431391155886
2012-06-24 18:00:00,414.168107992917
2012-06-24 19:00:00,370.730490568819
2012-06-24 20:00:00,325.968150308712
2012-06-24 21:00:00,252.040442335603
2012-06-24 22:00:00,209.570082096261
2012-06-24 23:00:00,119.829611523638
2012-06-25 00:00:00,42.5830144162283
2012-06-25 01:00:00,16.6624418558221
2012-06-25 02:00:00,10.8321554286918
2012-06-25 03:00:00,5.93200750070741
2012-06-25 04:00:00,6.2486430085818
2012-06-25 05:00:00,26.728354249043
2012-06-25 06:00:00,116.905598495527
2012-06-25 07:00:00,334.243958219871
2012-06-25 08:00:00,432.499083636993
2012-06-25 09:00:00,237.140009526679
2012-06-25 10:00:00,143.249865874889
2012-06-25 11:00:00,166.122461860119
2012-06-25 12:00:00,227.053111918562
2012-06-25 13:00:00,179.731796602629
2012-06-25 14:00:00,200.024110653028
2012-06-25 15:00:00,201.569131722564
2012-06-25 16:00:00,349.754798169452
2012-06-25 17:00:00,534.945211227601
2012-06-25 18:00:00,511.668799131297
2012-06-25 19:00:00,322.314139851088
2012-06-25 20:00:00,265.49093137748
2012-06-25 21:00:00,196.613572899226
2012-06-25 22:00:00,141.236197787696
2012-06-25 23:00:00,93.6654046465911
2012-06-26 00:00:00,32.4978838696229
2012-06-26 01:00:00,11.6676681911594
2012-06-26 02:00:00,6.70676433395303
2012-06-26 03:00:00,3.73974846741583
2012-06-26 04:00:00,5.68073693037901
2012-06-26 05:00:00,31.6973702424086
2012-06-26 06:00:00,145.824568270337
2012-06-26 07:00:00,365.217770044907
2012-06-26 08:00:00,531.204420741131
2012-06-26 09:00:00,286.079555408136
2012-06-26 10:00:00,186.318901641824
2012-06-26 11:00:00,207.854384119679
2012-06-26 12:00:00,237.529004307092
2012-06-26 13:00:00,199.23336390382
2012-06-26 14:00:00,204.744630857794
2012-06-26 15:00:00,206.33500627776
2012-06-26 16:00:00,340.888380905706
2012-06-26 17:00:00,723.978278958562
2012-06-26 18:00:00,586.202165846717
2012-06-26 19:00:00,481.229314944689
2012-06-26 20:00:00,323.225655323848
2012-06-26 21:00:00,237.851456301302
2012-06-26 22:00:00,189.524620130462
2012-06-26 23:00:00,109.541615959514
2012-06-27 00:00:00,47.5966869687039
2012-06-27 01:00:00,15.6129044933273
2012-06-27 02:00:00,7.85069476213222
2012-06-27 03:00:00,5.06270528716245
2012-06-27 04:00:00,6.64088726280349
2012-06-27 05:00:00,36.3470555384879
2012-06-27 06:00:00,168.699315949622
2012-06-27 07:00:00,400.388124991629
2012-06-27 08:00:00,533.700668176562
2012-06-27 09:00:00,283.292539702484
2012-06-27 10:00:00,153.651943463515
2012-06-27 11:00:00,155.713967936849
2012-06-27 12:00:00,178.561333290528
2012-06-27 13:00:00,167.129646610915
2012-06-27 14:00:00,158.275408077985
2012-06-27 15:00:00,178.004895286759
2012-06-27 16:00:00,290.454698217563
2012-06-27 17:00:00,579.010477384741
2012-06-27 18:00:00,497.391180035043
2012-06-27 19:00:00,390.980781942929
2012-06-27 20:00:00,349.596759428199
2012-06-27 21:00:00,267.286988393874
2012-06-27 22:00:00,212.603200820519
2012-06-27 23:00:00,122.599153234166
2012-06-28 00:00:00,47.460282563499
2012-06-28 01:00:00,22.6139989311128
2012-06-28 02:00:00,10.0758033658609
2012-06-28 03:00:00,5.58929382299607
2012-06-28 04:00:00,6.63957597716855
2012-06-28 05:00:00,31.5311050696403
2012-06-28 06:00:00,128.752314202948
2012-06-28 07:00:00,354.69912440347
2012-06-28 08:00:00,515.33987783744
2012-06-28 09:00:00,264.27258189142
2012-06-28 10:00:00,166.862273169315
2012-06-28 11:00:00,189.284218330264
2012-06-28 12:00:00,203.184183978919
2012-06-28 13:00:00,240.659626558353
2012-06-28 14:00:00,173.366164193121
2012-06-28 15:00:00,187.505098469636
2012-06-28 16:00:00,346.631406124248
2012-06-28 17:00:00,631.17703138492
2012-06-28 18:00:00,701.944168090754
2012-06-28 19:00:00,419.27471764229
2012-06-28 20:00:00,388.640225039884
2012-06-28 21:00:00,275.236688907266
2012-06-28 22:00:00,218.387532490232
2012-06-28 23:00:00,147.161014959865
2012-06-29 00:00:00,77.816592125007
2012-06-29 01:00:00,33.0856658270112
2012-06-29 02:00:00,17.6423359315092
2012-06-29 03:00:00,7.13662578975524
2012-06-29 04:00:00,6.61522851922581
2012-06-29 05:00:00,28.9301296747379
2012-06-29 06:00:00,115.202588851939
2012-06-29 07:00:00,329.341818873921
2012-06-29 08:00:00,570.989663109325
2012-06-29 09:00:00,254.128253150538
2012-06-29 10:00:00,192.359257745447
2012-06-29 11:00:00,247.086182562357
2012-06-29 12:00:00,291.440327224203
2012-06-29 13:00:00,257.356133017936
2012-06-29 14:00:00,238.095227604612
2012-06-29 15:00:00,212.354838347576
2012-06-29 16:00:00,332.807737302676
2012-06-29 17:00:00,595.097905120354
2012-06-29 18:00:00,482.652927468762
2012-06-29 19:00:00,414.28981011197
2012-06-29 20:00:00,322.529853058476
2012-06-29 21:00:00,244.664671328803
2012-06-29 22:00:00,178.490307515832
2012-06-29 23:00:00,147.23594544208
2012-06-30 00:00:00,104.123496983393
2012-06-30 01:00:00,72.0404226183853
2012-06-30 02:00:00,59.7870173494361
2012-06-30 03:00:00,33.6967916920462
2012-06-30 04:00:00,6.23034923360427
2012-06-30 05:00:00,6.67422111605418
2012-06-30 06:00:00,21.7028618375525
2012-06-30 07:00:00,55.8411681123284
2012-06-30 08:00:00,121.683001101874
2012-06-30 09:00:00,168.458684713963
2012-06-30 10:00:00,368.266080923966
2012-06-30 11:00:00,400.842089475935
2012-06-30 12:00:00,394.554306690181
2012-06-30 13:00:00,422.346351967629
2012-06-30 14:00:00,400.809877896193
2012-06-30 15:00:00,408.970298333705
2012-06-30 16:00:00,369.433509189536
2012-06-30 17:00:00,412.673237147474
2012-06-30 18:00:00,390.589505229188
2012-06-30 19:00:00,366.948865381618
2012-06-30 20:00:00,292.602213989867
2012-06-30 21:00:00,248.017030991681
2012-06-30 22:00:00,220.577954087505
2012-06-30 23:00:00,162.998714715811
2012-07-20 00:00:00,54.6073709916816
2012-07-20 01:00:00,28.7614969686248
2012-07-20 02:00:00,13.2104209305766
2012-07-20 03:00:00,6.33190509646792
2012-07-20 04:00:00,7.08540182715406
2012-07-20 05:00:00,32.7480869729663
2012-07-20 06:00:00,126.59971731053
2012-07-20 07:00:00,355.499034180273
2012-07-20 08:00:00,541.423103258751
2012-07-20 09:00:00,330.089170236441
2012-07-20 10:00:00,186.485441965981
2012-07-20 11:00:00,200.211908700468
2012-07-20 12:00:00,152.55815352807
2012-07-20 13:00:00,87.1266592307259
2012-07-20 14:00:00,127.172794123489
2012-07-20 15:00:00,152.600385480911
2012-07-20 16:00:00,216.829662658675
2012-07-20 17:00:00,324.857860756579
2012-07-20 18:00:00,417.152655987117
2012-07-20 19:00:00,258.029982399742
2012-07-20 20:00:00,77.3450284396537
2012-07-20 21:00:00,101.895859214615
2012-07-20 22:00:00,173.806420631655
2012-07-20 23:00:00,117.10665380427
2012-07-21 00:00:00,115.175061261943
2012-07-21 01:00:00,78.5512459949018
2012-07-21 02:00:00,48.472408606695
2012-07-21 03:00:00,27.2597308655962
2012-07-21 04:00:00,6.77891070698694
2012-07-21 05:00:00,9.14208265537479
2012-07-21 06:00:00,19.1486886357276
2012-07-21 07:00:00,48.5976621182867
2012-07-21 08:00:00,153.053293079456
2012-07-21 09:00:00,218.678911193943
2012-07-21 10:00:00,131.447616674125
2012-07-21 11:00:00,276.934587657322
2012-07-21 12:00:00,258.110292740588
2012-07-21 13:00:00,245.283072378994
2012-07-21 14:00:00,243.815857445182
2012-07-21 15:00:00,212.90972249446
2012-07-21 16:00:00,144.034216938731
2012-07-21 17:00:00,148.545042459904
2012-07-21 18:00:00,254.766223918182
2012-07-21 19:00:00,274.96697645372
2012-07-21 20:00:00,124.12603131952
2012-07-21 21:00:00,142.844661498707
2012-07-21 22:00:00,129.733669824514
2012-07-21 23:00:00,113.252357714259
2012-07-22 00:00:00,94.2801157665716
2012-07-22 01:00:00,82.0356550518203
2012-07-22 02:00:00,68.6348492335961
2012-07-22 03:00:00,32.4517864709177
2012-07-22 04:00:00,10.5323245849868
2012-07-22 05:00:00,14.3241111715361
2012-07-22 06:00:00,13.4621157682906
2012-07-22 07:00:00,36.3651512553343
2012-07-22 08:00:00,106.590425958066
2012-07-22 09:00:00,237.287114568724
2012-07-22 10:00:00,332.957644763645
2012-07-22 11:00:00,365.557401936126
2012-07-22 12:00:00,424.451378203744
2012-07-22 13:00:00,455.463342607149
2012-07-22 14:00:00,338.920909821324
2012-07-22 15:00:00,334.043930632348
2012-07-22 16:00:00,339.481861235496
2012-07-22 17:00:00,362.102189224807
2012-07-22 18:00:00,344.447824337565
2012-07-22 19:00:00,277.256660170002
2012-07-22 20:00:00,206.658049520985
2012-07-22 21:00:00,157.956668689598
2012-07-22 22:00:00,149.776652688828
2012-07-22 23:00:00,101.434968946458
2012-07-23 00:00:00,30.1703253610344
2012-07-23 01:00:00,14.3507700619626
2012-07-23 02:00:00,6.56742407072127
2012-07-23 03:00:00,4.13112504736904
2012-07-23 04:00:00,6.25387583931592
2012-07-23 05:00:00,22.2791773600236
2012-07-23 06:00:00,122.986620961263
2012-07-23 07:00:00,381.748737108871
2012-07-23 08:00:00,563.32103461246
2012-07-23 09:00:00,284.836682201302
2012-07-23 10:00:00,184.065536268607
2012-07-23 11:00:00,212.178289395006
2012-07-23 12:00:00,282.248737444029
2012-07-23 13:00:00,271.492820473465
2012-07-23 14:00:00,234.672485324092
2012-07-23 15:00:00,222.609053177931
2012-07-23 16:00:00,347.508288856965
2012-07-23 17:00:00,684.917104234386
2012-07-23 18:00:00,639.490898959232
2012-07-23 19:00:00,489.940191961092
2012-07-23 20:00:00,385.323901895209
2012-07-23 21:00:00,279.175659167705
2012-07-23 22:00:00,171.117441558973
2012-07-23 23:00:00,98.3756086833505
2012-07-24 00:00:00,42.775444287313
2012-07-24 01:00:00,19.9706400044519
2012-07-24 02:00:00,8.80363078404425
2012-07-24 03:00:00,5.51203155998645
2012-07-24 04:00:00,6.90264298161568
2012-07-24 05:00:00,34.7512347778861
2012-07-24 06:00:00,143.021277655949
2012-07-24 07:00:00,401.010116261249
2012-07-24 08:00:00,469.289562358251
2012-07-24 09:00:00,220.641213288454
2012-07-24 10:00:00,138.417780300999
2012-07-24 11:00:00,168.661044843687
2012-07-24 12:00:00,221.156271599963
2012-07-24 13:00:00,188.518276410889
2012-07-24 14:00:00,199.973964120516
2012-07-24 15:00:00,203.271195233979
2012-07-24 16:00:00,371.983953246951
2012-07-24 17:00:00,666.992895020245
2012-07-24 18:00:00,662.468825820326
2012-07-24 19:00:00,525.228490421704
2012-07-24 20:00:00,389.225225251192
2012-07-24 21:00:00,268.960648255343
2012-07-24 22:00:00,174.414421584655
2012-07-24 23:00:00,101.291018075396
2012-07-25 00:00:00,42.366686005105
2012-07-25 01:00:00,20.0828673225632
2012-07-25 02:00:00,8.39712412615222
2012-07-25 03:00:00,6.01784837861248
2012-07-25 04:00:00,5.53607353590033
2012-07-25 05:00:00,34.9226552358069
2012-07-25 06:00:00,144.575515108525
2012-07-25 07:00:00,366.049700236183
2012-07-25 08:00:00,491.823822529291
2012-07-25 09:00:00,250.34038570915
2012-07-25 10:00:00,162.091818596083
2012-07-25 11:00:00,171.873217208044
2012-07-25 12:00:00,238.075609969873
2012-07-25 13:00:00,221.387323224345
2012-07-25 14:00:00,182.458544687201
2012-07-25 15:00:00,206.398057889649
2012-07-25 16:00:00,369.892642842807
2012-07-25 17:00:00,647.91870720157
2012-07-25 18:00:00,614.314594123583
2012-07-25 19:00:00,508.547495550418
2012-07-25 20:00:00,408.653087255994
2012-07-25 21:00:00,293.445894048847
2012-07-25 22:00:00,212.197084368324
2012-07-25 23:00:00,126.481675238633
2012-07-26 00:00:00,48.2933371830141
2012-07-26 01:00:00,22.3576353171346
2012-07-26 02:00:00,9.99344086716861
2012-07-26 03:00:00,6.36590338763834
2012-07-26 04:00:00,5.76244703141175
2012-07-26 05:00:00,32.1792935903083
2012-07-26 06:00:00,143.708499450755
2012-07-26 07:00:00,392.796219025154
2012-07-26 08:00:00,535.18398601731
2012-07-26 09:00:00,275.504641568597
2012-07-26 10:00:00,158.737409052397
2012-07-26 11:00:00,164.012943761397
2012-07-26 12:00:00,195.017877835231
2012-07-26 13:00:00,187.608640732708
2012-07-26 14:00:00,176.485272773105
2012-07-26 15:00:00,182.165793194885
2012-07-26 16:00:00,279.796930859982
2012-07-26 17:00:00,513.946318957635
2012-07-26 18:00:00,530.616063101765
2012-07-26 19:00:00,427.891008178497
2012-07-26 20:00:00,406.259293881745
2012-07-26 21:00:00,210.300886425509
2012-07-26 22:00:00,173.656931386348
2012-07-26 23:00:00,160.841379009185
2012-07-27 00:00:00,70.2693640418865
2012-07-27 01:00:00,38.7360212311755
2012-07-27 02:00:00,14.8422300632142
2012-07-27 03:00:00,7.42543024096757
2012-07-27 04:00:00,7.76609605613127
2012-07-27 05:00:00,30.2246984904094
2012-07-27 06:00:00,117.345807527429
2012-07-27 07:00:00,365.662172975185
2012-07-27 08:00:00,578.878794083314
2012-07-27 09:00:00,277.368045108825
2012-07-27 10:00:00,168.040231858142
2012-07-27 11:00:00,242.669991896284
2012-07-27 12:00:00,270.133177614318
2012-07-27 13:00:00,270.672636767546
2012-07-27 14:00:00,235.306588100695
2012-07-27 15:00:00,270.742370236174
2012-07-27 16:00:00,374.718780827297
2012-07-27 17:00:00,590.920244552858
2012-07-27 18:00:00,573.804367468706
2012-07-27 19:00:00,427.563228576892
2012-07-27 20:00:00,339.875532320019
2012-07-27 21:00:00,285.80737589383
2012-07-27 22:00:00,231.188060638478
2012-07-27 23:00:00,165.773439907681
2012-07-28 00:00:00,214.873917495999
2012-07-28 01:00:00,107.511923926667
2012-07-28 02:00:00,83.1550918794692
2012-07-28 03:00:00,33.5518476668689
2012-07-28 04:00:00,9.47452736929468
2012-07-28 05:00:00,13.5754409342718
2012-07-28 06:00:00,40.9808223953838
2012-07-28 07:00:00,75.5849892517708
2012-07-28 08:00:00,153.612354493547
2012-07-28 09:00:00,236.50818225029
2012-07-28 10:00:00,356.218357912338
2012-07-28 11:00:00,417.609753956188
2012-07-28 12:00:00,415.14328365583
2012-07-28 13:00:00,480.933646193122
2012-07-28 14:00:00,431.266019435387
2012-07-28 15:00:00,433.425944763997
2012-07-28 16:00:00,419.55148224725
2012-07-28 17:00:00,401.630739668334
2012-07-28 18:00:00,393.881553340513
2012-07-28 19:00:00,281.720425643894
2012-07-28 20:00:00,177.18801169052
2012-07-28 21:00:00,156.464912931813
2012-07-28 22:00:00,141.835800664304
2012-07-28 23:00:00,123.167365523598
2012-07-29 00:00:00,116.566576413295
2012-07-29 01:00:00,90.6805420957397
2012-07-29 02:00:00,89.5247432584262
2012-07-29 03:00:00,40.3780014788451
2012-07-29 04:00:00,8.62885624024943
2012-07-29 05:00:00,10.409974474743
2012-07-29 06:00:00,16.0838076935941
2012-07-29 07:00:00,53.2796311807249
2012-07-29 08:00:00,125.243037376443
2012-07-29 09:00:00,222.849289893299
2012-07-29 10:00:00,282.944714260759
2012-07-29 11:00:00,350.2228611107
2012-07-29 12:00:00,477.328761354934
2012-07-29 13:00:00,468.409363046665
2012-07-29 14:00:00,423.165274409594
2012-07-29 15:00:00,430.459303394509
2012-07-29 16:00:00,414.218299623367
2012-07-29 17:00:00,449.58131668809
2012-07-29 18:00:00,415.748703297274
2012-07-29 19:00:00,340.855909291128
2012-07-29 20:00:00,230.575116275467
2012-07-29 21:00:00,193.397102396824
2012-07-29 22:00:00,157.730921173484
2012-07-29 23:00:00,116.813958636364
2012-07-30 00:00:00,39.5998618805933
2012-07-30 01:00:00,16.2781822782939
2012-07-30 02:00:00,9.71577458287983
2012-07-30 03:00:00,4.6415582856284
2012-07-30 04:00:00,7.38200577747289
2012-07-30 05:00:00,29.9482489828725
2012-07-30 06:00:00,122.002400686534
2012-07-30 07:00:00,331.480963497402
2012-07-30 08:00:00,556.037612316519
2012-07-30 09:00:00,276.256462311452
2012-07-30 10:00:00,170.282358817184
2012-07-30 11:00:00,216.774355427345
2012-07-30 12:00:00,274.15770520307
2012-07-30 13:00:00,236.579853855805
2012-07-30 14:00:00,200.917317468746
2012-07-30 15:00:00,228.476525355083
2012-07-30 16:00:00,332.246336904835
2012-07-30 17:00:00,604.853603613573
2012-07-30 18:00:00,652.476541130393
2012-07-30 19:00:00,482.44226224095
2012-07-30 20:00:00,363.053251122795
2012-07-30 21:00:00,279.029462676532
2012-07-30 22:00:00,147.29655093631
2012-07-30 23:00:00,96.7381620942282
2012-07-31 00:00:00,36.226771150662
2012-07-31 01:00:00,17.309539677569
2012-07-31 02:00:00,8.42059681583626
2012-07-31 03:00:00,5.51912282216308
2012-07-31 04:00:00,6.90264298161568
2012-07-31 05:00:00,35.9903665589581
2012-07-31 06:00:00,138.736321988908
2012-07-31 07:00:00,353.319451601227
2012-07-31 08:00:00,528.890865948436
2012-07-31 09:00:00,254.340638462338
2012-07-31 10:00:00,162.48928161892
2012-07-31 11:00:00,176.966517055742
2012-07-31 12:00:00,237.32475749205
2012-07-31 13:00:00,216.289832490892
2012-07-31 14:00:00,202.873255664442
2012-07-31 15:00:00,241.132141779261
2012-07-31 16:00:00,349.080731960855
2012-07-31 17:00:00,731.645396193399
2012-07-31 18:00:00,566.804263907636
2012-07-31 19:00:00,392.366883685533
2012-07-31 20:00:00,253.650069376894
2012-07-31 21:00:00,223.57035081085
2012-07-31 22:00:00,174.012790674997
2012-07-31 23:00:00,87.6578269464708
2012-08-20 00:00:00,28.794011408226
2012-08-20 01:00:00,13.5362158715965
2012-08-20 02:00:00,6.74509434241131
2012-08-20 03:00:00,5.46153153400179
2012-08-20 04:00:00,6.9511314741574
2012-08-20 05:00:00,24.399978838186
2012-08-20 06:00:00,123.783842329568
2012-08-20 07:00:00,367.292655619671
2012-08-20 08:00:00,548.152885076984
2012-08-20 09:00:00,233.229552109025
2012-08-20 10:00:00,151.49764547778
2012-08-20 11:00:00,186.968583152239
2012-08-20 12:00:00,260.673264574374
2012-08-20 13:00:00,251.944268902472
2012-08-20 14:00:00,208.022661382603
2012-08-20 15:00:00,221.000504944433
2012-08-20 16:00:00,351.855448720457
2012-08-20 17:00:00,639.620599382255
2012-08-20 18:00:00,636.663365866503
2012-08-20 19:00:00,404.393801456256
2012-08-20 20:00:00,185.241243491844
2012-08-20 21:00:00,152.287093722891
2012-08-20 22:00:00,118.094795782595
2012-08-20 23:00:00,60.5961612214844
2012-08-21 00:00:00,29.6322125538572
2012-08-21 01:00:00,13.4624742849572
2012-08-21 02:00:00,4.49166457796699
2012-08-21 03:00:00,5.20670499036565
2012-08-21 04:00:00,6.6127277423411
2012-08-21 05:00:00,30.8421965270529
2012-08-21 06:00:00,140.258256915328
2012-08-21 07:00:00,377.282452234493
2012-08-21 08:00:00,550.979832496899
2012-08-21 09:00:00,246.169550749443
2012-08-21 10:00:00,168.183064682666
2012-08-21 11:00:00,190.983899991322
2012-08-21 12:00:00,264.821932794735
2012-08-21 13:00:00,248.367683630415
2012-08-21 14:00:00,220.142602162328
2012-08-21 15:00:00,225.632849396313
2012-08-21 16:00:00,378.595755346458
2012-08-21 17:00:00,620.158958945345
2012-08-21 18:00:00,660.20379314641
2012-08-21 19:00:00,345.087116057861
2012-08-21 20:00:00,303.016877329038
2012-08-21 21:00:00,221.374608131257
2012-08-21 22:00:00,154.713587030478
2012-08-21 23:00:00,98.7058887982813
2012-08-22 00:00:00,37.9090790694481
2012-08-22 01:00:00,15.4397951933316
2012-08-22 02:00:00,6.10859587894785
2012-08-22 03:00:00,5.95489364099186
2012-08-22 04:00:00,7.20338645596464
2012-08-22 05:00:00,34.640659391013
2012-08-22 06:00:00,136.661214276578
2012-08-22 07:00:00,327.520057635515
2012-08-22 08:00:00,610.818467032163
2012-08-22 09:00:00,292.240664713512
2012-08-22 10:00:00,174.092863448441
2012-08-22 11:00:00,180.312292251683
2012-08-22 12:00:00,229.564180497387
2012-08-22 13:00:00,212.097043289206
2012-08-22 14:00:00,206.007639185789
2012-08-22 15:00:00,228.458646417873
2012-08-22 16:00:00,235.193644902082
2012-08-22 17:00:00,637.933269155497
2012-08-22 18:00:00,739.956617112633
2012-08-22 19:00:00,444.269163685565
2012-08-22 20:00:00,373.032520698863
2012-08-22 21:00:00,243.641405658034
2012-08-22 22:00:00,190.690065193406
2012-08-22 23:00:00,109.44877495943
2012-08-23 00:00:00,49.1023556102948
2012-08-23 01:00:00,17.995150827103
2012-08-23 02:00:00,8.35947875969535
2012-08-23 03:00:00,6.67568775227415
2012-08-23 04:00:00,6.05045056611329
2012-08-23 05:00:00,32.1245167855862
2012-08-23 06:00:00,132.644625331681
2012-08-23 07:00:00,329.025580942241
2012-08-23 08:00:00,550.690771825329
2012-08-23 09:00:00,297.579966173213
2012-08-23 10:00:00,165.948482238222
2012-08-23 11:00:00,209.320587394172
2012-08-23 12:00:00,255.655128660998
2012-08-23 13:00:00,247.117782418254
2012-08-23 14:00:00,209.129962465002
2012-08-23 15:00:00,234.573412930017
2012-08-23 16:00:00,367.80013773826
2012-08-23 17:00:00,645.340358636938
2012-08-23 18:00:00,721.84704290538
2012-08-23 19:00:00,536.51475255785
2012-08-23 20:00:00,377.390495193741
2012-08-23 21:00:00,272.502407251938
2012-08-23 22:00:00,180.942214989676
2012-08-23 23:00:00,132.033259119155
2012-08-24 00:00:00,60.4386708418665
2012-08-24 01:00:00,27.6078671712771
2012-08-24 02:00:00,16.5248648142127
2012-08-24 03:00:00,7.68856253145122
2012-08-24 04:00:00,8.16234845601811
2012-08-24 05:00:00,26.6551331459107
2012-08-24 06:00:00,106.143338129486
2012-08-24 07:00:00,299.452300951119
2012-08-24 08:00:00,583.005512596719
2012-08-24 09:00:00,339.10651561798
2012-08-24 10:00:00,219.600198830597
2012-08-24 11:00:00,240.224286957192
2012-08-24 12:00:00,288.18489947999
2012-08-24 13:00:00,309.462349236386
2012-08-24 14:00:00,226.981884511151
2012-08-24 15:00:00,315.556175490361
2012-08-24 16:00:00,441.185133743528
2012-08-24 17:00:00,680.303972321955
2012-08-24 18:00:00,586.726396723405
2012-08-24 19:00:00,485.939473704636
2012-08-24 20:00:00,332.415068232737
2012-08-24 21:00:00,245.000688646169
2012-08-24 22:00:00,202.366109782276
2012-08-24 23:00:00,126.48023305414
2012-08-25 00:00:00,174.594120996783
2012-08-25 01:00:00,86.7575083959978
2012-08-25 02:00:00,61.906222655653
2012-08-25 03:00:00,31.5970605213195
2012-08-25 04:00:00,10.6191039819271
2012-08-25 05:00:00,10.1105055360785
2012-08-25 06:00:00,29.1982023815177
2012-08-25 07:00:00,42.5202491195247
2012-08-25 08:00:00,115.135009810506
2012-08-25 09:00:00,204.459293137277
2012-08-25 10:00:00,345.643218679746
2012-08-25 11:00:00,405.411177824758
2012-08-25 12:00:00,532.096872361502
2012-08-25 13:00:00,462.241042816891
2012-08-25 14:00:00,308.25170594541
2012-08-25 15:00:00,319.93099365564
2012-08-25 16:00:00,371.107396304096
2012-08-25 17:00:00,325.680861585169
2012-08-25 18:00:00,330.551203971269
2012-08-25 19:00:00,251.781574130579
2012-08-25 20:00:00,143.490666280692
2012-08-25 21:00:00,155.212574644611
2012-08-25 22:00:00,123.440141489099
2012-08-25 23:00:00,115.932937416585
2012-08-26 00:00:00,105.025922484267
2012-08-26 01:00:00,81.1645673904977
2012-08-26 02:00:00,63.7536979399423
2012-08-26 03:00:00,31.897443401851
2012-08-26 04:00:00,7.24298388668032
2012-08-26 05:00:00,6.68871326767288
2012-08-26 06:00:00,10.6576948870729
2012-08-26 07:00:00,39.3358174506681
2012-08-26 08:00:00,114.477545288089
2012-08-26 09:00:00,171.378270238352
2012-08-26 10:00:00,313.511363152067
2012-08-26 11:00:00,350.009575917217
2012-08-26 12:00:00,352.454240334032
2012-08-26 13:00:00,233.864062332463
2012-08-26 14:00:00,189.333948009407
2012-08-26 15:00:00,133.982613747318
2012-08-26 16:00:00,119.164532963825
2012-08-26 17:00:00,143.038801784867
2012-08-26 18:00:00,204.726115855743
2012-08-26 19:00:00,234.48556071032
2012-08-26 20:00:00,139.285445780573
2012-08-26 21:00:00,128.157933069472
2012-08-26 22:00:00,96.788992917528
2012-08-26 23:00:00,80.2845596091997
2012-08-27 00:00:00,33.0064560555672
2012-08-27 01:00:00,12.5974947402626
2012-08-27 02:00:00,6.0188179304969
2012-08-27 03:00:00,4.90818634713519
2012-08-27 04:00:00,5.92973571489536
2012-08-27 05:00:00,24.7636371063259
2012-08-27 06:00:00,100.89828360554
2012-08-27 07:00:00,276.974152918606
2012-08-27 08:00:00,464.319986976675
2012-08-27 09:00:00,252.135635643308
2012-08-27 10:00:00,150.436361093936
2012-08-27 11:00:00,176.828114098085
2012-08-27 12:00:00,229.032902880287
2012-08-27 13:00:00,234.516756002113
2012-08-27 14:00:00,196.298446536715
2012-08-27 15:00:00,188.305779158661
2012-08-27 16:00:00,360.250470172692
2012-08-27 17:00:00,634.007564559989
2012-08-27 18:00:00,710.2268324515
2012-08-27 19:00:00,503.870615362937
2012-08-27 20:00:00,381.432493529695
2012-08-27 21:00:00,255.999009950255
2012-08-27 22:00:00,138.070178568481
2012-08-27 23:00:00,87.0470441014251
2012-08-28 00:00:00,39.2383510600276
2012-08-28 01:00:00,19.8298464404642
2012-08-28 02:00:00,8.46391166754641
2012-08-28 03:00:00,5.42396815341861
2012-08-28 04:00:00,5.50701871027073
2012-08-28 05:00:00,32.4675812970697
2012-08-28 06:00:00,152.604924739433
2012-08-28 07:00:00,361.855591359744
2012-08-28 08:00:00,606.624867749736
2012-08-28 09:00:00,295.067911307671
2012-08-28 10:00:00,147.668580295005
2012-08-28 11:00:00,169.254373134141
2012-08-28 12:00:00,204.502839785716
2012-08-28 13:00:00,195.774149328959
2012-08-28 14:00:00,178.788616874611
2012-08-28 15:00:00,201.594804808958
2012-08-28 16:00:00,350.287581385584
2012-08-28 17:00:00,676.145879253559
2012-08-28 18:00:00,656.596790576845
2012-08-28 19:00:00,488.335287162501
2012-08-28 20:00:00,342.844589348324
2012-08-28 21:00:00,254.827155954393
2012-08-28 22:00:00,189.257442826204
2012-08-28 23:00:00,120.839276506024
2012-08-29 00:00:00,42.5988551981239
2012-08-29 01:00:00,17.5132739614241
2012-08-29 02:00:00,7.09543901492122
2012-08-29 03:00:00,6.43079358636439
2012-08-29 04:00:00,6.60131868155276
2012-08-29 05:00:00,37.7927498540704
2012-08-29 06:00:00,165.656270638956
2012-08-29 07:00:00,328.712536054486
2012-08-29 08:00:00,551.374067538796
2012-08-29 09:00:00,247.924634283459
2012-08-29 10:00:00,156.342068720639
2012-08-29 11:00:00,205.872880152315
2012-08-29 12:00:00,238.201057574827
2012-08-29 13:00:00,218.694203181887
2012-08-29 14:00:00,208.603838484381
2012-08-29 15:00:00,237.390778104361
2012-08-29 16:00:00,408.818007620958
2012-08-29 17:00:00,738.761489797358
2012-08-29 18:00:00,701.091925247109
2012-08-29 19:00:00,545.770172851139
2012-08-29 20:00:00,375.792968253366
2012-08-29 21:00:00,278.239420367493
2012-08-29 22:00:00,210.255798868604
2012-08-29 23:00:00,141.33833709117
2012-08-30 00:00:00,50.7308831761694
2012-08-30 01:00:00,21.8966157644961
2012-08-30 02:00:00,8.17246647695802
2012-08-30 03:00:00,6.46811805339831
2012-08-30 04:00:00,6.71285052001153
2012-08-30 05:00:00,33.0344660579947
2012-08-30 06:00:00,144.423200331101
2012-08-30 07:00:00,343.753589893758
2012-08-30 08:00:00,601.129947520539
2012-08-30 09:00:00,292.855901028102
2012-08-30 10:00:00,171.95710419348
2012-08-30 11:00:00,209.543340624263
2012-08-30 12:00:00,263.918608786908
2012-08-30 13:00:00,232.688138118707
2012-08-30 14:00:00,215.305203273546
2012-08-30 15:00:00,247.773599953103
2012-08-30 16:00:00,407.380393488514
2012-08-30 17:00:00,819.70554628048
2012-08-30 18:00:00,798.781131293521
2012-08-30 19:00:00,568.48411345486
2012-08-30 20:00:00,403.719266163814
2012-08-30 21:00:00,287.079705202652
2012-08-30 22:00:00,202.557877294464
2012-08-30 23:00:00,150.737161090411
2012-08-31 00:00:00,59.0677930793576
2012-08-31 01:00:00,27.9473863156938
2012-08-31 02:00:00,14.5143458286071
2012-08-31 03:00:00,7.25991737037828
2012-08-31 04:00:00,5.7007272894655
2012-08-31 05:00:00,30.6730167909083
2012-08-31 06:00:00,115.729194911697
2012-08-31 07:00:00,343.146188348608
2012-08-31 08:00:00,648.912926194642
2012-08-31 09:00:00,275.537586563858
2012-08-31 10:00:00,179.431752350767
2012-08-31 11:00:00,227.327477773011
2012-08-31 12:00:00,284.077606863427
2012-08-31 13:00:00,288.405862277969
2012-08-31 14:00:00,286.509914293597
2012-08-31 15:00:00,259.305585346809
2012-08-31 16:00:00,359.455455437999
2012-08-31 17:00:00,631.908111369252
2012-08-31 18:00:00,593.539727636389
2012-08-31 19:00:00,433.319747443123
2012-08-31 20:00:00,360.469028336762
2012-08-31 21:00:00,286.066878529932
2012-08-31 22:00:00,239.204237241387
2012-08-31 23:00:00,162.642482474545
2012-09-20 00:00:00,48.5283251670385
2012-09-20 01:00:00,24.9292827392143
2012-09-20 02:00:00,14.0673131343706
2012-09-20 03:00:00,8.64578882632549
2012-09-20 04:00:00,8.52865310246775
2012-09-20 05:00:00,41.2614923150371
2012-09-20 06:00:00,172.63974726015
2012-09-20 07:00:00,514.666378718759
2012-09-20 08:00:00,652.626032029301
2012-09-20 09:00:00,310.252795309109
2012-09-20 10:00:00,176.730503527214
2012-09-20 11:00:00,221.786360283123
2012-09-20 12:00:00,287.511876296171
2012-09-20 13:00:00,275.329549577107
2012-09-20 14:00:00,234.640948570335
2012-09-20 15:00:00,247.757849737385
2012-09-20 16:00:00,376.83082562878
2012-09-20 17:00:00,666.798972253154
2012-09-20 18:00:00,631.254213547084
2012-09-20 19:00:00,456.732832961809
2012-09-20 20:00:00,379.498631510907
2012-09-20 21:00:00,274.450347019884
2012-09-20 22:00:00,209.868533641236
2012-09-20 23:00:00,142.832410696137
2012-09-21 00:00:00,65.0684600265085
2012-09-21 01:00:00,34.1876833888445
2012-09-21 02:00:00,22.0651076573198
2012-09-21 03:00:00,11.9027592262297
2012-09-21 04:00:00,9.966401526577
2012-09-21 05:00:00,38.694591914848
2012-09-21 06:00:00,157.304943318303
2012-09-21 07:00:00,434.755458455169
2012-09-21 08:00:00,627.920716923569
2012-09-21 09:00:00,302.575887050667
2012-09-21 10:00:00,192.711614988913
2012-09-21 11:00:00,237.081670059829
2012-09-21 12:00:00,266.495636275142
2012-09-21 13:00:00,294.724207369813
2012-09-21 14:00:00,245.480971562666
2012-09-21 15:00:00,277.738496528424
2012-09-21 16:00:00,407.307005029776
2012-09-21 17:00:00,568.328729579525
2012-09-21 18:00:00,504.850495699845
2012-09-21 19:00:00,427.191376004021
2012-09-21 20:00:00,272.804722680355
2012-09-21 21:00:00,233.016114738042
2012-09-21 22:00:00,225.714325338187
2012-09-21 23:00:00,151.863025591344
2012-09-22 00:00:00,160.997710701791
2012-09-22 01:00:00,83.241585800738
2012-09-22 02:00:00,69.2664849631588
2012-09-22 03:00:00,28.6494506509794
2012-09-22 04:00:00,8.63142130640483
2012-09-22 05:00:00,12.4262114964704
2012-09-22 06:00:00,27.0872932365832
2012-09-22 07:00:00,71.2168736763478
2012-09-22 08:00:00,138.432869361974
2012-09-22 09:00:00,219.572701159352
2012-09-22 10:00:00,377.120049584456
2012-09-22 11:00:00,446.940036528653
2012-09-22 12:00:00,446.099565083886
2012-09-22 13:00:00,413.380512771238
2012-09-22 14:00:00,399.687600907739
2012-09-22 15:00:00,485.918690066266
2012-09-22 16:00:00,465.400050846159
2012-09-22 17:00:00,419.340472457971
2012-09-22 18:00:00,405.380801492848
2012-09-22 19:00:00,287.285610686031
2012-09-22 20:00:00,270.2719910309
2012-09-22 21:00:00,237.797775901213
2012-09-22 22:00:00,215.69832456267
2012-09-22 23:00:00,173.109565712181
2012-09-23 00:00:00,333.666508832429
2012-09-23 01:00:00,89.4676777399962
2012-09-23 02:00:00,65.2773536532099
2012-09-23 03:00:00,32.2253548309086
2012-09-23 04:00:00,8.59702826971663
2012-09-23 05:00:00,7.62586970959362
2012-09-23 06:00:00,19.3822822553336
2012-09-23 07:00:00,47.7125564614862
2012-09-23 08:00:00,134.075339545598
2012-09-23 09:00:00,183.783952441004
2012-09-23 10:00:00,319.097631732477
2012-09-23 11:00:00,386.915264499358
2012-09-23 12:00:00,512.42967736918
2012-09-23 13:00:00,584.308652114594
2012-09-23 14:00:00,566.101522377082
2012-09-23 15:00:00,553.61958578025
2012-09-23 16:00:00,561.72906301589
2012-09-23 17:00:00,426.557846153105
2012-09-23 18:00:00,367.516829828673
2012-09-23 19:00:00,281.446652989566
2012-09-23 20:00:00,236.4764112682
2012-09-23 21:00:00,184.571126890995
2012-09-23 22:00:00,157.485268205377
2012-09-23 23:00:00,89.5771334510275
2012-09-24 00:00:00,40.7049724500615
2012-09-24 01:00:00,16.7546656558186
2012-09-24 02:00:00,9.27775035428832
2012-09-24 03:00:00,4.71376482294023
2012-09-24 04:00:00,6.58246410338347
2012-09-24 05:00:00,29.4028303127767
2012-09-24 06:00:00,129.764602829995
2012-09-24 07:00:00,386.34832829975
2012-09-24 08:00:00,495.822109591586
2012-09-24 09:00:00,247.577084352414
2012-09-24 10:00:00,144.450181836206
2012-09-24 11:00:00,193.754770251478
2012-09-24 12:00:00,224.730846706524
2012-09-24 13:00:00,199.702734532856
2012-09-24 14:00:00,198.500124560807
2012-09-24 15:00:00,236.189880554774
2012-09-24 16:00:00,360.543245948505
2012-09-24 17:00:00,574.472200290107
2012-09-24 18:00:00,634.012301205789
2012-09-24 19:00:00,403.878324028299
2012-09-24 20:00:00,267.991360925733
2012-09-24 21:00:00,199.842396074772
2012-09-24 22:00:00,134.10701693017
2012-09-24 23:00:00,76.4700822043862
2012-09-25 00:00:00,38.8408004603971
2012-09-25 01:00:00,13.2149175720285
2012-09-25 02:00:00,5.28904874051514
2012-09-25 03:00:00,3.8577354985691
2012-09-25 04:00:00,6.32014163946024
2012-09-25 05:00:00,34.7538628333616
2012-09-25 06:00:00,139.740349160758
2012-09-25 07:00:00,321.414352329124
2012-09-25 08:00:00,523.560886191285
2012-09-25 09:00:00,273.228936513067
2012-09-25 10:00:00,153.389796168877
2012-09-25 11:00:00,176.007998508914
2012-09-25 12:00:00,213.4902133887
2012-09-25 13:00:00,234.347123080868
2012-09-25 14:00:00,214.947579733862
2012-09-25 15:00:00,237.212343758915
2012-09-25 16:00:00,371.560011716155
2012-09-25 17:00:00,756.123408802279
2012-09-25 18:00:00,741.98975394123
2012-09-25 19:00:00,457.699755499905
2012-09-25 20:00:00,319.803715656621
2012-09-25 21:00:00,241.170567737669
2012-09-25 22:00:00,173.331123901574
2012-09-25 23:00:00,105.11674893464
2012-09-26 00:00:00,52.7514275267919
2012-09-26 01:00:00,21.2724058681226
2012-09-26 02:00:00,7.5189936086933
2012-09-26 03:00:00,6.42551538779085
2012-09-26 04:00:00,7.90058333126791
2012-09-26 05:00:00,39.1590876304805
2012-09-26 06:00:00,171.065132257456
2012-09-26 07:00:00,402.824465404996
2012-09-26 08:00:00,514.074786740239
2012-09-26 09:00:00,380.234020551495
2012-09-26 10:00:00,194.666100162123
2012-09-26 11:00:00,218.054608083781
2012-09-26 12:00:00,301.720124175921
2012-09-26 13:00:00,323.861371775354
2012-09-26 14:00:00,215.401620265753
2012-09-26 15:00:00,229.135732784098
2012-09-26 16:00:00,360.684955145836
2012-09-26 17:00:00,678.812730087831
2012-09-26 18:00:00,776.484552255518
2012-09-26 19:00:00,612.829363509922
2012-09-26 20:00:00,419.831712047364
2012-09-26 21:00:00,313.015848642067
2012-09-26 22:00:00,176.506460528375
2012-09-26 23:00:00,116.134224010139
2012-09-27 00:00:00,61.5234155042261
2012-09-27 01:00:00,26.9730760911999
2012-09-27 02:00:00,13.5334322569484
2012-09-27 03:00:00,8.99366662264018
2012-09-27 04:00:00,5.9461370670534
2012-09-27 05:00:00,42.5597258208465
2012-09-27 06:00:00,134.578707199973
2012-09-27 07:00:00,474.219297463802
2012-09-27 08:00:00,691.081865042422
2012-09-27 09:00:00,362.264296187502
2012-09-27 10:00:00,201.382669327714
2012-09-27 11:00:00,214.888019462863
2012-09-27 12:00:00,303.316469224078
2012-09-27 13:00:00,266.814502724365
2012-09-27 14:00:00,245.263025020302
2012-09-27 15:00:00,289.039480986485
2012-09-27 16:00:00,392.599331113201
2012-09-27 17:00:00,781.475967810849
2012-09-27 18:00:00,814.703166171427
2012-09-27 19:00:00,506.635606517214
2012-09-27 20:00:00,400.464475856399
2012-09-27 21:00:00,164.343169748319
2012-09-27 22:00:00,129.478445028065
2012-09-27 23:00:00,93.1972443043351
2012-09-28 00:00:00,49.8504016642152
2012-09-28 01:00:00,32.4929296349046
2012-09-28 02:00:00,9.00511314450829
2012-09-28 03:00:00,7.04044729142941
2012-09-28 04:00:00,4.75554485104067
2012-09-28 05:00:00,33.3714793733261
2012-09-28 06:00:00,113.22355785811
2012-09-28 07:00:00,331.272906137531
2012-09-28 08:00:00,641.584177842893
2012-09-28 09:00:00,343.649450370162
2012-09-28 10:00:00,206.036658116937
2012-09-28 11:00:00,223.217210342195
2012-09-28 12:00:00,390.221506261124
2012-09-28 13:00:00,381.416643681691
2012-09-28 14:00:00,342.261570248021
2012-09-28 15:00:00,301.494026101085
2012-09-28 16:00:00,490.753185778063
2012-09-28 17:00:00,675.847760593949
2012-09-28 18:00:00,608.244701379595
2012-09-28 19:00:00,472.58846607718
2012-09-28 20:00:00,333.711929727755
2012-09-28 21:00:00,314.572783794407
2012-09-28 22:00:00,185.843775286862
2012-09-28 23:00:00,127.280534847941
2012-09-29 00:00:00,215.288605369275
2012-09-29 01:00:00,124.356976762477
2012-09-29 02:00:00,53.0959235687454
2012-09-29 03:00:00,31.3715912742255
2012-09-29 04:00:00,12.0346423838936
2012-09-29 05:00:00,7.49843703721516
2012-09-29 06:00:00,29.6996805977425
2012-09-29 07:00:00,52.4174390455421
2012-09-29 08:00:00,134.508263085686
2012-09-29 09:00:00,273.299995390045
2012-09-29 10:00:00,360.506154157622
2012-09-29 11:00:00,379.012655666504
2012-09-29 12:00:00,582.802827800313
2012-09-29 13:00:00,477.580044372496
2012-09-29 14:00:00,582.109230425634
2012-09-29 15:00:00,551.053541507898
2012-09-29 16:00:00,563.930803807761
2012-09-29 17:00:00,600.473124645755
2012-09-29 18:00:00,401.286089830169
2012-09-29 19:00:00,307.273781311224
2012-09-29 20:00:00,252.283555956032
2012-09-29 21:00:00,225.037744376953
2012-09-29 22:00:00,176.718084568164
2012-09-29 23:00:00,156.760017644363
2012-09-30 00:00:00,165.813488071608
2012-09-30 01:00:00,93.5006337477325
2012-09-30 02:00:00,61.2103902081972
2012-09-30 03:00:00,31.9333469740168
2012-09-30 04:00:00,8.89371433623167
2012-09-30 05:00:00,11.499993437712
2012-09-30 06:00:00,24.5547772160803
2012-09-30 07:00:00,68.6927555058354
2012-09-30 08:00:00,130.233413735641
2012-09-30 09:00:00,239.582360280718
2012-09-30 10:00:00,355.065872025411
2012-09-30 11:00:00,502.652381993702
2012-09-30 12:00:00,566.901621672063
2012-09-30 13:00:00,587.727188439276
2012-09-30 14:00:00,566.974598730355
2012-09-30 15:00:00,584.827529749807
2012-09-30 16:00:00,587.814357451946
2012-09-30 17:00:00,527.916379874399
2012-09-30 18:00:00,308.684119218734
2012-09-30 19:00:00,179.455347237195
2012-09-30 20:00:00,145.595722242016
2012-09-30 21:00:00,148.686084742105
2012-09-30 22:00:00,120.552357717962
2012-09-30 23:00:00,93.3780350379736
2012-10-20 00:00:00,145.387618009539
2012-10-20 01:00:00,88.3728955497896
2012-10-20 02:00:00,73.0120804441584
2012-10-20 03:00:00,31.1180365663205
2012-10-20 04:00:00,9.01201822629318
2012-10-20 05:00:00,11.1990238009055
2012-10-20 06:00:00,24.2626338460676
2012-10-20 07:00:00,79.2110180922622
2012-10-20 08:00:00,139.881278333722
2012-10-20 09:00:00,280.17352446395
2012-10-20 10:00:00,385.253065867436
2012-10-20 11:00:00,365.806968449058
2012-10-20 12:00:00,510.595554310408
2012-10-20 13:00:00,554.376065431837
2012-10-20 14:00:00,533.029588784591
2012-10-20 15:00:00,502.102186373897
2012-10-20 16:00:00,456.466740172351
2012-10-20 17:00:00,461.226162978266
2012-10-20 18:00:00,417.068125904568
2012-10-20 19:00:00,305.845818319787
2012-10-20 20:00:00,234.240264596259
2012-10-20 21:00:00,190.230562461074
2012-10-20 22:00:00,183.581518115447
2012-10-20 23:00:00,143.965709172532
2012-10-21 00:00:00,162.712637235836
2012-10-21 01:00:00,84.4421913864841
2012-10-21 02:00:00,59.965668222589
2012-10-21 03:00:00,29.9030582113489
2012-10-21 04:00:00,12.4274739771763
2012-10-21 05:00:00,9.94644602216668
2012-10-21 06:00:00,20.8494957399855
2012-10-21 07:00:00,54.9976282359364
2012-10-21 08:00:00,119.332993003843
2012-10-21 09:00:00,192.537255666059
2012-10-21 10:00:00,303.906043637157
2012-10-21 11:00:00,328.22099038584
2012-10-21 12:00:00,429.829820305313
2012-10-21 13:00:00,497.483576141103
2012-10-21 14:00:00,460.659022220829
2012-10-21 15:00:00,397.747603921249
2012-10-21 16:00:00,494.182263122446
2012-10-21 17:00:00,421.533864768108
2012-10-21 18:00:00,376.168549425377
2012-10-21 19:00:00,264.740443647101
2012-10-21 20:00:00,206.567167794664
2012-10-21 21:00:00,163.901584356946
2012-10-21 22:00:00,145.636726006652
2012-10-21 23:00:00,89.5920454233151
2012-10-22 00:00:00,30.4243740808524
2012-10-22 01:00:00,12.4870215234856
2012-10-22 02:00:00,8.01308517252018
2012-10-22 03:00:00,4.8045281878262
2012-10-22 04:00:00,5.1834221589668
2012-10-22 05:00:00,30.8476282464259
2012-10-22 06:00:00,102.828465826645
2012-10-22 07:00:00,319.551099749445
2012-10-22 08:00:00,515.326207376501
2012-10-22 09:00:00,265.722877306953
2012-10-22 10:00:00,143.844287518452
2012-10-22 11:00:00,178.193247414696
2012-10-22 12:00:00,247.272284569512
2012-10-22 13:00:00,238.005686763859
2012-10-22 14:00:00,222.171319365237
2012-10-22 15:00:00,229.517974805799
2012-10-22 16:00:00,390.507051446834
2012-10-22 17:00:00,668.198333818784
2012-10-22 18:00:00,579.90591506294
2012-10-22 19:00:00,383.864657691355
2012-10-22 20:00:00,264.780777456837
2012-10-22 21:00:00,188.496180174767
2012-10-22 22:00:00,127.478759256304
2012-10-22 23:00:00,80.8574690878153
2012-10-23 00:00:00,33.9963498632155
2012-10-23 01:00:00,13.924617092468
2012-10-23 02:00:00,4.86524580069886
2012-10-23 03:00:00,4.19465210080169
2012-10-23 04:00:00,7.68338822123464
2012-10-23 05:00:00,34.8536408583681
2012-10-23 06:00:00,119.820417988078
2012-10-23 07:00:00,334.470636320864
2012-10-23 08:00:00,652.434390954927
2012-10-23 09:00:00,280.959893613945
2012-10-23 10:00:00,150.543896297895
2012-10-23 11:00:00,172.019133044339
2012-10-23 12:00:00,216.487581388452
2012-10-23 13:00:00,236.121818857692
2012-10-23 14:00:00,225.29382280169
2012-10-23 15:00:00,268.951720784564
2012-10-23 16:00:00,399.117942055465
2012-10-23 17:00:00,829.608095998989
2012-10-23 18:00:00,710.381286196365
2012-10-23 19:00:00,411.586495189255
2012-10-23 20:00:00,297.520248427489
2012-10-23 21:00:00,225.41333716316
2012-10-23 22:00:00,174.968517948903
2012-10-23 23:00:00,104.374360827612
2012-10-24 00:00:00,48.5763706674133
2012-10-24 01:00:00,21.2139425030912
2012-10-24 02:00:00,7.31064281982356
2012-10-24 03:00:00,6.87974358187197
2012-10-24 04:00:00,8.21406001723869
2012-10-24 05:00:00,37.1038207501189
2012-10-24 06:00:00,152.89311101864
2012-10-24 07:00:00,371.735924087836
2012-10-24 08:00:00,581.84914829241
2012-10-24 09:00:00,317.896728822022
2012-10-24 10:00:00,164.842482917737
2012-10-24 11:00:00,204.071256718543
2012-10-24 12:00:00,280.686048563566
2012-10-24 13:00:00,284.954674372623
2012-10-24 14:00:00,240.027777469342
2012-10-24 15:00:00,302.454691437075
2012-10-24 16:00:00,451.835787145742
2012-10-24 17:00:00,717.692234639773
2012-10-24 18:00:00,797.151173605491
2012-10-24 19:00:00,497.495607416972
2012-10-24 20:00:00,413.091903453826
2012-10-24 21:00:00,302.990735310813
2012-10-24 22:00:00,211.38632300298
2012-10-24 23:00:00,96.500882342924
2012-10-25 00:00:00,55.0287050702714
2012-10-25 01:00:00,25.1493935158234
2012-10-25 02:00:00,9.93103098824624
2012-10-25 03:00:00,5.34302506180071
2012-10-25 04:00:00,7.22502850892761
2012-10-25 05:00:00,26.9655259219705
2012-10-25 06:00:00,109.26707635618
2012-10-25 07:00:00,262.009048487021
2012-10-25 08:00:00,481.46687667158
2012-10-25 09:00:00,255.160159818276
2012-10-25 10:00:00,129.235833868318
2012-10-25 11:00:00,133.412502932622
2012-10-25 12:00:00,201.577935162751
2012-10-25 13:00:00,203.385812020662
2012-10-25 14:00:00,226.304923265655
2012-10-25 15:00:00,272.052186304209
2012-10-25 16:00:00,400.487214434962
2012-10-25 17:00:00,765.652543798133
2012-10-25 18:00:00,359.627523526003
2012-10-25 19:00:00,278.17311943373
2012-10-25 20:00:00,238.47651699491
2012-10-25 21:00:00,182.115517572653
2012-10-25 22:00:00,186.272845973245
2012-10-25 23:00:00,104.870404575753
2012-10-26 00:00:00,55.3337472453351
2012-10-26 01:00:00,22.0878980348303
2012-10-26 02:00:00,9.00074503096566
2012-10-26 03:00:00,5.92786124422091
2012-10-26 04:00:00,6.08431180897499
2012-10-26 05:00:00,26.8441444855326
2012-10-26 06:00:00,112.458888861832
2012-10-26 07:00:00,335.865189715134
2012-10-26 08:00:00,451.592500414822
2012-10-26 09:00:00,291.43506597739
2012-10-26 10:00:00,152.605332085517
2012-10-26 11:00:00,189.566186512766
2012-10-26 12:00:00,276.009090552481
2012-10-26 13:00:00,279.727029840167
2012-10-26 14:00:00,275.124918280304
2012-10-26 15:00:00,329.117541404008
2012-10-26 16:00:00,432.233820676596
2012-10-26 17:00:00,609.057399662319
2012-10-26 18:00:00,446.737126033578
2012-10-26 19:00:00,298.17841462707
2012-10-26 20:00:00,212.408883811589
2012-10-26 21:00:00,214.563115322686
2012-10-26 22:00:00,162.679014624615
2012-10-26 23:00:00,147.336710695283
2012-10-27 00:00:00,137.003065441658
2012-10-27 01:00:00,95.8835109714597
2012-10-27 02:00:00,49.3737067506441
2012-10-27 03:00:00,34.9932064609534
2012-10-27 04:00:00,9.03619694340987
2012-10-27 05:00:00,10.8671620782083
2012-10-27 06:00:00,35.8192106589885
2012-10-27 07:00:00,60.3833587802177
2012-10-27 08:00:00,144.61829996871
2012-10-27 09:00:00,218.699953226029
2012-10-27 10:00:00,287.559260614025
2012-10-27 11:00:00,411.520168427758
2012-10-27 12:00:00,524.506414030689
2012-10-27 13:00:00,619.468828452639
2012-10-27 14:00:00,523.241567122468
2012-10-27 15:00:00,399.917412905377
2012-10-27 16:00:00,395.281539602485
2012-10-27 17:00:00,414.453447245653
2012-10-27 18:00:00,362.11230853026
2012-10-27 19:00:00,246.81382846107
2012-10-27 20:00:00,200.339271359782
2012-10-27 21:00:00,168.281837170132
2012-10-27 22:00:00,158.666079446173
2012-10-27 23:00:00,99.0355781844469
2012-10-28 00:00:00,120.78112355998
2012-10-28 01:00:00,80.7666897544166
2012-10-28 02:00:00,50.123629881447
2012-10-28 03:00:00,23.5205917774736
2012-10-28 04:00:00,10.3697098871835
2012-10-28 05:00:00,8.1454852064407
2012-10-28 06:00:00,20.3432706514021
2012-10-28 07:00:00,39.6079444492665
2012-10-28 08:00:00,129.845980881403
2012-10-28 09:00:00,171.876167389206
2012-10-28 10:00:00,269.314338500545
2012-10-28 11:00:00,284.643445474384
2012-10-28 12:00:00,249.171296812898
2012-10-28 13:00:00,263.424265125361
2012-10-28 14:00:00,297.995659921809
2012-10-28 15:00:00,295.582359017611
2012-10-28 16:00:00,219.344591584645
2012-10-28 17:00:00,222.601247033764
2012-10-28 18:00:00,64.0091122456282
2012-10-28 19:00:00,68.4178019903413
2012-10-28 20:00:00,58.5534281861656
2012-10-28 21:00:00,68.9413602388574
2012-10-28 22:00:00,59.0112708307729
2012-10-28 23:00:00,42.7884430233946
2012-10-29 00:00:00,20.4056002427628
2012-10-30 13:00:00,68.9611592286078
2012-10-30 14:00:00,52.2440132653048
2012-10-30 15:00:00,63.091443273295
2012-10-30 16:00:00,88.0034688563434
2012-10-30 17:00:00,177.672532741671
2012-10-30 18:00:00,183.178811386202
2012-10-30 19:00:00,384.374829885212
2012-10-30 20:00:00,134.177592129452
2012-10-30 21:00:00,122.155287096638
2012-10-30 22:00:00,94.6036798699834
2012-10-30 23:00:00,70.018376658934
2012-10-31 00:00:00,34.407735952933
2012-10-31 01:00:00,15.0260842648115
2012-10-31 02:00:00,4.49789527888027
2012-10-31 03:00:00,4.08197458701671
2012-10-31 04:00:00,5.96621545956689
2012-10-31 05:00:00,23.493006234527
2012-10-31 06:00:00,116.146956629191
2012-10-31 07:00:00,286.130524706379
2012-10-31 08:00:00,465.855236645245
2012-10-31 09:00:00,267.408522781267
2012-10-31 10:00:00,152.317313538249
2012-10-31 11:00:00,156.734552852247
2012-10-31 12:00:00,219.244333272383
2012-10-31 13:00:00,202.882386347534
2012-10-31 14:00:00,192.437332119512
2012-10-31 15:00:00,223.063367046993
2012-10-31 16:00:00,322.800039326813
2012-10-31 17:00:00,534.892022008069
2012-10-31 18:00:00,468.226984865421
2012-10-31 19:00:00,395.465851708835
2012-10-31 20:00:00,265.255507787794
2012-10-31 21:00:00,186.50865833743
2012-10-31 22:00:00,147.429549189569
2012-10-31 23:00:00,83.3579566344986
2012-11-20 00:00:00,34.6432457727777
2012-11-20 01:00:00,13.9051895540688
2012-11-20 02:00:00,4.17162548952897
2012-11-20 03:00:00,4.3030622752528
2012-11-20 04:00:00,6.82338567399247
2012-11-20 05:00:00,31.2770952757717
2012-11-20 06:00:00,123.40996294801
2012-11-20 07:00:00,317.35855615849
2012-11-20 08:00:00,534.97875690134
2012-11-20 09:00:00,241.603718313893
2012-11-20 10:00:00,125.289841519012
2012-11-20 11:00:00,142.76952856983
2012-11-20 12:00:00,180.558000789042
2012-11-20 13:00:00,204.046443776993
2012-11-20 14:00:00,178.702173037849
2012-11-20 15:00:00,196.327382948975
2012-11-20 16:00:00,273.85449849357
2012-11-20 17:00:00,508.304299857462
2012-11-20 18:00:00,450.002275167068
2012-11-20 19:00:00,336.067015968458
2012-11-20 20:00:00,232.336665742079
2012-11-20 21:00:00,154.882910927488
2012-11-20 22:00:00,122.224566716577
2012-11-20 23:00:00,70.7276307947912
2012-11-21 00:00:00,29.0954762221381
2012-11-21 01:00:00,13.4824031326837
2012-11-21 02:00:00,5.70809909793058
2012-11-21 03:00:00,4.15187510579191
2012-11-21 04:00:00,4.79327024218104
2012-11-21 05:00:00,25.4984391488221
2012-11-21 06:00:00,98.0118102524494
2012-11-21 07:00:00,287.688094312555
2012-11-21 08:00:00,447.396244308628
2012-11-21 09:00:00,267.311564702485
2012-11-21 10:00:00,152.087201249534
2012-11-21 11:00:00,199.525202388899
2012-11-21 12:00:00,245.978122685738
2012-11-21 13:00:00,228.291567968347
2012-11-21 14:00:00,199.228188338729
2012-11-21 15:00:00,211.339831215083
2012-11-21 16:00:00,309.913722195836
2012-11-21 17:00:00,553.719572392901
2012-11-21 18:00:00,506.134784276171
2012-11-21 19:00:00,357.818171768225
2012-11-21 20:00:00,226.858491294227
2012-11-21 21:00:00,176.143946263784
2012-11-21 22:00:00,125.820503738087
2012-11-21 23:00:00,91.4653615972215
2012-11-22 00:00:00,109.227026695339
2012-11-22 01:00:00,57.2845674751071
2012-11-22 02:00:00,28.2501718715924
2012-11-22 03:00:00,9.82885929300462
2012-11-22 04:00:00,7.26646958476497
2012-11-22 05:00:00,6.88484756893364
2012-11-22 06:00:00,21.2725582213589
2012-11-22 07:00:00,39.7336594657118
2012-11-22 08:00:00,82.6708843828003
2012-11-22 09:00:00,118.237208864011
2012-11-22 10:00:00,298.713657593509
2012-11-22 11:00:00,289.823273887756
2012-11-22 12:00:00,407.925511313661
2012-11-22 13:00:00,366.438572613681
2012-11-22 14:00:00,370.652180769844
2012-11-22 15:00:00,330.491545323613
2012-11-22 16:00:00,419.055680136169
2012-11-22 17:00:00,348.624397931528
2012-11-22 18:00:00,259.711672772049
2012-11-22 19:00:00,187.222069971517
2012-11-22 20:00:00,118.533321442254
2012-11-22 21:00:00,131.192873631844
2012-11-22 22:00:00,101.667067766117
2012-11-22 23:00:00,65.8499152977342
2012-11-23 00:00:00,47.8186736115917
2012-11-23 01:00:00,21.4147210761894
2012-11-23 02:00:00,10.3614343553014
2012-11-23 03:00:00,4.95922613241181
2012-11-23 04:00:00,6.83937204802579
2012-11-23 05:00:00,20.0156458365449
2012-11-23 06:00:00,95.0802783596648
2012-11-23 07:00:00,239.355226403421
2012-11-23 08:00:00,525.143281022845
2012-11-23 09:00:00,286.655601753738
2012-11-23 10:00:00,168.515230132981
2012-11-23 11:00:00,227.929292664257
2012-11-23 12:00:00,302.43558984559
2012-11-23 13:00:00,307.692515500733
2012-11-23 14:00:00,263.652730830938
2012-11-23 15:00:00,279.768175186683
2012-11-23 16:00:00,409.491108810176
2012-11-23 17:00:00,575.718603789699
2012-11-23 18:00:00,470.645537834122
2012-11-23 19:00:00,374.343499082029
2012-11-23 20:00:00,267.875137985772
2012-11-23 21:00:00,196.268679022417
2012-11-23 22:00:00,148.739165182032
2012-11-23 23:00:00,117.298016891701
2012-11-24 00:00:00,182.510232794196
2012-11-24 01:00:00,73.2078076739715
2012-11-24 02:00:00,63.2358876606253
2012-11-24 03:00:00,15.1013552348166
2012-11-24 04:00:00,4.44014029041723
2012-11-24 05:00:00,5.44692201271369
2012-11-24 06:00:00,19.6063614771487
2012-11-24 07:00:00,49.5280970441677
2012-11-24 08:00:00,109.685324563812
2012-11-24 09:00:00,160.965461362098
2012-11-24 10:00:00,216.361883827339
2012-11-24 11:00:00,216.711175525186
2012-11-24 12:00:00,293.441043144136
2012-11-24 13:00:00,216.024507917879
2012-11-24 14:00:00,221.685197089037
2012-11-24 15:00:00,225.929281725662
2012-11-24 16:00:00,198.022257165207
2012-11-24 17:00:00,190.72390625248
2012-11-24 18:00:00,160.173292701603
2012-11-24 19:00:00,138.77469774731
2012-11-24 20:00:00,111.265973120277
2012-11-24 21:00:00,95.2651016401754
2012-11-24 22:00:00,90.5295452313632
2012-11-24 23:00:00,81.0003175974549
2012-11-25 00:00:00,78.1414652533507
2012-11-25 01:00:00,63.7332815450276
2012-11-25 02:00:00,53.2566089773419
2012-11-25 03:00:00,21.2361881899743
2012-11-25 04:00:00,5.28245017945802
2012-11-25 05:00:00,5.13537577515012
2012-11-25 06:00:00,11.0325956301763
2012-11-25 07:00:00,27.8936486727504
2012-11-25 08:00:00,65.5285466172545
2012-11-25 09:00:00,137.837998305941
2012-11-25 10:00:00,203.427595931634
2012-11-25 11:00:00,214.577595546159
2012-11-25 12:00:00,256.868257694766
2012-11-25 13:00:00,263.985295540276
2012-11-25 14:00:00,264.685879459902
2012-11-25 15:00:00,221.561314360292
2012-11-25 16:00:00,225.024829615569
2012-11-25 17:00:00,170.892742058809
2012-11-25 18:00:00,122.452334349929
2012-11-25 19:00:00,125.77997902955
2012-11-25 20:00:00,68.756763237703
2012-11-25 21:00:00,86.6174948808423
2012-11-25 22:00:00,58.6470393021483
2012-11-25 23:00:00,38.3480612431016
2012-11-26 00:00:00,19.1814484623205
2012-11-26 01:00:00,7.82744377013812
2012-11-26 02:00:00,4.14228163426996
2012-11-26 03:00:00,2.93960703602298
2012-11-26 04:00:00,3.79855448725442
2012-11-26 05:00:00,26.0597504234065
2012-11-26 06:00:00,75.8500992950732
2012-11-26 07:00:00,256.582932194677
2012-11-26 08:00:00,516.098852795279
2012-11-26 09:00:00,247.226360968973
2012-11-26 10:00:00,136.771076772159
2012-11-26 11:00:00,181.058696303958
2012-11-26 12:00:00,213.451982633187
2012-11-26 13:00:00,199.820920910446
2012-11-26 14:00:00,173.906540803491
2012-11-26 15:00:00,193.857898554631
2012-11-26 16:00:00,251.111879883194
2012-11-26 17:00:00,464.654952658326
2012-11-26 18:00:00,399.110354734719
2012-11-26 19:00:00,259.018372649365
2012-11-26 20:00:00,187.239049481302
2012-11-26 21:00:00,138.446461362312
2012-11-26 22:00:00,103.115131224954
2012-11-26 23:00:00,59.8391481804045
2012-11-27 00:00:00,31.5254185871492
2012-11-27 01:00:00,13.6797762981086
2012-11-27 02:00:00,4.76013616667558
2012-11-27 03:00:00,3.09825325398739
2012-11-27 04:00:00,5.54729301728906
2012-11-27 05:00:00,25.5745458638757
2012-11-27 06:00:00,107.996518620665
2012-11-27 07:00:00,151.027604698933
2012-11-27 08:00:00,241.423495554075
2012-11-27 09:00:00,257.488599474111
2012-11-27 10:00:00,85.639703949287
2012-11-27 11:00:00,59.2810491946433
2012-11-27 12:00:00,41.6256950304915
2012-11-27 13:00:00,79.1399545678247
2012-11-27 14:00:00,41.9083198798235
2012-11-27 15:00:00,138.175211580516
2012-11-27 16:00:00,239.204246980097
2012-11-27 17:00:00,348.104041372335
2012-11-27 18:00:00,178.405410543231
2012-11-27 19:00:00,249.253595332571
2012-11-27 20:00:00,131.987051960637
2012-11-27 21:00:00,69.8660828564446
2012-11-27 22:00:00,75.816501343406
2012-11-27 23:00:00,65.8354417566937
2012-11-28 00:00:00,37.2866846592509
2012-11-28 01:00:00,20.2486284885831
2012-11-28 02:00:00,8.16360078655736
2012-11-28 03:00:00,5.17727215023409
2012-11-28 04:00:00,6.74880106345206
2012-11-28 05:00:00,34.2972027345236
2012-11-28 06:00:00,115.686472742583
2012-11-28 07:00:00,334.956587018373
2012-11-28 08:00:00,484.668705506724
2012-11-28 09:00:00,308.252174555306
2012-11-28 10:00:00,165.139042919713
2012-11-28 11:00:00,168.282493926334
2012-11-28 12:00:00,204.990827449746
2012-11-28 13:00:00,219.417229420914
2012-11-28 14:00:00,204.120723979421
2012-11-28 15:00:00,218.832434290149
2012-11-28 16:00:00,294.392476921823
2012-11-28 17:00:00,426.443890768575
2012-11-28 18:00:00,449.038041684391
2012-11-28 19:00:00,305.913431101031
2012-11-28 20:00:00,217.376228039732
2012-11-28 21:00:00,156.556356151445
2012-11-28 22:00:00,95.0169502966018
2012-11-28 23:00:00,63.9567730692438
2012-11-29 00:00:00,29.7309856750516
2012-11-29 01:00:00,13.0125200012865
2012-11-29 02:00:00,4.72463233112012
2012-11-29 04:00:00,6.11328513922221
2012-11-29 05:00:00,28.0885020823658
2012-11-29 06:00:00,86.0970076372295
2012-11-29 07:00:00,239.410111694674
2012-11-29 08:00:00,629.588207296178
2012-11-29 09:00:00,268.666187653573
2012-11-29 10:00:00,131.400913817371
2012-11-29 11:00:00,202.100658533713
2012-11-29 12:00:00,246.0531188425
2012-11-29 13:00:00,234.690468440952
2012-11-29 14:00:00,180.957749679623
2012-11-29 15:00:00,197.96376078148
2012-11-29 16:00:00,295.787223778614
2012-11-29 17:00:00,518.912925551071
2012-11-29 18:00:00,488.95729836528
2012-11-29 19:00:00,286.748694425488
2012-11-29 20:00:00,240.811616436312
2012-11-29 21:00:00,146.429446188472
2012-11-29 22:00:00,124.487009971929
2012-11-29 23:00:00,103.094387479868
2012-11-30 00:00:00,40.066492896897
2012-11-30 01:00:00,21.1731798921434
2012-11-30 02:00:00,8.56198159313456
2012-11-30 03:00:00,4.71247454352218
2012-11-30 04:00:00,4.42928901986047
2012-11-30 05:00:00,23.6393475438206
2012-11-30 06:00:00,66.2357225820924
2012-11-30 07:00:00,187.17254239048
2012-11-30 08:00:00,491.683671181457
2012-11-30 09:00:00,255.359067057635
2012-11-30 10:00:00,151.17202785068
2012-11-30 11:00:00,198.103776187891
2012-11-30 12:00:00,254.084077640711
2012-11-30 13:00:00,269.503629307022
2012-11-30 14:00:00,235.076565472868
2012-11-30 15:00:00,260.102232644652
2012-11-30 16:00:00,335.713837272878
2012-11-30 17:00:00,469.934633801867
2012-11-30 18:00:00,334.619712563655
2012-11-30 19:00:00,266.811171484916
2012-11-30 20:00:00,202.2683517939
2012-11-30 21:00:00,164.132787434581
2012-11-30 22:00:00,141.445522514164
2012-11-30 23:00:00,96.4435257742497
2012-12-20 00:00:00,42.4473327293361
2012-12-20 01:00:00,14.6592912493617
2012-12-20 02:00:00,6.89605154299319
2012-12-20 03:00:00,3.54524942821909
2012-12-20 04:00:00,6.08356813372759
2012-12-20 05:00:00,33.5446367945068
2012-12-20 06:00:00,113.741511164324
2012-12-20 07:00:00,311.177680985814
2012-12-20 08:00:00,478.487934282815
2012-12-20 09:00:00,250.163751693303
2012-12-20 10:00:00,140.699825498186
2012-12-20 11:00:00,150.460297406625
2012-12-20 12:00:00,239.256310506113
2012-12-20 13:00:00,205.305883099474
2012-12-20 14:00:00,186.839577436673
2012-12-20 15:00:00,185.860168283603
2012-12-20 16:00:00,248.752642478757
2012-12-20 17:00:00,513.831692122286
2012-12-20 18:00:00,412.505527963821
2012-12-20 19:00:00,164.321016980558
2012-12-20 20:00:00,108.877228788174
2012-12-20 21:00:00,70.7069595877365
2012-12-20 22:00:00,46.4973043687053
2012-12-20 23:00:00,45.9425761722452
2012-12-21 00:00:00,23.0863388390653
2012-12-21 01:00:00,10.6894170336079
2012-12-21 02:00:00,7.06067234215254
2012-12-21 03:00:00,3.03911551315264
2012-12-21 04:00:00,2.46343063461252
2012-12-21 05:00:00,15.905655645331
2012-12-21 06:00:00,90.5404833833388
2012-12-21 07:00:00,188.614825809324
2012-12-21 08:00:00,393.650006020623
2012-12-21 09:00:00,248.137872313895
2012-12-21 10:00:00,135.584432056794
2012-12-21 11:00:00,119.653846268971
2012-12-21 12:00:00,125.8273864895
2012-12-21 13:00:00,141.366532922343
2012-12-21 14:00:00,119.850790928588
2012-12-21 15:00:00,127.996173768143
2012-12-21 16:00:00,157.078539135074
2012-12-21 17:00:00,235.322729932028
2012-12-21 18:00:00,222.26271480746
2012-12-21 19:00:00,164.600717806415
2012-12-21 20:00:00,105.235275146758
2012-12-21 21:00:00,109.679019401669
2012-12-21 22:00:00,76.8954780510526
2012-12-21 23:00:00,61.4848098915726
2012-12-22 00:00:00,72.4877298762828
2012-12-22 01:00:00,39.9658706389737
2012-12-22 02:00:00,40.7045546007808
2012-12-22 03:00:00,13.6472245866942
2012-12-22 04:00:00,3.29567458634483
2012-12-22 05:00:00,3.2256549406156
2012-12-22 06:00:00,7.82735798468164
2012-12-22 07:00:00,26.9634495693078
2012-12-22 08:00:00,71.5253596639729
2012-12-22 09:00:00,86.8069255640065
2012-12-22 10:00:00,149.371142110054
2012-12-22 11:00:00,144.195285567341
2012-12-22 12:00:00,179.343468562157
2012-12-22 13:00:00,152.318235274055
2012-12-22 14:00:00,141.530740121591
2012-12-22 15:00:00,191.76596436152
2012-12-22 16:00:00,128.699834976304
2012-12-22 17:00:00,127.369247086046
2012-12-22 18:00:00,95.8987760316817
2012-12-22 19:00:00,74.686783661937
2012-12-22 20:00:00,66.0195144948377
2012-12-22 21:00:00,46.1718343378371
2012-12-22 22:00:00,42.5273440088
2012-12-22 23:00:00,30.5247731662016
2012-12-23 00:00:00,44.2393183209403
2012-12-23 01:00:00,31.3497658463748
2012-12-23 02:00:00,23.9846036959582
2012-12-23 03:00:00,14.1783187345252
2012-12-23 04:00:00,4.25880164951998
2012-12-23 05:00:00,2.26214652238682
2012-12-23 06:00:00,3.66187353044211
2012-12-23 07:00:00,10.0051837971858
2012-12-23 08:00:00,31.4713080920949
2012-12-23 09:00:00,59.5463063256277
2012-12-23 10:00:00,85.131484807187
2012-12-23 11:00:00,104.990083225162
2012-12-23 12:00:00,184.794505628062
2012-12-23 13:00:00,291.092579226076
2012-12-23 14:00:00,206.44069766366
2012-12-23 15:00:00,256.370756558388
2012-12-23 16:00:00,196.696301415594
2012-12-23 17:00:00,139.025565895076
2012-12-23 18:00:00,115.17626139772
2012-12-23 19:00:00,87.893145672987
2012-12-23 20:00:00,49.2338555279546
2012-12-23 21:00:00,37.5356328551011
2012-12-23 22:00:00,44.8673656293618
2012-12-23 23:00:00,21.692031715712
2012-12-24 00:00:00,8.54699605979676
2012-12-24 01:00:00,3.66754587640147
2012-12-24 02:00:00,2.97562690637714
2012-12-24 03:00:00,1.75000649398818
2012-12-24 05:00:00,10.8563308312135
2012-12-24 06:00:00,36.3466996529685
2012-12-24 07:00:00,126.238373130748
2012-12-24 08:00:00,322.953729942018
2012-12-24 09:00:00,197.980513033786
2012-12-24 10:00:00,78.597112384151
2012-12-24 11:00:00,95.2252749550582
2012-12-24 12:00:00,88.8273157013655
2012-12-24 13:00:00,66.1882720997939
2012-12-24 14:00:00,52.3294945568583
2012-12-24 15:00:00,69.950431746893
2012-12-24 16:00:00,100.526575079339
2012-12-24 17:00:00,209.283562102105
2012-12-24 18:00:00,171.629004378755
2012-12-24 19:00:00,177.819757061483
2012-12-24 20:00:00,120.863189145623
2012-12-24 21:00:00,60.5326035189686
2012-12-24 22:00:00,55.4750659234967
2012-12-24 23:00:00,28.5928236213441
2012-12-25 00:00:00,32.4501985132664
2012-12-25 01:00:00,30.4373187691322
2012-12-25 02:00:00,22.6675331920043
2012-12-25 04:00:00,8.06701164275205
2012-12-25 05:00:00,3.91183513607153
2012-12-25 06:00:00,6.75088075810915
2012-12-25 07:00:00,14.3727277160659
2012-12-25 08:00:00,63.8640042142323
2012-12-25 09:00:00,126.069715280189
2012-12-25 10:00:00,115.5445732687
2012-12-25 11:00:00,147.640053346452
2012-12-25 12:00:00,138.227718905139
2012-12-25 13:00:00,166.624133101864
2012-12-25 14:00:00,181.967567490007
2012-12-25 15:00:00,202.269873477746
2012-12-25 16:00:00,168.155068064298
2012-12-25 17:00:00,141.419788365428
2012-12-25 18:00:00,191.219593753639
2012-12-25 19:00:00,133.412564537103
2012-12-25 20:00:00,79.8295387798097
2012-12-25 21:00:00,58.6963606078447
2012-12-25 22:00:00,65.4146907067153
2012-12-25 23:00:00,37.302546050276
2012-12-26 00:00:00,19.8535967934338
2012-12-26 01:00:00,3.68222855138814
2012-12-26 02:00:00,3.52796940613814
2012-12-26 03:00:00,2.13062610993036
2012-12-26 04:00:00,1.01605132960315
2012-12-26 05:00:00,6.31754326791237
2012-12-26 06:00:00,47.4608527780711
2012-12-26 07:00:00,37.1664125921841
2012-12-26 08:00:00,80.9905290845873
2012-12-26 09:00:00,42.7865766530748
2012-12-26 10:00:00,20.6607500618899
2012-12-26 11:00:00,18.6209940412786
2012-12-26 12:00:00,16.1464256826346
2012-12-26 13:00:00,21.0154787600826
2012-12-26 14:00:00,27.0875590841598
2012-12-26 15:00:00,24.1366354626573
2012-12-26 16:00:00,42.6483989471972
2012-12-26 17:00:00,89.3932051330601
2012-12-26 18:00:00,94.8597216145878
2012-12-26 19:00:00,111.741007319458
2012-12-26 20:00:00,45.895916904546
2012-12-26 21:00:00,74.0328155303011
2012-12-26 22:00:00,15.0626349459867
2012-12-26 23:00:00,16.6461697027871
2012-12-27 00:00:00,8.97150752421833
2012-12-27 01:00:00,1.72732520780387
2012-12-27 02:00:00,1.82951964304084
2012-12-27 03:00:00,2.88218631896006
2012-12-27 04:00:00,1.10986264680986
2012-12-27 05:00:00,13.2202770857287
2012-12-27 06:00:00,68.0021435551532
2012-12-27 07:00:00,258.621807652427
2012-12-27 08:00:00,449.859397366458
2012-12-27 09:00:00,243.001452204973
2012-12-27 10:00:00,134.646539869912
2012-12-27 11:00:00,110.643074855962
2012-12-27 12:00:00,135.890864073979
2012-12-27 13:00:00,117.562662953333
2012-12-27 14:00:00,101.472998981488
2012-12-27 15:00:00,76.0782656229013
2012-12-27 16:00:00,125.015448745806
2012-12-27 17:00:00,247.654793924519
2012-12-27 18:00:00,206.695793515021
2012-12-27 19:00:00,150.18907317711
2012-12-27 20:00:00,101.14408728926
2012-12-27 21:00:00,90.3690734684584
2012-12-27 22:00:00,62.3728030614521
2012-12-27 23:00:00,45.9753468528159
2012-12-28 00:00:00,22.1552142749813
2012-12-28 01:00:00,6.7036256911595
2012-12-28 02:00:00,5.13521799407745
2012-12-28 03:00:00,4.00499599355497
2012-12-28 04:00:00,2.6078163961277
2012-12-28 05:00:00,15.5546736062679
2012-12-28 06:00:00,47.5240345476203
2012-12-28 07:00:00,159.059565963806
2012-12-28 08:00:00,374.01466700196
2012-12-28 09:00:00,157.781731360449
2012-12-28 10:00:00,92.4632756892369
2012-12-28 11:00:00,103.685302128067
2012-12-28 12:00:00,144.091265198244
2012-12-28 13:00:00,139.017567622645
2012-12-28 14:00:00,107.847901268077
2012-12-28 15:00:00,104.803357271451
2012-12-28 16:00:00,107.920035873881
2012-12-28 17:00:00,159.844556067223
2012-12-28 18:00:00,163.514923631254
2012-12-28 19:00:00,129.017330415188
2012-12-28 20:00:00,84.4744900431685
2012-12-28 21:00:00,75.5703366347055
2012-12-28 22:00:00,60.4918567128739
2012-12-28 23:00:00,41.3738312836842
2012-12-29 00:00:00,35.9800814931647
2012-12-29 01:00:00,29.7313259723547
2012-12-29 02:00:00,21.403278788424
2012-12-29 03:00:00,10.58345857063
2012-12-29 04:00:00,4.15103486428442
2012-12-29 05:00:00,2.49216619396182
2012-12-29 06:00:00,6.12191508638056
2012-12-29 07:00:00,19.4991265464875
2012-12-29 08:00:00,53.4894099305889
2012-12-29 09:00:00,127.49284842752
2012-12-29 10:00:00,111.625320471032
2012-12-29 11:00:00,57.2341986481273
2012-12-29 12:00:00,59.5430495345881
2012-12-29 13:00:00,48.9439566700445
2012-12-29 14:00:00,199.539961860639
2012-12-29 15:00:00,142.165370336208
2012-12-29 16:00:00,125.147002687484
2012-12-29 17:00:00,121.077457394706
2012-12-29 18:00:00,93.6115666926993
2012-12-29 19:00:00,99.399200141398
2012-12-29 20:00:00,78.4737963444685
2012-12-29 21:00:00,62.6041361398
2012-12-29 22:00:00,49.2891415298385
2012-12-29 23:00:00,40.6085832020266
2012-12-30 00:00:00,40.5875278359798
2012-12-30 01:00:00,33.4552253760222
2012-12-30 02:00:00,29.5524203294395
2012-12-30 03:00:00,11.8444147480606
2012-12-30 04:00:00,2.06173863784056
2012-12-30 05:00:00,2.91748404651579
2012-12-30 06:00:00,3.22797386864567
2012-12-30 07:00:00,10.9347827638748
2012-12-30 08:00:00,37.4647878254436
2012-12-30 09:00:00,57.439300595567
2012-12-30 10:00:00,137.117596384318
2012-12-30 11:00:00,118.437628086275
2012-12-30 12:00:00,166.467021434443
2012-12-30 13:00:00,173.142096329201
2012-12-30 14:00:00,122.915221186507
2012-12-30 15:00:00,152.33176352147
2012-12-30 16:00:00,131.850592160507
2012-12-30 17:00:00,123.847297501571
2012-12-30 18:00:00,74.6821860971721
2012-12-30 19:00:00,81.614892018998
2012-12-30 20:00:00,47.9629520951945
2012-12-30 21:00:00,38.3227382639695
2012-12-30 22:00:00,34.0412907552618
2012-12-30 23:00:00,20.4635667445556
2012-12-31 00:00:00,9.97300709443926
2012-12-31 01:00:00,3.63652107315098
2012-12-31 02:00:00,2.4947713650276
2012-12-31 03:00:00,1.58636307873837
2012-12-31 04:00:00,1.30595623960678
2012-12-31 05:00:00,6.80157370374591
2012-12-31 06:00:00,45.5976078324053
2012-12-31 07:00:00,117.521648966622
2012-12-31 08:00:00,215.389536377147
2012-12-31 09:00:00,174.864990198611
2012-12-31 10:00:00,55.1486560935509
2012-12-31 11:00:00,58.4593545183232
2012-12-31 12:00:00,84.8338703500085
2012-12-31 13:00:00,121.234320586843
2012-12-31 14:00:00,95.2627838582458
2012-12-31 15:00:00,111.182357532239
2012-12-31 16:00:00,99.5190296878883
2012-12-31 17:00:00,192.790182059933
2012-12-31 18:00:00,220.760713631604
2012-12-31 19:00:00,173.000849353393
2012-12-31 20:00:00,115.589768592593
2012-12-31 21:00:00,90.1331383181165
2012-12-31 22:00:00,64.9900713078038
2012-12-31 23:00:00,34.023598051339
