datetime,count
2011-01-20 00:00:00,3.69685071922045
2011-01-20 01:00:00,3.62865751723422
2011-01-20 02:00:00,3.62865751723422
2011-01-20 03:00:00,3.67379250020721
2011-01-20 04:00:00,3.67379250020721
2011-01-20 05:00:00,3.4911037214926
2011-01-20 06:00:00,3.4308558746877
2011-01-20 07:00:00,3.55680654389163
2011-01-20 08:00:00,3.59497762673678
2011-01-20 09:00:00,3.91461194565944
2011-01-20 10:00:00,3.84108319659791
2011-01-20 11:00:00,4.23272260528812
2011-01-20 12:00:00,4.443505196839
2011-01-20 13:00:00,4.25479936924788
2011-01-20 14:00:00,4.33370442098105
2011-01-20 15:00:00,4.43212335063109
2011-01-20 16:00:00,4.2329438856179
2011-01-20 17:00:00,4.27413816008134
2011-01-20 18:00:00,3.91483322598923
2011-01-20 19:00:00,3.6586796363753
2011-01-20 20:00:00,3.81111343717001
2011-01-20 21:00:00,3.73214444727462
2011-01-20 22:00:00,3.56506344176947
2011-01-20 23:00:00,3.59370773844388
2011-01-21 00:00:00,3.48024310886676
2011-01-21 01:00:00,3.48024310886676
2011-01-21 02:00:00,3.18376542553043
2011-01-21 03:00:00,3.02358438199091
2011-01-21 04:00:00,3.06718763556752
2011-01-21 05:00:00,3.49504443000216
2011-01-21 06:00:00,3.5758601162331
2011-01-21 07:00:00,3.57563883590331
2011-01-21 08:00:00,3.70504366794087
2011-01-21 09:00:00,3.62333670491919
2011-01-21 10:00:00,3.73106114041018
2011-01-21 11:00:00,3.94205342284661
2011-01-21 12:00:00,4.3710574623079
2011-01-21 13:00:00,4.40209893915601
2011-01-21 14:00:00,4.26316732094772
2011-01-21 15:00:00,4.07017999189445
2011-01-21 16:00:00,4.07313924535052
2011-01-21 17:00:00,3.96251113086405
2011-01-21 18:00:00,3.84531548366292
2011-01-21 19:00:00,3.8332258114493
2011-01-21 20:00:00,3.69478073891694
2011-01-21 21:00:00,3.48296111785199
2011-01-21 22:00:00,3.29385892284768
2011-01-21 23:00:00,3.3915060883298
2011-01-22 00:00:00,3.22134778469987
2011-01-22 01:00:00,3.50992903733019
2011-01-22 02:00:00,3.54409547350356
2011-01-22 03:00:00,3.56321298400724
2011-01-22 04:00:00,3.33655735390076
2011-01-22 06:00:00,3.44947149963974
2011-01-22 07:00:00,3.20580394965262
2011-01-22 08:00:00,3.17420039952214
2011-01-22 09:00:00,3.32210832006301
2011-01-22 10:00:00,3.60697014451357
2011-01-22 11:00:00,3.72367088233714
2011-01-22 12:00:00,3.82471663619229
2011-01-22 13:00:00,3.85168315714776
2011-01-22 14:00:00,3.84877947815228
2011-01-22 15:00:00,3.96776624722836
2011-01-22 16:00:00,4.03195480254281
2011-01-22 17:00:00,4.14811342022987
2011-01-22 18:00:00,3.6752766926558
2011-01-22 19:00:00,3.69735345661556
2011-01-22 20:00:00,3.34447030251477
2011-01-22 21:00:00,3.51763229505865
2011-01-22 22:00:00,3.43877343657185
2011-01-22 23:00:00,3.00401761358019
2011-01-23 00:00:00,3.00401761358019
2011-01-23 01:00:00,3.00401761358019
2011-01-23 02:00:00,2.83687266991282
2011-01-23 03:00:00,2.83687266991282
2011-01-23 05:00:00,3.22600476702074
2011-01-23 06:00:00,3.22600476702074
2011-01-23 07:00:00,3.13709788878116
2011-01-23 08:00:00,2.91623802722141
2011-01-23 09:00:00,3.24179913265386
2011-01-23 10:00:00,3.58253704008044
2011-01-23 11:00:00,3.6732203054347
2011-01-23 12:00:00,3.9167975930551
2011-01-23 13:00:00,3.91000878001066
2011-01-23 14:00:00,4.13694126490751
2011-01-23 15:00:00,4.13694126490751
2011-01-23 16:00:00,4.16826796024762
2011-01-23 17:00:00,4.08633971689616
2011-01-23 18:00:00,3.95949777090149
2011-01-23 19:00:00,3.97861528140517
2011-01-23 20:00:00,3.74850548846506
2011-01-23 21:00:00,3.71033440561992
2011-01-23 22:00:00,3.59970629113344
2011-01-23 23:00:00,3.42315407391816
2011-01-24 00:00:00,3.28985427617591
2011-01-24 01:00:00,3.12924226142106
2011-01-24 03:00:00,3.1071654974613
2011-01-24 04:00:00,3.07535225644526
2011-01-24 05:00:00,3.07535225644526
2011-01-24 06:00:00,3.10701974473797
2011-01-24 07:00:00,3.22968195697746
2011-01-24 08:00:00,3.26473966994158
2011-01-24 09:00:00,3.52611222005957
2011-01-24 10:00:00,3.44107060682708
2011-01-24 11:00:00,3.36593117652005
2011-01-24 12:00:00,3.78709779497379
2011-01-24 13:00:00,3.78102517163669
2011-01-24 14:00:00,3.70545477011433
2011-01-24 15:00:00,3.71653666306996
2011-01-24 16:00:00,3.53718253456617
2011-01-24 17:00:00,3.3415128068472
2011-01-24 18:00:00,3.13687836623988
2011-01-24 19:00:00,3.30362694249406
2011-01-24 20:00:00,3.13687836623988
2011-01-24 21:00:00,3.07691573792698
2011-01-24 22:00:00,3.27722249482097
2011-01-24 23:00:00,3.33093741271335
2011-01-25 00:00:00,3.1642527746214
2011-01-25 01:00:00,3.20800993512772
2011-01-25 02:00:00,2.96394601772741
2011-01-25 04:00:00,2.82190102963809
2011-01-25 05:00:00,2.77814386913177
2011-01-25 06:00:00,2.8817525090298
2011-01-25 07:00:00,2.83799534852348
2011-01-25 08:00:00,3.12279323481182
2011-01-25 09:00:00,3.52646138770899
2011-01-25 10:00:00,3.69660018863458
2011-01-25 11:00:00,3.71565376097604
2011-01-25 12:00:00,3.9681811108285
2011-01-25 13:00:00,3.93651362253579
2011-01-25 14:00:00,4.36793479531664
2011-01-25 15:00:00,4.5037530436439
2011-01-25 16:00:00,4.5037530436439
2011-01-25 17:00:00,4.14594764187609
2011-01-25 18:00:00,4.26461137391061
2011-01-25 19:00:00,3.66906844908069
2011-01-25 20:00:00,3.34603554178499
2011-01-25 21:00:00,3.34603554178499
2011-01-25 22:00:00,3.35217210328431
2011-01-25 23:00:00,3.57415925672487
2011-01-26 00:00:00,3.42909107701726
2011-01-26 01:00:00,3.58970309177211
2011-01-26 02:00:00,3.2941083215249
2011-01-26 05:00:00,2.74281746657885
2011-01-26 06:00:00,2.74281746657885
2011-01-26 07:00:00,2.84725344510541
2011-01-26 08:00:00,2.84725344510541
2011-01-26 09:00:00,2.84725344510541
2011-01-26 10:00:00,2.68658585588996
2011-01-26 11:00:00,2.65537867317266
2011-01-26 12:00:00,2.65537867317266
2011-01-26 13:00:00,2.65537867317266
2011-01-26 14:00:00,2.67443224551413
2011-01-26 15:00:00,2.68099977822878
2011-01-26 16:00:00,2.65537867317266
2011-01-26 17:00:00,2.61418439870923
2011-01-27 16:00:00,3.59793688019285
2011-01-27 17:00:00,3.60056370439795
2011-01-27 18:00:00,3.17852356506451
2011-01-27 19:00:00,3.17852356506451
2011-01-27 20:00:00,2.99232504905568
2011-01-27 21:00:00,2.99232504905568
2011-01-27 22:00:00,2.99232504905568
2011-01-27 23:00:00,2.82903063563513
2011-01-28 00:00:00,3.21770242716764
2011-01-28 01:00:00,3.21770242716764
2011-01-28 02:00:00,3.23681993767132
2011-01-28 03:00:00,3.25889670163108
2011-01-28 05:00:00,3.07269818562225
2011-01-28 06:00:00,3.031900278572
2011-01-28 07:00:00,2.85217911701509
2011-01-28 08:00:00,2.85217911701509
2011-01-28 09:00:00,2.7388767580693
2011-01-28 10:00:00,2.74840354424003
2011-01-28 11:00:00,2.57207260735453
2011-01-28 12:00:00,2.57207260735453
2011-01-28 13:00:00,2.57207260735453
2011-01-28 14:00:00,3.07292762015841
2011-01-28 15:00:00,3.03508917605948
2011-01-28 16:00:00,3.02409430505536
2011-01-28 17:00:00,3.1158145999237
2011-01-28 18:00:00,3.09413420337713
2011-01-28 19:00:00,3.33780175336425
2011-01-28 20:00:00,3.44207202602161
2011-01-28 21:00:00,3.27795027397254
2011-01-28 22:00:00,3.39077415734479
2011-01-28 23:00:00,3.4911037214926
2011-01-29 00:00:00,3.47029509903243
2011-01-29 01:00:00,3.48540796286434
2011-01-29 02:00:00,3.46635439052288
2011-01-29 03:00:00,3.3869890332143
2011-01-29 04:00:00,3.1218854654723
2011-01-29 06:00:00,3.26688970701769
2011-01-29 07:00:00,3.37378680388016
2011-01-29 08:00:00,3.57296626889335
2011-01-29 09:00:00,3.48435934390604
2011-01-29 10:00:00,3.58992261431339
2011-01-29 11:00:00,3.54912470726314
2011-01-29 12:00:00,3.71324645931222
2011-01-29 13:00:00,3.91505274853051
2011-01-29 14:00:00,3.7699845688229
2011-01-29 15:00:00,3.33738052970066
2011-01-29 16:00:00,3.62696640527773
2011-01-29 17:00:00,3.70232711591454
2011-01-29 18:00:00,3.32128621081527
2011-01-29 19:00:00,3.55936768314121
2011-01-29 20:00:00,3.10650733629424
2011-01-29 21:00:00,3.10650733629424
2011-01-29 22:00:00,2.89551505385782
2011-01-29 23:00:00,2.89551505385782
2011-01-30 00:00:00,2.84479399322365
2011-01-30 01:00:00,2.8980779399007
2011-01-30 02:00:00,2.9583257867056
2011-01-30 03:00:00,2.57060619997048
2011-01-30 04:00:00,2.57060619997048
2011-01-30 05:00:00,2.74693713685599
2011-01-30 07:00:00,2.74693713685599
2011-01-30 08:00:00,2.96892429029654
2011-01-30 09:00:00,3.18031294014615
2011-01-30 10:00:00,3.24016441953786
2011-01-30 11:00:00,3.26422726149785
2011-01-30 12:00:00,4.090762892357
2011-01-30 13:00:00,3.74395236159331
2011-01-30 14:00:00,3.79427705481429
2011-01-30 15:00:00,3.98303845686601
2011-01-30 16:00:00,3.98303845686601
2011-01-30 17:00:00,3.92712768598385
2011-01-30 18:00:00,3.5612635828787
2011-01-30 19:00:00,3.58031715522017
2011-01-30 20:00:00,3.80493113286582
2011-01-30 21:00:00,3.59705222031043
2011-01-30 22:00:00,3.55625431326018
2011-01-30 23:00:00,3.67924572900804
2011-01-31 00:00:00,3.58714020572923
2011-01-31 01:00:00,3.34914891166602
2011-01-31 02:00:00,3.37122567562578
2011-01-31 03:00:00,3.37122567562578
2011-01-31 04:00:00,3.39619452913678
2011-01-31 05:00:00,3.18831561658138
2011-01-31 06:00:00,2.97090991785526
2011-01-31 07:00:00,3.29020344382533
2011-01-31 08:00:00,3.41615411302926
2011-01-31 09:00:00,3.42568089919999
2011-01-31 10:00:00,3.41871699907214
2011-01-31 11:00:00,3.41871699907214
2011-01-31 12:00:00,3.7024515316419
2011-01-31 13:00:00,3.5951234635641
2011-01-31 14:00:00,3.66165362459165
2011-01-31 15:00:00,3.50064524242361
2011-01-31 16:00:00,3.61438672679111
2011-01-31 17:00:00,3.41871699907214
2011-01-31 18:00:00,3.53859504493897
2011-01-31 19:00:00,3.74986940055136
2011-01-31 20:00:00,3.28675743519808
2011-01-31 21:00:00,3.35915889237881
2011-01-31 22:00:00,3.48159167008214
2011-01-31 23:00:00,3.40636206151238
2011-02-20 00:00:00,4.31794905315577
2011-02-20 01:00:00,4.11648355689007
2011-02-20 02:00:00,4.17370821207668
2011-02-20 03:00:00,4.03788996374942
2011-02-20 04:00:00,4.03788996374942
2011-02-20 06:00:00,3.80010844467575
2011-02-20 07:00:00,3.61085213324649
2011-02-20 08:00:00,3.75565504760796
2011-02-20 09:00:00,3.91068098470163
2011-02-20 10:00:00,4.40686752083958
2011-02-20 11:00:00,4.76928582481273
2011-02-20 12:00:00,4.56937543533193
2011-02-20 13:00:00,4.66317207056723
2011-02-20 14:00:00,4.8787866474184
2011-02-20 15:00:00,4.89094025779424
2011-02-20 16:00:00,4.84055999011266
2011-02-20 17:00:00,4.72764584437369
2011-02-20 18:00:00,4.7946972389833
2011-02-20 19:00:00,4.7946972389833
2011-02-20 20:00:00,4.67778681027417
2011-02-20 21:00:00,4.34084385863382
2011-02-20 22:00:00,4.20289369547901
2011-02-20 23:00:00,4.06396207727072
2011-02-21 00:00:00,4.55647684735289
2011-02-21 01:00:00,4.55647684735289
2011-02-21 02:00:00,4.55647684735289
2011-02-21 03:00:00,4.5373593368492
2011-02-21 04:00:00,4.21418067683017
2011-02-21 05:00:00,4.73784337806142
2011-02-21 06:00:00,5.42079878308822
2011-02-21 07:00:00,5.41127199691749
2011-02-21 08:00:00,4.15950732923741
2011-02-21 09:00:00,4.14998054306668
2011-02-21 10:00:00,4.130863032563
2011-02-21 11:00:00,4.15556662072786
2011-02-21 12:00:00,3.92622859195568
2011-02-21 13:00:00,3.28080846302812
2011-02-21 14:00:00,3.65225048958807
2011-02-21 15:00:00,3.80739593930456
2011-02-21 16:00:00,3.36907459506284
2011-02-21 17:00:00,3.58342270786377
2011-02-21 18:00:00,3.08167641826915
2011-02-21 19:00:00,3.08167641826915
2011-02-21 20:00:00,3.07878089348005
2011-02-21 21:00:00,3.2082412999782
2011-02-21 22:00:00,3.06902446327791
2011-02-21 23:00:00,3.06902446327791
2011-02-22 06:00:00,2.82691345556785
2011-02-22 07:00:00,2.82691345556785
2011-02-22 08:00:00,2.80779594506417
2011-02-22 09:00:00,2.95893674810888
2011-02-22 10:00:00,2.94088779871417
2011-02-22 11:00:00,3.24718564091961
2011-02-22 12:00:00,3.4399516896431
2011-02-22 13:00:00,3.57888330785139
2011-02-22 14:00:00,3.59793688019285
2011-02-22 15:00:00,3.77426781707835
2011-02-22 16:00:00,3.67964384321453
2011-02-22 17:00:00,3.65756707925478
2011-02-22 18:00:00,3.761286868074
2011-02-22 19:00:00,3.67639937126646
2011-02-22 20:00:00,3.69847613522621
2011-02-22 21:00:00,3.71752970756767
2011-02-22 22:00:00,3.63794306992931
2011-02-22 23:00:00,3.63794306992931
2011-02-23 00:00:00,3.36358957080695
2011-02-23 01:00:00,3.50514801322035
2011-02-23 02:00:00,3.38526996735352
2011-02-23 03:00:00,3.34453599846549
2011-02-23 05:00:00,3.36621639501206
2011-02-23 06:00:00,3.36621639501206
2011-02-23 07:00:00,3.28450943199038
2011-02-23 08:00:00,3.30362694249406
2011-02-23 09:00:00,3.57169812739376
2011-02-23 10:00:00,3.97184817929509
2011-02-23 11:00:00,4.01347342497386
2011-02-23 12:00:00,4.27518676804445
2011-02-23 13:00:00,4.57161703112657
2011-02-23 14:00:00,4.61580516284822
2011-02-23 15:00:00,4.76728675884553
2011-02-23 16:00:00,4.76984964488842
2011-02-23 17:00:00,4.76728675884553
2011-02-23 18:00:00,4.68184877819985
2011-02-23 19:00:00,4.44822924796552
2011-02-23 20:00:00,3.51278411803917
2011-02-23 21:00:00,3.89042643476541
2011-02-23 22:00:00,3.89042643476541
2011-02-23 23:00:00,3.65128476503212
2011-02-24 00:00:00,3.65128476503212
2011-02-24 01:00:00,3.52533409582819
2011-02-24 02:00:00,3.30447423426844
2011-02-24 03:00:00,3.27280674597573
2011-02-24 05:00:00,3.1468560767718
2011-02-24 06:00:00,3.12517568022524
2011-02-24 07:00:00,3.04960527870288
2011-02-24 08:00:00,3.23920238308474
2011-02-24 09:00:00,3.32268888953234
2011-02-24 10:00:00,3.55921209876215
2011-02-24 11:00:00,4.13384639121343
2011-02-24 12:00:00,4.39544022166122
2011-02-24 13:00:00,4.5722776573685
2011-02-24 14:00:00,4.73328603953655
2011-02-24 15:00:00,4.51666025918473
2011-02-24 16:00:00,4.18807596213399
2011-02-24 17:00:00,3.8500760278337
2011-02-24 18:00:00,3.39982277253642
2011-02-24 19:00:00,3.05641062065052
2011-02-24 20:00:00,3.26773554183316
2011-02-24 21:00:00,3.39982277253642
2011-02-24 22:00:00,3.25827248432941
2011-02-24 23:00:00,3.18186658997214
2011-02-25 00:00:00,3.04590237942631
2011-02-25 01:00:00,3.0427252808783
2011-02-25 02:00:00,3.0427252808783
2011-02-25 03:00:00,3.22562375047847
2011-02-25 05:00:00,3.22562375047847
2011-02-25 06:00:00,3.10319097277514
2011-02-25 07:00:00,2.89519254759693
2011-02-25 08:00:00,3.13177133128733
2011-02-25 09:00:00,3.09458170349567
2011-02-25 10:00:00,3.53073530209985
2011-02-25 11:00:00,4.28692292717857
2011-02-25 12:00:00,4.83376315055062
2011-02-25 13:00:00,4.83376315055062
2011-02-25 14:00:00,5.08977090333722
2011-02-25 15:00:00,5.24244706951622
2011-02-25 16:00:00,4.16107817751505
2011-02-25 17:00:00,4.28215895876513
2011-02-25 18:00:00,4.18013174985651
2011-02-25 19:00:00,4.01573314301706
2011-02-25 20:00:00,4.13637458935019
2011-02-25 21:00:00,4.01847111614335
2011-02-25 22:00:00,3.87629502598698
2011-02-25 23:00:00,3.86020070710159
2011-02-26 00:00:00,3.78768956895378
2011-02-26 01:00:00,3.79425710166843
2011-02-26 02:00:00,3.57105563439558
2011-02-26 03:00:00,3.67394808458627
2011-02-26 04:00:00,3.86150353650731
2011-02-26 05:00:00,3.71002194051
2011-02-26 06:00:00,3.64207926910964
2011-02-26 07:00:00,3.63951638306676
2011-02-26 08:00:00,3.92431426935509
2011-02-26 09:00:00,4.00996194088633
2011-02-26 10:00:00,4.34712617285647
2011-02-26 11:00:00,4.26012992911465
2011-02-26 12:00:00,4.5272520655282
2011-02-26 13:00:00,4.66004712223716
2011-02-26 14:00:00,4.79870188565507
2011-02-26 15:00:00,4.78939637981412
2011-02-26 16:00:00,4.41626842332886
2011-02-26 17:00:00,4.51391558881097
2011-02-26 18:00:00,4.35897982998003
2011-02-26 19:00:00,4.20148118510621
2011-02-26 20:00:00,3.9679255930341
2011-02-26 21:00:00,3.67833971745702
2011-02-26 22:00:00,3.4073848067077
2011-02-26 23:00:00,3.38570441016113
2011-02-27 00:00:00,3.0231749572668
2011-02-27 01:00:00,3.02613421072287
2011-02-27 02:00:00,3.04781460726944
2011-02-27 03:00:00,3.07948209556214
2011-02-27 04:00:00,2.92771528107283
2011-02-27 06:00:00,3.02219350221332
2011-02-27 07:00:00,2.92771528107283
2011-02-27 08:00:00,3.08204498160503
2011-02-27 09:00:00,3.13933357495385
2011-02-27 10:00:00,3.33817224701445
2011-02-27 11:00:00,3.97801445248721
2011-02-27 12:00:00,4.39115381709452
2011-02-27 13:00:00,4.57004764002291
2011-02-27 14:00:00,4.68758408017663
2011-02-27 15:00:00,4.8515863196029
2011-02-27 16:00:00,4.93095167691148
2011-02-27 17:00:00,4.51775673784357
2011-02-27 18:00:00,4.45790525845186
2011-02-27 19:00:00,4.41973417560672
2011-02-27 20:00:00,4.39115381709452
2011-02-27 21:00:00,4.17708276857921
2011-02-27 22:00:00,4.36089883917462
2011-02-27 23:00:00,4.21911911643144
2011-02-28 00:00:00,4.0258566903763
2011-02-28 01:00:00,3.24572250654038
2011-02-28 03:00:00,3.0307895155944
2011-02-28 05:00:00,3.27890769715552
2011-02-28 06:00:00,3.21030119576101
2011-02-28 07:00:00,3.34572307667507
2011-02-28 08:00:00,3.22956445898802
2011-02-28 09:00:00,3.75553929641182
2011-02-28 10:00:00,4.66344110833525
2011-02-28 11:00:00,4.86102147055198
2011-02-28 12:00:00,4.86102147055198
2011-02-28 13:00:00,3.58401924877691
2011-02-28 14:00:00,3.36047698855146
2011-02-28 15:00:00,3.36047698855146
2011-02-28 16:00:00,3.25549052618675
2011-02-28 17:00:00,3.30062550915975
2011-02-28 18:00:00,3.56490173827323
2011-02-28 19:00:00,3.92338864184224
2011-02-28 20:00:00,3.92338864184224
2011-02-28 21:00:00,3.79829183397139
2011-02-28 22:00:00,3.13275278634081
2011-02-28 23:00:00,3.52928317903457
2011-03-20 00:00:00,4.30646764747091
2011-03-20 01:00:00,4.10768454987091
2011-03-20 02:00:00,4.08517681469582
2011-03-20 03:00:00,3.90505092202409
2011-03-20 04:00:00,3.82614587029092
2011-03-20 05:00:00,3.7062678244241
2011-03-20 06:00:00,3.72538533492778
2011-03-20 07:00:00,3.60528600873117
2011-03-20 08:00:00,3.84782626683749
2011-03-20 09:00:00,4.04956861789356
2011-03-20 10:00:00,4.5423649293601
2011-03-20 11:00:00,4.53833395848383
2011-03-20 12:00:00,4.57299530403475
2011-03-20 13:00:00,4.77742005375652
2011-03-20 14:00:00,4.93842843592456
2011-03-20 15:00:00,4.94533676159182
2011-03-20 16:00:00,4.9478996476347
2011-03-20 17:00:00,4.99380639477562
2011-03-20 18:00:00,4.85530574778267
2011-03-20 19:00:00,4.49183882485121
2011-03-20 20:00:00,4.41626842332886
2011-03-20 21:00:00,4.4020731604922
2011-03-20 22:00:00,4.37046961036171
2011-03-20 23:00:00,4.03396578414307
2011-03-21 00:00:00,3.73623940596083
2011-03-21 01:00:00,3.7834425750944
2011-03-21 02:00:00,3.74527149224925
2011-03-21 03:00:00,3.74527149224925
2011-03-21 05:00:00,3.25226548989716
2011-03-21 06:00:00,3.39840517752973
2011-03-21 07:00:00,3.10620084144917
2011-03-21 08:00:00,3.27935467978667
2011-03-21 09:00:00,3.49337015384139
2011-03-21 10:00:00,4.01778988448029
2011-03-21 11:00:00,4.20655128653201
2011-03-21 12:00:00,4.08701403361778
2011-03-21 13:00:00,4.60057314063564
2011-03-21 14:00:00,4.69587870040465
2011-03-21 15:00:00,4.85649071515951
2011-03-21 16:00:00,4.7340497832498
2011-03-21 17:00:00,4.71493227274612
2011-03-21 18:00:00,4.43410978287347
2011-03-21 19:00:00,4.81879144323002
2011-03-21 20:00:00,4.51462551585213
2011-03-21 21:00:00,3.45847500143043
2011-03-21 22:00:00,3.62873331497883
2011-03-21 23:00:00,3.54286436311781
2011-03-22 00:00:00,3.60961580447514
2011-03-22 01:00:00,3.14906378934396
2011-03-22 02:00:00,3.33187208068138
2011-03-22 03:00:00,3.72002263863183
2011-03-22 04:00:00,3.84359086242234
2011-03-22 05:00:00,3.63867120332302
2011-03-22 06:00:00,3.49302621557276
2011-03-22 07:00:00,3.89670910323021
2011-03-22 08:00:00,4.47417154707052
2011-03-22 09:00:00,4.57915800943522
2011-03-22 10:00:00,4.69503140863027
2011-03-22 11:00:00,4.56773216721576
2011-03-22 12:00:00,4.68058237479252
2011-03-22 13:00:00,4.83200839632924
2011-03-22 14:00:00,4.97439417737115
2011-03-22 15:00:00,4.9075787978516
2011-03-22 16:00:00,4.83123663216131
2011-03-22 17:00:00,4.83123663216131
2011-03-22 18:00:00,4.71147809891729
2011-03-22 19:00:00,4.66638711195586
2011-03-22 20:00:00,4.73320249147542
2011-03-22 21:00:00,4.62525677565464
2011-03-22 22:00:00,4.4455272503961
2011-03-22 23:00:00,4.4455272503961
2011-03-23 00:00:00,3.68564944739371
2011-03-23 01:00:00,3.43959945199317
2011-03-23 02:00:00,3.43959945199317
2011-03-23 03:00:00,3.63180686267213
2011-03-23 05:00:00,3.14339046924084
2011-03-23 06:00:00,3.35471539042348
2011-03-23 07:00:00,3.1242731682324
2011-03-23 08:00:00,3.31654430757834
2011-03-23 09:00:00,3.4456083466633
2011-03-23 10:00:00,3.52497370397188
2011-03-23 11:00:00,3.37639578697005
2011-03-23 12:00:00,3.33566181808202
2011-03-23 13:00:00,3.1650708657874
2011-03-23 14:00:00,3.43927045798005
2011-03-23 15:00:00,3.76166261907088
2011-03-23 16:00:00,3.97305126892049
2011-03-23 17:00:00,3.97305126892049
2011-03-23 18:00:00,3.60756235307484
2011-03-23 19:00:00,3.60756235307484
2011-03-23 20:00:00,3.36945771285563
2011-03-23 21:00:00,2.83897694832386
2011-03-23 22:00:00,3.14634993219216
2011-03-23 23:00:00,3.00363151240403
2011-03-24 00:00:00,3.1242731682324
2011-03-24 01:00:00,2.88809075195519
2011-03-24 02:00:00,2.90714432429665
2011-03-24 03:00:00,2.80872539464661
2011-03-24 04:00:00,2.80872539464661
2011-03-24 05:00:00,3.00417384203579
2011-03-24 06:00:00,3.00417384203579
2011-03-24 07:00:00,2.59483758742108
2011-03-24 08:00:00,2.52243613024035
2011-03-24 09:00:00,2.94432236264408
2011-03-24 10:00:00,2.89103841596703
2011-03-24 11:00:00,3.3541533171411
2011-03-24 12:00:00,3.65036229989343
2011-03-24 13:00:00,3.70364624657048
2011-03-24 14:00:00,3.64635765322166
2011-03-24 15:00:00,3.66284833952023
2011-03-24 16:00:00,3.7697454363827
2011-03-24 17:00:00,3.64379476717877
2011-03-24 18:00:00,3.85795599395682
2011-03-24 19:00:00,3.81920810306903
2011-03-24 20:00:00,3.56659057495383
2011-03-24 21:00:00,3.42765895674554
2011-03-24 22:00:00,3.3894878739004
2011-03-24 23:00:00,3.28844212004525
2011-03-25 00:00:00,3.41439278924918
2011-03-25 01:00:00,3.10838016553574
2011-03-25 02:00:00,3.08669976898918
2011-03-25 03:00:00,3.1304569294955
2011-03-25 04:00:00,2.94425841348667
2011-03-25 05:00:00,2.9225780169401
2011-03-25 06:00:00,2.90050125298035
2011-03-25 07:00:00,3.36422221245316
2011-03-25 08:00:00,3.63814474036018
2011-03-25 09:00:00,3.72324192805327
2011-03-25 10:00:00,3.71273368682906
2011-03-25 11:00:00,4.08973204260302
2011-03-25 12:00:00,4.2060364130134
2011-03-25 13:00:00,4.30368357849551
2011-03-25 14:00:00,4.62579888479597
2011-03-25 15:00:00,4.63941221630357
2011-03-25 16:00:00,4.65818893385465
2011-03-25 17:00:00,4.58612826962652
2011-03-25 18:00:00,4.22175533514405
2011-03-25 19:00:00,4.53843040061064
2011-03-25 20:00:00,4.42725180228602
2011-03-25 21:00:00,4.44636931278971
2011-03-25 22:00:00,4.39659510340687
2011-03-25 23:00:00,4.30770295992756
2011-03-26 00:00:00,4.42188524716613
2011-03-26 01:00:00,4.1495734005046
2011-03-26 02:00:00,3.8904868816391
2011-03-26 03:00:00,3.73594749022136
2011-03-26 04:00:00,3.8904868816391
2011-03-26 05:00:00,3.63518695485821
2011-03-26 06:00:00,3.47417857269017
2011-03-26 07:00:00,3.63518695485821
2011-03-26 08:00:00,3.89344613509518
2011-03-26 09:00:00,4.02886801600925
2011-03-26 10:00:00,4.10823337331783
2011-03-26 11:00:00,4.2436552542319
2011-03-26 12:00:00,4.37333694105983
2011-03-26 13:00:00,4.52787633247758
2011-03-26 14:00:00,4.68888471464562
2011-03-26 15:00:00,4.72961868353365
2011-03-26 16:00:00,4.88075948657837
2011-03-26 17:00:00,4.75458753704465
2011-03-26 18:00:00,5.07422185596732
2011-03-26 19:00:00,4.34653612597355
2011-03-26 20:00:00,4.34653612597355
2011-03-26 21:00:00,4.27370369757748
2011-03-26 22:00:00,4.42824308899523
2011-03-26 23:00:00,4.27074444412141
2011-03-27 00:00:00,4.33022052675838
2011-03-27 01:00:00,3.95208330065459
2011-03-27 02:00:00,3.70335906079473
2011-03-27 03:00:00,3.2497153713308
2011-03-27 04:00:00,3.08559361928172
2011-03-27 06:00:00,2.70394665588371
2011-03-27 07:00:00,2.66321268699568
2011-03-27 08:00:00,3.20088205622774
2011-03-27 09:00:00,3.61635466284653
2011-03-27 10:00:00,3.83538256283101
2011-03-27 11:00:00,4.09364174306798
2011-03-27 12:00:00,4.29282120808117
2011-03-27 13:00:00,4.31688405004115
2011-03-27 14:00:00,4.47438269491498
2011-03-27 15:00:00,4.49047701380036
2011-03-27 16:00:00,4.47962797962356
2011-03-27 17:00:00,4.59731017250061
2011-03-27 18:00:00,4.44890734258219
2011-03-27 19:00:00,4.51840512076744
2011-03-27 20:00:00,4.29403552191347
2011-03-27 21:00:00,4.10823337331783
2011-03-27 22:00:00,4.10823337331783
2011-03-27 23:00:00,4.05171654413693
2011-03-28 00:00:00,3.54034345845311
2011-03-28 01:00:00,3.81743493070176
2011-03-28 02:00:00,3.79838135836029
2011-03-28 03:00:00,3.79838135836029
2011-03-28 05:00:00,3.66227789154103
2011-03-28 06:00:00,3.88642621006522
2011-03-28 07:00:00,4.02530225381292
2011-03-28 08:00:00,3.96835445341669
2011-03-28 09:00:00,4.30057335393052
2011-03-28 10:00:00,4.17009680447276
2011-03-28 11:00:00,4.50922403065385
2011-03-28 12:00:00,4.5739453979994
2011-03-28 13:00:00,4.80254092385493
2011-03-28 14:00:00,4.69078551748766
2011-03-28 15:00:00,4.67857633265123
2011-03-28 16:00:00,4.72584323045177
2011-03-28 17:00:00,4.71329325266275
2011-03-28 18:00:00,4.75414673417359
2011-03-28 19:00:00,4.63349692413883
2011-03-28 20:00:00,4.73454267799398
2011-03-28 21:00:00,4.77878638417623
2011-03-28 22:00:00,4.63093403809595
2011-03-28 23:00:00,4.50815231323365
2011-03-29 00:00:00,4.30640996217757
2011-03-29 01:00:00,4.12628406950585
2011-03-29 02:00:00,4.12628406950585
2011-03-29 03:00:00,4.12628406950585
2011-03-29 04:00:00,3.73813351155539
2011-03-29 05:00:00,3.9716891036275
2011-03-29 06:00:00,3.89957286493877
2011-03-29 07:00:00,3.87789246839221
2011-03-29 08:00:00,4.08888475082863
2011-03-29 09:00:00,4.46468037121933
2011-03-29 10:00:00,4.56800379262535
2011-03-29 11:00:00,4.94218873177056
2011-03-29 12:00:00,4.69714335931677
2011-03-29 13:00:00,4.66291298498118
2011-03-29 14:00:00,4.75436801450337
2011-03-29 15:00:00,4.97551309455513
2011-03-29 16:00:00,5.01291241323234
2011-03-29 17:00:00,5.10442301721513
2011-03-29 18:00:00,4.87030535186065
2011-03-29 19:00:00,4.7665771993398
2011-03-29 20:00:00,4.87030535186065
2011-03-29 21:00:00,4.28402394785531
2011-03-29 22:00:00,4.10769301096981
2011-03-29 23:00:00,4.07487514700702
2011-03-30 00:00:00,4.06830761429236
2011-03-30 01:00:00,4.29974286998596
2011-03-30 02:00:00,4.06830761429236
2011-03-30 03:00:00,4.26982868501865
2011-03-30 04:00:00,4.06830761429236
2011-03-30 05:00:00,3.97733913044609
2011-03-30 06:00:00,4.17535046387816
2011-03-30 07:00:00,4.37715675309645
2011-03-30 08:00:00,4.25471582118675
2011-03-30 09:00:00,4.33339959259013
2011-03-30 10:00:00,4.36845730555425
2011-03-30 11:00:00,4.38751087789571
2011-03-30 12:00:00,4.39013770210081
2011-03-30 13:00:00,4.48855663175086
2011-03-30 14:00:00,4.47600665396183
2011-03-30 15:00:00,3.12114799941189
2011-03-30 16:00:00,3.00121437908447
2011-03-30 17:00:00,2.75467783800801
2011-03-30 18:00:00,2.94432236264408
2011-03-30 19:00:00,2.94432236264408
2011-03-30 20:00:00,2.63851922032095
2011-03-30 21:00:00,2.84327660878894
2011-03-30 22:00:00,2.65106919810998
2011-03-30 23:00:00,2.62899243415022
2011-03-31 00:00:00,2.65106919810998
2011-03-31 01:00:00,2.63195168760629
2011-03-31 02:00:00,2.63195168760629
2011-03-31 03:00:00,2.65106919810998
2011-03-31 04:00:00,2.67012277045144
2011-03-31 05:00:00,2.65106919810998
2011-03-31 06:00:00,2.63851922032095
2011-03-31 07:00:00,2.67012277045144
2011-03-31 08:00:00,2.66694567190343
2011-03-31 09:00:00,2.72997424984315
2011-03-31 10:00:00,2.72997424984315
2011-03-31 11:00:00,2.81190249319461
2011-03-31 12:00:00,2.81190249319461
2011-03-31 13:00:00,3.04497153959079
2011-03-31 14:00:00,3.04497153959079
2011-03-31 15:00:00,3.02985867575889
2011-03-31 16:00:00,3.23461606422687
2011-03-31 17:00:00,3.23461606422687
2011-03-31 18:00:00,3.21812537792829
2011-03-31 19:00:00,3.21812537792829
2011-03-31 20:00:00,2.80933960715173
2011-03-31 21:00:00,2.96600275919065
2011-03-31 22:00:00,2.85007357603976
2011-03-31 23:00:00,2.55666650457594
2011-04-20 00:00:00,3.51159324223829
2011-04-20 01:00:00,3.31932210289236
2011-04-20 02:00:00,3.31932210289236
2011-04-20 03:00:00,3.21433564052766
2011-04-20 04:00:00,3.07015873761079
2011-04-20 05:00:00,3.27852419584211
2011-04-20 06:00:00,3.31932210289236
2011-04-20 07:00:00,3.27458348733256
2011-04-20 08:00:00,4.86092318773058
2011-04-20 09:00:00,5.00778248931314
2011-04-20 10:00:00,4.62236990448898
2011-04-20 11:00:00,4.62236990448898
2011-04-20 12:00:00,5.52216893495953
2011-04-20 13:00:00,5.52216893495953
2011-04-20 14:00:00,5.77138787470169
2011-04-20 15:00:00,6.11275816463152
2011-04-20 16:00:00,6.11275816463152
2011-04-20 17:00:00,6.04030113299019
2011-04-20 18:00:00,5.95647383359
2011-04-20 19:00:00,5.77942670699716
2011-04-20 20:00:00,5.62378312216051
2011-04-20 21:00:00,5.63753583533279
2011-04-20 22:00:00,5.49246765562518
2011-04-20 23:00:00,5.56541959664406
2011-04-21 00:00:00,5.14860478887334
2011-04-21 01:00:00,4.89225624313414
2011-04-21 02:00:00,5.0125652602163
2011-04-21 03:00:00,4.93543975190904
2011-04-21 04:00:00,4.79049108482424
2011-04-21 05:00:00,4.79699467937668
2011-04-21 06:00:00,4.65550017512551
2011-04-21 07:00:00,4.91610096107558
2011-04-21 08:00:00,4.79973265250297
2011-04-21 09:00:00,4.80158771254014
2011-04-21 10:00:00,4.70286882963782
2011-04-21 11:00:00,4.79098920894921
2011-04-21 12:00:00,4.85006892417299
2011-04-21 13:00:00,5.14125390254652
2011-04-21 14:00:00,5.21408633094259
2011-04-21 15:00:00,5.41933841929288
2011-04-21 16:00:00,5.43154760412931
2011-04-21 17:00:00,5.19687945493667
2011-04-21 18:00:00,5.3739821559901
2011-04-21 19:00:00,5.17831242827114
2011-04-21 20:00:00,4.97262100500388
2011-04-21 21:00:00,4.52231196575076
2011-04-21 22:00:00,4.6822717289605
2011-04-21 23:00:00,4.50599636653559
2011-04-22 00:00:00,3.84440982635405
2011-04-22 01:00:00,4.04904426696136
2011-04-22 02:00:00,4.07768856363578
2011-04-22 03:00:00,4.07768856363578
2011-04-22 04:00:00,4.00831029807334
2011-04-22 05:00:00,3.97013921522819
2011-04-22 06:00:00,4.00831029807334
2011-04-22 07:00:00,4.23029745151389
2011-04-22 08:00:00,4.21117994101021
2011-04-22 09:00:00,3.80490148181593
2011-04-22 10:00:00,4.0663969797946
2011-04-22 11:00:00,3.73223475928906
2011-04-22 12:00:00,3.44216233803605
2011-04-22 13:00:00,3.20324194863255
2011-04-22 14:00:00,3.18156155208598
2011-04-22 15:00:00,3.20324194863255
2011-04-22 16:00:00,3.1650708657874
2011-04-22 17:00:00,2.9511193298949
2011-04-22 18:00:00,2.9511193298949
2011-04-22 19:00:00,2.9511193298949
2011-04-22 20:00:00,3.10226013293962
2011-04-22 21:00:00,2.91294824704976
2011-04-22 22:00:00,2.71749979966058
2011-04-22 23:00:00,2.99487649040123
2011-04-23 00:00:00,3.10325485488668
2011-04-23 01:00:00,3.10325485488668
2011-04-23 02:00:00,2.95178141309575
2011-04-23 03:00:00,2.92320105458356
2011-04-23 04:00:00,2.98601178743134
2011-04-23 05:00:00,2.98601178743134
2011-04-23 06:00:00,3.14405276193693
2011-04-23 07:00:00,2.97089892359943
2011-04-23 08:00:00,3.20127741712354
2011-04-23 09:00:00,3.62126116923589
2011-04-23 10:00:00,3.84480342946134
2011-04-23 11:00:00,3.96490275565795
2011-04-23 12:00:00,4.173253479129
2011-04-23 13:00:00,4.15419990678753
2011-04-23 14:00:00,4.44138023848929
2011-04-23 15:00:00,4.76639922378522
2011-04-23 16:00:00,4.69958384426567
2011-04-23 17:00:00,4.72822814094008
2011-04-23 18:00:00,4.33639377612459
2011-04-23 19:00:00,4.20748385346459
2011-04-23 20:00:00,4.22455134780582
2011-04-23 21:00:00,4.42947100690514
2011-04-23 22:00:00,4.59655201241029
2011-04-23 23:00:00,4.16732669261921
2011-04-24 00:00:00,4.04921344442283
2011-04-24 01:00:00,3.84389741791032
2011-04-24 02:00:00,3.84389741791032
2011-04-24 03:00:00,3.62600517350827
2011-04-24 04:00:00,3.62600517350827
2011-04-24 05:00:00,3.62600517350827
2011-04-24 06:00:00,3.63956293055528
2011-04-24 07:00:00,3.63956293055528
2011-04-24 08:00:00,3.77212197217419
2011-04-24 09:00:00,4.06241567375697
2011-04-24 10:00:00,4.43743952997974
2011-04-24 11:00:00,4.92574456499459
2011-04-24 12:00:00,5.06233457748978
2011-04-24 13:00:00,5.31763450427068
2011-04-24 14:00:00,5.44703933630823
2011-04-24 15:00:00,5.10284726604803
2011-04-24 16:00:00,5.69659906900299
2011-04-24 17:00:00,5.03073102735929
2011-04-24 18:00:00,4.78425006074342
2011-04-24 19:00:00,4.37641649476425
2011-04-24 20:00:00,4.37641649476425
2011-04-24 21:00:00,3.843032051237
2011-04-24 22:00:00,3.69189124819228
2011-04-24 23:00:00,3.6441933791764
2011-04-25 00:00:00,3.41247465178411
2011-04-25 01:00:00,3.48117777683478
2011-04-25 02:00:00,3.48117777683478
2011-04-25 03:00:00,3.59219602283627
2011-04-25 04:00:00,3.58562849012161
2011-04-25 05:00:00,3.4052813171201
2011-04-25 06:00:00,3.52538064331671
2011-04-25 07:00:00,3.64291708347044
2011-04-25 08:00:00,3.85283764848666
2011-04-25 09:00:00,4.11794121622866
2011-04-25 10:00:00,4.60747832098686
2011-04-25 11:00:00,4.60747832098686
2011-04-25 12:00:00,4.66119323887924
2011-04-25 13:00:00,4.98895019730146
2011-04-25 14:00:00,5.32628951635501
2011-04-25 15:00:00,5.40185991787737
2011-04-25 16:00:00,5.35191062141113
2011-04-25 17:00:00,5.31373953856599
2011-04-25 18:00:00,5.21648874049706
2011-04-25 19:00:00,5.1371873213507
2011-04-25 20:00:00,5.00778248931314
2011-04-25 21:00:00,4.72729242869146
2011-04-25 22:00:00,4.59492834319783
2011-04-25 23:00:00,4.27950008223485
2011-04-26 00:00:00,4.74640993919514
2011-04-26 01:00:00,4.5854015570271
2011-04-26 02:00:00,4.12194586290043
2011-04-26 03:00:00,3.90749941763038
2011-04-26 04:00:00,4.07418405572234
2011-04-26 05:00:00,3.8883819071267
2011-04-26 06:00:00,3.92917981417695
2011-04-26 07:00:00,4.16307619920165
2011-04-26 08:00:00,4.16307619920165
2011-04-26 09:00:00,4.69334727284787
2011-04-26 10:00:00,4.85395928760273
2011-04-26 11:00:00,5.03408518027445
2011-04-26 12:00:00,5.21375076737077
2011-04-26 13:00:00,5.54501746308721
2011-04-26 14:00:00,5.29234436051142
2011-04-26 15:00:00,5.17557968452563
2011-04-26 16:00:00,5.27026759655167
2011-04-26 17:00:00,5.11572820513392
2011-04-26 18:00:00,5.0722562631196
2011-04-26 19:00:00,4.73151835569302
2011-04-26 20:00:00,4.69334727284787
2011-04-26 21:00:00,4.45945088782317
2011-04-26 22:00:00,4.37809945251436
2011-04-26 23:00:00,4.39721696301804
2011-04-27 00:00:00,4.17522980957749
2011-04-27 01:00:00,4.19428338191895
2011-04-27 02:00:00,4.00848123332331
2011-04-27 03:00:00,4.24958589726754
2011-04-27 04:00:00,3.77803901113223
2011-04-27 05:00:00,4.01907973691424
2011-04-27 06:00:00,3.79709258347369
2011-04-27 07:00:00,4.24958589726754
2011-04-27 08:00:00,4.27823019394195
2011-04-27 09:00:00,4.33545484912856
2011-04-27 10:00:00,4.49563589266808
2011-04-27 11:00:00,4.68143804126372
2011-04-27 12:00:00,4.54834303130248
2011-04-27 13:00:00,4.4689776739939
2011-04-27 14:00:00,4.74055859618782
2011-04-27 15:00:00,5.1606881010235
2011-04-27 16:00:00,4.96798599046223
2011-04-27 17:00:00,4.50939676004675
2011-04-27 18:00:00,4.50939676004675
2011-04-27 19:00:00,4.45945088782317
2011-04-27 20:00:00,4.30229303590194
2011-04-27 21:00:00,4.0874502232187
2011-04-27 22:00:00,4.33808167333367
2011-04-27 23:00:00,4.35713524567513
2011-04-28 00:00:00,4.50714875683904
2011-04-28 01:00:00,4.56245127218764
2011-04-28 02:00:00,4.60062235503278
2011-04-28 03:00:00,4.74825342078328
2011-04-28 04:00:00,4.5815048445291
2011-04-28 05:00:00,4.56245127218764
2011-04-28 06:00:00,4.79595128979915
2011-04-28 07:00:00,4.78642450362842
2011-04-28 08:00:00,4.84667235043332
2011-04-28 09:00:00,4.16492783499617
2011-04-28 10:00:00,4.30943737665925
2011-04-28 11:00:00,4.49563589266808
2011-04-28 12:00:00,4.66232053076004
2011-04-28 13:00:00,4.50516267883881
2011-04-28 14:00:00,4.28317552539826
2011-04-28 15:00:00,4.83490571526127
2011-04-28 16:00:00,4.44033337731949
2011-04-28 17:00:00,5.40814223210002
2011-04-28 18:00:00,5.40814223210002
2011-04-28 19:00:00,5.47073168461802
2011-04-28 20:00:00,5.12298368381722
2011-04-28 21:00:00,4.92987684214113
2011-04-28 22:00:00,4.91433300709389
2011-04-28 23:00:00,5.01777594112273
2011-04-29 00:00:00,5.081568129024
2011-04-29 01:00:00,4.74613944446822
2011-04-29 02:00:00,4.18214449530819
2011-04-29 03:00:00,4.2733782445006
2011-04-29 04:00:00,4.50347967373909
2011-04-29 05:00:00,4.60424020910223
2011-04-29 06:00:00,4.87017947917438
2011-04-29 07:00:00,4.94870913415281
2011-04-29 08:00:00,5.15134276199963
2011-04-29 09:00:00,5.17046027250331
2011-04-29 10:00:00,5.17647732137982
2011-04-29 11:00:00,5.54898448480608
2011-04-29 12:00:00,5.25204772290218
2011-04-29 13:00:00,5.26157450907291
2011-04-29 14:00:00,5.69137026584799
2011-04-29 15:00:00,5.4079912609911
2011-04-29 16:00:00,5.33593059676297
2011-04-29 17:00:00,5.21922985893939
2011-04-29 18:00:00,4.9025547934728
2011-04-29 19:00:00,4.52682311124432
2011-04-29 20:00:00,4.69658651541517
2011-04-29 21:00:00,4.54165075658423
2011-04-29 22:00:00,4.22616692116066
2011-04-29 23:00:00,4.56146458775338
2011-04-30 00:00:00,4.78056939919442
2011-04-30 01:00:00,4.72334474400782
2011-04-30 02:00:00,4.76151582685296
2011-04-30 03:00:00,4.68215046954438
2011-04-30 04:00:00,4.70126798004806
2011-04-30 05:00:00,4.58426728897221
2011-04-30 06:00:00,4.3568398946978
2011-04-30 07:00:00,4.5244158095805
2011-04-30 08:00:00,4.46712721623168
2011-04-30 09:00:00,4.70096802679579
2011-04-30 10:00:00,5.01651580038158
2011-04-30 11:00:00,5.10763003695118
2011-04-30 12:00:00,5.18699539425976
2011-04-30 13:00:00,5.2655250492382
2011-04-30 14:00:00,5.21782718022232
2011-04-30 15:00:00,5.27077033394677
2011-04-30 16:00:00,5.36918926359682
2011-04-30 17:00:00,5.11962953090206
2011-04-30 18:00:00,5.05977805151035
2011-04-30 19:00:00,5.05977805151035
2011-04-30 20:00:00,4.2807190093373
2011-04-30 21:00:00,4.2807190093373
2011-04-30 22:00:00,4.1357147677919
2011-04-30 23:00:00,4.1357147677919
2011-05-20 00:00:00,3.39172356007309
2011-05-20 01:00:00,3.18329416367955
2011-05-20 02:00:00,3.18073127763666
2011-05-20 03:00:00,3.12344268428784
2011-05-20 04:00:00,3.33187208068138
2011-05-20 05:00:00,3.34139886685211
2011-05-20 06:00:00,3.55239114928854
2011-05-20 07:00:00,3.98775303057894
2011-05-20 08:00:00,4.22997346639111
2011-05-20 09:00:00,4.37313101160096
2011-05-20 10:00:00,4.51462551585213
2011-05-20 11:00:00,4.89762105146073
2011-05-20 12:00:00,5.33660280145394
2011-05-20 13:00:00,5.18256647362013
2011-05-20 14:00:00,5.17113247719429
2011-05-20 15:00:00,5.2984317186088
2011-05-20 16:00:00,5.35494854778969
2011-05-20 17:00:00,5.02797493198444
2011-05-20 18:00:00,5.05739099282678
2011-05-20 19:00:00,4.50812192129969
2011-05-20 20:00:00,4.51764870747042
2011-05-20 21:00:00,4.45740086066552
2011-05-20 22:00:00,4.10402279718718
2011-05-20 23:00:00,4.17395154658777
2011-05-21 00:00:00,4.12401208177726
2011-05-21 01:00:00,4.18314737146163
2011-05-21 02:00:00,4.24996275098119
2011-05-21 03:00:00,3.87796208637672
2011-05-21 04:00:00,3.68562700886857
2011-05-21 05:00:00,3.66657343652711
2011-05-21 06:00:00,3.95686713810989
2011-05-21 07:00:00,4.30407403628677
2011-05-21 08:00:00,4.58533586107638
2011-05-21 09:00:00,4.9483718127925
2011-05-21 10:00:00,4.94760004862457
2011-05-21 11:00:00,5.22802617108403
2011-05-21 12:00:00,5.21772762074537
2011-05-21 13:00:00,5.4039261367542
2011-05-21 14:00:00,5.53934801766826
2011-05-21 15:00:00,5.62598873369721
2011-05-21 16:00:00,5.99911669018248
2011-05-21 17:00:00,5.86632163347352
2011-05-21 18:00:00,5.73089975255945
2011-05-21 19:00:00,5.45853233143733
2011-05-21 20:00:00,4.88078466910501
2011-05-21 21:00:00,4.94760004862457
2011-05-21 22:00:00,4.70488470343484
2011-05-21 23:00:00,4.26964233476725
2011-05-22 00:00:00,3.94533953917866
2011-05-22 01:00:00,3.71483337882536
2011-05-22 02:00:00,3.6957798064839
2011-05-22 03:00:00,3.48439115663428
2011-05-22 04:00:00,3.41757577711472
2011-05-22 05:00:00,3.48439115663428
2011-05-22 06:00:00,3.6957798064839
2011-05-22 07:00:00,3.90716845633351
2011-05-22 08:00:00,4.5755438095595
2011-05-22 09:00:00,4.74607897789828
2011-05-22 10:00:00,4.86589308560288
2011-05-22 11:00:00,5.36110644628499
2011-05-22 12:00:00,5.7189118480528
2011-05-22 13:00:00,5.48211178403262
2011-05-22 14:00:00,4.85213694818794
2011-05-22 15:00:00,5.26760976430197
2011-05-22 16:00:00,5.08675294716264
2011-05-22 17:00:00,5.29851699376699
2011-05-22 18:00:00,5.08379369370656
2011-05-22 19:00:00,5.06467618320288
2011-05-22 20:00:00,4.88501059610657
2011-05-22 21:00:00,4.64229525091684
2011-05-22 22:00:00,4.23212350346723
2011-05-22 23:00:00,4.39425917751607
2011-05-23 00:00:00,4.09387837426867
2011-05-23 01:00:00,3.85283764848666
2011-05-23 02:00:00,3.93984204643486
2011-05-23 03:00:00,3.72884976399843
2011-05-23 04:00:00,3.79701713997123
2011-05-23 05:00:00,3.79701713997123
2011-05-23 06:00:00,3.64587633692651
2011-05-23 07:00:00,3.92368399888249
2011-05-23 08:00:00,3.97031015047816
2011-05-23 09:00:00,3.98942766098184
2011-05-23 10:00:00,4.68983753555365
2011-05-23 11:00:00,4.93332464491131
2011-05-23 12:00:00,4.93332464491131
2011-05-23 13:00:00,5.63140764853029
2011-05-23 14:00:00,5.5974624926867
2011-05-23 15:00:00,5.54976462367083
2011-05-23 16:00:00,5.45430494747686
2011-05-23 17:00:00,5.1369186317619
2011-05-23 18:00:00,4.86065792238443
2011-05-23 19:00:00,4.82248683953929
2011-05-23 20:00:00,4.23547765638239
2011-05-23 21:00:00,4.08433685333767
2011-05-23 22:00:00,3.83828685793713
2011-05-23 23:00:00,4.25214878331043
2011-05-24 00:00:00,3.92105717467739
2011-05-24 01:00:00,3.90200360233593
2011-05-24 02:00:00,3.92105717467739
2011-05-24 03:00:00,3.98393184568739
2011-05-24 04:00:00,3.91308549529156
2011-05-24 05:00:00,4.07932758371914
2011-05-24 06:00:00,4.041156500874
2011-05-24 07:00:00,4.4509956095774
2011-05-24 08:00:00,4.28431097148544
2011-05-24 09:00:00,4.81034796392373
2011-05-24 10:00:00,5.15652611218417
2011-05-24 11:00:00,5.40185991787737
2011-05-24 12:00:00,5.71783866267849
2011-05-24 13:00:00,5.66696348561937
2011-05-24 14:00:00,5.68608099612305
2011-05-24 15:00:00,5.53382421171515
2011-05-24 16:00:00,4.74897282523803
2011-05-24 17:00:00,5.01336856697432
2011-05-24 18:00:00,4.84388201759385
2011-05-24 19:00:00,4.6230221560341
2011-05-24 20:00:00,4.55627071467676
2011-05-24 21:00:00,4.33541085311701
2011-05-24 22:00:00,4.09811245547661
2011-05-24 23:00:00,4.65280189879569
2011-05-25 00:00:00,4.22406312468054
2011-05-25 01:00:00,4.14509413478515
2011-05-25 02:00:00,3.85686861936294
2011-05-25 03:00:00,3.50975813534698
2011-05-25 04:00:00,3.49070456300551
2011-05-25 05:00:00,3.84331086231593
2011-05-25 06:00:00,3.69217005927121
2011-05-25 07:00:00,4.48994188083313
2011-05-25 08:00:00,4.70823885635
2011-05-25 09:00:00,4.84322976604873
2011-05-25 10:00:00,5.00384178080359
2011-05-25 11:00:00,5.31599096601635
2011-05-25 12:00:00,5.30366226855711
2011-05-25 13:00:00,5.30366226855711
2011-05-25 14:00:00,5.32277977906079
2011-05-25 15:00:00,5.51582268257465
2011-05-25 16:00:00,5.44003100072251
2011-05-25 17:00:00,5.40185991787737
2011-05-25 18:00:00,5.22552898099186
2011-05-25 19:00:00,5.03242213931578
2011-05-25 20:00:00,5.05153964981946
2011-05-25 21:00:00,4.71080174239288
2011-05-25 22:00:00,4.78714390808317
2011-05-25 23:00:00,4.55018972763803
2011-05-26 00:00:00,4.55018972763803
2011-05-26 01:00:00,4.55018972763803
2011-05-26 02:00:00,4.1591354906921
2011-05-26 03:00:00,3.90355870912083
2011-05-26 04:00:00,3.846270115772
2011-05-26 05:00:00,4.12554586256138
2011-05-26 06:00:00,3.64291708347044
2011-05-26 07:00:00,4.07932758371914
2011-05-26 08:00:00,4.5393930531744
2011-05-26 09:00:00,4.944927771449
2011-05-26 10:00:00,4.86065792238443
2011-05-26 11:00:00,5.14410723646219
2011-05-26 12:00:00,5.56720435845556
2011-05-26 13:00:00,5.83499032486326
2011-05-26 14:00:00,5.83499032486326
2011-05-26 15:00:00,6.14826680195682
2011-05-26 16:00:00,6.06014642264544
2011-05-26 17:00:00,5.80618032231966
2011-05-26 18:00:00,5.83482461899407
2011-05-26 19:00:00,5.71472529279746
2011-05-26 20:00:00,5.18735789814672
2011-05-26 21:00:00,5.09875097315941
2011-05-26 22:00:00,4.93166160395264
2011-05-26 23:00:00,4.96983268679778
2011-05-27 00:00:00,4.84739175488807
2011-05-27 01:00:00,5.21297900320284
2011-05-27 02:00:00,5.0298592532729
2011-05-27 03:00:00,4.78298191924383
2011-05-27 04:00:00,4.65095026300117
2011-05-27 05:00:00,4.84717047455829
2011-05-27 06:00:00,4.62236990448898
2011-05-27 07:00:00,4.56930723814171
2011-05-27 08:00:00,4.68031074938292
2011-05-27 09:00:00,5.02712128014661
2011-05-27 10:00:00,5.43127597871971
2011-05-27 11:00:00,5.64975339486604
2011-05-27 12:00:00,5.69088373116726
2011-05-27 13:00:00,5.26626294987989
2011-05-27 14:00:00,5.44025228105229
2011-05-27 15:00:00,5.6703620739924
2011-05-27 16:00:00,5.74817232451609
2011-05-27 17:00:00,5.39036692274828
2011-05-27 18:00:00,5.45430494747686
2011-05-27 19:00:00,4.42931521303083
2011-05-27 20:00:00,4.76921762762251
2011-05-27 21:00:00,4.0988876438872
2011-05-27 22:00:00,4.30413973223749
2011-05-27 23:00:00,3.93213906763302
2011-05-28 00:00:00,4.04632135487159
2011-05-28 01:00:00,4.08449243771673
2011-05-28 02:00:00,3.87310378786711
2011-05-28 03:00:00,4.04336210141551
2011-05-28 04:00:00,4.06241567375697
2011-05-28 05:00:00,4.04336210141551
2011-05-28 06:00:00,4.2486141897658
2011-05-28 07:00:00,4.30846566915751
2011-05-28 08:00:00,4.51634458171291
2011-05-28 09:00:00,4.74071418056688
2011-05-28 10:00:00,5.10313248454003
2011-05-28 11:00:00,5.10313248454003
2011-05-28 12:00:00,5.35876484057189
2011-05-28 13:00:00,5.298802212259
2011-05-28 14:00:00,5.39956274762214
2011-05-28 15:00:00,5.4751331491445
2011-05-28 16:00:00,5.57355207879454
2011-05-28 17:00:00,5.52283101816038
2011-05-28 18:00:00,5.31785578460046
2011-05-28 19:00:00,5.08401497403635
2011-05-28 20:00:00,5.10313248454003
2011-05-28 21:00:00,4.80401982279222
2011-05-28 22:00:00,4.59570993902149
2011-05-28 23:00:00,4.33054243311727
2011-05-29 00:00:00,4.34965994362095
2011-05-29 01:00:00,4.12529034476698
2011-05-29 02:00:00,4.08711926192183
2011-05-29 03:00:00,4.08711926192183
2011-05-29 04:00:00,4.01774099635939
2011-05-29 05:00:00,3.79419873613394
2011-05-29 06:00:00,4.36633107054899
2011-05-29 07:00:00,4.40450215339413
2011-05-29 08:00:00,4.38544858105267
2011-05-29 09:00:00,4.19350987095771
2011-05-29 10:00:00,4.69174642325811
2011-05-29 11:00:00,4.72991750610326
2011-05-29 12:00:00,5.15865628021841
2011-05-29 13:00:00,5.13545222437785
2011-05-29 14:00:00,5.19570007118275
2011-05-29 15:00:00,5.20522685735348
2011-05-29 16:00:00,5.19570007118275
2011-05-29 17:00:00,5.19570007118275
2011-05-29 18:00:00,5.09493953581961
2011-05-29 19:00:00,5.07582202531592
2011-05-29 20:00:00,4.79160094707024
2011-05-29 21:00:00,4.55168751316903
2011-05-29 22:00:00,4.20108202661912
2011-05-29 23:00:00,4.2201995371228
2011-05-30 00:00:00,3.90211887880625
2011-05-30 01:00:00,3.86394779596111
2011-05-30 02:00:00,3.90211887880625
2011-05-30 03:00:00,3.90211887880625
2011-05-30 04:00:00,3.82321382707308
2011-05-30 05:00:00,4.00702989766849
2011-05-30 06:00:00,4.05735459088947
2011-05-30 07:00:00,4.00006599754064
2011-05-30 08:00:00,4.31293137246074
2011-05-30 09:00:00,4.87981526585597
2011-05-30 10:00:00,5.70354898542661
2011-05-30 11:00:00,5.67675974878937
2011-05-30 12:00:00,5.98962512370947
2011-05-30 13:00:00,5.99581725966939
2011-05-30 14:00:00,6.1243308149162
2011-05-30 15:00:00,6.28654193246751
2011-05-30 16:00:00,6.29618823126105
2011-05-30 17:00:00,6.15725661305276
2011-05-30 18:00:00,6.11908553020762
2011-05-30 19:00:00,4.98542888134314
2011-05-30 20:00:00,5.28542029335144
2011-05-30 21:00:00,5.00915615973131
2011-05-30 22:00:00,4.92751313487185
2011-05-30 23:00:00,4.51734138742224
2011-05-31 00:00:00,4.61066721847434
2011-05-31 01:00:00,4.23866655386987
2011-05-31 02:00:00,4.18293622361717
2011-05-31 03:00:00,3.97696794555955
2011-05-31 04:00:00,4.26970803071798
2011-05-31 05:00:00,4.26970803071798
2011-05-31 06:00:00,4.49056789227773
2011-05-31 07:00:00,5.0677650707719
2011-05-31 08:00:00,5.44310038558718
2011-05-31 09:00:00,5.60410876775523
2011-05-31 10:00:00,5.69901796011105
2011-05-31 11:00:00,5.89971169220881
2011-05-31 12:00:00,5.98558064406983
2011-05-31 13:00:00,6.32631855149641
2011-05-31 14:00:00,6.21186087742157
2011-05-31 15:00:00,6.31684733978627
2011-05-31 16:00:00,6.30720104099273
2011-05-31 17:00:00,5.89172843437394
2011-05-31 18:00:00,5.87261092387026
2011-05-31 19:00:00,5.34847641172336
2011-05-31 20:00:00,5.34847641172336
2011-05-31 21:00:00,5.18786439696851
2011-05-31 22:00:00,5.0051756182539
2011-05-31 23:00:00,4.73076654467095
2011-06-20 00:00:00,4.31740589973385
2011-06-20 01:00:00,3.99846790147665
2011-06-20 02:00:00,3.99846790147665
2011-06-20 03:00:00,3.99001262323088
2011-06-20 04:00:00,4.05994137263147
2011-06-20 05:00:00,4.22702237813661
2011-06-20 06:00:00,4.35297304734054
2011-06-20 07:00:00,3.95889561877632
2011-06-20 08:00:00,4.08484628798025
2011-06-20 09:00:00,4.60246905136833
2011-06-20 10:00:00,4.60246905136833
2011-06-20 11:00:00,4.50707331333658
2011-06-20 12:00:00,4.85388384410026
2011-06-20 13:00:00,4.73265722602286
2011-06-20 14:00:00,4.89326924077771
2011-06-20 15:00:00,4.91232281311917
2011-06-20 16:00:00,5.12711005134182
2011-06-20 17:00:00,5.12288412434027
2011-06-20 18:00:00,5.10876430500607
2011-06-20 19:00:00,4.86885087110485
2011-06-20 20:00:00,4.76809033574171
2011-06-20 21:00:00,4.56930723814171
2011-06-20 22:00:00,4.82946547442741
2011-06-20 23:00:00,4.44033337731949
2011-06-21 00:00:00,4.18191936974791
2011-06-21 01:00:00,4.23075268485097
2011-06-21 02:00:00,4.04495053625533
2011-06-21 03:00:00,4.04495053625533
2011-06-21 04:00:00,3.93388329634714
2011-06-21 05:00:00,3.9529368686886
2011-06-21 06:00:00,3.9529368686886
2011-06-21 07:00:00,3.59582778758626
2011-06-21 08:00:00,3.99373477573885
2011-06-21 09:00:00,4.0891305137706
2011-06-21 10:00:00,4.23715794693429
2011-06-21 11:00:00,4.11621654734888
2011-06-21 12:00:00,4.58312640430918
2011-06-21 13:00:00,4.90474680123207
2011-06-21 14:00:00,5.10352989883207
2011-06-21 15:00:00,5.3182531988925
2011-06-21 16:00:00,5.41929895274765
2011-06-21 17:00:00,5.18311653647044
2011-06-21 18:00:00,5.2032974006927
2011-06-21 19:00:00,5.02323544618319
2011-06-21 20:00:00,4.89099066381713
2011-06-21 21:00:00,4.72227930284725
2011-06-21 22:00:00,4.4190046522601
2011-06-21 23:00:00,4.54495532146403
2011-06-22 00:00:00,4.26122078889427
2011-06-22 01:00:00,4.22304970604913
2011-06-22 02:00:00,4.13718075418811
2011-06-22 03:00:00,4.22304970604913
2011-06-22 04:00:00,3.89113075878757
2011-06-22 05:00:00,3.73998995574286
2011-06-22 06:00:00,4.01123008498418
2011-06-22 07:00:00,4.35218927274054
2011-06-22 08:00:00,4.66505464766064
2011-06-22 09:00:00,4.57727506130186
2011-06-22 10:00:00,4.86121092105554
2011-06-22 11:00:00,4.80398626586893
2011-06-22 12:00:00,5.6412861061882
2011-06-22 13:00:00,5.79615792685692
2011-06-22 14:00:00,5.85578812591885
2011-06-22 15:00:00,5.8152754373606
2011-06-22 16:00:00,5.82820081190437
2011-06-22 17:00:00,5.78718162452434
2011-06-22 18:00:00,5.66033967852966
2011-06-22 19:00:00,5.71657128921856
2011-06-22 20:00:00,4.74395969939381
2011-06-22 21:00:00,4.63712654069356
2011-06-22 22:00:00,4.81831578708387
2011-06-22 23:00:00,4.83743329758755
2011-06-23 00:00:00,4.615446144147
2011-06-23 01:00:00,4.74139681335093
2011-06-23 02:00:00,4.74139681335093
2011-06-23 03:00:00,4.92521288394634
2011-06-23 04:00:00,4.66004537804212
2011-06-23 05:00:00,4.70322573050579
2011-06-23 06:00:00,4.70322573050579
2011-06-23 07:00:00,4.90609537344266
2011-06-23 08:00:00,5.04502699165094
2011-06-23 09:00:00,5.0068559088058
2011-06-23 10:00:00,5.22771577036555
2011-06-23 11:00:00,5.13090409771834
2011-06-23 12:00:00,5.32317544655952
2011-06-23 13:00:00,5.36368813511777
2011-06-23 14:00:00,5.33270223273025
2011-06-23 15:00:00,5.60343586314979
2011-06-23 16:00:00,5.25311559509189
2011-06-23 17:00:00,5.08976560721075
2011-06-23 18:00:00,4.90594953661534
2011-06-23 19:00:00,4.86777845377019
2011-06-23 20:00:00,4.62129748715432
2011-06-23 21:00:00,4.60217997665064
2011-06-23 22:00:00,4.84328464059487
2011-06-23 23:00:00,4.65946856999946
2011-06-24 00:00:00,4.3561299812501
2011-06-24 01:00:00,4.22120300971358
2011-06-24 02:00:00,4.22120300971358
2011-06-24 03:00:00,4.11621654734888
2011-06-24 04:00:00,4.06851867833301
2011-06-24 05:00:00,3.79727854909168
2011-06-24 06:00:00,4.0970990368452
2011-06-24 07:00:00,4.37637478363458
2011-06-24 08:00:00,4.62129748715432
2011-06-24 09:00:00,4.92614197928664
2011-06-24 10:00:00,5.68056137145705
2011-06-24 11:00:00,5.7749084905305
2011-06-24 12:00:00,5.67069379233372
2011-06-24 13:00:00,5.75847337869251
2011-06-24 14:00:00,5.56046204526044
2011-06-24 15:00:00,5.97408795554368
2011-06-24 16:00:00,5.89823233552932
2011-06-24 17:00:00,5.57238601160487
2011-06-24 18:00:00,5.60103030827928
2011-06-24 19:00:00,5.41751419093615
2011-06-24 20:00:00,5.25339243888707
2011-06-24 21:00:00,5.15870452686103
2011-06-24 22:00:00,5.07283557500001
2011-06-24 23:00:00,5.02328264594696
2011-06-25 00:00:00,5.25734297905236
2011-06-25 01:00:00,5.1215247307251
2011-06-25 02:00:00,5.36256545650711
2011-06-25 03:00:00,4.96424736618106
2011-06-25 04:00:00,4.96424736618106
2011-06-25 05:00:00,4.76546426858106
2011-06-25 06:00:00,4.98336487668474
2011-06-25 07:00:00,5.02153595952988
2011-06-25 08:00:00,5.34922897978989
2011-06-25 09:00:00,5.42479938131225
2011-06-25 10:00:00,5.3866282984671
2011-06-25 11:00:00,5.3984065120882
2011-06-25 12:00:00,5.56986756101986
2011-06-25 13:00:00,5.56986756101986
2011-06-25 14:00:00,5.51369152479156
2011-06-25 15:00:00,5.32283611056584
2011-06-25 16:00:00,5.62392327186484
2011-06-25 17:00:00,5.54156405729804
2011-06-25 18:00:00,5.42479938131225
2011-06-25 19:00:00,5.42859433709847
2011-06-25 20:00:00,5.31105789694474
2011-06-25 21:00:00,5.15658244368921
2011-06-25 22:00:00,5.27639655139382
2011-06-25 23:00:00,5.42938083602667
2011-06-26 00:00:00,4.94096786683804
2011-06-26 01:00:00,5.0077832463576
2011-06-26 02:00:00,4.90702271099445
2011-06-26 03:00:00,4.67084029471724
2011-06-26 04:00:00,4.66131350854651
2011-06-26 05:00:00,4.60402491519768
2011-06-26 06:00:00,4.60402491519768
2011-06-26 07:00:00,4.67959531672004
2011-06-26 08:00:00,4.86348683081791
2011-06-26 09:00:00,4.97306632634608
2011-06-26 10:00:00,5.31408108856304
2011-06-26 11:00:00,5.34845721562196
2011-06-26 12:00:00,5.49352539532957
2011-06-26 13:00:00,5.38853893296487
2011-06-26 14:00:00,5.47440788482589
2011-06-26 15:00:00,5.38853893296487
2011-06-26 16:00:00,5.52244654679436
2011-06-26 17:00:00,5.66513228108855
2011-06-26 18:00:00,5.6467865347528
2011-06-26 19:00:00,5.55512181434505
2011-06-26 20:00:00,5.47582039519869
2011-06-26 21:00:00,5.32467959215397
2011-06-26 22:00:00,5.11144746071622
2011-06-26 23:00:00,5.09316565254269
2011-06-27 00:00:00,4.49329336655008
2011-06-27 01:00:00,4.38478901268478
2011-06-27 02:00:00,4.21163517434729
2011-06-27 03:00:00,4.21163517434729
2011-06-27 04:00:00,4.15785652778793
2011-06-27 05:00:00,4.21810437459283
2011-06-27 06:00:00,4.40390652318847
2011-06-27 07:00:00,4.62827612204244
2011-06-27 08:00:00,4.42183280364913
2011-06-27 09:00:00,5.20392977220075
2011-06-27 10:00:00,5.28979872406177
2011-06-27 11:00:00,5.0429213900327
2011-06-27 12:00:00,5.20392977220075
2011-06-27 13:00:00,5.24632678204745
2011-06-27 14:00:00,5.16045783018643
2011-06-27 15:00:00,5.23859111775167
2011-06-27 16:00:00,5.08341934383068
2011-06-27 17:00:00,5.10247291617214
2011-06-27 18:00:00,5.05751302028255
2011-06-27 19:00:00,4.96431306213178
2011-06-27 20:00:00,4.71141867922621
2011-06-27 21:00:00,4.64460329970665
2011-06-27 22:00:00,4.4839912849518
2011-06-27 23:00:00,4.4839912849518
2011-06-28 00:00:00,4.44503685948968
2011-06-28 01:00:00,4.29779276894297
2011-06-28 02:00:00,4.51977992238352
2011-06-28 03:00:00,4.51977992238352
2011-06-28 04:00:00,4.29779276894297
2011-06-28 05:00:00,4.13718075418811
2011-06-28 06:00:00,4.11621654734888
2011-06-28 07:00:00,4.25536944588695
2011-06-28 08:00:00,4.45717573510525
2011-06-28 09:00:00,4.69899980350423
2011-06-28 10:00:00,5.51292988211376
2011-06-28 11:00:00,5.54376166807631
2011-06-28 12:00:00,5.72158055883708
2011-06-28 13:00:00,5.59414193575788
2011-06-28 14:00:00,5.85739880716434
2011-06-28 15:00:00,5.78981166347685
2011-06-28 16:00:00,5.87985096787884
2011-06-28 17:00:00,5.64212159902311
2011-06-28 18:00:00,5.55673919283801
2011-06-28 19:00:00,5.45886259281974
2011-06-28 20:00:00,4.84027302742562
2011-06-28 21:00:00,4.98108896692236
2011-06-28 22:00:00,4.70950804472844
2011-06-28 23:00:00,4.69998125855771
2011-06-29 00:00:00,4.63540572803948
2011-06-29 01:00:00,4.42294536076966
2011-06-29 02:00:00,4.15438763019403
2011-06-29 03:00:00,4.30003261794429
2011-06-29 04:00:00,4.07804546450374
2011-06-29 05:00:00,4.01517079349374
2011-06-29 06:00:00,4.61459885237262
2011-06-29 07:00:00,5.06485231716514
2011-06-29 08:00:00,5.254164203055
2011-06-29 09:00:00,5.39654998409692
2011-06-29 10:00:00,5.46555285290462
2011-06-29 11:00:00,5.60371270694498
2011-06-29 12:00:00,5.62276627928644
2011-06-29 13:00:00,5.89138794802429
2011-06-29 14:00:00,5.80545505800105
2011-06-29 15:00:00,5.87144309889208
2011-06-29 16:00:00,6.03365421644339
2011-06-29 17:00:00,6.13441475180653
2011-06-29 18:00:00,5.92265070520218
2011-06-29 19:00:00,5.70869916930968
2011-06-29 20:00:00,5.54078246147438
2011-06-29 21:00:00,5.44270432477693
2011-06-29 22:00:00,5.28816493335918
2011-06-29 23:00:00,5.16221426415525
2011-06-30 00:00:00,5.00734244348653
2011-06-30 01:00:00,4.91265453146049
2011-06-30 02:00:00,4.81189399609735
2011-06-30 03:00:00,4.69558962568696
2011-06-30 04:00:00,4.33551292742692
2011-06-30 05:00:00,4.41185509311721
2011-06-30 06:00:00,4.65205374551042
2011-06-30 07:00:00,4.70857057469132
2011-06-30 08:00:00,5.18133177465893
2011-06-30 09:00:00,5.30728244386287
2011-06-30 10:00:00,5.34801641275089
2011-06-30 11:00:00,5.43579599910968
2011-06-30 12:00:00,5.56554162409983
2011-06-30 13:00:00,5.63497546412287
2011-06-30 14:00:00,5.74520721119615
2011-06-30 15:00:00,5.8746676176943
2011-06-30 16:00:00,5.89323464435983
2011-06-30 17:00:00,5.95095420892399
2011-06-30 18:00:00,5.77390708233116
2011-06-30 19:00:00,5.57472761731797
2011-06-30 20:00:00,5.57472761731797
2011-06-30 21:00:00,5.41674242676822
2011-06-30 22:00:00,5.26911136101772
2011-06-30 23:00:00,4.90235598112183
2011-07-20 00:00:00,4.29305398305617
2011-07-20 01:00:00,4.22623860353661
2011-07-20 02:00:00,4.22623860353661
2011-07-20 03:00:00,4.29305398305617
2011-07-20 04:00:00,4.13132941118079
2011-07-20 05:00:00,4.19814479070035
2011-07-20 06:00:00,4.26899114109618
2011-07-20 07:00:00,4.51504113649672
2011-07-20 08:00:00,4.65809074753279
2011-07-20 09:00:00,4.75628839685305
2011-07-20 10:00:00,4.81909912970084
2011-07-20 11:00:00,5.29291731232839
2011-07-20 12:00:00,5.39624073373441
2011-07-20 13:00:00,5.65609901676783
2011-07-20 14:00:00,5.81063840818558
2011-07-20 15:00:00,5.78818624747109
2011-07-20 16:00:00,5.53205898206167
2011-07-20 17:00:00,5.64038009463719
2011-07-20 18:00:00,5.65949760514087
2011-07-20 19:00:00,5.48005329837433
2011-07-20 20:00:00,5.25645546368829
2011-07-20 21:00:00,5.32489625921361
2011-07-20 22:00:00,5.142207480499
2011-07-20 23:00:00,4.91521105743993
2011-07-21 00:00:00,5.09902712803533
2011-07-21 01:00:00,4.83158195458023
2011-07-21 02:00:00,4.83158195458023
2011-07-21 03:00:00,4.83999618363043
2011-07-21 04:00:00,4.69499194208504
2011-07-21 05:00:00,4.69499194208504
2011-07-21 06:00:00,4.69499194208504
2011-07-21 07:00:00,4.7742933612314
2011-07-21 08:00:00,5.03946086713563
2011-07-21 09:00:00,5.43764471007859
2011-07-21 10:00:00,5.6993024786886
2011-07-21 11:00:00,6.06862074462737
2011-07-21 12:00:00,6.042082038576
2011-07-21 13:00:00,6.02296452807232
2011-07-21 14:00:00,6.21227641396218
2011-07-21 15:00:00,6.18998995911687
2011-07-21 16:00:00,6.33505813882449
2011-07-21 17:00:00,6.36030384712587
2011-07-21 18:00:00,6.16457854494631
2011-07-21 19:00:00,5.85644559584955
2011-07-21 20:00:00,5.59741465144465
2011-07-21 21:00:00,5.49665411608151
2011-07-21 22:00:00,5.4391442424029
2011-07-21 23:00:00,5.25919343681458
2011-07-22 00:00:00,5.5014484764289
2011-07-22 01:00:00,5.23562871897956
2011-07-22 02:00:00,4.97830700877971
2011-07-22 03:00:00,5.00016249240968
2011-07-22 04:00:00,4.81981531940817
2011-07-22 05:00:00,4.59895545784842
2011-07-22 06:00:00,4.81028853323744
2011-07-22 07:00:00,5.50871232980902
2011-07-22 08:00:00,5.80280098717803
2011-07-22 09:00:00,5.71306677030992
2011-07-22 10:00:00,6.08506743491439
2011-07-22 11:00:00,6.05006529641087
2011-07-22 12:00:00,6.37881529933081
2011-07-22 13:00:00,6.42334422400506
2011-07-22 14:00:00,6.64503142419334
2011-07-22 15:00:00,6.50921317586608
2011-07-22 16:00:00,6.25983146607552
2011-07-22 17:00:00,5.94568489234491
2011-07-22 18:00:00,6.11565798740131
2011-07-22 19:00:00,6.07861419643696
2011-07-22 20:00:00,5.53205898206167
2011-07-22 21:00:00,5.45352932708324
2011-07-22 22:00:00,5.86756633953994
2011-07-22 23:00:00,5.35966875368572
2011-07-23 00:00:00,5.52614194310363
2011-07-23 01:00:00,5.63347001118143
2011-07-23 02:00:00,5.56665463166187
2011-07-23 03:00:00,5.21142987184798
2011-07-23 04:00:00,5.10085733182211
2011-07-23 05:00:00,5.16042359272181
2011-07-23 06:00:00,5.53242425732628
2011-07-23 07:00:00,5.51337068498482
2011-07-23 08:00:00,5.86468399754044
2011-07-23 09:00:00,5.80745934235383
2011-07-23 10:00:00,6.04715149592526
2011-07-23 11:00:00,6.24889384698134
2011-07-23 12:00:00,6.37161999738305
2011-07-23 13:00:00,6.44484879319231
2011-07-23 14:00:00,6.29895327485617
2011-07-23 15:00:00,6.33986233082761
2011-07-23 16:00:00,6.42573128268862
2011-07-23 17:00:00,6.42573128268862
2011-07-23 18:00:00,6.43263960835588
2011-07-23 19:00:00,5.81827912627455
2011-07-23 20:00:00,5.65358056618282
2011-07-23 21:00:00,5.65358056618282
2011-07-23 22:00:00,5.51436372948253
2011-07-23 23:00:00,5.45713907429593
2011-07-24 00:00:00,5.45713907429593
2011-07-24 01:00:00,5.22095665801871
2011-07-24 02:00:00,5.40709959956695
2011-07-24 03:00:00,5.40709959956695
2011-07-24 04:00:00,5.22095665801871
2011-07-24 05:00:00,5.21142987184798
2011-07-24 06:00:00,5.6290867530075
2011-07-24 07:00:00,5.47619264663739
2011-07-24 08:00:00,5.70747057115862
2011-07-24 09:00:00,5.77428595067817
2011-07-24 10:00:00,6.00735499707436
2011-07-24 11:00:00,5.823774941569
2011-07-24 12:00:00,6.2082700095019
2011-07-24 13:00:00,5.95586217227226
2011-07-24 14:00:00,5.97871070039994
2011-07-24 15:00:00,6.28121358681916
2011-07-24 16:00:00,6.28121358681916
2011-07-24 17:00:00,6.20114040350487
2011-07-24 18:00:00,6.10388960543594
2011-07-24 19:00:00,5.91769108942711
2011-07-24 20:00:00,5.80745934235383
2011-07-24 21:00:00,5.43567995807914
2011-07-24 22:00:00,5.15414127849916
2011-07-24 23:00:00,5.21255716372878
2011-07-25 00:00:00,5.04108628314139
2011-07-25 01:00:00,5.03227568667799
2011-07-25 02:00:00,4.81141582511824
2011-07-25 03:00:00,4.53214007832886
2011-07-25 04:00:00,4.46347800247376
2011-07-25 05:00:00,4.46347800247376
2011-07-25 06:00:00,4.68546515591431
2011-07-25 07:00:00,4.75412723176942
2011-07-25 08:00:00,4.97498709332917
2011-07-25 09:00:00,5.21990979684891
2011-07-25 10:00:00,5.39624073373441
2011-07-25 11:00:00,5.86236724807774
2011-07-25 12:00:00,5.86236724807774
2011-07-25 13:00:00,4.96594685283436
2011-07-25 14:00:00,4.81831578708387
2011-07-25 15:00:00,4.47438261111116
2011-07-25 16:00:00,4.36939614874646
2011-07-25 17:00:00,4.59823926814108
2011-07-25 18:00:00,4.71537934088162
2011-07-25 19:00:00,4.75628839685305
2011-07-25 20:00:00,4.6841082200021
2011-07-25 21:00:00,4.22623860353661
2011-07-25 22:00:00,4.22623860353661
2011-07-25 23:00:00,4.28352719688544
2011-07-26 00:00:00,4.4190046522601
2011-07-26 01:00:00,4.4190046522601
2011-07-26 02:00:00,4.04700398765563
2011-07-26 03:00:00,4.06605755999709
2011-07-26 04:00:00,4.11036520434156
2011-07-26 05:00:00,3.85713002848339
2011-07-26 06:00:00,4.27448695639064
2011-07-26 07:00:00,4.92084112011746
2011-07-26 08:00:00,5.14064399901728
2011-07-26 09:00:00,5.53761351713276
2011-07-26 10:00:00,5.82457256850473
2011-07-26 11:00:00,5.76645663652738
2011-07-26 12:00:00,5.87708475101385
2011-07-26 13:00:00,5.96717962987643
2011-07-26 14:00:00,6.06788459077898
2011-07-26 15:00:00,6.20715700193987
2011-07-26 16:00:00,5.97699163453916
2011-07-26 17:00:00,6.02468950355504
2011-07-26 18:00:00,5.90798876573146
2011-07-26 19:00:00,5.74993963701949
2011-07-26 20:00:00,5.58587345943101
2011-07-26 21:00:00,5.43100163876229
2011-07-26 22:00:00,5.16272076297704
2011-07-26 23:00:00,5.12794826850493
2011-07-27 00:00:00,5.53924730783534
2011-07-27 01:00:00,5.41188412825861
2011-07-27 02:00:00,5.3432776268641
2011-07-27 03:00:00,4.98616854576175
2011-07-27 04:00:00,5.18155305498872
2011-07-27 05:00:00,5.10302340001029
2011-07-27 06:00:00,5.06485231716514
2011-07-27 07:00:00,5.29529453935622
2011-07-27 08:00:00,5.44643534240094
2011-07-27 09:00:00,5.62276627928644
2011-07-27 10:00:00,5.57078690880841
2011-07-27 11:00:00,5.68141502329489
2011-07-27 12:00:00,5.94778526458237
2011-07-27 13:00:00,6.05573098040314
2011-07-27 14:00:00,6.0202422962237
2011-07-27 15:00:00,6.14952761563844
2011-07-27 16:00:00,6.05764161490091
2011-07-27 17:00:00,6.01037471710037
2011-07-27 18:00:00,5.88365228372851
2011-07-27 19:00:00,5.78908388432528
2011-07-27 20:00:00,5.41166284792883
2011-07-27 21:00:00,5.19989880132447
2011-07-27 22:00:00,5.13308342180491
2011-07-27 23:00:00,5.2659424166761
2011-07-28 00:00:00,5.08313412533867
2011-07-28 01:00:00,5.05751302028255
2011-07-28 02:00:00,5.04875799827975
2011-07-28 03:00:00,4.9819426187602
2011-07-28 04:00:00,4.81217921458935
2011-07-28 05:00:00,4.71141867922621
2011-07-28 06:00:00,4.57594122385155
2011-07-28 07:00:00,4.74373841906403
2011-07-28 08:00:00,4.90474680123207
2011-07-28 09:00:00,5.28008211604736
2011-07-28 10:00:00,5.49837909156423
2011-07-28 11:00:00,5.71338761011666
2011-07-28 12:00:00,5.70959265433044
2011-07-28 13:00:00,5.86073345737515
2011-07-28 14:00:00,5.97248886374242
2011-07-28 15:00:00,5.80723981981255
2011-07-28 16:00:00,5.80350880218855
2011-07-28 17:00:00,5.67142157148529
2011-07-28 18:00:00,5.67521652727152
2011-07-28 19:00:00,5.52028076844058
2011-07-28 20:00:00,5.35966875368572
2011-07-28 21:00:00,5.22128761931558
2011-07-28 22:00:00,4.98131024725215
2011-07-28 23:00:00,4.87703997459478
2011-07-29 00:00:00,4.63712654069356
2011-07-29 01:00:00,4.61800903018988
2011-07-29 02:00:00,4.53214007832886
2011-07-29 03:00:00,4.53214007832886
2011-07-29 04:00:00,4.49205836098595
2011-07-29 05:00:00,4.40618940912493
2011-07-29 06:00:00,4.62817656256549
2011-07-29 07:00:00,4.81141582511824
2011-07-29 08:00:00,5.04470615184421
2011-07-29 09:00:00,5.86073345737515
2011-07-29 10:00:00,6.18614881008427
2011-07-29 11:00:00,6.36615519013319
2011-07-29 12:00:00,6.52309176172463
2011-07-29 13:00:00,6.22166380747303
2011-07-29 14:00:00,6.51011081272027
2011-07-29 15:00:00,6.52916438506174
2011-07-29 16:00:00,6.61509727508497
2011-07-29 17:00:00,6.55780868173615
2011-07-29 18:00:00,6.40059525535433
2011-07-29 19:00:00,6.14797772723913
2011-07-29 20:00:00,5.99978458820626
2011-07-29 21:00:00,5.64874813044101
2011-07-29 22:00:00,5.5511009649589
2011-07-29 23:00:00,5.27908907154964
2011-07-30 00:00:00,5.31507413306075
2011-07-30 01:00:00,5.24832269170341
2011-07-30 02:00:00,5.25784947787414
2011-07-30 03:00:00,5.05944177702889
2011-07-30 04:00:00,4.95868124166574
2011-07-30 05:00:00,4.93426287199288
2011-07-30 06:00:00,4.94378965816362
2011-07-30 07:00:00,5.15808198700871
2011-07-30 08:00:00,5.41338191378961
2011-07-30 09:00:00,5.8487993695406
2011-07-30 10:00:00,5.91450219193963
2011-07-30 11:00:00,5.973637481624
2011-07-30 12:00:00,5.99549296525398
2011-07-30 13:00:00,6.08617623060824
2011-07-30 14:00:00,6.20627555680485
2011-07-30 15:00:00,6.30161572037601
2011-07-30 16:00:00,6.39981336969627
2011-07-30 17:00:00,6.27309093632441
2011-07-30 18:00:00,6.23540639915519
2011-07-30 19:00:00,5.70802741506022
2011-07-30 20:00:00,5.75913546189336
2011-07-30 21:00:00,5.62711216935232
2011-07-30 22:00:00,5.39327135878821
2011-07-30 23:00:00,5.24832269170341
2011-07-31 00:00:00,5.24832269170341
2011-07-31 01:00:00,5.01174390801301
2011-07-31 02:00:00,4.97123121945476
2011-07-31 03:00:00,4.91394262610594
2011-07-31 04:00:00,4.7529342439379
2011-07-31 05:00:00,4.77812437777868
2011-07-31 06:00:00,4.8131820907428
2011-07-31 07:00:00,5.14108480188835
2011-07-31 08:00:00,5.33419164356443
2011-07-31 09:00:00,5.52212570698762
2011-07-31 10:00:00,5.95458390928254
2011-07-31 11:00:00,6.15610498000883
2011-07-31 12:00:00,6.37082828006926
2011-07-31 13:00:00,6.3578473310649
2011-07-31 14:00:00,6.37696484156858
2011-07-31 15:00:00,6.61397459647432
2011-07-31 16:00:00,6.62963794414437
2011-07-31 17:00:00,6.57848591229487
2011-07-31 18:00:00,6.08532257877041
2011-07-31 19:00:00,5.64120567547721
2011-07-31 20:00:00,5.64120567547721
2011-07-31 21:00:00,5.46107978280548
2011-07-31 22:00:00,5.00403750496852
2011-07-31 23:00:00,5.05710017131578
2011-08-20 00:00:00,3.7592630506256
2011-08-20 01:00:00,4.00531304602614
2011-08-20 02:00:00,4.19111519462178
2011-08-20 03:00:00,4.19111519462178
2011-08-20 04:00:00,3.98125020406615
2011-08-20 05:00:00,3.94506519922124
2011-08-20 06:00:00,4.25292130452281
2011-08-20 07:00:00,4.00531304602614
2011-08-20 08:00:00,4.53792572538546
2011-08-20 09:00:00,4.75878558694522
2011-08-20 10:00:00,5.02127069418374
2011-08-20 11:00:00,4.99536437063562
2011-08-20 12:00:00,5.14108480188835
2011-08-20 13:00:00,5.27690305021561
2011-08-20 14:00:00,5.64616574169378
2011-08-20 15:00:00,5.73745506534679
2011-08-20 16:00:00,5.66188466382443
2011-08-20 17:00:00,5.64616574169378
2011-08-20 18:00:00,5.33752629377524
2011-08-20 19:00:00,5.07849534937035
2011-08-20 20:00:00,5.09761285987403
2011-08-20 21:00:00,4.89609178914774
2011-08-20 22:00:00,4.93834941732976
2011-08-20 23:00:00,4.67819118104406
2011-08-21 00:00:00,4.7163622638892
2011-08-21 01:00:00,4.48942977899235
2011-08-21 02:00:00,4.47031226848866
2011-08-21 03:00:00,4.26856991743259
2011-08-21 04:00:00,4.3886692436292
2011-08-21 05:00:00,4.10487913659885
2011-08-21 06:00:00,4.09535235042812
2011-08-21 07:00:00,4.43636711264508
2011-08-21 08:00:00,4.60952910518896
2011-08-21 09:00:00,4.8555791005895
2011-08-21 10:00:00,4.93448415232267
2011-08-21 11:00:00,5.53113963427311
2011-08-21 12:00:00,5.69175164902797
2011-08-21 13:00:00,5.65752127469238
2011-08-21 14:00:00,4.76334888265671
2011-08-21 15:00:00,4.52174951883017
2011-08-21 16:00:00,4.69145734854042
2011-08-21 17:00:00,4.67233983803674
2011-08-21 18:00:00,4.74868200372703
2011-08-21 19:00:00,4.9151453614892
2011-08-21 20:00:00,4.62858267753042
2011-08-21 21:00:00,4.62858267753042
2011-08-21 22:00:00,4.81239874812583
2011-08-21 23:00:00,4.69730869154774
2011-08-22 00:00:00,4.33707640890864
2011-08-22 01:00:00,4.28937853989276
2011-08-22 02:00:00,4.93340583266676
2011-08-22 03:00:00,4.77930556667072
2011-08-22 04:00:00,4.7087918550211
2011-08-22 05:00:00,4.75353047058091
2011-08-22 06:00:00,4.81611992309891
2011-08-22 07:00:00,4.83523743360259
2011-08-22 08:00:00,4.83523743360259
2011-08-22 09:00:00,5.02405441011489
2011-08-22 10:00:00,5.254164203055
2011-08-22 11:00:00,5.63547037350042
2011-08-22 12:00:00,5.64845132250478
2011-08-22 13:00:00,5.82209986072458
2011-08-22 14:00:00,5.77440199170871
2011-08-22 15:00:00,5.71711339835988
2011-08-22 16:00:00,5.77440199170871
2011-08-22 17:00:00,5.81180131038592
2011-08-22 18:00:00,5.76749366604145
2011-08-22 19:00:00,5.64773513279744
2011-08-22 20:00:00,5.42943815728057
2011-08-22 21:00:00,5.32867762191743
2011-08-22 22:00:00,5.39549300143698
2011-08-22 23:00:00,5.29127830324021
2011-08-23 00:00:00,5.2027269527135
2011-08-23 01:00:00,4.75153601788385
2011-08-23 02:00:00,4.61571776955659
2011-08-23 03:00:00,4.67300636290542
2011-08-23 04:00:00,4.43605218246028
2011-08-23 05:00:00,4.45510575480174
2011-08-23 06:00:00,4.3543452194386
2011-08-23 07:00:00,5.05158614966878
2011-08-23 08:00:00,5.12434313456238
2011-08-23 09:00:00,5.2754839376071
2011-08-23 10:00:00,5.29007556785695
2011-08-23 11:00:00,5.43246134889887
2011-08-23 12:00:00,5.2969838935242
2011-08-23 13:00:00,5.59307336365372
2011-08-23 14:00:00,5.58354657748299
2011-08-23 15:00:00,5.56865499398086
2011-08-23 16:00:00,5.56174666831361
2011-08-23 17:00:00,5.56865499398086
2011-08-23 18:00:00,5.54953748347718
2011-08-23 19:00:00,5.04551352633168
2011-08-23 20:00:00,4.98899669715078
2011-08-23 21:00:00,4.72602504423633
2011-08-23 22:00:00,4.81189399609735
2011-08-23 23:00:00,4.65128198134249
2011-08-24 00:00:00,4.81189399609735
2011-08-24 01:00:00,4.65741854284182
2011-08-24 02:00:00,4.23475239206377
2011-08-24 03:00:00,4.23475239206377
2011-08-24 04:00:00,4.02950030371348
2011-08-24 05:00:00,4.02950030371348
2011-08-24 06:00:00,3.96268492419392
2011-08-24 07:00:00,4.54713122130794
2011-08-24 08:00:00,4.44976091061621
2011-08-24 09:00:00,4.52610307630649
2011-08-24 10:00:00,5.00226286464714
2011-08-24 11:00:00,5.17279803298592
2011-08-24 12:00:00,5.22657688904052
2011-08-24 13:00:00,5.46013248111263
2011-08-24 14:00:00,5.46013248111263
2011-08-24 15:00:00,5.47924999161631
2011-08-24 16:00:00,5.41961979255439
2011-08-24 17:00:00,5.38144870970924
2011-08-24 18:00:00,5.20745937853684
2011-08-24 19:00:00,5.20745937853684
2011-08-24 20:00:00,5.07203749762277
2011-08-24 21:00:00,4.97439033214066
2011-08-24 22:00:00,4.87362979677751
2011-08-24 23:00:00,4.67484669917752
2011-08-25 00:00:00,4.54889602997359
2011-08-25 01:00:00,4.73213529252634
2011-08-25 02:00:00,4.73213529252634
2011-08-25 03:00:00,4.50776569367237
2011-08-25 04:00:00,4.38532476176266
2011-08-25 05:00:00,4.27842766490019
2011-08-25 06:00:00,4.22120300971358
2011-08-25 07:00:00,4.66405002471389
2011-08-25 08:00:00,4.89098250961075
2011-08-25 09:00:00,5.0515945243656
2011-08-25 10:00:00,5.21260290653365
2011-08-25 11:00:00,4.4010225878436
2011-08-25 12:00:00,4.4010225878436
2011-08-25 13:00:00,4.4190046522601
2011-08-25 14:00:00,4.82022642158164
2011-08-25 15:00:00,4.92098695694478
2011-08-25 16:00:00,4.40618940912493
2011-08-25 17:00:00,4.40618940912493
2011-08-25 18:00:00,4.7140455144265
2011-08-25 19:00:00,4.56914083235807
2011-08-25 20:00:00,4.30595940445408
2011-08-25 21:00:00,4.2582615354382
2011-08-25 22:00:00,3.89113075878757
2011-08-25 23:00:00,3.9484193521364
2011-08-26 00:00:00,3.97699971064859
2011-08-26 01:00:00,3.89113075878757
2011-08-26 02:00:00,3.79080119463976
2011-08-26 03:00:00,3.71189614290659
2011-08-26 04:00:00,3.70493224277874
2011-08-26 05:00:00,3.92691939621929
2011-08-26 06:00:00,3.70493224277874
2011-08-26 07:00:00,3.89113075878757
2011-08-26 08:00:00,4.07804546450374
2011-08-26 09:00:00,4.47813994194447
2011-08-26 10:00:00,4.8570489322162
2011-08-26 11:00:00,5.18235950706278
2011-08-26 12:00:00,5.20866219802409
2011-08-26 13:00:00,5.4448446143013
2011-08-26 14:00:00,5.2761414075378
2011-08-26 15:00:00,5.62216859568452
2011-08-26 16:00:00,5.14728705933839
2011-08-26 17:00:00,4.8203018650841
2011-08-26 18:00:00,4.96594685283436
2011-08-26 19:00:00,4.53910397845671
2011-08-26 20:00:00,4.52957719228598
2011-08-26 21:00:00,4.57727506130186
2011-08-26 22:00:00,4.53910397845671
2011-08-26 23:00:00,4.28352719688544
2011-08-27 00:00:00,4.40723627029474
2011-08-27 01:00:00,4.44540735313988
2011-08-27 02:00:00,4.46446092548134
2011-08-27 03:00:00,4.70556558942558
2011-08-27 04:00:00,4.70556558942558
2011-08-27 05:00:00,4.75326345844145
2011-08-27 06:00:00,4.75326345844145
2011-08-27 07:00:00,4.7914345412866
2011-08-27 08:00:00,4.72461916176704
2011-08-27 09:00:00,4.82960562413174
2011-08-27 10:00:00,4.98420059001008
2011-08-27 11:00:00,4.23005461739219
2011-08-27 12:00:00,4.48914113625769
2011-08-27 13:00:00,4.42238969490035
2011-08-27 14:00:00,4.2560720898615
2011-08-27 15:00:00,4.2560720898615
2011-08-27 16:00:00,4.23701851752004
2011-08-27 17:00:00,4.43740071791649
2011-08-28 07:00:00,4.28317285820006
2011-08-28 08:00:00,4.3213439410452
2011-08-28 09:00:00,4.67917263609754
2011-08-28 10:00:00,5.25078373693053
2011-08-28 11:00:00,5.18326053140526
2011-08-28 12:00:00,5.41983931509567
2011-08-28 13:00:00,5.61171408702841
2011-08-28 14:00:00,5.76051328436003
2011-08-28 15:00:00,5.72234220151488
2011-08-28 16:00:00,5.97764212829578
2011-08-28 17:00:00,5.6994936733872
2011-08-28 18:00:00,5.54156405729804
2011-08-28 19:00:00,5.31408108856304
2011-08-28 20:00:00,5.32940364328049
2011-08-28 21:00:00,4.82531574797277
2011-08-28 22:00:00,4.54488962551331
2011-08-28 23:00:00,4.38388124334527
2011-08-29 00:00:00,4.2696989561067
2011-08-29 01:00:00,4.37045949146984
2011-08-29 02:00:00,4.42768414665645
2011-08-29 03:00:00,4.37045949146984
2011-08-29 04:00:00,4.17450454525887
2011-08-29 05:00:00,4.04855387605494
2011-08-29 06:00:00,4.04855387605494
2011-08-29 07:00:00,4.73376070853211
2011-08-29 08:00:00,4.88823616178764
2011-08-29 09:00:00,4.98899669715078
2011-08-29 10:00:00,5.12108392785404
2011-08-29 11:00:00,5.08291284500889
2011-08-29 12:00:00,5.4407182467767
2011-08-29 13:00:00,5.46168245361593
2011-08-29 14:00:00,5.16412489865302
2011-08-29 15:00:00,5.26911136101772
2011-08-29 16:00:00,5.32896284040943
2011-08-29 17:00:00,5.40331892809949
2011-08-29 18:00:00,5.1401375001955
2011-08-29 19:00:00,5.1401375001955
2011-08-29 20:00:00,4.93177204196417
2011-08-29 21:00:00,4.95082561430564
2011-08-29 22:00:00,4.81189399609735
2011-08-29 23:00:00,4.64789175667109
2011-08-30 00:00:00,4.04855387605494
2011-08-30 01:00:00,4.15545097291741
2011-08-30 02:00:00,3.96964882432177
2011-08-30 03:00:00,4.02687347950838
2011-08-30 04:00:00,3.84681152499887
2011-08-30 05:00:00,3.799113655983
2011-08-30 06:00:00,3.96964882432177
2011-08-30 07:00:00,4.17450454525887
2011-08-30 08:00:00,4.81189399609735
2011-08-30 09:00:00,5.04551352633168
2011-08-30 10:00:00,5.38285284538522
2011-08-30 11:00:00,5.47396708195482
2011-08-30 12:00:00,5.34992704724866
2011-08-30 13:00:00,5.46712269444979
2011-08-30 14:00:00,5.5556740449765
2011-08-30 15:00:00,5.54346486014008
2011-08-30 16:00:00,5.45491350961336
2011-08-30 17:00:00,5.34801641275089
2011-08-30 18:00:00,5.19354095949536
2011-08-30 19:00:00,4.95964457447066
2011-08-30 20:00:00,4.90235598112183
2011-08-30 21:00:00,4.52194108746716
2011-08-30 22:00:00,4.56541302948147
2011-08-30 23:00:00,4.56541302948147
2011-08-31 00:00:00,4.30364411195029
2011-08-31 01:00:00,4.30364411195029
2011-08-31 02:00:00,3.96268492419392
2011-08-31 03:00:00,3.83673425498999
2011-08-31 04:00:00,3.96268492419392
2011-08-31 05:00:00,3.70822069974318
2011-08-31 06:00:00,3.80207290943907
2011-08-31 07:00:00,4.0170814279915
2011-08-31 08:00:00,4.36389195875519
2011-08-31 09:00:00,4.42118055210401
2011-08-31 10:00:00,5.15536987665022
2011-08-31 11:00:00,5.30984532990575
2011-08-31 12:00:00,5.34490304286986
2011-08-31 13:00:00,5.41674242676822
2011-08-31 14:00:00,5.36022559758732
2011-08-31 15:00:00,5.36022559758732
2011-08-31 16:00:00,5.37009317671065
2011-08-31 17:00:00,5.23427492838339
2011-08-31 18:00:00,5.1404227186875
2011-08-31 19:00:00,5.74063413117854
2011-08-31 20:00:00,4.81189399609735
2011-08-31 21:00:00,4.68255310222201
2011-08-31 22:00:00,4.36389195875519
2011-08-31 23:00:00,4.08389680751106
2011-09-20 00:00:00,4.28965853999918
2011-09-20 01:00:00,3.85195505299568
2011-09-20 02:00:00,3.85195505299568
2011-09-20 03:00:00,4.01607680504475
2011-09-20 04:00:00,3.64902147189659
2011-09-20 05:00:00,3.87100862533714
2011-09-20 06:00:00,3.87100862533714
2011-09-20 07:00:00,3.85195505299568
2011-09-20 08:00:00,3.58488506680007
2011-09-20 09:00:00,3.56583149445861
2011-09-20 10:00:00,3.73865269404989
2011-09-20 11:00:00,3.73865269404989
2011-09-20 12:00:00,3.76066572934267
2011-09-20 13:00:00,3.74154821883899
2011-09-20 14:00:00,3.99110795153375
2011-09-20 15:00:00,4.36573544034332
2011-09-20 16:00:00,4.15785652778793
2011-09-20 17:00:00,3.89769829150223
2011-09-20 18:00:00,3.89769829150223
2011-09-20 19:00:00,3.64508076338703
2011-09-20 20:00:00,3.43369211353742
2011-09-20 21:00:00,3.43369211353742
2011-09-20 22:00:00,3.43369211353742
2011-09-20 23:00:00,3.43369211353742
2011-09-21 00:00:00,3.22269983110099
2011-09-21 01:00:00,3.37384063414571
2011-09-21 02:00:00,3.37384063414571
2011-09-21 03:00:00,3.65311638093508
2011-09-21 04:00:00,3.53055593640256
2011-09-21 05:00:00,3.54967344690624
2011-09-21 06:00:00,3.56872701924771
2011-09-21 07:00:00,3.56872701924771
2011-09-21 08:00:00,3.5115023640611
2011-09-21 09:00:00,3.56182705728208
2011-09-21 10:00:00,3.86706791682758
2011-09-21 11:00:00,4.21810437459283
2011-09-21 12:00:00,4.35620865417259
2011-09-21 13:00:00,4.62476638474822
2011-09-21 14:00:00,4.64381995708968
2011-09-21 15:00:00,4.58659530190307
2011-09-21 16:00:00,4.58659530190307
2011-09-21 17:00:00,4.45161254641072
2011-09-21 18:00:00,4.04495053625533
2011-09-21 19:00:00,3.54277327544537
2011-09-21 20:00:00,3.54277327544537
2011-09-21 21:00:00,3.44172773108547
2011-09-21 22:00:00,3.71592711378287
2011-09-21 23:00:00,3.44065601366526
2011-09-22 00:00:00,3.44065601366526
2011-09-22 01:00:00,3.65311638093508
2011-09-22 02:00:00,3.66264316710582
2011-09-22 03:00:00,3.65311638093508
2011-09-22 04:00:00,3.65311638093508
2011-09-22 05:00:00,3.66264316710582
2011-09-22 06:00:00,3.47030808959766
2011-09-22 07:00:00,3.4512545172562
2011-09-22 08:00:00,3.48942560010134
2011-09-22 09:00:00,3.83996714848903
2011-09-22 10:00:00,4.10513465439325
2011-09-22 11:00:00,4.08601714388957
2011-09-22 12:00:00,4.33820370078944
2011-09-22 13:00:00,4.3572572731309
2011-09-22 14:00:00,4.37637478363458
2011-09-22 15:00:00,4.55906356234919
2011-09-22 16:00:00,4.66589672104944
2011-09-22 17:00:00,4.41645650097749
2011-09-22 18:00:00,4.17993329174768
2011-09-22 19:00:00,4.01926570253223
2011-09-22 20:00:00,3.80179606564389
2011-09-22 21:00:00,4.01926570253223
2011-09-22 22:00:00,3.50197557789037
2011-09-22 23:00:00,3.71592711378287
2011-09-23 00:00:00,4.58806758835107
2011-09-23 01:00:00,4.19929101895602
2011-09-23 02:00:00,4.26610639847558
2011-09-23 03:00:00,4.19929101895602
2011-09-23 04:00:00,4.02613718061852
2011-09-23 05:00:00,4.53077899500224
2011-09-23 06:00:00,4.58806758835107
2011-09-23 07:00:00,4.44349410852577
2011-09-23 08:00:00,4.44349410852577
2011-09-23 09:00:00,4.17225397928444
2011-09-23 10:00:00,4.15320040694298
2011-09-23 11:00:00,4.15320040694298
2011-09-23 12:00:00,4.4244405361843
2011-09-23 13:00:00,4.08342577396735
2011-09-23 14:00:00,4.08342577396735
2011-09-23 15:00:00,4.4244405361843
2011-09-23 16:00:00,4.35762515666475
2011-09-23 17:00:00,4.19929101895602
2011-09-23 18:00:00,3.97730386551547
2011-09-23 19:00:00,4.39466079342271
2011-09-23 20:00:00,4.18869251536508
2011-09-23 21:00:00,4.08229032788017
2011-09-23 22:00:00,4.29367897772978
2011-09-23 23:00:00,4.46550714381855
2011-09-24 00:00:00,4.32912191910437
2011-09-24 01:00:00,4.70224987558964
2011-09-24 02:00:00,4.70224987558964
2011-09-24 03:00:00,4.42297412880026
2011-09-24 04:00:00,4.42954166151492
2011-09-24 05:00:00,4.65152881495547
2011-09-24 06:00:00,4.65152881495547
2011-09-24 07:00:00,4.80266961800018
2011-09-24 08:00:00,4.80301041095278
2011-09-24 09:00:00,4.85339067863435
2011-09-24 10:00:00,4.85339067863435
2011-09-24 11:00:00,5.09944067403489
2011-09-24 12:00:00,5.09944067403489
2011-09-24 13:00:00,5.00596707584115
2011-09-24 14:00:00,5.53468304270248
2011-09-24 15:00:00,5.53468304270248
2011-09-24 16:00:00,5.28524282263053
2011-09-24 17:00:00,5.29364231692047
2011-09-24 18:00:00,5.07278245536071
2011-09-24 19:00:00,4.63396641123668
2011-09-24 20:00:00,4.82016492724551
2011-09-24 21:00:00,4.87745352059434
2011-09-24 22:00:00,4.85595356467724
2011-09-24 23:00:00,4.85339067863435
2011-09-25 00:00:00,4.79610208528553
2011-09-25 01:00:00,4.86291746480508
2011-09-25 02:00:00,4.3517081177067
2011-09-25 03:00:00,4.3517081177067
2011-09-25 04:00:00,4.43757706956772
2011-09-25 05:00:00,4.6314035251938
2011-09-25 06:00:00,4.86291746480508
2011-09-25 07:00:00,4.61073090790522
2011-09-25 08:00:00,4.85595356467724
2011-09-25 09:00:00,5.04215208068607
2011-09-25 10:00:00,5.04215208068607
2011-09-25 11:00:00,5.37407102794763
2011-09-25 12:00:00,5.28820207608661
2011-09-25 13:00:00,5.50906193764636
2011-09-25 14:00:00,5.28820207608661
2011-09-25 15:00:00,5.28820207608661
2011-09-25 16:00:00,5.44768679896066
2011-09-25 17:00:00,5.28707478420581
2011-09-25 18:00:00,5.28707478420581
2011-09-25 19:00:00,4.90603387910653
2011-09-25 20:00:00,4.87745352059434
2011-09-25 21:00:00,4.48026272214908
2011-09-25 22:00:00,4.69125500458551
2011-09-25 23:00:00,4.71177666176037
2011-09-26 00:00:00,4.53077899500224
2011-09-26 01:00:00,4.80858665695823
2011-09-26 02:00:00,4.80858665695823
2011-09-26 03:00:00,4.53077899500224
2011-09-26 04:00:00,4.58806758835107
2011-09-26 05:00:00,4.74177127743867
2011-09-26 06:00:00,4.58806758835107
2011-09-26 07:00:00,4.53077899500224
2011-09-26 08:00:00,4.53077899500224
2011-09-26 09:00:00,4.90086902510895
2011-09-26 10:00:00,4.90086902510895
2011-09-26 11:00:00,5.19009937297316
2011-09-26 12:00:00,5.37391544356856
2011-09-26 13:00:00,5.6199654389691
2011-09-26 14:00:00,5.4384909740868
2011-09-26 15:00:00,5.74099386050601
2011-09-26 16:00:00,5.56444164329073
2011-09-26 17:00:00,5.41937346358311
2011-09-26 18:00:00,4.89289734572311
2011-09-26 19:00:00,4.90856069339317
2011-09-26 20:00:00,4.64071078882325
2011-09-26 21:00:00,4.64071078882325
2011-09-26 22:00:00,4.39466079342271
2011-09-26 23:00:00,4.39466079342271
2011-09-27 00:00:00,4.39466079342271
2011-09-27 01:00:00,4.41377830392639
2011-09-27 02:00:00,4.37560722108125
2011-09-27 03:00:00,4.53077899500224
2011-09-27 04:00:00,4.41491375001357
2011-09-27 05:00:00,4.41491375001357
2011-09-27 06:00:00,4.5975943745218
2011-09-27 07:00:00,4.5975943745218
2011-09-27 08:00:00,4.84364436992234
2011-09-27 09:00:00,4.72771518677145
2011-09-27 10:00:00,4.52246309842116
2011-09-27 11:00:00,4.90349584931405
2011-09-27 12:00:00,4.92254942165551
2011-09-27 13:00:00,5.65813652181425
2011-09-27 14:00:00,5.33574436072342
2011-09-27 15:00:00,5.22545703918954
2011-09-27 16:00:00,5.17210915435027
2011-09-27 17:00:00,4.96072050450066
2011-09-27 18:00:00,4.91998653561263
2011-09-27 19:00:00,4.8626979422638
2011-09-27 20:00:00,4.89178478860259
2011-09-27 21:00:00,4.64573479320205
2011-09-27 22:00:00,4.51722123795523
2011-09-27 23:00:00,4.51722123795523
2011-09-28 00:00:00,4.45993264460641
2011-09-28 01:00:00,4.45993264460641
2011-09-28 02:00:00,4.62214376215772
2011-09-28 03:00:00,4.46796826215446
2011-09-28 04:00:00,4.45993264460641
2011-09-28 05:00:00,4.41067966880563
2011-09-28 06:00:00,4.34251229283284
2011-09-28 07:00:00,4.34251229283284
2011-09-28 08:00:00,4.50078270187459
2011-09-28 09:00:00,4.50078270187459
2011-09-28 10:00:00,4.53077899500224
2011-09-28 11:00:00,5.11488449916367
2011-09-28 12:00:00,5.26892898120386
2011-09-28 13:00:00,5.45520294071516
2011-09-28 14:00:00,5.8173360261963
2011-09-28 15:00:00,5.41937346358311
2011-09-28 16:00:00,5.45754454642826
2011-09-28 17:00:00,5.47666205693194
2011-09-28 18:00:00,5.03712639885792
2011-09-28 19:00:00,5.03712639885792
2011-09-28 20:00:00,4.88542352253082
2011-09-28 21:00:00,4.67097707726077
2011-09-28 22:00:00,4.51722123795523
2011-09-28 23:00:00,4.2745614672261
2011-09-29 00:00:00,4.31273255007125
2011-09-29 01:00:00,4.32333105366218
2011-09-29 02:00:00,4.32333105366218
2011-09-29 03:00:00,4.5347197035118
2011-09-29 04:00:00,4.80595983275312
2011-09-29 05:00:00,4.74873517756652
2011-09-29 06:00:00,4.73920839139579
2011-09-29 07:00:00,4.54580159646743
2011-09-29 08:00:00,4.64573479320205
2011-09-29 09:00:00,5.0539959061539
2011-09-29 10:00:00,5.40354441004387
2011-09-29 11:00:00,5.50430494540701
2011-09-29 12:00:00,5.54510285245726
2011-09-29 13:00:00,5.56415642479872
2011-09-29 14:00:00,5.94312098953104
2011-09-29 15:00:00,6.15155038592458
2011-09-29 16:00:00,6.23319341078405
2011-09-29 17:00:00,5.98363367808929
2011-09-29 18:00:00,6.08707661211813
2011-09-29 19:00:00,5.77449645569003
2011-09-29 20:00:00,5.69892605416767
2011-09-29 21:00:00,5.26601692751156
2011-09-29 22:00:00,4.90348747461723
2011-09-29 23:00:00,4.6234923233731
2011-09-30 00:00:00,4.47235152032839
2011-09-30 01:00:00,4.61396553720237
2011-09-30 02:00:00,4.47235152032839
2011-09-30 03:00:00,4.47235152032839
2011-09-30 04:00:00,4.52957617551499
2011-09-30 05:00:00,4.52957617551499
2011-09-30 06:00:00,4.54869368601867
2011-09-30 07:00:00,4.54869368601867
2011-09-30 08:00:00,4.70279374251947
2011-09-30 09:00:00,4.90157684011946
2011-09-30 10:00:00,5.30469450917849
2011-09-30 11:00:00,5.59816551880453
2011-09-30 12:00:00,5.88690411360242
2011-09-30 13:00:00,6.22473834203352
2011-09-30 14:00:00,6.20562083152984
2011-09-30 15:00:00,5.8985364903962
2011-09-30 16:00:00,5.78479500602869
2011-09-30 17:00:00,5.76567749552501
2011-09-30 18:00:00,5.67137436146793
2011-09-30 19:00:00,5.42800676473309
2011-09-30 20:00:00,5.42800676473309
2011-09-30 21:00:00,5.234899923057
2011-09-30 22:00:00,5.32083281308024
2011-09-30 23:00:00,5.32083281308024
2011-10-20 00:00:00,4.43939940898251
2011-10-20 01:00:00,4.62871129487237
2011-10-20 02:00:00,4.6859998882212
2011-10-20 03:00:00,4.66632030443514
2011-10-20 04:00:00,4.66632030443514
2011-10-20 05:00:00,4.53965344552387
2011-10-20 06:00:00,4.45772520217241
2011-10-20 07:00:00,4.54254553507512
2011-10-20 08:00:00,4.90239258930375
2011-10-20 09:00:00,4.9405636721489
2011-10-20 10:00:00,5.11606727040588
2011-10-20 11:00:00,5.3247735215898
2011-10-20 12:00:00,5.5011044584753
2011-10-20 13:00:00,5.67469742223451
2011-10-20 14:00:00,5.74214518425731
2011-10-20 15:00:00,5.59982334137762
2011-10-20 16:00:00,5.59982334137762
2011-10-20 17:00:00,5.63722266005483
2011-10-20 18:00:00,5.44411581837875
2011-10-20 19:00:00,5.26029974778334
2011-10-20 20:00:00,5.46323332888243
2011-10-20 21:00:00,5.16227718554649
2011-10-20 22:00:00,5.18139469605017
2011-10-20 23:00:00,4.89705410518167
2011-10-21 00:00:00,4.73644209042682
2011-10-21 01:00:00,4.71738851808535
2011-10-21 02:00:00,4.51820905307217
2011-10-21 03:00:00,4.19319006777623
2011-10-21 04:00:00,4.21230757827992
2011-10-21 05:00:00,4.04516263461255
2011-10-21 06:00:00,4.21230757827992
2011-10-21 07:00:00,4.21230757827992
2011-10-21 08:00:00,4.69827100758167
2011-10-21 09:00:00,5.04269909293193
2011-10-21 10:00:00,5.13625971307718
2011-10-21 11:00:00,5.44567092516365
2011-10-21 12:00:00,5.49336879417952
2011-10-21 13:00:00,5.37706442376914
2011-10-21 14:00:00,5.62918704250678
2011-10-21 15:00:00,5.48384200800879
2011-10-21 16:00:00,5.46472449750511
2011-10-21 17:00:00,5.41547152170433
2011-10-21 18:00:00,5.28004964079027
2011-10-21 19:00:00,5.3659825308135
2011-10-21 20:00:00,5.2609960684488
2011-10-21 21:00:00,4.83982944999506
2011-10-21 22:00:00,4.94058998535821
2011-10-21 23:00:00,4.71738851808535
2011-10-22 00:00:00,4.81245329482024
2011-10-22 01:00:00,4.81245329482024
2011-10-22 02:00:00,4.85062437766538
2011-10-22 03:00:00,4.77428221197509
2011-10-22 04:00:00,4.58469347129486
2011-10-22 05:00:00,4.52740487794603
2011-10-22 06:00:00,4.34160272935039
2011-10-22 07:00:00,4.22221959286112
2011-10-22 08:00:00,4.461702055547
2011-10-22 09:00:00,4.67960266365068
2011-10-22 10:00:00,5.09731511927079
2011-10-22 11:00:00,5.09731511927079
2011-10-22 12:00:00,5.10198359593672
2011-10-22 13:00:00,5.41669566719237
2011-10-22 14:00:00,5.6464184849287
2011-10-22 15:00:00,5.34886092996579
2011-10-22 16:00:00,5.54073570189853
2011-10-22 17:00:00,5.13056395444892
2011-10-22 18:00:00,5.0673222503858
2011-10-22 19:00:00,4.68256191710675
2011-10-22 20:00:00,4.62231407030185
2011-10-22 21:00:00,4.33575138634307
2011-10-22 22:00:00,4.33575138634307
2011-10-22 23:00:00,4.12436273649345
2011-10-23 00:00:00,3.93856058789781
2011-10-23 01:00:00,3.93856058789781
2011-10-23 02:00:00,3.87574985505003
2011-10-23 03:00:00,3.87831274109291
2011-10-23 04:00:00,3.87831274109291
2011-10-23 05:00:00,3.8184612617012
2011-10-23 06:00:00,3.82502879441586
2011-10-23 07:00:00,3.87574985505003
2011-10-23 08:00:00,3.90433021356222
2011-10-23 09:00:00,4.33575138634307
2011-10-23 10:00:00,4.57884212828754
2011-10-23 11:00:00,4.72144918965924
2011-10-23 12:00:00,5.22624491097267
2011-10-23 13:00:00,5.34908221029557
2011-10-23 14:00:00,5.36819972079925
2011-10-23 15:00:00,5.40559903947647
2011-10-23 16:00:00,5.34908221029557
2011-10-23 17:00:00,5.04914220991924
2011-10-23 18:00:00,5.03008863757777
2011-10-23 19:00:00,4.4905120580906
2011-10-23 20:00:00,4.61389984125165
2011-10-23 21:00:00,4.61389984125165
2011-10-23 22:00:00,4.43722811141355
2011-10-23 23:00:00,4.4753991942587
2011-10-24 00:00:00,4.25623044465543
2011-10-24 01:00:00,4.15629724792081
2011-10-24 02:00:00,4.01129300637541
2011-10-24 03:00:00,4.12771688940861
2011-10-24 04:00:00,4.07042829605979
2011-10-24 05:00:00,3.88422978005096
2011-10-24 06:00:00,4.01129300637541
2011-10-24 07:00:00,3.99670137612556
2011-10-24 08:00:00,4.30611258821203
2011-10-24 09:00:00,4.51750123806165
2011-10-24 10:00:00,4.63457737263997
2011-10-24 11:00:00,4.94935338205783
2011-10-24 12:00:00,5.07219068138073
2011-10-24 13:00:00,5.30954122923906
2011-10-24 14:00:00,5.29042371873538
2011-10-24 15:00:00,5.20999500770822
2011-10-24 16:00:00,5.06843656529483
2011-10-24 17:00:00,4.86925710028164
2011-10-24 18:00:00,5.10244565930063
2011-10-24 19:00:00,4.35946026355606
2011-10-24 20:00:00,4.37744232797256
2011-10-24 21:00:00,4.19124381196373
2011-10-24 22:00:00,4.59194434770321
2011-10-24 23:00:00,4.43361836420086
2011-10-25 00:00:00,4.40234724332135
2011-10-25 01:00:00,4.40234724332135
2011-10-25 02:00:00,4.21614872731252
2011-10-25 03:00:00,3.94447762685586
2011-10-25 04:00:00,3.97009873191198
2011-10-25 05:00:00,3.97009873191198
2011-10-25 06:00:00,4.07699582877444
2011-10-25 07:00:00,4.34560913381067
2011-10-25 08:00:00,4.44242896066426
2011-10-25 09:00:00,5.13391810736408
2011-10-25 10:00:00,5.31358369446039
2011-10-25 11:00:00,5.46851945329133
2011-10-25 12:00:00,5.80317637367918
2011-10-25 13:00:00,5.93252563125614
2011-10-25 14:00:00,5.77102233971055
2011-10-25 15:00:00,5.75119700320116
2011-10-25 16:00:00,5.80842165838776
2011-10-25 17:00:00,5.75119700320116
2011-10-25 18:00:00,5.50514700780062
2011-10-25 19:00:00,4.81251899077096
2011-10-25 20:00:00,4.69504648877945
2011-10-25 21:00:00,4.52829791252528
2011-10-25 22:00:00,4.75227114396606
2011-10-25 23:00:00,4.52829791252528
2011-10-26 00:00:00,4.56646899537042
2011-10-26 01:00:00,4.7305907474195
2011-10-26 02:00:00,4.67336609223289
2011-10-26 03:00:00,4.71153717507803
2011-10-26 04:00:00,4.56958236525145
2011-10-26 05:00:00,4.55052879290999
2011-10-26 06:00:00,4.55052879290999
2011-10-26 07:00:00,4.51235771006484
2011-10-26 08:00:00,4.9144068180149
2011-10-26 09:00:00,5.15438419007834
2011-10-26 10:00:00,5.3187272224572
2011-10-26 11:00:00,5.2200722777171
2011-10-26 12:00:00,5.53357818934682
2011-10-26 13:00:00,5.22065723996613
2011-10-26 14:00:00,4.7786640972941
2011-10-26 15:00:00,4.7786640972941
2011-10-26 16:00:00,4.83595269064292
2011-10-26 17:00:00,4.84547947681366
2011-10-26 18:00:00,4.66166340621825
2011-10-26 19:00:00,4.37047842784472
2011-10-26 20:00:00,4.2193376248
2011-10-26 21:00:00,4.7786640972941
2011-10-26 22:00:00,4.43876189219767
2011-10-26 23:00:00,4.43876189219767
2011-10-27 00:00:00,3.94809749555867
2011-10-27 01:00:00,3.94809749555867
2011-10-27 02:00:00,3.99693081066173
2011-10-27 03:00:00,3.99693081066173
2011-10-27 04:00:00,4.20831946051134
2011-10-27 05:00:00,4.26560805386017
2011-10-27 06:00:00,4.41931174294777
2011-10-27 07:00:00,4.22737324234805
2011-10-27 08:00:00,4.33235949521751
2011-10-27 09:00:00,4.69745204364997
2011-10-27 10:00:00,4.39221097460922
2011-10-27 11:00:00,4.35403989176407
2011-10-27 12:00:00,4.35403989176407
2011-10-27 13:00:00,4.54631124060525
2011-10-27 14:00:00,4.62752329424938
2011-10-27 15:00:00,4.69433867376894
2011-10-27 16:00:00,5.10451042121855
2011-10-27 17:00:00,5.14020879628355
2011-10-27 18:00:00,5.20630798609577
2011-10-27 19:00:00,5.08620865989916
2011-10-27 20:00:00,4.82302723199517
2011-10-27 21:00:00,4.90824393231107
2011-10-27 22:00:00,4.42806790785442
2011-10-27 23:00:00,4.44607286123758
2011-10-28 00:00:00,4.27538357647384
2011-10-28 01:00:00,4.21513572966894
2011-10-28 02:00:00,4.23425324017262
2011-10-28 03:00:00,4.07364122541777
2011-10-28 04:00:00,4.1995918946217
2011-10-28 05:00:00,4.50322207292172
2011-10-28 06:00:00,4.12022653731312
2011-10-28 07:00:00,4.12022653731312
2011-10-28 08:00:00,4.30035242998485
2011-10-28 09:00:00,4.42279336189456
2011-10-28 10:00:00,4.48304120869946
2011-10-28 11:00:00,4.77947147178157
2011-10-28 12:00:00,5.39513968637316
2011-10-28 13:00:00,5.38293050153673
2011-10-28 14:00:00,5.08310165008158
2011-10-28 15:00:00,5.13659528764418
2011-10-28 16:00:00,5.06404807774012
2011-10-28 17:00:00,4.94417003187329
2011-10-28 18:00:00,4.88771714085462
2011-10-28 19:00:00,4.94417003187329
2011-10-28 20:00:00,4.43111398843937
2011-10-28 21:00:00,4.16623170102715
2011-10-28 22:00:00,3.9965238713169
2011-10-28 23:00:00,3.81377951814169
2011-10-29 00:00:00,3.69785201244015
2011-10-29 01:00:00,3.75770349183186
2011-10-29 02:00:00,3.75770349183186
2011-10-29 03:00:00,3.98518646056687
2011-10-29 04:00:00,3.98518646056687
2011-10-29 05:00:00,3.46478296604397
2011-10-29 06:00:00,3.61592376908869
2011-10-29 07:00:00,3.61592376908869
2011-10-29 08:00:00,3.7360230952853
2011-10-29 09:00:00,3.7360230952853
2011-10-29 10:00:00,3.44572939370251
2011-10-29 11:00:00,3.48390047654765
2011-10-29 12:00:00,3.5816933947531
2011-10-29 13:00:00,3.60081090525678
2011-10-29 14:00:00,3.5531130362409
2011-10-29 15:00:00,3.33771973971951
2011-10-29 16:00:00,3.3256300675059
2011-10-29 17:00:00,3.3256300675059
2011-10-29 18:00:00,3.3256300675059
2011-10-29 19:00:00,3.50684260718073
2011-10-29 20:00:00,3.50684260718073
2011-10-29 21:00:00,3.50684260718073
2011-10-29 22:00:00,3.42097365531971
2011-10-29 23:00:00,3.46210399162093
2011-10-30 00:00:00,3.42097365531971
2011-10-30 01:00:00,3.44002722766117
2011-10-30 02:00:00,3.45914473816486
2011-10-30 03:00:00,3.80912421327016
2011-10-30 04:00:00,3.60426849233306
2011-10-30 05:00:00,3.77095313042502
2011-10-30 06:00:00,3.80255668055551
2011-10-30 07:00:00,3.88054421539742
2011-10-30 08:00:00,4.02955310361459
2011-10-30 09:00:00,4.29465667135659
2011-10-30 10:00:00,4.47044548810557
2011-10-30 11:00:00,4.81808335749778
2011-10-30 12:00:00,5.05448705410477
2011-10-30 13:00:00,5.31018334829886
2011-10-30 14:00:00,5.47686798639081
2011-10-30 15:00:00,5.53338481557171
2011-10-30 16:00:00,5.58983770659039
2011-10-30 17:00:00,5.43536225333486
2011-10-30 18:00:00,5.08826650407917
2011-10-30 19:00:00,5.68713771905645
2011-10-30 20:00:00,4.6340167563165
2011-10-30 21:00:00,4.34745407235771
2011-10-30 22:00:00,4.06049502098574
2011-10-30 23:00:00,3.6381140886997
2011-10-31 00:00:00,3.52393180146113
2011-10-31 01:00:00,3.67507260450585
2011-10-31 02:00:00,3.46408032206942
2011-10-31 03:00:00,3.41079637539237
2011-10-31 04:00:00,3.46408032206942
2011-10-31 05:00:00,3.2526916722198
2011-10-31 06:00:00,3.46408032206942
2011-10-31 07:00:00,3.3129395190247
2011-10-31 08:00:00,3.80616680170658
2011-10-31 09:00:00,4.18824473631993
2011-10-31 10:00:00,4.78695660549147
2011-10-31 11:00:00,4.96238153082596
2011-10-31 12:00:00,5.23066240661121
2011-10-31 13:00:00,5.51289740685666
2011-10-31 14:00:00,5.43732700533431
2011-10-31 15:00:00,5.17716876904861
2011-10-31 16:00:00,4.94058998535821
2011-10-31 17:00:00,4.92147247485453
2011-10-31 18:00:00,4.53075903086119
2011-10-31 19:00:00,4.53075903086119
2011-10-31 20:00:00,4.53075903086119
2011-10-31 21:00:00,4.327397634858
2011-10-31 22:00:00,4.327397634858
2011-10-31 23:00:00,4.327397634858
2011-11-20 00:00:00,4.63239134031073
2011-11-20 01:00:00,4.85062437766538
2011-11-20 02:00:00,4.86974188816906
2011-11-20 03:00:00,4.99096850624647
2011-11-20 04:00:00,4.86501783704254
2011-11-20 05:00:00,5.0256298517974
2011-11-20 06:00:00,5.00651234129371
2011-11-20 07:00:00,4.7654716155117
2011-11-20 08:00:00,4.92486931643425
2011-11-20 09:00:00,4.66159771026753
2011-11-20 10:00:00,4.84541378086293
2011-11-20 11:00:00,5.25207579101833
2011-11-20 12:00:00,5.27112936335979
2011-11-20 13:00:00,5.50536654133709
2011-11-20 14:00:00,5.18573222241442
2011-11-20 15:00:00,5.2435976238059
2011-11-20 16:00:00,5.33137721016469
2011-11-20 17:00:00,5.36954829300983
2011-11-20 18:00:00,5.40460600597395
2011-11-20 19:00:00,5.02536458645125
2011-11-20 20:00:00,5.1863729686193
2011-11-20 21:00:00,4.83003565168488
2011-11-20 22:00:00,4.31954249429384
2011-11-20 23:00:00,4.31954249429384
2011-11-21 00:00:00,4.17008464899923
2011-11-21 01:00:00,4.12097084536789
2011-11-21 02:00:00,3.90997856293147
2011-11-21 03:00:00,3.87180748008632
2011-11-21 04:00:00,3.87180748008632
2011-11-21 05:00:00,3.9590923665628
2011-11-21 06:00:00,3.8988445197579
2011-11-21 07:00:00,4.27507111136393
2011-11-21 08:00:00,4.17008464899923
2011-11-21 09:00:00,4.29714787532368
2011-11-21 10:00:00,4.62752329424938
2011-11-21 11:00:00,4.69433867376894
2011-11-21 12:00:00,4.80428520235022
2011-11-21 13:00:00,4.80428520235022
2011-11-21 14:00:00,4.65665413659972
2011-11-21 15:00:00,4.08023687647986
2011-11-21 16:00:00,4.08023687647986
2011-11-21 17:00:00,4.06768689869084
2011-11-21 18:00:00,4.152012322216
2011-11-21 19:00:00,3.94102003977957
2011-11-21 20:00:00,4.13646848716876
2011-11-21 21:00:00,4.09829740432361
2011-11-21 22:00:00,4.07917989381993
2011-11-21 23:00:00,4.09829740432361
2011-11-22 00:00:00,3.82354753778807
2011-11-22 01:00:00,3.90284895693443
2011-11-22 02:00:00,3.67240673474335
2011-11-22 03:00:00,3.67240673474335
2011-11-22 04:00:00,3.86171862063321
2011-11-22 05:00:00,3.86171862063321
2011-11-22 06:00:00,3.99670137612556
2011-11-22 07:00:00,3.89988970347836
2011-11-22 08:00:00,3.89988970347836
2011-11-22 09:00:00,3.81698000507341
2011-11-22 10:00:00,3.81698000507341
2011-11-22 11:00:00,3.90284895693443
2011-11-22 12:00:00,3.72312779537752
2011-11-22 13:00:00,3.78297927476923
2011-11-22 14:00:00,3.78297927476923
2011-11-22 15:00:00,3.93707933127002
2011-11-22 16:00:00,3.93707933127002
2011-11-22 17:00:00,3.84322712157413
2011-11-22 18:00:00,3.7859385282253
2011-11-22 19:00:00,4.06374619018129
2011-11-22 20:00:00,4.16210139116436
2011-11-22 21:00:00,4.18115496350582
2011-11-22 22:00:00,4.414224009902
2011-11-22 23:00:00,4.39254361335543
2011-11-23 00:00:00,4.39254361335543
2011-11-23 01:00:00,4.42118791002985
2011-11-23 02:00:00,4.3460566339292
2011-11-23 03:00:00,4.3460566339292
2011-11-23 04:00:00,4.55744528377882
2011-11-23 05:00:00,4.29412468370539
2011-11-23 06:00:00,3.9590923665628
2011-11-23 07:00:00,4.07623243930334
2011-11-23 08:00:00,4.29714787532368
2011-11-23 09:00:00,4.4744718567069
2011-11-23 10:00:00,4.4744718567069
2011-11-23 11:00:00,5.11156449960914
2011-11-23 12:00:00,5.25795814207024
2011-11-23 13:00:00,5.43273397217084
2011-11-23 14:00:00,5.13144539958393
2011-11-23 15:00:00,5.34390576685375
2011-11-23 16:00:00,5.09206000290648
2011-11-23 17:00:00,4.58424924418114
2011-11-23 18:00:00,5.23099162111477
2011-11-23 19:00:00,4.8628876690083
2011-11-23 20:00:00,4.52192848125194
2011-11-23 21:00:00,4.63572554008003
2011-11-23 22:00:00,4.46519037174126
2011-11-23 23:00:00,4.40790177839243
2011-11-24 00:00:00,4.44589141387565
2011-11-24 01:00:00,4.51007996919011
2011-11-24 02:00:00,4.32345048196594
2011-11-24 03:00:00,4.12723027040883
2011-11-24 04:00:00,4.31950977345639
2011-11-24 05:00:00,4.32903655962712
2011-11-24 06:00:00,4.31950977345639
2011-11-24 07:00:00,3.79602751285461
2011-11-24 08:00:00,4.21874923809325
2011-11-24 09:00:00,4.38232050630417
2011-11-24 10:00:00,4.60318036786393
2011-11-24 11:00:00,5.37702872913054
2011-11-24 12:00:00,5.57538085551521
2011-11-24 13:00:00,5.71119910384247
2011-11-24 14:00:00,5.86912871993162
2011-11-24 15:00:00,5.84048442325721
2011-11-24 16:00:00,5.78403153223853
2011-11-24 17:00:00,5.63485693815218
2011-11-24 18:00:00,5.01675070368657
2011-11-24 19:00:00,4.86566547510245
2011-11-24 20:00:00,4.10945496105708
2011-11-24 21:00:00,4.23540563026101
2011-11-24 22:00:00,4.23540563026101
2011-11-24 23:00:00,4.07128387821194
2011-11-25 00:00:00,4.02610906227109
2011-11-25 01:00:00,4.04122192610299
2011-11-25 02:00:00,3.68203650463369
2011-11-25 03:00:00,3.83317730767841
2011-11-25 04:00:00,3.95327663387502
2011-11-25 05:00:00,3.88646125435546
2011-11-25 06:00:00,3.62178865782879
2011-11-25 07:00:00,3.67507260450585
2011-11-25 08:00:00,3.64084223017026
2011-11-25 09:00:00,3.98137044671128
2011-11-25 10:00:00,4.21230757827992
2011-11-25 11:00:00,4.54028581703192
2011-11-25 12:00:00,5.09808863023203
2011-11-25 13:00:00,5.44567092516365
2011-11-25 14:00:00,5.65705957501326
2011-11-25 15:00:00,5.71351246603194
2011-11-25 16:00:00,5.55864064536322
2011-11-25 17:00:00,5.646420231722
2011-11-25 18:00:00,5.2648927809468
2011-11-25 19:00:00,4.50813178306329
2011-11-25 20:00:00,4.73228010158748
2011-11-25 21:00:00,4.22742044211182
2011-11-25 22:00:00,4.16460970926404
2011-11-25 23:00:00,4.04818582623084
2011-11-26 00:00:00,4.16236811346941
2011-11-26 01:00:00,4.09259348049378
2011-11-26 02:00:00,3.91631811806887
2011-11-26 03:00:00,3.90935421794102
2011-11-26 04:00:00,3.90935421794102
2011-11-26 05:00:00,4.06745892111359
2011-11-26 06:00:00,4.27991928838341
2011-11-26 07:00:00,3.58483014202264
2011-11-26 08:00:00,4.09259348049378
2011-11-26 09:00:00,4.15284132729868
2011-11-26 10:00:00,4.08970139094253
2011-11-26 11:00:00,4.75522863963363
2011-11-26 12:00:00,5.08560405855933
2011-11-26 13:00:00,5.38203432164144
2011-11-26 14:00:00,5.58912989157987
2011-11-26 15:00:00,5.78106860167483
2011-11-26 16:00:00,5.55407217861576
2011-11-26 17:00:00,5.55407217861576
2011-11-26 18:00:00,5.07523835531104
2011-11-26 19:00:00,4.74097780233638
2011-11-26 20:00:00,5.07101242830948
2011-11-26 21:00:00,4.34634988993401
2011-11-26 22:00:00,4.49749069297872
2011-11-26 23:00:00,4.08970139094253
2011-11-27 00:00:00,4.08970139094253
2011-11-27 01:00:00,4.08970139094253
2011-11-27 02:00:00,4.02945354413763
2011-11-27 03:00:00,3.87831274109291
2011-11-27 04:00:00,3.88527664122076
2011-11-27 05:00:00,3.94250129640737
2011-11-27 06:00:00,4.22934919885816
2011-11-27 07:00:00,4.14156961249937
2011-11-27 08:00:00,4.37546599752407
2011-11-27 09:00:00,4.79779135534952
2011-11-27 10:00:00,4.79779135534952
2011-11-27 11:00:00,5.19229975512908
2011-11-27 12:00:00,5.44142851660851
2011-11-27 13:00:00,5.28337938789654
2011-11-27 14:00:00,6.3035629630557
2011-11-27 15:00:00,6.18904971452026
2011-11-27 16:00:00,5.58292302085968
2011-11-27 17:00:00,5.38413992325968
2011-11-27 18:00:00,5.06825972042292
2011-11-27 19:00:00,4.94581878851321
2011-11-27 20:00:00,5.12548437560952
2011-11-27 21:00:00,4.98398987135835
2011-11-27 22:00:00,4.83892169165074
2011-11-27 23:00:00,4.83892169165074
2011-11-28 00:00:00,4.55765839890703
2011-11-28 01:00:00,4.56718518507776
2011-11-28 03:00:00,4.18254436442153
2011-11-28 04:00:00,4.24781621560522
2011-11-28 05:00:00,3.94447762685586
2011-11-28 06:00:00,4.18756836880032
2011-11-28 07:00:00,3.97913897240678
2011-11-28 08:00:00,4.04998532280262
2011-11-28 09:00:00,4.40453151786208
2011-11-28 10:00:00,4.74443372295851
2011-11-28 11:00:00,5.07219068138073
2011-11-28 12:00:00,5.17182392486308
2011-11-28 13:00:00,5.48800408095211
2011-11-28 14:00:00,5.56606705929649
2011-11-28 15:00:00,5.27024285451312
2011-11-28 16:00:00,5.22904858004968
2011-11-28 17:00:00,5.39005696221773
2011-11-28 18:00:00,5.14740555519022
2011-11-28 19:00:00,4.86084287123144
2011-11-28 20:00:00,5.10188359701345
2011-11-28 21:00:00,4.98206948930884
2011-11-28 22:00:00,4.69433867376894
2011-11-28 23:00:00,4.7133922461104
2011-11-29 00:00:00,4.40553614080883
2011-11-29 01:00:00,4.46282473415766
2011-11-29 02:00:00,4.44132477824055
2011-11-29 03:00:00,4.44132477824055
2011-11-29 04:00:00,4.83749621897879
2011-11-29 05:00:00,4.40066625285499
2011-11-29 06:00:00,4.58686476886382
2011-11-29 07:00:00,4.69983448906339
2011-11-29 08:00:00,4.79825341871344
2011-11-29 09:00:00,5.09356770043236
2011-11-29 10:00:00,5.09356770043236
2011-11-29 11:00:00,4.45902635412877
2011-11-29 12:00:00,4.44631067047056
2011-11-29 13:00:00,4.48639238781347
2011-11-29 14:00:00,3.94102003977957
2011-11-29 15:00:00,4.20328386668831
2011-11-29 16:00:00,4.13646848716876
2011-11-29 17:00:00,4.35732019452213
2011-11-29 18:00:00,4.48327086372606
2011-11-29 19:00:00,4.50238837422974
2011-11-29 20:00:00,4.26842805104282
2011-11-29 21:00:00,4.26842805104282
2011-11-29 22:00:00,4.20103586348061
2011-11-29 23:00:00,4.16926660748093
2011-11-30 00:00:00,4.5409820535934
2011-11-30 01:00:00,4.26289753684704
2011-11-30 02:00:00,4.11739838592409
2011-11-30 03:00:00,4.11739838592409
2011-11-30 04:00:00,3.9095194733687
2011-11-30 05:00:00,3.6790133130154
2011-11-30 06:00:00,3.47064785478408
2011-11-30 07:00:00,3.62178865782879
2011-11-30 08:00:00,3.6790133130154
2011-11-30 09:00:00,3.94769055621384
2011-11-30 10:00:00,4.25633000413238
2011-11-30 11:00:00,4.90635961102262
2011-11-30 12:00:00,4.90381145974001
2011-11-30 13:00:00,5.44360931955696
2011-11-30 14:00:00,5.44360931955696
2011-11-30 15:00:00,4.88679953985937
2011-11-30 16:00:00,4.85815524318496
2011-11-30 17:00:00,4.91311696558096
2011-11-30 18:00:00,4.6911298121404
2011-11-30 19:00:00,4.68295159818025
2011-11-30 20:00:00,4.68295159818025
2011-11-30 21:00:00,4.56868888023069
2011-11-30 22:00:00,4.37558203855461
2011-11-30 23:00:00,4.40696430835531
2011-12-20 00:00:00,4.58664984859749
2011-12-20 01:00:00,4.68084285124597
2011-12-20 02:00:00,4.64106108715534
2011-12-20 03:00:00,4.64106108715534
2011-12-20 04:00:00,4.90939753740118
2011-12-20 05:00:00,4.80206946932338
2011-12-20 06:00:00,4.80206946932338
2011-12-20 07:00:00,4.67611880011945
2011-12-20 08:00:00,5.11487926978289
2011-12-20 09:00:00,4.57535826475631
2011-12-20 10:00:00,5.08087017577708
2011-12-20 11:00:00,4.90120458868076
2011-12-20 12:00:00,5.20370747509998
2011-12-20 13:00:00,5.20370747509998
2011-12-20 14:00:00,5.08389336739537
2011-12-20 15:00:00,5.11783852323896
2011-12-20 16:00:00,4.89585136979841
2011-12-20 17:00:00,4.67921743524021
2011-12-20 18:00:00,4.53726262541363
2011-12-20 19:00:00,4.41322259070746
2011-12-20 20:00:00,4.35337111131576
2011-12-20 21:00:00,4.35041185785968
2011-12-20 22:00:00,4.57535826475631
2011-12-20 23:00:00,4.73597027951116
2011-12-21 00:00:00,3.79886026731722
2011-12-21 01:00:00,4.0258566903763
2011-12-21 02:00:00,3.89333848845771
2011-12-21 03:00:00,3.89333848845771
2011-12-21 04:00:00,3.89333848845771
2011-12-21 05:00:00,3.74291387512033
2011-12-21 06:00:00,3.49029634700513
2011-12-21 07:00:00,3.49686387971979
2011-12-21 08:00:00,3.16600170562292
2011-12-21 09:00:00,3.75355321841159
2011-12-21 10:00:00,4.2437425747149
2011-12-21 11:00:00,4.2437425747149
2011-12-21 12:00:00,3.84014651418632
2011-12-21 13:00:00,3.57186563840107
2011-12-21 14:00:00,4.05443068882504
2011-12-21 15:00:00,4.07354819932872
2011-12-21 16:00:00,3.43984234586004
2011-12-21 17:00:00,3.43984234586004
2011-12-21 18:00:00,3.59387867369385
2011-12-21 19:00:00,3.94408779283057
2011-12-21 20:00:00,3.96314136517203
2011-12-21 21:00:00,3.84459714576032
2011-12-21 22:00:00,3.82547963525664
2011-12-21 23:00:00,3.7873085524115
2011-12-22 00:00:00,4.10321185371016
2011-12-22 01:00:00,3.38946550242112
2011-12-22 02:00:00,3.8213732208779
2011-12-22 03:00:00,4.11729698513822
2011-12-22 04:00:00,3.53998029402124
2011-12-22 05:00:00,3.45411134216022
2011-12-22 06:00:00,3.26830919356458
2011-12-22 07:00:00,3.05692054371496
2011-12-22 08:00:00,3.49029634700513
2011-12-22 09:00:00,3.60743641974567
2011-12-22 10:00:00,3.7936349357545
2011-12-22 11:00:00,3.98239633780621
2011-12-22 12:00:00,4.65667860850012
2011-12-22 13:00:00,4.39490969096893
2011-12-22 14:00:00,4.39490969096893
2011-12-22 15:00:00,4.55591807313697
2011-12-22 16:00:00,4.39490969096893
2011-12-22 17:00:00,4.33928413857877
2011-12-22 18:00:00,4.41753693876683
2011-12-22 19:00:00,4.360248345418
2011-12-22 20:00:00,3.90013545570853
2011-12-22 21:00:00,3.90013545570853
2011-12-22 22:00:00,3.17256923833758
2011-12-22 23:00:00,3.43724183486424
2011-12-23 00:00:00,3.56128186957041
2011-12-23 01:00:00,3.56128186957041
2011-12-23 02:00:00,3.28653200303486
2011-12-23 03:00:00,3.28653200303486
2011-12-23 04:00:00,3.38199167922883
2011-12-23 05:00:00,3.12110909902942
2011-12-23 06:00:00,3.61632245971153
2011-12-23 07:00:00,3.59726888737007
2011-12-23 08:00:00,3.82771110956114
2011-12-23 09:00:00,4.10825674464342
2011-12-23 10:00:00,4.24718836285171
2011-12-23 11:00:00,4.40523749156368
2011-12-23 12:00:00,4.5536958959427
2011-12-23 13:00:00,4.6162853484607
2011-12-23 14:00:00,4.48688051642314
2011-12-23 15:00:00,4.3884615867731
2011-12-23 16:00:00,4.4510510392911
2011-12-23 17:00:00,4.14783196316454
2011-12-23 18:00:00,4.18220809022346
2011-12-23 19:00:00,4.06846660585596
2011-12-23 20:00:00,3.8327790989563
2011-12-23 21:00:00,3.76596371943675
2011-12-23 22:00:00,3.68114338653403
2011-12-23 23:00:00,3.7028237830806
2011-12-24 00:00:00,3.89749871950855
2011-12-24 01:00:00,4.0133721187036
2011-12-24 02:00:00,4.01041286524752
2011-12-24 03:00:00,3.90965232988438
2011-12-24 04:00:00,3.99825925487169
2011-12-24 05:00:00,3.99825925487169
2011-12-24 06:00:00,3.71130020349971
2011-12-24 07:00:00,3.61920442777265
2011-12-24 08:00:00,3.51421796540795
2011-12-24 09:00:00,4.28712885663744
2011-12-24 10:00:00,4.35054564778397
2011-12-24 11:00:00,4.46034642364191
2011-12-24 12:00:00,4.53274788082265
2011-12-24 13:00:00,4.48202682018848
2011-12-24 14:00:00,4.48202682018848
2011-12-24 15:00:00,4.43432895117261
2011-12-24 16:00:00,4.39988888595146
2011-12-24 17:00:00,4.16604807538735
2011-12-24 18:00:00,4.33313744459413
2011-12-24 19:00:00,4.08123610618627
2011-12-24 20:00:00,3.82870875633381
2011-12-24 21:00:00,3.78797478744578
2011-12-24 22:00:00,3.90384818664083
2011-12-24 23:00:00,3.68298832508108
2011-12-25 00:00:00,3.58616849822749
2011-12-25 01:00:00,3.32128621081527
2011-12-25 02:00:00,3.26166437545497
2011-12-25 03:00:00,3.33979766302021
2011-12-25 05:00:00,3.15109183542909
2011-12-25 06:00:00,3.15109183542909
2011-12-25 07:00:00,3.08499264561687
2011-12-25 08:00:00,3.0030644022654
2011-12-25 09:00:00,2.94683279157651
2011-12-25 10:00:00,3.15519824980783
2011-12-25 11:00:00,3.61526371926309
2011-12-25 12:00:00,3.45508267572357
2011-12-25 13:00:00,3.6724883744497
2011-12-25 14:00:00,3.95944742582167
2011-12-25 15:00:00,3.98112782236824
2011-12-25 16:00:00,4.14476302874139
2011-12-25 17:00:00,3.9429567395231
2011-12-25 18:00:00,3.69456513840946
2011-12-25 19:00:00,4.04371727488624
2011-12-25 20:00:00,4.21665798710033
2011-12-25 21:00:00,3.94880808253042
2011-12-25 22:00:00,3.72187559763356
2011-12-25 23:00:00,3.60199755176673
2011-12-26 00:00:00,3.09817868301676
2011-12-26 01:00:00,3.77579560392148
2011-12-26 02:00:00,4.22716162583453
2011-12-26 04:00:00,4.21461164804551
2011-12-26 05:00:00,4.37266077675748
2011-12-26 06:00:00,4.23027499571556
2011-12-26 07:00:00,4.23323424917164
2011-12-26 08:00:00,4.2549146457182
2011-12-26 09:00:00,4.21461164804551
2011-12-26 10:00:00,4.39867824922679
2011-12-26 11:00:00,4.33608879670879
2011-12-26 12:00:00,4.45541635873747
2011-12-26 13:00:00,4.72605042968005
2011-12-26 14:00:00,4.74516794018374
2011-12-26 15:00:00,4.69740613300564
2011-12-26 16:00:00,4.40075458959374
2011-12-26 17:00:00,4.22716162583453
2011-12-26 18:00:00,4.12557375184286
2011-12-26 19:00:00,3.66268013099858
2011-12-26 20:00:00,3.88939133556565
2011-12-26 21:00:00,3.41919302164092
2011-12-26 22:00:00,3.41919302164092
2011-12-26 23:00:00,3.36590907496387
2011-12-27 00:00:00,3.32113062643621
2011-12-27 01:00:00,3.36186459532424
2011-12-27 02:00:00,3.36186459532424
2011-12-27 03:00:00,3.92809939348559
2011-12-27 04:00:00,3.82733885812244
2011-12-27 05:00:00,3.83045222800347
2011-12-27 06:00:00,3.91554941569656
2011-12-27 07:00:00,3.86550994096759
2011-12-27 08:00:00,3.84901925466901
2011-12-27 09:00:00,3.73260352584219
2011-12-27 10:00:00,3.89623057800896
2011-12-27 11:00:00,3.73260352584219
2011-12-27 12:00:00,3.28537325266796
2011-12-27 13:00:00,3.10256496133054
2011-12-27 14:00:00,3.87118799103443
2011-12-27 15:00:00,3.87118799103443
2011-12-27 16:00:00,3.74212395194947
2011-12-27 17:00:00,3.52311078672526
2011-12-27 18:00:00,3.50948930101128
2011-12-27 19:00:00,3.19294848292777
2011-12-27 20:00:00,2.99410981086718
2011-12-27 21:00:00,3.1452506139119
2011-12-27 22:00:00,3.1452506139119
2011-12-27 23:00:00,2.90259084318277
2011-12-28 00:00:00,3.13309700353606
2011-12-28 01:00:00,3.41018847578471
2011-12-28 02:00:00,3.78501729177821
2011-12-28 03:00:00,3.78501729177821
2011-12-28 05:00:00,3.8927417272692
2011-12-28 06:00:00,3.88577782714135
2011-12-28 07:00:00,3.88577782714135
2011-12-28 08:00:00,3.8927417272692
2011-12-28 09:00:00,3.93353963431945
2011-12-28 10:00:00,3.92697210160479
2011-12-28 11:00:00,4.34978400510616
2011-12-28 12:00:00,4.29387323422401
2011-12-28 13:00:00,4.41297951592291
2011-12-28 14:00:00,4.36528164690703
2011-12-28 15:00:00,4.45990562077085
2011-12-28 16:00:00,4.39965777396595
2011-12-28 17:00:00,4.24429104391968
2011-12-28 18:00:00,4.11210204550945
2011-12-28 19:00:00,3.988769836809
2011-12-28 20:00:00,3.96971626446754
2011-12-28 21:00:00,3.83685726959635
2011-12-28 22:00:00,3.8776551766466
2011-12-28 23:00:00,3.85295158848174
2011-12-29 00:00:00,4.02144510435969
2011-12-29 01:00:00,3.75832761461792
2011-12-29 02:00:00,3.64147276036939
2011-12-29 03:00:00,3.47783755399624
2011-12-29 04:00:00,3.51863546104649
2011-12-29 05:00:00,3.54071222500625
2011-12-29 06:00:00,3.49323563632015
2011-12-29 07:00:00,3.24422638746354
2011-12-29 08:00:00,3.58927212055678
2011-12-29 09:00:00,3.49479389941629
2011-12-29 10:00:00,3.57415925672487
2011-12-29 11:00:00,3.74732124926875
2011-12-29 12:00:00,3.91746005019433
2011-12-29 13:00:00,4.07846843236237
2011-12-29 14:00:00,4.19160385843114
2011-12-29 15:00:00,4.18904097238825
2011-12-29 16:00:00,3.95450384115868
2011-12-29 17:00:00,3.7277926365916
2011-12-29 18:00:00,3.83462579529185
2011-12-29 19:00:00,3.87582006975529
2011-12-29 20:00:00,3.5290095389916
2011-12-29 21:00:00,3.87081080013676
2011-12-29 22:00:00,3.54806311133307
2011-12-29 23:00:00,3.62703210122846
2011-12-30 00:00:00,3.42211244212914
2011-12-30 01:00:00,3.51948275282087
2011-12-30 02:00:00,3.28295954359106
2011-12-30 03:00:00,3.28295954359106
2011-12-30 04:00:00,3.27343275742033
2011-12-30 05:00:00,3.1474820882164
2011-12-30 06:00:00,3.27343275742033
2011-12-30 07:00:00,3.1474820882164
2011-12-30 08:00:00,3.36946924165695
2011-12-30 09:00:00,3.27014430045589
2011-12-30 10:00:00,3.62440527702335
2011-12-30 11:00:00,3.68114338653403
2011-12-30 12:00:00,3.92953498764767
2011-12-30 13:00:00,4.31253052325627
2011-12-30 14:00:00,4.67528962018201
2011-12-30 15:00:00,4.5314357543067
2011-12-30 16:00:00,4.57990538749051
2011-12-30 17:00:00,4.26442155206693
2011-12-30 18:00:00,3.86383216524864
2011-12-30 19:00:00,4.41427251367289
2011-12-30 20:00:00,3.96600521098459
2011-12-30 21:00:00,4.0258566903763
2011-12-30 22:00:00,3.8179777778209
2011-12-30 23:00:00,4.00115310221144
2011-12-31 00:00:00,4.50405638438446
2011-12-31 01:00:00,4.53565993451495
2011-12-31 02:00:00,4.53565993451495
2011-12-31 03:00:00,4.53565993451495
2011-12-31 04:00:00,3.98854264685728
2011-12-31 05:00:00,3.90462832550558
2011-12-31 06:00:00,4.18490869524171
2011-12-31 07:00:00,3.76826774754656
2011-12-31 08:00:00,3.43915406270737
2011-12-31 09:00:00,3.7194344324435
2011-12-31 10:00:00,3.8846687416131
2011-12-31 11:00:00,4.07047089020874
2011-12-31 12:00:00,5.26287062417304
2011-12-31 13:00:00,5.25109241055194
2011-12-31 14:00:00,4.79935935558578
2011-12-31 15:00:00,5.0050424151514
2011-12-31 16:00:00,4.77767895903921
2011-12-31 17:00:00,4.51775673784357
2011-12-31 18:00:00,4.47958565499843
2011-12-31 19:00:00,4.53687424834725
2011-12-31 20:00:00,4.53687424834725
2011-12-31 21:00:00,4.35714472308872
2011-12-31 22:00:00,4.15796525807553
2011-12-31 23:00:00,3.91148429145965
2012-01-20 00:00:00,4.06307035003846
2012-01-20 01:00:00,3.91604753982153
2012-01-20 02:00:00,3.91604753982153
2012-01-20 03:00:00,3.73638195272521
2012-01-20 04:00:00,3.47461303519402
2012-01-20 05:00:00,3.47461303519402
2012-01-20 06:00:00,3.46902695753285
2012-01-20 07:00:00,3.20414467012063
2012-01-20 08:00:00,3.34914891166602
2012-01-20 09:00:00,3.80346259759091
2012-01-20 10:00:00,4.09405625242598
2012-01-20 11:00:00,4.32393640133468
2012-01-20 12:00:00,4.25450256131164
2012-01-20 13:00:00,4.18387749124559
2012-01-20 14:00:00,4.33029424316378
2012-01-20 15:00:00,4.32372671044913
2012-01-20 16:00:00,4.19404502362119
2012-01-20 17:00:00,4.45264499681076
2012-01-20 18:00:00,4.28216540293257
2012-01-20 19:00:00,4.21612178758095
2012-01-20 20:00:00,4.28216540293257
2012-01-20 21:00:00,4.20659500141022
2012-01-20 22:00:00,4.17236462707463
2012-01-20 23:00:00,3.13873000203439
2012-01-21 00:00:00,3.25291228927296
2012-01-21 01:00:00,2.61976035488028
2012-01-21 02:00:00,2.79577045195904
2012-01-21 03:00:00,2.55662878222575
2012-01-21 04:00:00,2.79320756591616
2012-01-21 05:00:00,2.74248650528199
2012-01-21 06:00:00,2.54447517184992
2012-01-21 07:00:00,2.54447517184992
2012-01-21 08:00:00,2.71460581856912
2012-01-21 09:00:00,2.71460581856912
2012-01-21 10:00:00,2.54145198023163
2012-01-21 11:00:00,3.0357396698161
2012-01-21 12:00:00,3.22505155570596
2012-01-21 13:00:00,3.22242473150085
2012-01-21 14:00:00,3.01109981031821
2012-01-21 15:00:00,3.01109981031821
2012-01-21 16:00:00,3.19082118137037
2012-01-21 17:00:00,3.24810977471919
2012-01-21 18:00:00,3.37406044392312
2012-01-21 19:00:00,3.12801044852258
2012-01-21 20:00:00,3.13096970197866
2012-01-21 21:00:00,3.0189930152816
2012-01-21 22:00:00,3.28211050502337
2012-01-21 23:00:00,3.04207755849934
2012-01-22 00:00:00,2.78888322234149
2012-01-22 01:00:00,3.28211050502337
2012-01-22 02:00:00,3.27258371885264
2012-01-22 03:00:00,3.39853438805657
2012-01-22 04:00:00,2.82818975127382
2012-01-22 05:00:00,3.0010109508651
2012-01-22 06:00:00,3.1741647892026
2012-01-22 07:00:00,3.1741647892026
2012-01-22 08:00:00,3.1741647892026
2012-01-22 09:00:00,3.1741647892026
2012-01-22 10:00:00,3.15248439265603
2012-01-22 11:00:00,2.86892372016185
2012-01-22 12:00:00,3.02302398615788
2012-01-22 13:00:00,3.08583471900567
2012-01-22 14:00:00,3.04510075011764
2012-01-22 15:00:00,3.0039064756542
2012-01-22 16:00:00,3.0039064756542
2012-01-22 17:00:00,3.0667811466642
2012-01-22 18:00:00,2.74248650528199
2012-01-22 19:00:00,2.74248650528199
2012-01-22 20:00:00,2.72080610873542
2012-01-22 21:00:00,2.74248650528199
2012-01-22 22:00:00,2.79003046736815
2012-01-22 23:00:00,2.73930940673398
2012-01-23 00:00:00,2.97484132925458
2012-01-23 01:00:00,2.92155738257753
2012-01-23 02:00:00,2.92155738257753
2012-01-23 03:00:00,2.97484132925458
2012-01-23 04:00:00,3.1862299791042
2012-01-23 05:00:00,3.03508917605948
2012-01-23 06:00:00,3.03508917605948
2012-01-23 07:00:00,2.86193533772198
2012-01-23 08:00:00,2.76745711658149
2012-01-23 09:00:00,2.9722784432117
2012-01-23 10:00:00,2.85875823917398
2012-01-23 11:00:00,2.7959475063262
2012-01-23 12:00:00,2.91860971856569
2012-01-23 13:00:00,2.74289299418531
2012-01-23 14:00:00,2.68954510934604
2012-01-23 15:00:00,2.64523767449681
2012-01-23 16:00:00,2.90349685473378
2012-01-23 17:00:00,2.85000321717118
2012-01-23 18:00:00,2.8843793442301
2012-01-23 19:00:00,2.96374470153868
2012-01-23 20:00:00,2.78741376465318
2012-01-23 21:00:00,2.80350808353857
2012-01-23 22:00:00,2.80350808353857
2012-01-23 23:00:00,3.06873116390338
2012-01-24 00:00:00,2.98385525654008
2012-01-24 01:00:00,3.20092016231361
2012-01-24 02:00:00,3.18186658997214
2012-01-24 03:00:00,3.24467732281993
2012-01-24 04:00:00,2.97991454803052
2012-01-24 05:00:00,2.97991454803052
2012-01-24 06:00:00,3.22299692627336
2012-01-24 07:00:00,3.24467732281993
2012-01-24 08:00:00,3.24467732281993
2012-01-24 09:00:00,3.36723776735245
2012-01-24 10:00:00,2.99410981086718
2012-01-24 11:00:00,3.17383097242409
2012-01-24 12:00:00,3.19294848292777
2012-01-24 13:00:00,3.19294848292777
2012-01-24 14:00:00,3.44250821562253
2012-01-24 15:00:00,4.11842427701902
2012-01-24 16:00:00,3.87731961307479
2012-01-24 17:00:00,4.00935126931745
2012-01-24 18:00:00,4.07545045912967
2012-01-24 19:00:00,4.47264125757492
2012-01-24 20:00:00,3.42530133961662
2012-01-24 21:00:00,3.67135133501716
2012-01-24 22:00:00,3.29935067041269
2012-01-24 23:00:00,3.42530133961662
2012-01-25 00:00:00,2.81672189132175
2012-01-25 01:00:00,3.47940103547796
2012-01-25 02:00:00,3.40003567816938
2012-01-25 03:00:00,3.21423352957374
2012-01-25 04:00:00,3.3372249453216
2012-01-25 05:00:00,3.3372249453216
2012-01-25 06:00:00,3.16363198156238
2012-01-25 07:00:00,3.11325171388081
2012-01-25 08:00:00,3.2582559554262
2012-01-25 09:00:00,3.2582559554262
2012-01-25 10:00:00,3.52800491604485
2012-01-25 11:00:00,3.91554941569656
2012-01-25 12:00:00,4.03029552301082
2012-01-25 13:00:00,4.13105605837396
2012-01-25 14:00:00,4.16272354666667
2012-01-25 15:00:00,4.30110468103681
2012-01-25 16:00:00,4.0494130335145
2012-01-25 17:00:00,4.1096608803194
2012-01-25 18:00:00,3.7028237830806
2012-01-25 19:00:00,4.28651305078696
2012-01-25 20:00:00,3.80709405573796
2012-01-25 21:00:00,3.64214496506037
2012-01-25 22:00:00,3.63958207901748
2012-01-25 23:00:00,3.80428063910921
2012-01-26 00:00:00,3.49909535402429
2012-01-26 01:00:00,3.55237930070135
2012-01-26 02:00:00,3.47701859006454
2012-01-26 03:00:00,3.54942004724527
2012-01-26 04:00:00,3.33039214726079
2012-01-26 05:00:00,3.6191946802209
2012-01-26 06:00:00,3.40123849765663
2012-01-26 07:00:00,3.39827924420056
2012-01-26 08:00:00,3.39827924420056
2012-01-26 09:00:00,3.46108997704834
2012-01-26 10:00:00,3.42685960271275
2012-01-26 11:00:00,3.31691307413147
2012-01-26 12:00:00,3.54695892890936
2012-01-26 13:00:00,3.95318996784942
2012-01-26 14:00:00,4.08025319417388
2012-01-26 15:00:00,4.14010467356559
2012-01-26 16:00:00,4.07072640800315
2012-01-26 17:00:00,4.07328929404603
2012-01-26 18:00:00,4.07328929404603
2012-01-26 19:00:00,3.95430252496995
2012-01-26 20:00:00,3.82221529426669
2012-01-26 21:00:00,3.95430252496995
2012-01-26 22:00:00,3.52092672167978
2012-01-26 23:00:00,3.73634634240567
2012-01-27 00:00:00,3.89855745995698
2012-01-27 01:00:00,3.75355321841159
2012-01-27 02:00:00,3.35779801412842
2012-01-27 03:00:00,3.67524484376294
2012-01-27 04:00:00,3.47377934749724
2012-01-27 05:00:00,3.70388914043735
2012-01-27 06:00:00,3.55274833739264
2012-01-27 07:00:00,3.53363082688895
2012-01-27 08:00:00,3.89343046086338
2012-01-27 09:00:00,3.89343046086338
2012-01-27 10:00:00,3.45495520969195
2012-01-27 11:00:00,3.76013234057048
2012-01-27 12:00:00,3.99024213351059
2012-01-27 13:00:00,4.68962427567855
2012-01-27 14:00:00,4.8476094662283
2012-01-27 15:00:00,4.74542491515211
2012-01-27 16:00:00,4.76841919600313
2012-01-27 17:00:00,4.7524789935427
2012-01-27 18:00:00,4.63533892080216
2012-01-27 19:00:00,4.2681409802467
2012-01-27 20:00:00,4.05335374202405
2012-01-27 21:00:00,4.09848872499705
2012-01-27 22:00:00,4.17323178789088
2012-01-27 23:00:00,4.13243388084063
2012-01-28 00:00:00,4.08517681469582
2012-01-28 01:00:00,4.06868612839724
2012-01-28 02:00:00,3.76217859530625
2012-01-28 03:00:00,3.75961570926337
2012-01-28 04:00:00,3.68721425208263
2012-01-28 05:00:00,3.26166437545497
2012-01-28 06:00:00,3.45042577750668
2012-01-28 07:00:00,3.26422726149785
2012-01-28 08:00:00,3.01561438005443
2012-01-28 09:00:00,3.13827659229392
2012-01-28 10:00:00,3.4760468825628
2012-01-28 11:00:00,3.94880808253042
2012-01-28 12:00:00,3.85846561012875
2012-01-28 13:00:00,4.06020796118482
2012-01-28 14:00:00,4.62252191987849
2012-01-28 15:00:00,4.7201690853606
2012-01-28 16:00:00,4.87464453861613
2012-01-28 17:00:00,4.89376204911981
2012-01-28 18:00:00,4.86434598827747
2012-01-28 19:00:00,5.29624212828521
2012-01-28 20:00:00,5.06062177429518
2012-01-28 21:00:00,4.89219856763809
2012-01-28 22:00:00,4.66126143606946
2012-01-28 23:00:00,4.67698035820011
2012-01-29 00:00:00,4.52561827482561
2012-01-29 01:00:00,4.67719004908566
2012-01-29 02:00:00,4.64866526503406
2012-01-29 03:00:00,4.51235210732925
2012-01-29 04:00:00,4.33793180494152
2012-01-29 05:00:00,3.71446077314452
2012-01-29 06:00:00,4.0327465198566
2012-01-29 07:00:00,4.06712264691552
2012-01-29 08:00:00,3.93170076600146
2012-01-29 09:00:00,3.8561303644791
2012-01-29 10:00:00,4.2376022407937
2012-01-29 11:00:00,4.59132109722464
2012-01-29 12:00:00,4.76180069110282
2012-01-29 13:00:00,4.76180069110282
2012-01-29 14:00:00,4.78085426344429
2012-01-29 15:00:00,4.94526123398536
2012-01-29 16:00:00,5.13189072120953
2012-01-29 17:00:00,5.13189072120953
2012-01-29 18:00:00,4.9232400444862
2012-01-29 19:00:00,4.70528386192193
2012-01-29 20:00:00,4.3744774717809
2012-01-29 21:00:00,4.56378935767076
2012-01-29 22:00:00,4.80693567407581
2012-01-29 23:00:00,4.53218580754027
2012-01-30 00:00:00,4.93379411261926
2012-01-30 01:00:00,3.57697267335362
2012-01-30 02:00:00,3.81900643263816
2012-01-30 03:00:00,3.77426781707835
2012-01-30 04:00:00,3.60027848590595
2012-01-30 05:00:00,3.60027848590595
2012-01-30 06:00:00,3.85295158848174
2012-01-30 07:00:00,3.87206909898542
2012-01-30 08:00:00,3.69847613522621
2012-01-30 09:00:00,3.69847613522621
2012-01-30 10:00:00,3.94763950050778
2012-01-30 11:00:00,4.02222844697666
2012-01-30 12:00:00,4.22584352987696
2012-01-30 13:00:00,4.44269874476494
2012-01-30 14:00:00,4.76080940439361
2012-01-30 15:00:00,4.73912900784705
2012-01-30 16:00:00,4.77379035339797
2012-01-30 17:00:00,4.93479873556602
2012-01-30 18:00:00,4.80511704873808
2012-01-30 19:00:00,4.15291154200393
2012-01-30 20:00:00,4.2819755810889
2012-01-30 21:00:00,4.20640517956654
2012-01-30 22:00:00,3.97333613317035
2012-01-30 23:00:00,3.59208553718553
2012-01-31 00:00:00,3.89162917014867
2012-01-31 01:00:00,4.17217480523095
2012-01-31 02:00:00,4.18472478301997
2012-01-31 03:00:00,4.10915438149761
2012-01-31 04:00:00,3.98927633563079
2012-01-31 05:00:00,3.98927633563079
2012-01-31 06:00:00,3.83440451496207
2012-01-31 07:00:00,3.59208553718553
2012-01-31 08:00:00,3.59471236139063
2012-01-31 09:00:00,3.91370593410843
2012-01-31 10:00:00,4.12984174454166
2012-01-31 11:00:00,4.82924383985548
2012-01-31 12:00:00,4.6876298229815
2012-01-31 13:00:00,4.99621369643944
2012-01-31 14:00:00,5.35945933904111
2012-01-31 15:00:00,5.63186759986356
2012-01-31 16:00:00,5.63186759986356
2012-01-31 17:00:00,5.61275008935988
2012-01-31 18:00:00,5.62495927419631
2012-01-31 19:00:00,5.3308150423667
2012-01-31 20:00:00,4.18573778066354
2012-01-31 21:00:00,5.11948196697768
2012-01-31 22:00:00,5.0092502199044
2012-01-31 23:00:00,4.90503552170762
2012-02-20 00:00:00,3.09028568754862
2012-02-20 01:00:00,3.09028568754862
2012-02-20 02:00:00,3.09028568754862
2012-02-20 03:00:00,3.18807860575406
2012-02-20 05:00:00,3.76181003197037
2012-02-20 06:00:00,3.71966355270954
2012-02-20 07:00:00,3.80885564944113
2012-02-20 08:00:00,3.444913686174
2012-02-20 09:00:00,3.444913686174
2012-02-20 10:00:00,3.66321066169087
2012-02-20 11:00:00,3.90235233142415
2012-02-20 12:00:00,4.07200458667381
2012-02-20 13:00:00,4.24599391784621
2012-02-20 14:00:00,4.45994545373871
2012-02-20 15:00:00,4.52944323192397
2012-02-20 16:00:00,4.81925038783083
2012-02-20 17:00:00,5.02487787293586
2012-02-20 18:00:00,4.52944323192397
2012-02-20 19:00:00,4.52944323192397
2012-02-20 20:00:00,4.57017720081199
2012-02-20 21:00:00,4.30507363306999
2012-02-20 22:00:00,4.1664828078143
2012-02-20 23:00:00,4.3201864969019
2012-02-21 00:00:00,3.52204563886376
2012-02-21 01:00:00,3.74875684343083
2012-02-21 02:00:00,3.58814482867598
2012-02-21 04:00:00,3.42713644650793
2012-02-21 05:00:00,3.24133429791229
2012-02-21 06:00:00,3.09019349486758
2012-02-21 07:00:00,3.42713644650793
2012-02-21 08:00:00,3.17852356506451
2012-02-21 09:00:00,3.03690954819052
2012-02-21 10:00:00,3.22008487258106
2012-02-21 11:00:00,3.55921209876215
2012-02-21 12:00:00,4.09878867824932
2012-02-21 13:00:00,4.19228536023234
2012-02-21 14:00:00,4.23460692657658
2012-02-21 15:00:00,4.19228536023234
2012-02-21 16:00:00,4.38795508795131
2012-02-21 17:00:00,4.79841205389293
2012-02-21 18:00:00,4.79841205389293
2012-02-21 19:00:00,4.31161292226102
2012-02-21 20:00:00,4.0467862093094
2012-02-21 21:00:00,3.84789196278821
2012-02-21 22:00:00,3.83703135016236
2012-02-21 23:00:00,3.64001305023281
2012-02-22 00:00:00,3.64001305023281
2012-02-22 01:00:00,3.60206324771745
2012-02-22 02:00:00,3.73843197988286
2012-02-22 03:00:00,3.79629738127434
2012-02-22 04:00:00,3.59599062438035
2012-02-22 05:00:00,3.58300967537599
2012-02-22 06:00:00,3.41018847578471
2012-02-22 07:00:00,3.42234208616054
2012-02-22 08:00:00,3.38768074060962
2012-02-22 09:00:00,3.57348288920526
2012-02-22 10:00:00,3.60854060216937
2012-02-22 11:00:00,3.78218914038918
2012-02-22 12:00:00,4.19949049383583
2012-02-22 13:00:00,4.47038983012456
2012-02-22 14:00:00,4.54975518743314
2012-02-22 15:00:00,5.36630372654615
2012-02-22 16:00:00,5.50557613770703
2012-02-22 17:00:00,5.3823078671688
2012-02-22 18:00:00,5.21931340700052
2012-02-22 19:00:00,5.05485086199885
2012-02-22 20:00:00,4.86214038773596
2012-02-22 21:00:00,5.3921901810524
2012-02-22 22:00:00,4.9003114705811
2012-02-22 23:00:00,5.13042126352121
2012-02-23 00:00:00,4.9003114705811
2012-02-23 01:00:00,4.64233750883614
2012-02-23 02:00:00,4.50340589062785
2012-02-23 03:00:00,4.18518387258274
2012-02-23 04:00:00,3.80865753721968
2012-02-23 05:00:00,3.80865753721968
2012-02-23 06:00:00,3.27224990207414
2012-02-23 07:00:00,3.44250821562253
2012-02-23 08:00:00,3.21200205526923
2012-02-23 09:00:00,3.4013139411591
2012-02-23 10:00:00,4.07610271067478
2012-02-23 11:00:00,4.79235102000005
2012-02-23 12:00:00,4.9842257919328
2012-02-23 13:00:00,5.08187295741491
2012-02-23 14:00:00,5.23067215474653
2012-02-23 15:00:00,5.25509052441939
2012-02-23 16:00:00,5.25426318579086
2012-02-23 17:00:00,5.29939816876385
2012-02-23 18:00:00,5.15432998905624
2012-02-23 19:00:00,4.95487366925268
2012-02-23 20:00:00,4.73740403236433
2012-02-23 21:00:00,4.55851020943594
2012-02-23 22:00:00,4.50199338025505
2012-02-23 23:00:00,4.33978226270374
2012-02-24 00:00:00,4.51829747412997
2012-02-24 01:00:00,4.26230122668361
2012-02-24 02:00:00,3.9303232807188
2012-02-24 03:00:00,3.66007962021785
2012-02-24 04:00:00,3.47427747162221
2012-02-24 05:00:00,3.73443570790791
2012-02-24 06:00:00,3.71538213556644
2012-02-24 07:00:00,4.03064469066024
2012-02-24 08:00:00,4.03721222337489
2012-02-24 09:00:00,3.45014725626215
2012-02-24 10:00:00,3.45317044788044
2012-02-24 11:00:00,3.64800468276451
2012-02-24 12:00:00,3.97335609731141
2012-02-24 13:00:00,4.14010467356559
2012-02-24 14:00:00,4.36096453512534
2012-02-24 15:00:00,3.56128186957041
2012-02-24 16:00:00,3.56128186957041
2012-02-24 17:00:00,3.38757775689001
2012-02-24 18:00:00,3.49391621570795
2012-02-24 19:00:00,3.77212024507712
2012-02-24 20:00:00,4.40545877189346
2012-02-24 21:00:00,5.27348854636433
2012-02-24 22:00:00,5.0200992540812
2012-02-24 23:00:00,5.02666678679586
2012-02-25 00:00:00,4.55865420437077
2012-02-25 01:00:00,4.44462750151127
2012-02-25 02:00:00,4.30224172046935
2012-02-25 03:00:00,4.21078669094715
2012-02-25 04:00:00,4.3054746029732
2012-02-25 05:00:00,4.50834424591006
2012-02-25 06:00:00,4.50834424591006
2012-02-25 07:00:00,4.18614704094451
2012-02-25 08:00:00,3.95526548383648
2012-02-25 09:00:00,3.22298336954538
2012-02-25 10:00:00,3.69115496059219
2012-02-25 11:00:00,4.50245821499661
2012-02-25 12:00:00,4.8428553294706
2012-02-25 13:00:00,4.74773644622922
2012-02-25 14:00:00,4.77603994995104
2012-02-25 15:00:00,4.75041884489492
2012-02-25 16:00:00,4.87072786197708
2012-02-25 17:00:00,4.55123937988173
2012-02-25 18:00:00,4.7604961149038
2012-02-25 19:00:00,4.36832932083734
2012-02-25 20:00:00,4.51065116371703
2012-02-25 21:00:00,4.24160688746548
2012-02-25 22:00:00,4.19205395841243
2012-02-25 23:00:00,4.08783926021566
2012-02-26 00:00:00,4.10951965676222
2012-02-26 01:00:00,4.0148956828984
2012-02-26 02:00:00,4.0148956828984
2012-02-26 03:00:00,4.06478104120242
2012-02-26 04:00:00,4.06478104120242
2012-02-26 05:00:00,3.94808030337885
2012-02-26 06:00:00,3.95504420350669
2012-02-26 07:00:00,3.69934790931261
2012-02-26 08:00:00,3.7309514594431
2012-02-26 09:00:00,3.87250990185649
2012-02-26 10:00:00,4.16582679505757
2012-02-26 11:00:00,4.24216896074786
2012-02-26 12:00:00,4.37704035782378
2012-02-26 13:00:00,4.48684113368173
2012-02-26 14:00:00,4.67303964969056
2012-02-26 15:00:00,4.72341991737213
2012-02-26 16:00:00,4.74981278659618
2012-02-26 17:00:00,4.79100706105962
2012-02-26 18:00:00,4.60831828234501
2012-02-26 19:00:00,4.642207863728
2012-02-26 20:00:00,4.38083531361
2012-02-26 21:00:00,4.22589955477906
2012-02-26 22:00:00,4.29890707025854
2012-02-26 23:00:00,3.78797478744578
2012-02-27 00:00:00,3.57000877322577
2012-02-27 01:00:00,3.48525237848528
2012-02-27 02:00:00,3.28690025210062
2012-02-27 03:00:00,3.13493211042738
2012-02-27 04:00:00,2.93001245132806
2012-02-27 05:00:00,2.93001245132806
2012-02-27 06:00:00,3.2582559554262
2012-02-27 07:00:00,3.4911037214926
2012-02-27 08:00:00,3.40779765567447
2012-02-27 09:00:00,3.59208553718553
2012-02-27 10:00:00,4.18805943323078
2012-02-27 11:00:00,4.35853902710897
2012-02-27 12:00:00,4.83877062602621
2012-02-27 13:00:00,4.67810303681077
2012-02-27 14:00:00,5.03438477928459
2012-02-27 15:00:00,5.57769237639576
2012-02-27 16:00:00,5.63186759986356
2012-02-27 17:00:00,5.68224786754513
2012-02-27 18:00:00,5.52731210871419
2012-02-27 19:00:00,5.39763042188626
2012-02-27 20:00:00,5.21790089662772
2012-02-27 21:00:00,5.03438477928459
2012-02-27 22:00:00,4.75389471866291
2012-02-27 23:00:00,4.48528141362669
2012-02-28 00:00:00,4.36540336775986
2012-02-28 01:00:00,4.06290048134064
2012-02-28 02:00:00,4.28649831602669
2012-02-28 03:00:00,5.00289237807529
2012-02-28 04:00:00,4.27059373488099
2012-02-28 05:00:00,4.27059373488099
2012-02-28 06:00:00,4.11572191421227
2012-02-28 07:00:00,4.03675292431688
2012-02-28 08:00:00,3.89140788981889
2012-02-28 09:00:00,4.07492400716202
2012-02-28 10:00:00,4.17217480523095
2012-02-28 11:00:00,4.47501848460276
2012-02-28 12:00:00,4.56915591279065
2012-02-28 13:00:00,4.66033408752247
2012-02-28 14:00:00,4.94144179588712
2012-02-28 15:00:00,5.04214675678968
2012-02-28 16:00:00,4.9917664891081
2012-02-28 17:00:00,5.04214675678968
2012-02-28 18:00:00,5.03946435812398
2012-02-28 19:00:00,4.98485816344085
2012-02-28 20:00:00,4.91011510054701
2012-02-28 21:00:00,4.24782073435976
2012-02-28 22:00:00,4.24782073435976
2012-02-28 23:00:00,3.96748479016303
2012-02-29 00:00:00,4.01124195066935
2012-02-29 01:00:00,4.1120024860325
2012-02-29 02:00:00,3.83206290924897
2012-02-29 03:00:00,3.45338356300865
2012-02-29 05:00:00,3.26758141441301
2012-02-29 06:00:00,3.54942004724527
2012-02-29 07:00:00,3.30676027651614
2012-02-29 08:00:00,3.49909535402429
2012-02-29 09:00:00,3.27282327487893
2012-02-29 10:00:00,3.27282327487893
2012-02-29 11:00:00,3.08088456478397
2012-02-29 12:00:00,3.0755281311542
2012-02-29 13:00:00,3.38783486802977
2012-02-29 14:00:00,3.38783486802977
2012-02-29 15:00:00,3.91767497046066
2012-02-29 16:00:00,3.70635004927802
2012-02-29 17:00:00,3.71538213556644
2012-02-29 18:00:00,3.43724183486424
2012-02-29 19:00:00,3.6772110527213
2012-02-29 20:00:00,3.57688964277987
2012-02-29 21:00:00,3.57688964277987
2012-02-29 22:00:00,3.48297349492176
2012-02-29 23:00:00,3.48297349492176
2012-03-20 00:00:00,4.37479277590408
2012-03-20 01:00:00,3.78376421131513
2012-03-20 02:00:00,3.84105280466396
2012-03-20 03:00:00,4.00575136475569
2012-03-20 04:00:00,4.0313724698118
2012-03-20 05:00:00,3.79436271490607
2012-03-20 06:00:00,3.89934917727077
2012-03-20 07:00:00,3.76436642177842
2012-03-20 08:00:00,4.01231889747034
2012-03-20 09:00:00,4.11073782712039
2012-03-20 10:00:00,3.9078042460213
2012-03-20 11:00:00,4.11568315857669
2012-03-20 12:00:00,4.43807531966752
2012-03-20 13:00:00,4.39990423682237
2012-03-20 14:00:00,4.78863996651711
2012-03-20 15:00:00,4.91147726584001
2012-03-20 16:00:00,4.8414026796121
2012-03-20 17:00:00,4.58570638541801
2012-03-20 18:00:00,4.7246380036263
2012-03-20 19:00:00,4.36758449698455
2012-03-20 20:00:00,4.46495480767629
2012-03-20 21:00:00,4.22146769831863
2012-03-20 22:00:00,4.06085568356378
2012-03-20 23:00:00,3.84946703371416
2012-03-21 00:00:00,3.66592294277049
2012-03-21 01:00:00,3.84916220532325
2012-03-21 02:00:00,3.69154404782661
2012-03-21 03:00:00,3.95170228411231
2012-03-21 04:00:00,3.91353120126716
2012-03-21 05:00:00,3.91353120126716
2012-03-21 06:00:00,3.75982751217956
2012-03-21 07:00:00,3.56755616333838
2012-03-21 08:00:00,3.51033150815178
2012-03-21 09:00:00,3.93264871177084
2012-03-21 10:00:00,4.11884722777967
2012-03-21 11:00:00,4.11884722777967
2012-03-21 12:00:00,4.22524941526459
2012-03-21 13:00:00,4.07410861221987
2012-03-21 14:00:00,4.25991076081551
2012-03-21 15:00:00,4.25991076081551
2012-03-21 16:00:00,4.22412212338379
2012-03-21 17:00:00,4.56212205768408
2012-03-21 18:00:00,4.50483346433525
2012-03-21 19:00:00,4.69103198034408
2012-03-21 20:00:00,4.09521220072379
2012-03-21 21:00:00,3.91893683829888
2012-03-21 22:00:00,3.89686007433912
2012-03-21 23:00:00,4.00326226182404
2012-03-22 00:00:00,3.84916220532325
2012-03-22 01:00:00,3.84916220532325
2012-03-22 02:00:00,3.84916220532325
2012-03-22 03:00:00,3.84916220532325
2012-03-22 04:00:00,3.52281775727383
2012-03-22 05:00:00,3.52281775727383
2012-03-22 06:00:00,3.52281775727383
2012-03-22 07:00:00,3.52281775727383
2012-03-22 08:00:00,3.73381003971025
2012-03-22 09:00:00,3.73381003971025
2012-03-22 10:00:00,3.58266923666554
2012-03-22 11:00:00,3.73676929316633
2012-03-22 12:00:00,4.07219797772211
2012-03-22 13:00:00,4.15546004752869
2012-03-22 14:00:00,4.47088830849167
2012-03-22 15:00:00,4.68912134584632
2012-03-22 16:00:00,4.78988188120946
2012-03-22 17:00:00,4.83067978825971
2012-03-22 18:00:00,4.83067978825971
2012-03-22 19:00:00,4.82645386125815
2012-03-22 20:00:00,4.5854015570271
2012-03-22 21:00:00,4.20315791654456
2012-03-22 22:00:00,4.03601297287719
2012-03-22 23:00:00,3.96926153151986
2012-03-23 00:00:00,3.91197293817103
2012-03-23 01:00:00,3.72617078957539
2012-03-23 02:00:00,3.78345938292422
2012-03-23 03:00:00,3.73273832229005
2012-03-23 04:00:00,3.74333682588098
2012-03-23 05:00:00,3.67652144636143
2012-03-23 06:00:00,3.82766224940614
2012-03-23 07:00:00,3.78758053206323
2012-03-23 08:00:00,3.76239039822245
2012-03-23 09:00:00,3.8948184218783
2012-03-23 10:00:00,4.07482480192721
2012-03-23 11:00:00,4.69287546193222
2012-03-23 12:00:00,5.19159855990855
2012-03-23 13:00:00,5.49601208082553
2012-03-23 14:00:00,5.71396826338981
2012-03-23 15:00:00,5.73302183573127
2012-03-23 16:00:00,5.75213934623495
2012-03-23 17:00:00,5.75213934623495
2012-03-23 18:00:00,5.39473031188033
2012-03-23 19:00:00,5.22758536821296
2012-03-23 20:00:00,5.26498468689018
2012-03-23 21:00:00,5.094790311504
2012-03-23 22:00:00,4.87236060839907
2012-03-23 23:00:00,4.66704458188656
2012-03-24 00:00:00,4.46425507982629
2012-03-24 01:00:00,4.33534515716628
2012-03-24 02:00:00,4.18425992858216
2012-03-24 03:00:00,4.18425992858216
2012-03-24 04:00:00,3.96334449256181
2012-03-24 05:00:00,4.23302951501824
2012-03-24 06:00:00,4.23302951501824
2012-03-24 07:00:00,4.02771348850573
2012-03-24 08:00:00,3.91474376830616
2012-03-24 09:00:00,4.21391200451456
2012-03-24 10:00:00,4.12613241815577
2012-03-24 11:00:00,3.91474376830616
2012-03-24 12:00:00,3.82095528727724
2012-03-24 13:00:00,3.8400088596187
2012-03-24 14:00:00,4.05796504218298
2012-03-24 15:00:00,3.8847474751785
2012-03-24 16:00:00,3.80840530948822
2012-03-24 17:00:00,3.91184824351706
2012-03-24 18:00:00,3.64060811427573
2012-03-24 19:00:00,3.58331952092691
2012-03-24 20:00:00,3.41049832133562
2012-03-24 21:00:00,3.41049832133562
2012-03-24 22:00:00,3.44866940418077
2012-03-24 23:00:00,3.79208155606666
2012-03-25 00:00:00,3.79208155606666
2012-03-25 01:00:00,3.56157539571337
2012-03-25 02:00:00,3.41706585405028
2012-03-25 03:00:00,3.568206657095
2012-03-25 04:00:00,3.76047800593618
2012-03-25 05:00:00,3.50172391632166
2012-03-25 06:00:00,3.50172391632166
2012-03-25 07:00:00,3.70062652654447
2012-03-25 08:00:00,3.70062652654447
2012-03-25 09:00:00,3.65286471936637
2012-03-25 10:00:00,3.87695746342997
2012-03-25 11:00:00,3.65286471936637
2012-03-25 12:00:00,3.63381114702491
2012-03-25 13:00:00,3.80663234661619
2012-03-25 14:00:00,3.86688019342109
2012-03-25 15:00:00,3.88593376576255
2012-03-25 16:00:00,3.93709737606109
2012-03-25 17:00:00,4.18018811800556
2012-03-25 18:00:00,4.18018811800556
2012-03-25 19:00:00,4.28511064220804
2012-03-25 20:00:00,4.08025492127094
2012-03-25 21:00:00,4.0420838384258
2012-03-25 22:00:00,3.83676781191328
2012-03-25 23:00:00,3.89701565871818
2012-03-26 00:00:00,4.02393803542385
2012-03-26 01:00:00,3.8591755371699
2012-03-26 02:00:00,3.62873331497883
2012-03-26 03:00:00,3.76075660751986
2012-03-26 04:00:00,3.68185155578669
2012-03-26 05:00:00,3.80780222499062
2012-03-26 06:00:00,3.64065728132325
2012-03-26 07:00:00,3.95280646653601
2012-03-26 08:00:00,4.22382531544756
2012-03-26 09:00:00,4.6996998852962
2012-03-26 10:00:00,5.28774609796718
2012-03-26 11:00:00,5.3538452877794
2012-03-26 12:00:00,5.26529393725268
2012-03-26 13:00:00,5.47104093498053
2012-03-26 14:00:00,5.2175960682368
2012-03-26 15:00:00,5.42327912780243
2012-03-26 16:00:00,5.54315717366926
2012-03-26 17:00:00,5.38405942599898
2012-03-26 18:00:00,5.2738276789257
2012-03-26 19:00:00,5.20667150645355
2012-03-26 20:00:00,5.20142622174497
2012-03-26 21:00:00,5.14725099827717
2012-03-26 22:00:00,4.82118339402293
2012-03-26 23:00:00,4.74621905079931
2012-03-27 00:00:00,4.72102891695853
2012-03-27 01:00:00,4.62260998730848
2012-03-27 02:00:00,4.23691218399232
2012-03-27 03:00:00,4.256029694496
2012-03-27 04:00:00,4.16445515235099
2012-03-27 05:00:00,3.99080661413119
2012-03-27 06:00:00,3.99376586758726
2012-03-27 07:00:00,3.99376586758726
2012-03-27 08:00:00,4.00033340030192
2012-03-27 09:00:00,3.96857573374647
2012-03-27 10:00:00,4.18336297196912
2012-03-27 11:00:00,4.42590323007544
2012-03-27 12:00:00,4.48615107688034
2012-03-27 13:00:00,4.60202447607539
2012-03-27 14:00:00,5.00366248185199
2012-03-27 15:00:00,5.07840554474583
2012-03-27 16:00:00,5.07840554474583
2012-03-27 17:00:00,5.23941392691387
2012-03-27 18:00:00,5.21126453961701
2012-03-27 19:00:00,5.15397594626818
2012-03-27 20:00:00,5.21126453961701
2012-03-27 21:00:00,4.45510960003223
2012-03-27 22:00:00,4.43599208952855
2012-03-27 23:00:00,4.4741631723737
2012-03-28 00:00:00,4.39563351739526
2012-03-28 01:00:00,4.25401950052128
2012-03-28 02:00:00,4.05834977280231
2012-03-28 03:00:00,4.2537982201915
2012-03-28 04:00:00,4.32958990204364
2012-03-28 05:00:00,4.32958990204364
2012-03-28 06:00:00,4.29219058336642
2012-03-28 07:00:00,4.27313701102496
2012-03-28 08:00:00,4.53238923575964
2012-03-28 09:00:00,4.72549607743573
2012-03-28 10:00:00,4.93670964020194
2012-03-28 11:00:00,5.0125652602163
2012-03-28 12:00:00,5.41150099828533
2012-03-28 13:00:00,5.12955121653188
2012-03-28 14:00:00,5.6348534366671
2012-03-28 15:00:00,5.74309910574015
2012-03-28 16:00:00,5.38599817884418
2012-03-28 17:00:00,4.93495006091707
2012-03-28 18:00:00,4.93495006091707
2012-03-28 19:00:00,5.07644456516825
2012-03-28 20:00:00,5.1432599446878
2012-03-28 21:00:00,4.71380498086532
2012-03-28 22:00:00,4.47645443300699
2012-03-28 23:00:00,4.31584241825213
2012-03-29 00:00:00,4.35401350109727
2012-03-29 01:00:00,4.57721496837013
2012-03-29 02:00:00,5.7887322128381
2012-03-29 03:00:00,5.51988926377047
2012-03-29 04:00:00,5.13802102004267
2012-03-29 05:00:00,4.83200839632924
2012-03-29 06:00:00,4.37830076870308
2012-03-29 07:00:00,4.64663721894893
2012-03-29 08:00:00,4.78556883715722
2012-03-29 09:00:00,4.82062655012133
2012-03-29 10:00:00,4.8046863476609
2012-03-29 11:00:00,4.9560484310354
2012-03-29 12:00:00,5.07931670157364
2012-03-29 13:00:00,4.80391458349297
2012-03-29 14:00:00,4.99344774971262
2012-03-29 15:00:00,5.12926599803987
2012-03-29 16:00:00,5.18578282722077
2012-03-29 17:00:00,5.17357364238434
2012-03-29 18:00:00,5.03084706838983
2012-03-29 19:00:00,4.96146880282739
2012-03-29 20:00:00,4.93593787603401
2012-03-29 21:00:00,4.71541880742685
2012-03-29 22:00:00,4.65517096062195
2012-03-29 23:00:00,4.58912734527032
2012-03-30 00:00:00,4.52927586587861
2012-03-30 01:00:00,4.38393083138062
2012-03-30 02:00:00,4.07768856363578
2012-03-30 03:00:00,3.77118103054479
2012-03-30 04:00:00,4.00436958956378
2012-03-30 05:00:00,3.74260067203259
2012-03-30 06:00:00,3.87194156590793
2012-03-30 07:00:00,3.8312075970199
2012-03-30 08:00:00,3.60449639245283
2012-03-30 09:00:00,3.89105907641161
2012-03-30 10:00:00,4.19497447320363
2012-03-30 11:00:00,4.28916747585212
2012-03-30 12:00:00,4.32382882140304
2012-03-30 13:00:00,4.31168336523359
2012-03-30 14:00:00,4.21092282987044
2012-03-30 15:00:00,4.27077430926215
2012-03-30 16:00:00,4.19073038719914
2012-03-30 17:00:00,4.3257131426915
2012-03-30 18:00:00,4.34598102886526
2012-03-30 19:00:00,4.10372598925095
2012-03-30 20:00:00,4.0655549064058
2012-03-30 21:00:00,3.88542901373408
2012-03-30 22:00:00,3.59864504944551
2012-03-30 23:00:00,3.61375791327742
2012-03-31 00:00:00,3.63474024236521
2012-03-31 01:00:00,4.06811604565538
2012-03-31 02:00:00,4.14094847405145
2012-03-31 03:00:00,3.73315917201525
2012-03-31 04:00:00,4.02394778297559
2012-03-31 05:00:00,3.71410559967379
2012-03-31 06:00:00,3.53177234867205
2012-03-31 07:00:00,3.53177234867205
2012-03-31 08:00:00,3.55082592101351
2012-03-31 09:00:00,4.06811604565538
2012-03-31 10:00:00,4.02994496281023
2012-03-31 11:00:00,4.08866915032114
2012-03-31 12:00:00,4.18899871446895
2012-03-31 13:00:00,4.63154577621699
2012-03-31 14:00:00,4.73380900021567
2012-03-31 15:00:00,4.91393489288739
2012-03-31 16:00:00,4.76245329689008
2012-03-31 17:00:00,4.45619629438496
2012-03-31 18:00:00,4.46077774909939
2012-03-31 19:00:00,4.19420609652399
2012-03-31 20:00:00,4.27999960488255
2012-03-31 21:00:00,4.27999960488255
2012-03-31 22:00:00,4.17198995089955
2012-03-31 23:00:00,3.82495813980609
2012-04-20 00:00:00,4.14163180674995
2012-04-20 01:00:00,3.76075660751986
2012-04-20 02:00:00,3.54976432508344
2012-04-20 03:00:00,3.49253966989683
2012-04-20 04:00:00,3.28115102004721
2012-04-20 05:00:00,3.21433564052766
2012-04-20 06:00:00,3.36547644357237
2012-04-20 07:00:00,3.21433564052766
2012-04-20 08:00:00,3.27458348733256
2012-04-20 09:00:00,3.54286436311781
2012-04-20 10:00:00,4.0068066029204
2012-04-20 11:00:00,4.33495992875581
2012-04-20 12:00:00,4.85196483490567
2012-04-20 13:00:00,5.40391630509846
2012-04-20 14:00:00,5.39784368176136
2012-04-20 15:00:00,5.30315576973532
2012-04-20 16:00:00,5.37872617125768
2012-04-20 17:00:00,5.36044436308415
2012-04-20 18:00:00,5.28487396156179
2012-04-20 19:00:00,5.1520149666906
2012-04-20 20:00:00,4.75734086104185
2012-04-20 21:00:00,4.37569389764384
2012-04-20 22:00:00,4.39218458394242
2012-04-20 23:00:00,4.15483403608409
2012-04-21 00:00:00,4.20035424746755
2012-04-21 01:00:00,4.20035424746755
2012-04-21 02:00:00,4.14306565411872
2012-04-21 03:00:00,4.01415573145872
2012-04-21 04:00:00,4.03320930380018
2012-04-21 05:00:00,4.03320930380018
2012-04-21 06:00:00,4.01415573145872
2012-04-21 07:00:00,4.05232681430386
2012-04-21 08:00:00,4.11864728444587
2012-04-21 09:00:00,4.22243101142731
2012-04-21 10:00:00,4.98654289563764
2012-04-21 11:00:00,5.09075759383441
2012-04-21 12:00:00,5.18455422906971
2012-04-21 13:00:00,5.26012463059207
2012-04-21 14:00:00,5.58525476480918
2012-04-21 15:00:00,5.77712953674193
2012-04-21 16:00:00,5.68946946300596
2012-04-21 17:00:00,6.31176078477279
2012-04-21 18:00:00,5.89042847144506
2012-04-21 19:00:00,4.6417853278524
2012-04-21 20:00:00,4.11068691557765
2012-04-21 21:00:00,4.16797550892647
2012-04-21 22:00:00,4.00200212108288
2012-04-21 23:00:00,4.15421464154781
2012-04-22 00:00:00,4.09692604819898
2012-04-22 01:00:00,4.18285893822222
2012-04-22 02:00:00,4.18412882651511
2012-04-22 03:00:00,4.01802099646581
2012-04-22 04:00:00,4.14397166566974
2012-04-22 05:00:00,4.18214274851488
2012-04-22 06:00:00,4.37490879723837
2012-04-22 07:00:00,4.05372752573719
2012-04-22 08:00:00,3.78199248711831
2012-04-22 09:00:00,3.78199248711831
2012-04-22 10:00:00,3.7695064474915
2012-04-22 11:00:00,3.62443826778389
2012-04-22 12:00:00,3.64355577828757
2012-04-22 13:00:00,3.78856001983296
2012-04-22 14:00:00,3.64355577828757
2012-04-22 15:00:00,3.68172686113272
2012-04-22 16:00:00,3.71989794397786
2012-04-22 17:00:00,3.26870700914822
2012-04-22 18:00:00,3.26870700914822
2012-04-22 19:00:00,3.46754568120881
2012-04-22 20:00:00,3.30944097803624
2012-04-22 21:00:00,3.4415282087395
2012-04-22 22:00:00,3.3474463550122
2012-04-22 23:00:00,3.58051540140838
2012-04-23 00:00:00,3.49754029688711
2012-04-23 01:00:00,3.18812908480064
2012-04-23 02:00:00,3.34222935079668
2012-04-23 03:00:00,3.46472585716698
2012-04-23 04:00:00,3.23172053943777
2012-04-23 05:00:00,3.23172053943777
2012-04-23 06:00:00,3.3541533171411
2012-04-23 07:00:00,3.21260302893409
2012-04-23 08:00:00,3.5244116306895
2012-04-23 09:00:00,3.56258271353464
2012-04-23 10:00:00,3.77046162609004
2012-04-23 11:00:00,3.72966371903979
2012-04-23 12:00:00,3.59117122625322
2012-04-23 13:00:00,3.73623940596083
2012-04-23 14:00:00,3.93541887097402
2012-04-23 15:00:00,4.13025310585808
2012-04-23 16:00:00,3.21917056164875
2012-04-23 17:00:00,3.1749268554665
2012-04-23 18:00:00,3.31621166883212
2012-04-23 19:00:00,3.61275329033067
2012-04-23 20:00:00,3.57458220748552
2012-04-23 21:00:00,3.42655477432183
2012-04-23 22:00:00,3.37164862638643
2012-04-23 23:00:00,3.35259505404497
2012-04-24 00:00:00,3.61531617637355
2012-04-24 01:00:00,3.48936550716962
2012-04-24 02:00:00,3.2456979571825
2012-04-24 03:00:00,3.20456762088128
2012-04-24 04:00:00,3.40269010323454
2012-04-24 05:00:00,3.40269010323454
2012-04-24 06:00:00,3.42180761373822
2012-04-24 07:00:00,3.62059071133822
2012-04-24 08:00:00,3.78767171684337
2012-04-24 09:00:00,4.56744694872376
2012-04-24 10:00:00,4.58912734527032
2012-04-24 11:00:00,5.16955740626833
2012-04-24 12:00:00,5.2801855207548
2012-04-24 13:00:00,5.34003700014652
2012-04-24 14:00:00,5.44079753550966
2012-04-24 15:00:00,5.51023137553269
2012-04-24 16:00:00,5.36707383032285
2012-04-24 17:00:00,5.57661578383692
2012-04-24 18:00:00,5.36898446482062
2012-04-24 19:00:00,5.53119558237192
2012-04-24 20:00:00,5.44353550863595
2012-04-24 21:00:00,5.3239574160214
2012-04-24 22:00:00,4.82761676345849
2012-04-24 23:00:00,4.6822717289605
2012-04-25 00:00:00,4.68523098241658
2012-04-25 01:00:00,4.54941273408932
2012-04-25 02:00:00,3.84046911784449
2012-04-25 03:00:00,3.51588946746552
2012-04-25 04:00:00,3.67689784963356
2012-04-25 05:00:00,3.67946073567645
2012-04-25 06:00:00,3.67946073567645
2012-04-25 07:00:00,3.55351006647252
2012-04-25 08:00:00,3.48484799061741
2012-04-25 09:00:00,4.2219409941591
2012-04-25 10:00:00,5.02619017017294
2012-04-25 11:00:00,5.16243938971553
2012-04-25 12:00:00,5.41890744807754
2012-04-25 13:00:00,5.49096811230568
2012-04-25 14:00:00,5.67759759952985
2012-04-25 15:00:00,5.68937581315094
2012-04-25 16:00:00,5.94912294726317
2012-04-25 17:00:00,5.93000543675949
2012-04-25 18:00:00,5.92047865058876
2012-04-25 19:00:00,5.86319005723993
2012-04-25 20:00:00,5.50585969580781
2012-04-25 21:00:00,4.65863671289981
2012-04-25 22:00:00,4.53771004807468
2012-04-25 23:00:00,4.81698579486405
2012-04-26 00:00:00,4.39756411603409
2012-04-26 01:00:00,4.8327047169947
2012-04-26 02:00:00,4.66590056627993
2012-04-26 03:00:00,4.6563737801092
2012-04-26 04:00:00,4.55561324474606
2012-04-26 05:00:00,4.4834330678951
2012-04-26 06:00:00,4.55977523358539
2012-04-26 07:00:00,3.91457638498762
2012-04-26 08:00:00,3.80958992262292
2012-04-26 09:00:00,3.63939554723674
2012-04-26 10:00:00,3.66140858252952
2012-04-26 11:00:00,3.69957966537466
2012-04-26 12:00:00,4.09972971727599
2012-04-26 13:00:00,4.08378951481556
2012-04-26 14:00:00,4.34928944997075
2012-04-26 15:00:00,4.22383369014438
2012-04-26 16:00:00,4.15701831062482
2012-04-26 17:00:00,4.10824872418874
2012-04-26 18:00:00,4.34928944997075
2012-04-26 19:00:00,4.36840696047444
2012-04-26 20:00:00,4.1273022965302
2012-04-26 21:00:00,3.93503115718427
2012-04-26 22:00:00,3.89686007433912
2012-04-26 23:00:00,3.71066155833029
2012-04-27 00:00:00,4.58303999816814
2012-04-27 01:00:00,4.62250406776808
2012-04-27 02:00:00,4.54353507787269
2012-04-27 03:00:00,4.77341522678138
2012-04-27 04:00:00,4.63605345011827
2012-04-27 05:00:00,4.70286882963782
2012-04-27 06:00:00,4.60139210456734
2012-04-27 07:00:00,4.38393083138062
2012-04-27 08:00:00,4.26285005013053
2012-04-27 09:00:00,4.78873778149884
2012-04-27 10:00:00,4.95242856233258
2012-04-27 11:00:00,4.89520390714598
2012-04-27 12:00:00,5.02448922656072
2012-04-27 13:00:00,5.11917713858676
2012-04-27 14:00:00,5.08100605574162
2012-04-27 15:00:00,5.46703628830875
2012-04-27 16:00:00,5.31435195692818
2012-04-27 17:00:00,5.58648336296025
2012-04-27 18:00:00,5.48192787181088
2012-04-27 19:00:00,5.39041726782809
2012-04-27 20:00:00,5.10274202674878
2012-04-27 21:00:00,5.00203706584623
2012-04-27 22:00:00,4.78719425316298
2012-04-27 23:00:00,4.6769625060897
2012-04-28 00:00:00,4.5981018898144
2012-04-28 01:00:00,4.2674412523967
2012-04-28 02:00:00,4.41815108422608
2012-04-28 03:00:00,4.1850820378299
2012-04-28 04:00:00,4.20676243437647
2012-04-28 05:00:00,4.26321532539514
2012-04-28 06:00:00,4.22581600671793
2012-04-28 07:00:00,4.20676243437647
2012-04-28 08:00:00,4.65455478083308
2012-04-28 09:00:00,4.86624338393497
2012-04-28 10:00:00,4.89565944477731
2012-04-28 11:00:00,4.85748836193217
2012-04-28 12:00:00,4.71510258089025
2012-04-28 13:00:00,4.92649123073987
2012-04-28 14:00:00,4.8059808023698
2012-04-28 15:00:00,4.80675256653773
2012-04-28 16:00:00,5.14544045780186
2012-04-28 17:00:00,4.97145112662945
2012-04-28 18:00:00,4.50143605399451
2012-04-28 19:00:00,3.74254314128345
2012-04-28 20:00:00,4.13572950255218
2012-04-28 21:00:00,3.78071422412859
2012-04-28 22:00:00,3.91569697962094
2012-04-28 23:00:00,3.94111675749314
2012-04-29 00:00:00,3.49064180287559
2012-04-29 01:00:00,3.66379564121308
2012-04-29 02:00:00,3.55345274521861
2012-04-29 03:00:00,3.55082592101351
2012-04-29 04:00:00,3.51265483816837
2012-04-29 05:00:00,3.26465021225851
2012-04-29 06:00:00,3.23041983792292
2012-04-29 07:00:00,3.45240699136347
2012-04-29 08:00:00,3.74770996256478
2012-04-29 09:00:00,3.93390847857361
2012-04-29 10:00:00,4.06594013481627
2012-04-29 11:00:00,4.53179300911663
2012-04-29 12:00:00,4.83518717232659
2012-04-29 13:00:00,4.86984851787752
2012-04-29 14:00:00,5.2006203042164
2012-04-29 15:00:00,5.27077033394677
2012-04-29 16:00:00,5.83609912055711
2012-04-29 17:00:00,5.92810463391746
2012-04-29 18:00:00,5.94376798158751
2012-04-29 19:00:00,5.32115060162835
2012-04-29 20:00:00,5.36814064463851
2012-04-29 21:00:00,4.87357953550152
2012-04-29 22:00:00,4.80303313835796
2012-04-29 23:00:00,4.39051978519524
2012-04-30 00:00:00,3.89558181134941
2012-04-30 01:00:00,3.69985650916984
2012-04-30 02:00:00,3.87957767072675
2012-04-30 03:00:00,3.7128930326348
2012-04-30 04:00:00,4.06253171478751
2012-04-30 05:00:00,4.06253171478751
2012-04-30 06:00:00,4.46246048635906
2012-04-30 07:00:00,4.3868900848367
2012-04-30 08:00:00,4.5632210217222
2012-04-30 09:00:00,4.78520817516275
2012-04-30 10:00:00,4.87638634989457
2012-04-30 11:00:00,4.82289271233197
2012-04-30 12:00:00,4.76637588315107
2012-04-30 13:00:00,4.75713431547234
2012-04-30 14:00:00,4.7448056180131
2012-04-30 15:00:00,4.78599989247654
2012-04-30 16:00:00,4.61538605121527
2012-04-30 17:00:00,4.59633247887381
2012-04-30 18:00:00,4.85649071515951
2012-04-30 19:00:00,4.71493227274612
2012-04-30 20:00:00,4.7424640123
2012-04-30 21:00:00,4.7424640123
2012-04-30 22:00:00,4.82417097532169
2012-04-30 23:00:00,4.86234205816683
2012-05-20 00:00:00,4.90892246695764
2012-05-20 01:00:00,4.80704937447396
2012-05-20 02:00:00,4.80704937447396
2012-05-20 03:00:00,4.70372595306794
2012-05-20 04:00:00,4.3411965001736
2012-05-20 05:00:00,4.18971490417629
2012-05-20 06:00:00,4.43547968108483
2012-05-20 07:00:00,4.40794794153094
2012-05-20 08:00:00,4.81127530147552
2012-05-20 09:00:00,5.83336114743082
2012-05-20 10:00:00,5.81162517642366
2012-05-20 11:00:00,5.78036241924577
2012-05-20 12:00:00,5.84061026605067
2012-05-20 13:00:00,5.78677583553547
2012-05-20 14:00:00,5.86306242676517
2012-05-20 15:00:00,6.04425167315547
2012-05-20 16:00:00,5.76837451473913
2012-05-20 17:00:00,5.67375054087531
2012-05-20 18:00:00,5.52260973783059
2012-05-20 19:00:00,5.20783372841273
2012-05-20 20:00:00,5.20783372841273
2012-05-20 21:00:00,4.92740760595327
2012-05-20 22:00:00,4.72822814094008
2012-05-20 23:00:00,4.61031287978895
2012-05-21 00:00:00,4.08595884510077
2012-05-21 01:00:00,4.12412992794592
2012-05-21 02:00:00,3.84592589857675
2012-05-21 03:00:00,4.19886483663337
2012-05-21 04:00:00,4.02571099829588
2012-05-21 05:00:00,4.02571099829588
2012-05-21 06:00:00,4.02571099829588
2012-05-21 07:00:00,4.02571099829588
2012-05-21 08:00:00,3.99706670162146
2012-05-21 09:00:00,3.97801312928
2012-05-21 10:00:00,4.07643205893004
2012-05-21 11:00:00,4.35904588017289
2012-05-21 12:00:00,4.4162705353595
2012-05-21 13:00:00,4.243116697022
2012-05-21 14:00:00,4.20494561417686
2012-05-21 15:00:00,4.81034796392373
2012-05-21 16:00:00,4.84851904676887
2012-05-21 17:00:00,5.00913106152372
2012-05-21 18:00:00,4.53113615529657
2012-05-21 19:00:00,4.68222138388069
2012-05-21 20:00:00,4.65095026300117
2012-05-21 21:00:00,4.62236990448898
2012-05-21 22:00:00,4.73104654477736
2012-05-21 23:00:00,4.5854015570271
2012-05-22 00:00:00,4.13443190252724
2012-05-22 01:00:00,4.2800768902775
2012-05-22 02:00:00,4.26102331793604
2012-05-22 03:00:00,4.26102331793604
2012-05-22 04:00:00,4.11299588477235
2012-05-22 05:00:00,3.95889561877632
2012-05-22 06:00:00,3.90167096358971
2012-05-22 07:00:00,3.90167096358971
2012-05-22 08:00:00,4.09387837426867
2012-05-22 09:00:00,4.32087479732775
2012-05-22 10:00:00,4.49754652716585
2012-05-22 11:00:00,4.44025793381702
2012-05-22 12:00:00,4.56692479272829
2012-05-22 13:00:00,4.68630792921756
2012-05-22 14:00:00,4.75312330873712
2012-05-22 15:00:00,5.00384178080359
2012-05-22 16:00:00,4.95351708758261
2012-05-22 17:00:00,5.18313197114516
2012-05-22 18:00:00,4.97257065992407
2012-05-22 19:00:00,4.76809033574171
2012-05-22 20:00:00,4.62653189332832
2012-05-22 21:00:00,4.3639912116292
2012-05-22 22:00:00,4.46136152232094
2012-05-22 23:00:00,4.47088830849167
2012-05-23 00:00:00,4.3639912116292
2012-05-23 01:00:00,4.13705872673234
2012-05-23 02:00:00,4.35904588017289
2012-05-23 03:00:00,4.28508615989603
2012-05-23 04:00:00,4.14509413478515
2012-05-23 05:00:00,3.99706670162146
2012-05-23 06:00:00,3.85283764848666
2012-05-23 07:00:00,3.97222078497593
2012-05-23 08:00:00,3.97222078497593
2012-05-23 09:00:00,4.50010941320873
2012-05-23 10:00:00,4.33541085311701
2012-05-23 11:00:00,4.46432077577701
2012-05-23 12:00:00,4.90420853732124
2012-05-23 13:00:00,4.82595573713319
2012-05-23 14:00:00,4.87181012456093
2012-05-23 15:00:00,5.16854034089531
2012-05-23 16:00:00,5.05267509590664
2012-05-23 17:00:00,4.68073000576277
2012-05-23 18:00:00,4.68073000576277
2012-05-23 19:00:00,4.41929372697779
2012-05-23 20:00:00,4.37159585796192
2012-05-23 21:00:00,4.31430726461309
2012-05-23 22:00:00,4.41929372697779
2012-05-23 23:00:00,4.11794121622866
2012-05-24 00:00:00,4.08936085771647
2012-05-24 01:00:00,3.90355870912083
2012-05-24 02:00:00,3.846270115772
2012-05-24 03:00:00,4.13507264873211
2012-05-24 04:00:00,4.17324373157725
2012-05-24 05:00:00,4.17324373157725
2012-05-24 06:00:00,4.17324373157725
2012-05-24 07:00:00,4.0988876438872
2012-05-24 08:00:00,4.48994188083313
2012-05-24 09:00:00,4.50905939133681
2012-05-24 10:00:00,4.75171079836432
2012-05-24 11:00:00,4.81156227775603
2012-05-24 12:00:00,5.08893896849668
2012-05-24 13:00:00,5.28811843350987
2012-05-24 14:00:00,5.36095086190593
2012-05-24 15:00:00,5.3800044342474
2012-05-24 16:00:00,5.44681981376695
2012-05-24 17:00:00,5.39912194475108
2012-05-24 18:00:00,5.39310489587457
2012-05-24 19:00:00,5.13740860168048
2012-05-24 20:00:00,5.02824857202741
2012-05-24 21:00:00,4.43194203723594
2012-05-24 22:00:00,4.56692479272829
2012-05-24 23:00:00,4.58597836506975
2012-05-25 00:00:00,4.17818906303356
2012-05-25 01:00:00,4.14960870452137
2012-05-25 02:00:00,4.31430726461309
2012-05-25 03:00:00,4.19492412812382
2012-05-25 04:00:00,4.12810874860426
2012-05-25 05:00:00,4.18539734195309
2012-05-25 06:00:00,4.19492412812382
2012-05-25 07:00:00,4.23309521096896
2012-05-25 08:00:00,4.22998184108793
2012-05-25 09:00:00,4.24903541342939
2012-05-25 10:00:00,4.5382657612936
2012-05-25 11:00:00,4.51914825078992
2012-05-25 12:00:00,5.007517223967
2012-05-25 13:00:00,5.1273313316716
2012-05-25 14:00:00,5.22809186703475
2012-05-25 15:00:00,5.28560174071336
2012-05-25 16:00:00,5.5566205896249
2012-05-25 17:00:00,5.34289033406218
2012-05-25 18:00:00,5.28560174071336
2012-05-25 19:00:00,5.20367349736189
2012-05-25 20:00:00,4.95077911445632
2012-05-25 21:00:00,4.93166160395264
2012-05-25 22:00:00,4.56579750084749
2012-05-25 23:00:00,4.48152765178293
2012-05-26 00:00:00,4.31148886077581
2012-05-26 01:00:00,4.29237135027212
2012-05-26 02:00:00,4.14123054722741
2012-05-26 03:00:00,4.08711926192183
2012-05-26 04:00:00,4.10617283426329
2012-05-26 05:00:00,4.36871351596241
2012-05-26 06:00:00,4.14434391710844
2012-05-26 07:00:00,4.34727749820753
2012-05-26 08:00:00,4.47817349886776
2012-05-26 09:00:00,4.33054243311727
2012-05-26 10:00:00,4.69061913137732
2012-05-26 11:00:00,4.91755161627417
2012-05-26 12:00:00,5.25828952370075
2012-05-26 13:00:00,5.35927133939368
2012-05-26 14:00:00,5.37838884989736
2012-05-26 15:00:00,5.41655993274251
2012-05-26 16:00:00,5.67453389448747
2012-05-26 17:00:00,5.91184360264548
2012-05-26 18:00:00,5.81382104040863
2012-05-26 19:00:00,5.4802766771413
2012-05-26 20:00:00,5.67800279208137
2012-05-26 21:00:00,5.50167185519587
2012-05-26 22:00:00,4.95572269911932
2012-05-26 23:00:00,4.95572269911932
2012-05-27 00:00:00,5.12633654038058
2012-05-27 01:00:00,4.75632195377634
2012-05-27 02:00:00,4.72166060822542
2012-05-27 03:00:00,4.68348952538028
2012-05-27 04:00:00,4.33054243311727
2012-05-27 05:00:00,4.33054243311727
2012-05-27 06:00:00,4.31148886077581
2012-05-27 07:00:00,4.12529034476698
2012-05-27 08:00:00,4.33054243311727
2012-05-27 09:00:00,4.46975926981756
2012-05-27 10:00:00,4.83562337292271
2012-05-27 11:00:00,5.19804167689585
2012-05-27 12:00:00,5.27734309604221
2012-05-27 13:00:00,5.50054456331507
2012-05-27 14:00:00,5.53871564616021
2012-05-27 15:00:00,5.70897395970861
2012-05-27 16:00:00,5.70897395970861
2012-05-27 17:00:00,5.7940711474017
2012-05-27 18:00:00,5.56735994283463
2012-05-27 19:00:00,5.50054456331507
2012-05-27 20:00:00,5.43696206629936
2012-05-27 21:00:00,5.05514597278949
2012-05-27 22:00:00,4.25533571351416
2012-05-27 23:00:00,4.34120466537518
2012-05-28 00:00:00,4.25857570836348
2012-05-28 01:00:00,4.71406287941555
2012-05-28 02:00:00,4.19832786155858
2012-05-28 03:00:00,4.53215744331791
2012-05-28 04:00:00,4.32723778421859
2012-05-28 05:00:00,4.32723778421859
2012-05-28 06:00:00,4.53215744331791
2012-05-28 07:00:00,4.36803569126883
2012-05-28 08:00:00,4.64803084251296
2012-05-28 09:00:00,4.96965123943586
2012-05-28 10:00:00,4.96965123943586
2012-05-28 11:00:00,5.04966884828956
2012-05-28 12:00:00,5.27052870984931
2012-05-28 13:00:00,5.64124475140061
2012-05-28 14:00:00,5.64124475140061
2012-05-28 15:00:00,5.82710247445685
2012-05-28 16:00:00,5.84621998496053
2012-05-28 17:00:00,5.82710247445685
2012-05-28 18:00:00,5.69128422612959
2012-05-28 19:00:00,5.73219328210102
2012-05-28 20:00:00,5.49561449841062
2012-05-28 21:00:00,5.32547569748504
2012-05-28 22:00:00,5.028273670235
2012-05-28 23:00:00,4.92751313487185
2012-05-29 00:00:00,4.67741865983167
2012-05-29 01:00:00,4.67741865983167
2012-05-29 02:00:00,4.41838771542678
2012-05-29 03:00:00,4.61460792698389
2012-05-29 04:00:00,4.48152765178293
2012-05-29 05:00:00,4.48152765178293
2012-05-29 06:00:00,4.48152765178293
2012-05-29 07:00:00,4.48152765178293
2012-05-29 08:00:00,4.8033693290356
2012-05-29 09:00:00,5.0021524266356
2012-05-29 10:00:00,5.09104457011492
2012-05-29 11:00:00,5.35241712023292
2012-05-29 12:00:00,5.72821274062361
2012-05-29 13:00:00,5.90180570438282
2012-05-29 14:00:00,5.92085927672428
2012-05-29 15:00:00,5.97737610590518
2012-05-29 16:00:00,6.04412754726252
2012-05-29 17:00:00,6.01214860037729
2012-05-29 18:00:00,5.92402822106591
2012-05-29 19:00:00,5.64248954148592
2012-05-29 20:00:00,5.32939946199338
2012-05-29 21:00:00,4.18141852129475
2012-05-29 22:00:00,4.18539734195309
2012-05-29 23:00:00,3.74396262783034
2012-05-30 00:00:00,4.05682800275043
2012-05-30 01:00:00,4.11405265793704
2012-05-30 02:00:00,3.80125122117916
2012-05-30 03:00:00,4.04082386212778
2012-05-30 04:00:00,4.21397770046528
2012-05-30 05:00:00,4.58597836506975
2012-05-30 06:00:00,4.50707331333658
2012-05-30 07:00:00,4.39114413018569
2012-05-30 08:00:00,4.73104654477736
2012-05-30 09:00:00,4.91110849928687
2012-05-30 10:00:00,4.9683970926357
2012-05-30 11:00:00,5.07172051404172
2012-05-30 12:00:00,5.12288412434027
2012-05-30 13:00:00,5.19845452586262
2012-05-30 14:00:00,5.51103468229072
2012-05-30 15:00:00,5.34457132452854
2012-05-30 16:00:00,5.36368883503222
2012-05-30 17:00:00,5.39156136753871
2012-05-30 18:00:00,5.43925923655458
2012-05-30 19:00:00,5.28811843350987
2012-05-30 20:00:00,4.73935064241897
2012-05-30 21:00:00,5.05427762294575
2012-05-30 22:00:00,4.69174817005142
2012-05-30 23:00:00,4.79250870541456
2012-05-31 00:00:00,4.65095026300117
2012-05-31 01:00:00,4.62236990448898
2012-05-31 02:00:00,4.72313043985212
2012-05-31 03:00:00,4.62236990448898
2012-05-31 04:00:00,4.56508131114015
2012-05-31 05:00:00,4.72729242869146
2012-05-31 06:00:00,4.54723047418195
2012-05-31 07:00:00,4.87236060839907
2012-05-31 08:00:00,5.0894255141726
2012-05-31 09:00:00,5.34132685258046
2012-05-31 10:00:00,5.68902866013489
2012-05-31 11:00:00,5.73244502768862
2012-05-31 12:00:00,5.67515643433979
2012-05-31 13:00:00,5.68736561917622
2012-05-31 14:00:00,5.88654508418941
2012-05-31 15:00:00,5.90298019602739
2012-05-31 16:00:00,5.89345340985666
2012-05-31 17:00:00,5.86749151184794
2012-05-31 18:00:00,5.85148737122529
2012-05-31 19:00:00,5.73167326352069
2012-05-31 20:00:00,5.41992044572112
2012-05-31 21:00:00,5.41992044572112
2012-05-31 22:00:00,5.2085317958715
2012-05-31 23:00:00,5.1459423433535
2012-06-20 00:00:00,4.67741865983167
2012-06-20 01:00:00,4.55731933363507
2012-06-20 02:00:00,4.31740589973385
2012-06-20 03:00:00,4.29828838923017
2012-06-20 04:00:00,4.26970803071798
2012-06-20 05:00:00,4.26970803071798
2012-06-20 06:00:00,4.2204550549172
2012-06-20 07:00:00,4.22301794096009
2012-06-20 08:00:00,4.84218115808562
2012-06-20 09:00:00,5.0214157739666
2012-06-20 10:00:00,5.73953064866929
2012-06-20 11:00:00,5.91351997984169
2012-06-20 12:00:00,6.00469815457352
2012-06-20 13:00:00,5.98224599385902
2012-06-20 14:00:00,6.22527279764127
2012-06-20 15:00:00,6.26224114510315
2012-06-20 16:00:00,6.3290565246227
2012-06-20 17:00:00,6.21186087742157
2012-06-20 18:00:00,6.21186087742157
2012-06-20 19:00:00,6.25397266877627
2012-06-20 20:00:00,6.12429098194834
2012-06-20 21:00:00,5.85261988149168
2012-06-20 22:00:00,5.81176639998084
2012-06-20 23:00:00,5.42404681324572
2012-06-21 00:00:00,4.75628839685305
2012-06-21 01:00:00,4.55815755079817
2012-06-21 02:00:00,4.53910397845671
2012-06-21 03:00:00,4.59823926814108
2012-06-21 04:00:00,4.28352719688544
2012-06-21 05:00:00,4.29305398305617
2012-06-21 06:00:00,4.50551435032599
2012-06-21 07:00:00,4.50551435032599
2012-06-21 08:00:00,4.69899980350423
2012-06-21 09:00:00,5.4410904982154
2012-06-21 10:00:00,5.65510597227012
2012-06-21 11:00:00,5.87568061533787
2012-06-21 12:00:00,6.18509182742434
2012-06-21 13:00:00,6.06105179271818
2012-06-21 14:00:00,5.9955586612047
2012-06-21 15:00:00,6.27627000215616
2012-06-21 16:00:00,6.1469207445792
2012-06-21 17:00:00,5.89057219884
2012-06-21 18:00:00,5.91385169818302
2012-06-21 19:00:00,6.04320095575998
2012-06-21 20:00:00,5.83828129666066
2012-06-21 21:00:00,5.57651237912947
2012-06-21 22:00:00,5.34061518134426
2012-06-21 23:00:00,5.33343000088663
2012-06-22 00:00:00,5.10790166266095
2012-06-22 01:00:00,4.85798640225332
2012-06-22 02:00:00,4.53214007832886
2012-06-22 03:00:00,4.53214007832886
2012-06-22 04:00:00,5.14184681850453
2012-06-22 05:00:00,5.07903608565675
2012-06-22 06:00:00,5.02174749230793
2012-06-22 07:00:00,5.04602002515346
2012-06-22 08:00:00,5.16272076297704
2012-06-22 09:00:00,5.20429043419522
2012-06-22 10:00:00,5.56139951529756
2012-06-22 11:00:00,5.51292988211376
2012-06-22 12:00:00,5.67415954461158
2012-06-22 13:00:00,6.04320095575998
2012-06-22 14:00:00,6.04320095575998
2012-06-22 15:00:00,6.29007828978904
2012-06-22 16:00:00,6.24472202648627
2012-06-22 17:00:00,5.95215702841125
2012-06-22 18:00:00,5.66307765165595
2012-06-22 19:00:00,5.63285192399214
2012-06-22 20:00:00,5.63285192399214
2012-06-22 21:00:00,4.81491376347298
2012-06-22 22:00:00,4.56986023681281
2012-06-22 23:00:00,4.51977992238352
2012-06-23 00:00:00,4.00531304602614
2012-06-23 01:00:00,4.3372319932877
2012-06-23 02:00:00,4.35134023417285
2012-06-23 03:00:00,4.28458879281552
2012-06-23 04:00:00,4.33228666183139
2012-06-23 05:00:00,4.35134023417285
2012-06-23 06:00:00,4.06260163937496
2012-06-23 07:00:00,4.11029950839084
2012-06-23 08:00:00,4.74133111740021
2012-06-23 09:00:00,5.07849534937035
2012-06-23 10:00:00,5.25482628625585
2012-06-23 11:00:00,5.45027473364503
2012-06-23 12:00:00,5.73745506534679
2012-06-23 13:00:00,5.96416626991387
2012-06-23 14:00:00,5.84718031359829
2012-06-23 15:00:00,6.15085969530025
2012-06-23 16:00:00,6.17225487335481
2012-06-23 17:00:00,6.1436105766804
2012-06-23 18:00:00,6.17225487335481
2012-06-23 19:00:00,6.02039788060276
2012-06-23 20:00:00,5.85938949843472
2012-06-23 21:00:00,5.71098666851629
2012-06-23 22:00:00,5.53092471400678
2012-06-23 23:00:00,5.28777839760172
2012-06-24 00:00:00,5.11144746071622
2012-06-24 01:00:00,5.25530132659153
2012-06-24 02:00:00,5.27358313476506
2012-06-24 03:00:00,4.91796200753798
2012-06-24 04:00:00,4.86067341418916
2012-06-24 05:00:00,4.56394319785477
2012-06-24 06:00:00,4.6838212437216
2012-06-24 07:00:00,4.54488962551331
2012-06-24 08:00:00,4.93511652383072
2012-06-24 09:00:00,5.17169530752112
2012-06-24 10:00:00,5.50863825916148
2012-06-24 11:00:00,5.5945072110225
2012-06-24 12:00:00,5.88837458806173
2012-06-24 13:00:00,5.92654567090687
2012-06-24 14:00:00,6.13174218479657
2012-06-24 15:00:00,6.19427606285397
2012-06-24 16:00:00,6.10309788812215
2012-06-24 17:00:00,6.05271762044058
2012-06-24 18:00:00,6.00233735275901
2012-06-24 19:00:00,5.86997326726538
2012-06-24 20:00:00,5.57995642047297
2012-06-24 21:00:00,5.33419164356443
2012-06-24 22:00:00,5.19760163106924
2012-06-24 23:00:00,5.12203122954688
2012-06-25 00:00:00,5.00248414497692
2012-06-25 01:00:00,4.7877608449165
2012-06-25 02:00:00,4.66181017571257
2012-06-25 03:00:00,4.6462024025031
2012-06-25 04:00:00,4.29939187173942
2012-06-25 05:00:00,4.40277923130767
2012-06-25 06:00:00,4.18191936974791
2012-06-25 07:00:00,4.44095031415281
2012-06-25 08:00:00,4.54778347285306
2012-06-25 09:00:00,4.76864333441281
2012-06-25 10:00:00,5.18183827348072
2012-06-25 11:00:00,5.70920566813146
2012-06-25 12:00:00,5.68134787038525
2012-06-25 13:00:00,5.24836843450827
2012-06-25 14:00:00,5.54134453475676
2012-06-25 15:00:00,5.74067811619491
2012-06-25 16:00:00,5.92955903086943
2012-06-25 17:00:00,6.09333998996591
2012-06-25 18:00:00,5.94839132288111
2012-06-25 19:00:00,5.89767026224694
2012-06-25 20:00:00,5.81257307455385
2012-06-25 21:00:00,5.61613158266696
2012-06-25 22:00:00,5.67949279935288
2012-06-25 23:00:00,5.5405611811446
2012-06-26 00:00:00,5.5405611811446
2012-06-26 01:00:00,5.52835199630817
2012-06-26 02:00:00,4.89971756747249
2012-06-26 03:00:00,4.78948582039921
2012-06-26 04:00:00,4.79901260656994
2012-06-26 05:00:00,4.72048295159151
2012-06-26 06:00:00,4.56243382287954
2012-06-26 07:00:00,4.60060490572469
2012-06-26 08:00:00,4.77722106110219
2012-06-26 09:00:00,4.97026396461606
2012-06-26 10:00:00,5.35809368275977
2012-06-26 11:00:00,5.52221543480885
2012-06-26 12:00:00,5.5917132129941
2012-06-26 13:00:00,5.76224838133287
2012-06-26 14:00:00,5.76224838133287
2012-06-26 15:00:00,5.87248012840616
2012-06-26 16:00:00,5.88206248903748
2012-06-26 17:00:00,5.84383583173174
2012-06-26 18:00:00,5.8056647488866
2012-06-26 19:00:00,5.71979579702558
2012-06-26 20:00:00,5.64773513279744
2012-06-26 21:00:00,5.48968600408547
2012-06-26 22:00:00,5.46760924012572
2012-06-26 23:00:00,5.21493613754993
2012-06-27 00:00:00,5.25310722039507
2012-06-27 01:00:00,5.18367338037203
2012-06-27 02:00:00,4.65311708823381
2012-06-27 03:00:00,4.76035497804887
2012-06-27 04:00:00,5.316468437081
2012-06-27 05:00:00,5.26001554606232
2012-06-27 06:00:00,4.88439501275504
2012-06-27 07:00:00,5.3077134150782
2012-06-27 08:00:00,5.28865984273674
2012-06-27 09:00:00,5.35809368275977
2012-06-27 10:00:00,5.45228668540826
2012-06-27 11:00:00,5.73623090886356
2012-06-27 12:00:00,5.80255137900557
2012-06-27 13:00:00,5.99214848338743
2012-06-27 14:00:00,6.02652461044635
2012-06-27 15:00:00,6.10320756908924
2012-06-27 16:00:00,6.14406105060008
2012-06-27 17:00:00,6.10588996775493
2012-06-27 18:00:00,5.99214848338743
2012-06-27 19:00:00,5.88152036890096
2012-06-27 20:00:00,5.68535573180444
2012-06-27 21:00:00,5.48617626679125
2012-06-27 22:00:00,5.35683537291591
2012-06-27 23:00:00,5.12404318131011
2012-06-28 00:00:00,4.96917136064139
2012-06-28 01:00:00,4.80159544575869
2012-06-28 02:00:00,4.95964457447066
2012-06-28 03:00:00,4.95964457447066
2012-06-28 04:00:00,4.63222840900103
2012-06-28 05:00:00,4.78331363758516
2012-06-28 06:00:00,4.78331363758516
2012-06-28 07:00:00,4.63222840900103
2012-06-28 08:00:00,4.98822493298285
2012-06-28 09:00:00,5.02668123432
2012-06-28 10:00:00,5.25712345651108
2012-06-28 11:00:00,5.80545505800105
2012-06-28 12:00:00,6.04854579994551
2012-06-28 13:00:00,6.13047404329698
2012-06-28 14:00:00,6.16262807726561
2012-06-28 15:00:00,6.16262807726561
2012-06-28 16:00:00,6.18692693431566
2012-06-28 17:00:00,6.21211706815644
2012-06-28 18:00:00,6.09581269774606
2012-06-28 19:00:00,6.017559897558
2012-06-28 20:00:00,5.8499839826753
2012-06-28 21:00:00,5.20089184582218
2012-06-28 22:00:00,5.25740867500308
2012-06-28 23:00:00,5.21895237366593
2012-06-29 00:00:00,5.21895237366593
2012-06-29 01:00:00,5.16249948264726
2012-06-29 02:00:00,5.00522211810322
2012-06-29 03:00:00,5.00522211810322
2012-06-29 04:00:00,4.74958976207135
2012-06-29 05:00:00,4.81217921458935
2012-06-29 06:00:00,5.07233745087505
2012-06-29 07:00:00,4.81217921458935
2012-06-29 08:00:00,5.30540649727123
2012-06-29 09:00:00,5.18183827348072
2012-06-29 10:00:00,6.21099815097246
2012-06-29 11:00:00,6.40813596352483
2012-06-29 12:00:00,6.55949804689933
2012-06-29 13:00:00,6.3497200782952
2012-06-29 14:00:00,6.53931718267707
2012-06-29 15:00:00,6.39615963746722
2012-06-29 16:00:00,6.39615963746722
2012-06-29 17:00:00,6.63043141924667
2012-06-29 18:00:00,6.34176313366964
2012-06-29 19:00:00,6.12300887372813
2012-06-29 20:00:00,6.34698210516891
2012-06-29 21:00:00,6.01350805112245
2012-06-29 22:00:00,5.5884528743771
2012-06-29 23:00:00,5.5884528743771
2012-06-30 00:00:00,4.00799202044918
2012-06-30 01:00:00,4.04616310329432
2012-06-30 02:00:00,4.07615939642197
2012-06-30 03:00:00,4.07615939642197
2012-06-30 04:00:00,3.83010940102143
2012-06-30 05:00:00,3.95915870534612
2012-06-30 06:00:00,3.95915870534612
2012-06-30 07:00:00,3.95915870534612
2012-06-30 08:00:00,3.95915870534612
2012-06-30 09:00:00,3.95915870534612
2012-06-30 10:00:00,6.28304869371047
2012-06-30 11:00:00,6.28304869371047
2012-06-30 12:00:00,6.28304869371047
2012-06-30 13:00:00,6.28304869371047
2012-06-30 14:00:00,6.28304869371047
2012-06-30 15:00:00,6.28304869371047
2012-06-30 16:00:00,6.31126201916955
2012-06-30 17:00:00,6.15632626033861
2012-06-30 18:00:00,6.05513475376014
2012-06-30 19:00:00,5.87053534054776
2012-06-30 20:00:00,5.67164109402657
2012-06-30 21:00:00,5.67164109402657
2012-06-30 22:00:00,5.2996404294221
2012-06-30 23:00:00,5.25194256040623
2012-07-20 00:00:00,3.90596334358645
2012-07-20 01:00:00,3.88571038699559
2012-07-20 02:00:00,4.07911718192394
2012-07-20 03:00:00,4.08864396809467
2012-07-20 04:00:00,4.12681505093982
2012-07-20 05:00:00,4.10769754043614
2012-07-20 06:00:00,4.12681505093982
2012-07-20 07:00:00,4.14586862328128
2012-07-20 08:00:00,4.45830302698604
2012-07-20 09:00:00,4.66004537804212
2012-07-20 10:00:00,4.6791628885458
2012-07-20 11:00:00,4.7711126179503
2012-07-20 12:00:00,4.28514918864855
2012-07-20 13:00:00,4.2469781058034
2012-07-20 14:00:00,4.38005838100437
2012-07-20 15:00:00,4.63908117120289
2012-07-20 16:00:00,4.56328948935075
2012-07-20 17:00:00,4.28902616849113
2012-07-20 18:00:00,4.56914083235807
2012-07-20 19:00:00,4.29444654028311
2012-07-20 20:00:00,4.18810808146517
2012-07-20 21:00:00,4.14993699862003
2012-07-20 22:00:00,4.23715794693429
2012-07-20 23:00:00,4.29444654028311
2012-07-21 00:00:00,4.23547498918418
2012-07-21 01:00:00,4.389511317018
2012-07-21 02:00:00,3.98942499378364
2012-07-21 03:00:00,3.97030748327996
2012-07-21 04:00:00,3.98942499378364
2012-07-21 05:00:00,3.97030748327996
2012-07-21 06:00:00,3.97030748327996
2012-07-21 07:00:00,4.14346132161746
2012-07-21 08:00:00,4.26941199082139
2012-07-21 09:00:00,4.23124090797624
2012-07-21 10:00:00,3.97030748327996
2012-07-21 11:00:00,4.3292634702131
2012-07-21 12:00:00,4.13705605953414
2012-07-21 13:00:00,4.09888497668899
2012-07-21 14:00:00,4.14346132161746
2012-07-21 15:00:00,3.97030748327996
2012-07-21 16:00:00,3.93213640043482
2012-07-21 17:00:00,3.91308282809335
2012-07-21 18:00:00,4.10529023877231
2012-07-21 19:00:00,4.08623666643085
2012-07-21 20:00:00,3.91308282809335
2012-07-21 21:00:00,4.08623666643085
2012-07-21 22:00:00,4.04806558358571
2012-07-21 23:00:00,3.98125020406615
2012-07-22 00:00:00,4.04806558358571
2012-07-22 01:00:00,4.08623666643085
2012-07-22 02:00:00,4.04806558358571
2012-07-22 03:00:00,4.04806558358571
2012-07-22 04:00:00,3.7592630506256
2012-07-22 05:00:00,3.7592630506256
2012-07-22 06:00:00,4.28458879281552
2012-07-22 07:00:00,4.22730019946669
2012-07-22 08:00:00,4.41310234806233
2012-07-22 09:00:00,4.75991287882601
2012-07-22 10:00:00,4.63396220962208
2012-07-22 11:00:00,4.63396220962208
2012-07-22 12:00:00,4.92163745070139
2012-07-22 13:00:00,5.03806133373459
2012-07-22 14:00:00,4.9205101588206
2012-07-22 15:00:00,4.9205101588206
2012-07-22 16:00:00,4.9807580056255
2012-07-22 17:00:00,5.05710017131578
2012-07-22 18:00:00,5.01892908847064
2012-07-22 19:00:00,4.8579207063026
2012-07-22 20:00:00,4.69730869154774
2012-07-22 21:00:00,4.53318693949867
2012-07-22 22:00:00,4.7163622638892
2012-07-22 23:00:00,4.4512586961472
2012-07-23 00:00:00,3.85713002848339
2012-07-23 01:00:00,3.92388146984073
2012-07-23 02:00:00,3.95316651272001
2012-07-23 03:00:00,3.95316651272001
2012-07-23 04:00:00,3.98174687123221
2012-07-23 05:00:00,3.98174687123221
2012-07-23 06:00:00,4.25946435492545
2012-07-23 07:00:00,4.31210755539763
2012-07-23 08:00:00,4.53910397845671
2012-07-23 09:00:00,4.96594685283436
2012-07-23 10:00:00,5.30245883325939
2012-07-23 11:00:00,5.65934663403195
2012-07-23 12:00:00,5.65934663403195
2012-07-23 13:00:00,5.62117555118681
2012-07-23 14:00:00,5.48301569714645
2012-07-23 15:00:00,5.4410904982154
2012-07-23 16:00:00,5.53834129628433
2012-07-23 17:00:00,5.53834129628433
2012-07-23 18:00:00,5.61057704759587
2012-07-23 19:00:00,5.494584135778
2012-07-23 20:00:00,5.06535881598693
2012-07-23 21:00:00,5.08441238832839
2012-07-23 22:00:00,4.96431306213178
2012-07-23 23:00:00,4.84449895442718
2012-07-24 00:00:00,4.56400889380549
2012-07-24 01:00:00,4.33707640890864
2012-07-24 02:00:00,4.11621654734888
2012-07-24 03:00:00,4.11621654734888
2012-07-24 04:00:00,4.06851867833301
2012-07-24 05:00:00,4.07804546450374
2012-07-24 06:00:00,4.0970990368452
2012-07-24 07:00:00,4.58312640430918
2012-07-24 08:00:00,4.82303983821039
2012-07-24 09:00:00,5.54738153677913
2012-07-24 10:00:00,5.60281507009078
2012-07-24 11:00:00,5.97934161494909
2012-07-24 12:00:00,5.77710435451546
2012-07-24 13:00:00,5.9602241044454
2012-07-24 14:00:00,5.91252623542953
2012-07-24 15:00:00,5.71889816017138
2012-07-24 16:00:00,5.50790587773496
2012-07-24 17:00:00,5.5423459429561
2012-07-24 18:00:00,5.17034527835163
2012-07-24 19:00:00,5.06535881598693
2012-07-24 20:00:00,4.90474680123207
2012-07-24 21:00:00,4.94291788407722
2012-07-24 22:00:00,4.96197145641868
2012-07-24 23:00:00,5.15100648751817
2012-07-25 00:00:00,5.07203749762277
2012-07-25 01:00:00,4.94497427129831
2012-07-25 02:00:00,4.82866990088793
2012-07-25 03:00:00,4.66766151871989
2012-07-25 04:00:00,4.60781003932818
2012-07-25 05:00:00,4.56963895648303
2012-07-25 06:00:00,4.58869252882449
2012-07-25 07:00:00,5.11232890585123
2012-07-25 08:00:00,5.32633601620433
2012-07-25 09:00:00,5.54078246147438
2012-07-25 10:00:00,5.34992704724866
2012-07-25 11:00:00,5.5109354294167
2012-07-25 12:00:00,5.5109354294167
2012-07-25 13:00:00,5.72615363885469
2012-07-25 14:00:00,5.81766424283748
2012-07-25 15:00:00,5.67845576983881
2012-07-25 16:00:00,5.83678175334116
2012-07-25 17:00:00,5.68141502329489
2012-07-25 18:00:00,5.86804451051905
2012-07-25 19:00:00,5.59680438127772
2012-07-25 20:00:00,5.379343108091
2012-07-25 21:00:00,5.23427492838339
2012-07-25 22:00:00,4.90680318845317
2012-07-25 23:00:00,4.97712830526695
2012-07-26 00:00:00,4.6485440082162
2012-07-26 01:00:00,4.66766151871989
2012-07-26 02:00:00,4.5859545556982
2012-07-26 03:00:00,4.56690098335674
2012-07-26 04:00:00,4.42183280364913
2012-07-26 05:00:00,4.42183280364913
2012-07-26 06:00:00,4.29939187173942
2012-07-26 07:00:00,4.64035105949578
2012-07-26 08:00:00,4.86233821293633
2012-07-26 09:00:00,4.9466080620009
2012-07-26 10:00:00,4.84215734871407
2012-07-26 11:00:00,5.36306734205876
2012-07-26 12:00:00,5.69427009961298
2012-07-26 13:00:00,5.85833627720146
2012-07-26 14:00:00,6.16117995657327
2012-07-26 15:00:00,6.37562640184333
2012-07-26 16:00:00,6.47382405116358
2012-07-26 17:00:00,6.25629883981465
2012-07-26 18:00:00,6.40432627297833
2012-07-26 19:00:00,6.19907418462804
2012-07-26 20:00:00,5.8454109026577
2012-07-26 21:00:00,5.79918103437123
2012-07-26 22:00:00,5.79918103437123
2012-07-26 23:00:00,4.72462090856035
2012-07-27 00:00:00,4.63875195669933
2012-07-27 01:00:00,4.70556733621889
2012-07-27 02:00:00,4.43805822460156
2012-07-27 03:00:00,4.58312640430918
2012-07-27 04:00:00,4.35218927274054
2012-07-27 05:00:00,4.22623860353661
2012-07-27 06:00:00,4.35218927274054
2012-07-27 07:00:00,4.76279199140549
2012-07-27 08:00:00,4.97714825841281
2012-07-27 09:00:00,5.70937137400065
2012-07-27 10:00:00,5.57842301362724
2012-07-27 11:00:00,5.78839593835664
2012-07-27 12:00:00,5.81731708982143
2012-07-27 13:00:00,5.75975164168223
2012-07-27 14:00:00,5.88937775404957
2012-07-27 15:00:00,5.9329692086867
2012-07-27 16:00:00,5.72158055883708
2012-07-27 17:00:00,5.97114029153184
2012-07-27 18:00:00,5.64874813044101
2012-07-27 19:00:00,5.57651237912947
2012-07-27 20:00:00,5.22285746086075
2012-07-27 21:00:00,5.22285746086075
2012-07-27 22:00:00,5.24191103320221
2012-07-27 23:00:00,4.91985966506398
2012-07-28 00:00:00,5.0403242665252
2012-07-28 01:00:00,4.81022283728672
2012-07-28 02:00:00,4.7529342439379
2012-07-28 03:00:00,4.7529342439379
2012-07-28 04:00:00,4.59041159468527
2012-07-28 05:00:00,4.4512586961472
2012-07-28 06:00:00,4.69965029726084
2012-07-28 07:00:00,4.83880319579891
2012-07-28 08:00:00,5.01892908847064
2012-07-28 09:00:00,5.33703974809932
2012-07-28 10:00:00,5.70981217687172
2012-07-28 11:00:00,5.91718459060533
2012-07-28 12:00:00,5.92705216972865
2012-07-28 13:00:00,6.08532257877041
2012-07-28 14:00:00,6.0563374891434
2012-07-28 15:00:00,6.25178593653258
2012-07-28 16:00:00,6.03728391680194
2012-07-28 17:00:00,5.78198399002104
2012-07-28 18:00:00,5.85459513808733
2012-07-28 19:00:00,4.24551169841936
2012-07-28 20:00:00,4.26856991743259
2012-07-28 21:00:00,4.3086516347755
2012-07-28 22:00:00,4.3086516347755
2012-07-28 23:00:00,4.18270096557157
2012-07-29 00:00:00,3.99989267423415
2012-07-29 01:00:00,4.1922277517423
2012-07-29 02:00:00,4.49784400804255
2012-07-29 03:00:00,4.68108327059531
2012-07-29 04:00:00,4.60211428069992
2012-07-29 05:00:00,4.31515522932794
2012-07-29 06:00:00,4.48230017299531
2012-07-29 07:00:00,4.70013684293677
2012-07-29 08:00:00,4.90194313215506
2012-07-29 09:00:00,5.11666643221549
2012-07-29 10:00:00,4.95445531466418
2012-07-29 11:00:00,5.33419164356443
2012-07-29 12:00:00,5.40100702308399
2012-07-29 13:00:00,5.66528325219747
2012-07-29 14:00:00,5.66188466382443
2012-07-29 15:00:00,5.69928398250165
2012-07-29 16:00:00,5.69928398250165
2012-07-29 17:00:00,5.82863324007861
2012-07-29 18:00:00,5.79440286574302
2012-07-29 19:00:00,5.29602056071929
2012-07-29 20:00:00,4.9807580056255
2012-07-29 21:00:00,4.83880319579891
2012-07-29 22:00:00,4.69965029726084
2012-07-29 23:00:00,4.63283491774129
2012-07-30 00:00:00,4.5354285352933
2012-07-30 01:00:00,4.47813994194447
2012-07-30 02:00:00,4.35804061574787
2012-07-30 03:00:00,4.01123008498418
2012-07-30 04:00:00,4.01123008498418
2012-07-30 05:00:00,4.07804546450374
2012-07-30 06:00:00,4.11621654734888
2012-07-30 07:00:00,4.40947786608937
2012-07-30 08:00:00,4.88704180110119
2012-07-30 09:00:00,4.92098695694478
2012-07-30 10:00:00,5.16490503751777
2012-07-30 11:00:00,5.5048072426142
2012-07-30 12:00:00,5.34993542194548
2012-07-30 13:00:00,5.51292988211376
2012-07-30 14:00:00,5.5511009649589
2012-07-30 15:00:00,5.57015453730036
2012-07-30 16:00:00,5.58927204780404
2012-07-30 17:00:00,5.28682473584542
2012-07-30 18:00:00,5.32833046890138
2012-07-30 19:00:00,5.55745880678801
2012-07-30 20:00:00,4.78190950190917
2012-07-30 21:00:00,4.76279199140549
2012-07-30 22:00:00,4.84328464059487
2012-07-30 23:00:00,4.60217997665064
2012-07-31 00:00:00,4.31795889840495
2012-07-31 01:00:00,4.0970990368452
2012-07-31 02:00:00,4.0970990368452
2012-07-31 03:00:00,4.06851867833301
2012-07-31 04:00:00,4.06851867833301
2012-07-31 05:00:00,4.11621654734888
2012-07-31 06:00:00,3.84497641810756
2012-07-31 07:00:00,4.27448695639064
2012-07-31 08:00:00,4.43805822460156
2012-07-31 09:00:00,4.70556733621889
2012-07-31 10:00:00,4.73951249206247
2012-07-31 11:00:00,5.06113288898537
2012-07-31 12:00:00,5.4236623418797
2012-07-31 13:00:00,5.49837909156423
2012-07-31 14:00:00,5.49837909156423
2012-07-31 15:00:00,5.04624130548325
2012-07-31 16:00:00,5.20429043419522
2012-07-31 17:00:00,5.35543123723993
2012-07-31 18:00:00,5.25818043917101
2012-07-31 19:00:00,5.11813283959954
2012-07-31 20:00:00,4.69152598031194
2012-07-31 21:00:00,4.3561299812501
2012-07-31 22:00:00,4.52025173329917
2012-07-31 23:00:00,4.33820370078944
2012-08-20 00:00:00,4.11968544494278
2012-08-20 01:00:00,3.93586937434737
2012-08-20 02:00:00,3.93586937434737
2012-08-20 03:00:00,3.71189614290659
2012-08-20 04:00:00,4.11015865877205
2012-08-20 05:00:00,4.05287006542322
2012-08-20 06:00:00,4.32493753329307
2012-08-20 07:00:00,4.38478901268478
2012-08-20 08:00:00,4.49168610954725
2012-08-20 09:00:00,4.58587911219574
2012-08-20 10:00:00,4.64316770554457
2012-08-20 11:00:00,4.5913193530296
2012-08-20 12:00:00,4.91406704183329
2012-08-20 13:00:00,4.90680318845317
2012-08-20 14:00:00,5.0869290811249
2012-08-20 15:00:00,5.1441537363115
2012-08-20 16:00:00,5.1441537363115
2012-08-20 17:00:00,5.00226286464714
2012-08-20 18:00:00,4.46113117837507
2012-08-20 19:00:00,4.42296009552993
2012-08-20 20:00:00,4.29444654028311
2012-08-20 21:00:00,3.83088291198267
2012-08-20 22:00:00,4.05287006542322
2012-08-20 23:00:00,4.05287006542322
2012-08-21 00:00:00,4.11015865877205
2012-08-21 01:00:00,4.13873901728424
2012-08-21 02:00:00,4.04839654488257
2012-08-21 03:00:00,3.58483291658213
2012-08-21 04:00:00,3.58483291658213
2012-08-21 05:00:00,3.76807217913489
2012-08-21 06:00:00,3.77759896530562
2012-08-21 07:00:00,4.08389680751106
2012-08-21 08:00:00,4.10295037985252
2012-08-21 09:00:00,4.36389195875519
2012-08-21 10:00:00,4.69207988839274
2012-08-21 11:00:00,4.9216947719553
2012-08-21 12:00:00,5.14840597652237
2012-08-21 13:00:00,5.2743566457263
2012-08-21 14:00:00,5.46746348740239
2012-08-21 15:00:00,5.41017489405356
2012-08-21 16:00:00,5.41017489405356
2012-08-21 17:00:00,5.23884164833754
2012-08-21 18:00:00,5.12510016397004
2012-08-21 19:00:00,4.31853227120975
2012-08-21 20:00:00,4.26313142339204
2012-08-21 21:00:00,4.26313142339204
2012-08-21 22:00:00,4.07693290738321
2012-08-21 23:00:00,3.89113075878757
2012-08-22 00:00:00,3.95794613830713
2012-08-22 01:00:00,4.07693290738321
2012-08-22 02:00:00,4.07693290738321
2012-08-22 03:00:00,4.07693290738321
2012-08-22 04:00:00,3.83784681211052
2012-08-22 05:00:00,4.0170814279915
2012-08-22 06:00:00,4.20288357658714
2012-08-22 07:00:00,4.07693290738321
2012-08-22 08:00:00,4.32042001674087
2012-08-22 09:00:00,4.58475182031494
2012-08-22 10:00:00,4.80265242841862
2012-08-22 11:00:00,4.93847067674588
2012-08-22 12:00:00,5.05751302028255
2012-08-22 13:00:00,5.25975028071618
2012-08-22 14:00:00,5.33532068223854
2012-08-22 15:00:00,5.27880385305764
2012-08-22 16:00:00,5.20859482462402
2012-08-22 17:00:00,5.20859482462402
2012-08-22 18:00:00,4.81725536918608
2012-08-22 19:00:00,4.51977992238352
2012-08-22 20:00:00,4.3871714580982
2012-08-22 21:00:00,4.26313142339204
2012-08-22 22:00:00,4.26313142339204
2012-08-22 23:00:00,3.89113075878757
2012-08-23 00:00:00,4.07693290738321
2012-08-23 01:00:00,3.89113075878757
2012-08-23 02:00:00,3.89113075878757
2012-08-23 03:00:00,3.9484193521364
2012-08-23 04:00:00,3.89113075878757
2012-08-23 05:00:00,3.89113075878757
2012-08-23 06:00:00,3.92435651017641
2012-08-23 07:00:00,4.17040650557695
2012-08-23 08:00:00,4.57706851573234
2012-08-23 09:00:00,4.74063978394327
2012-08-23 10:00:00,4.99832215613759
2012-08-23 11:00:00,5.25022349454545
2012-08-23 12:00:00,5.44483623960448
2012-08-23 13:00:00,5.68247200595482
2012-08-23 14:00:00,5.44672056089294
2012-08-23 15:00:00,5.38943196754411
2012-08-23 16:00:00,5.29792136356132
2012-08-23 17:00:00,5.41166284792883
2012-08-23 18:00:00,5.27624096701476
2012-08-23 19:00:00,5.11480161363138
2012-08-23 20:00:00,4.81217921458935
2012-08-23 21:00:00,4.83123278693081
2012-08-23 22:00:00,4.97431488863819
2012-08-23 23:00:00,4.64573059158745
2012-08-24 00:00:00,4.64573059158745
2012-08-24 01:00:00,4.48511857683259
2012-08-24 02:00:00,4.4237434381469
2012-08-24 03:00:00,4.26313142339204
2012-08-24 04:00:00,4.48511857683259
2012-08-24 05:00:00,4.07693290738321
2012-08-24 06:00:00,4.11311791222812
2012-08-24 07:00:00,4.29892006082376
2012-08-24 08:00:00,4.51977992238352
2012-08-24 09:00:00,5.1031692368376
2012-08-24 10:00:00,5.41492205463717
2012-08-24 11:00:00,5.48173743415673
2012-08-24 12:00:00,5.54778104950836
2012-08-24 13:00:00,5.77816769723884
2012-08-24 14:00:00,5.44594879672501
2012-08-24 15:00:00,5.50079100649819
2012-08-24 16:00:00,5.50079100649819
2012-08-24 17:00:00,5.42265771893295
2012-08-24 18:00:00,5.18630021557233
2012-08-24 19:00:00,5.2081556992023
2012-08-24 20:00:00,5.00974799835705
2012-08-24 21:00:00,5.07233745087505
2012-08-24 22:00:00,4.96735098851035
2012-08-24 23:00:00,4.76326703174117
2012-08-25 00:00:00,5.08153327574891
2012-08-25 01:00:00,4.82016072563091
2012-08-25 02:00:00,4.69125080297091
2012-08-25 03:00:00,4.59521431873429
2012-08-25 04:00:00,4.82672825834557
2012-08-25 05:00:00,4.70428732643586
2012-08-25 06:00:00,4.51808881042703
2012-08-25 07:00:00,4.53714238276849
2012-08-25 08:00:00,4.79617332717339
2012-08-25 09:00:00,5.0014893536859
2012-08-25 10:00:00,5.17162815461149
2012-08-25 11:00:00,5.35777109615973
2012-08-25 12:00:00,5.39310222867636
2012-08-25 13:00:00,5.62270895803254
2012-08-25 14:00:00,4.84973069340297
2012-08-25 15:00:00,4.80927378880056
2012-08-25 16:00:00,4.8248176238478
2012-08-25 17:00:00,4.84393513435149
2012-08-25 18:00:00,5.05575475541644
2012-08-25 19:00:00,4.60395776228805
2012-08-25 20:00:00,4.2163574786805
2012-08-25 21:00:00,4.234339543097
2012-08-25 22:00:00,4.234339543097
2012-08-25 23:00:00,4.389511317018
2012-08-26 00:00:00,4.01638336053273
2012-08-26 01:00:00,3.97821227768759
2012-08-26 02:00:00,4.21931694163182
2012-08-26 03:00:00,4.23837051397328
2012-08-26 04:00:00,4.20019943112814
2012-08-26 05:00:00,3.97821227768759
2012-08-26 06:00:00,4.00996994424303
2012-08-26 07:00:00,3.97821227768759
2012-08-26 08:00:00,4.52760086183749
2012-08-26 09:00:00,4.50848335133381
2012-08-26 10:00:00,5.16208663368049
2012-08-26 11:00:00,5.1429691231768
2012-08-26 12:00:00,4.99028136755357
2012-08-26 13:00:00,4.56739393644574
2012-08-26 14:00:00,3.92098762250098
2012-08-26 15:00:00,4.08433418613947
2012-08-26 16:00:00,4.08433418613947
2012-08-26 17:00:00,3.99732978819127
2012-08-26 18:00:00,4.1334479897708
2012-08-26 19:00:00,4.18114585878667
2012-08-26 20:00:00,3.95915870534612
2012-08-26 21:00:00,4.09118199788716
2012-08-26 22:00:00,3.87640312336613
2012-08-26 23:00:00,4.06260163937496
2012-08-27 00:00:00,3.89113075878757
2012-08-27 01:00:00,3.76222083612757
2012-08-27 02:00:00,3.79080119463976
2012-08-27 03:00:00,3.76222083612757
2012-08-27 04:00:00,3.89113075878757
2012-08-27 05:00:00,3.70493224277874
2012-08-27 06:00:00,3.70493224277874
2012-08-27 07:00:00,4.01123008498418
2012-08-27 08:00:00,4.06851867833301
2012-08-27 09:00:00,4.07804546450374
2012-08-27 10:00:00,4.6841082200021
2012-08-27 11:00:00,4.92380037357354
2012-08-27 12:00:00,4.96037235362223
2012-08-27 13:00:00,5.19130948519086
2012-08-27 14:00:00,5.46523201309788
2012-08-27 15:00:00,5.50790587773496
2012-08-27 16:00:00,5.47926158106055
2012-08-27 17:00:00,5.56681988708955
2012-08-27 18:00:00,5.37448480958139
2012-08-27 19:00:00,4.84215734871407
2012-08-27 20:00:00,4.82303983821039
2012-08-27 21:00:00,4.72227930284725
2012-08-27 22:00:00,4.35027863824278
2012-08-27 23:00:00,4.33122506590132
2012-08-28 00:00:00,4.38844972108792
2012-08-28 01:00:00,4.10422864284224
2012-08-28 02:00:00,4.2935405287321
2012-08-28 03:00:00,3.88571038699559
2012-08-28 04:00:00,4.0970990368452
2012-08-28 05:00:00,4.29050583177356
2012-08-28 06:00:00,4.08864396809467
2012-08-28 07:00:00,4.30003261794429
2012-08-28 08:00:00,4.30950382965443
2012-08-28 09:00:00,4.6791628885458
2012-08-28 10:00:00,5.00248414497692
2012-08-28 11:00:00,5.35916225486394
2012-08-28 12:00:00,5.58927204780404
2012-08-28 13:00:00,5.74993963701949
2012-08-28 14:00:00,5.89500781672711
2012-08-28 15:00:00,5.91679936219486
2012-08-28 16:00:00,5.90085915973443
2012-08-28 17:00:00,5.82879849550629
2012-08-28 18:00:00,5.61691493627912
2012-08-28 19:00:00,5.31364028569197
2012-08-28 20:00:00,5.19989880132447
2012-08-28 21:00:00,5.19037201515374
2012-08-28 22:00:00,4.9216947719553
2012-08-28 23:00:00,4.78627289104123
2012-08-29 00:00:00,4.4237434381469
2012-08-29 01:00:00,4.44976091061621
2012-08-29 02:00:00,4.28875252844816
2012-08-29 03:00:00,4.2696989561067
2012-08-29 04:00:00,4.34604112179699
2012-08-29 05:00:00,4.32692361129331
2012-08-29 06:00:00,4.32692361129331
2012-08-29 07:00:00,4.52194108746716
2012-08-29 08:00:00,4.73025097123789
2012-08-29 09:00:00,5.12130520818382
2012-08-29 10:00:00,5.23806988416961
2012-08-29 11:00:00,5.14840597652237
2012-08-29 12:00:00,5.39445597192291
2012-08-29 13:00:00,5.28422422484963
2012-08-29 14:00:00,5.45174456527174
2012-08-29 15:00:00,5.51849600662907
2012-08-29 16:00:00,5.49604384591458
2012-08-29 17:00:00,5.66356418633669
2012-08-29 18:00:00,5.38921068721433
2012-08-29 19:00:00,5.04573480666146
2012-08-29 20:00:00,4.78627289104123
2012-08-29 21:00:00,4.86841082527824
2012-08-29 22:00:00,4.80159544575869
2012-08-29 23:00:00,4.72602504423633
2012-08-30 00:00:00,4.36389195875519
2012-08-30 01:00:00,4.46465249411833
2012-08-30 02:00:00,4.20288357658714
2012-08-30 03:00:00,4.20288357658714
2012-08-30 04:00:00,4.20288357658714
2012-08-30 05:00:00,4.20288357658714
2012-08-30 06:00:00,3.93586937434737
2012-08-30 07:00:00,4.26313142339204
2012-08-30 08:00:00,4.52450397351004
2012-08-30 09:00:00,4.82093423659215
2012-08-30 10:00:00,4.9819426187602
2012-08-30 11:00:00,5.45174456527174
2012-08-30 12:00:00,5.35437425458
2012-08-30 13:00:00,5.25975028071618
2012-08-30 14:00:00,5.27880385305764
2012-08-30 15:00:00,5.5286488042444
2012-08-30 16:00:00,5.60421920576676
2012-08-30 17:00:00,5.86910149317898
2012-08-30 18:00:00,5.65080451766211
2012-08-30 19:00:00,5.27880385305764
2012-08-30 20:00:00,5.04602002515346
2012-08-30 21:00:00,4.82538144392349
2012-08-30 22:00:00,4.51865263050272
2012-08-30 23:00:00,4.54495532146403
2012-08-31 00:00:00,4.23631587354549
2012-08-31 01:00:00,4.23631587354549
2012-08-31 02:00:00,3.88571038699559
2012-08-31 03:00:00,3.86665681465412
2012-08-31 04:00:00,3.82585890760387
2012-08-31 05:00:00,3.84497641810756
2012-08-31 06:00:00,4.06696357154811
2012-08-31 07:00:00,4.01926570253223
2012-08-31 08:00:00,4.70012709538503
2012-08-31 09:00:00,4.69899980350423
2012-08-31 10:00:00,5.01766094697105
2012-08-31 11:00:00,6.12779164463128
2012-08-31 12:00:00,6.14952761563844
2012-08-31 13:00:00,6.23234713578065
2012-08-31 14:00:00,6.27576350333438
2012-08-31 15:00:00,6.33332895147358
2012-08-31 16:00:00,6.30468465479917
2012-08-31 17:00:00,6.06126148360373
2012-08-31 18:00:00,5.95787412403548
2012-08-31 19:00:00,5.49381237161007
2012-08-31 20:00:00,5.49381237161007
2012-08-31 21:00:00,5.18517292369153
2012-08-31 22:00:00,5.18517292369153
2012-08-31 23:00:00,4.90708840694517
2012-09-20 00:00:00,4.03423908960027
2012-09-20 01:00:00,3.75424393835615
2012-09-20 02:00:00,3.74471715218542
2012-09-20 03:00:00,3.50162641024095
2012-09-20 04:00:00,3.56844178976051
2012-09-20 05:00:00,3.56844178976051
2012-09-20 06:00:00,3.50162641024095
2012-09-20 07:00:00,3.50234259994829
2012-09-20 08:00:00,3.96557701374517
2012-09-20 09:00:00,4.34744525747297
2012-09-20 10:00:00,4.58402404116337
2012-09-20 11:00:00,5.07868691800733
2012-09-20 12:00:00,5.16455586986835
2012-09-20 13:00:00,5.13936573602757
2012-09-20 14:00:00,5.10196641735035
2012-09-20 15:00:00,5.10196641735035
2012-09-20 16:00:00,5.08291284500889
2012-09-20 17:00:00,5.04551352633168
2012-09-20 18:00:00,4.91342629562842
2012-09-20 19:00:00,4.49356205613889
2012-09-20 20:00:00,4.27526508062202
2012-09-20 21:00:00,4.31343616346716
2012-09-20 22:00:00,3.96964882432177
2012-09-20 23:00:00,4.0955994935257
2012-09-21 00:00:00,4.02878411400614
2012-09-21 01:00:00,3.8677757318381
2012-09-21 02:00:00,3.8677757318381
2012-09-21 03:00:00,3.7388658091781
2012-09-21 04:00:00,3.68157721582927
2012-09-21 05:00:00,3.55562654662534
2012-09-21 06:00:00,3.7388658091781
2012-09-21 07:00:00,3.74182506263417
2012-09-21 08:00:00,3.98870239666323
2012-09-21 09:00:00,4.23475239206377
2012-09-21 10:00:00,4.70857057469132
2012-09-21 11:00:00,4.86918258944617
2012-09-21 12:00:00,4.89125935340593
2012-09-21 13:00:00,5.02668123432
2012-09-21 14:00:00,5.11255018618102
2012-09-21 15:00:00,5.06485231716514
2012-09-21 16:00:00,5.04573480666146
2012-09-21 17:00:00,4.96760151909622
2012-09-21 18:00:00,4.78747562642449
2012-09-21 19:00:00,4.62686361166964
2012-09-21 20:00:00,4.48793199346135
2012-09-21 21:00:00,4.36509469413845
2012-09-21 22:00:00,4.32692361129331
2012-09-21 23:00:00,4.41285650131655
2012-09-22 00:00:00,4.4983944918807
2012-09-22 01:00:00,4.07606913405525
2012-09-22 02:00:00,3.86122632137201
2012-09-22 03:00:00,4.00629450107962
2012-09-22 04:00:00,4.00629450107962
2012-09-22 05:00:00,4.03493879775403
2012-09-22 06:00:00,4.01582128725035
2012-09-22 07:00:00,4.17337550658477
2012-09-22 08:00:00,4.50792127805143
2012-09-22 09:00:00,4.64028536354506
2012-09-22 10:00:00,4.84865918547801
2012-09-22 11:00:00,5.11644515188571
2012-09-22 12:00:00,5.28698032022448
2012-09-22 13:00:00,5.40072180459199
2012-09-22 14:00:00,5.48844581649018
2012-09-22 15:00:00,5.49540971661802
2012-09-22 16:00:00,5.38166823225052
2012-09-22 17:00:00,5.38166823225052
2012-09-22 18:00:00,5.27745353405375
2012-09-22 19:00:00,5.05915655853688
2012-09-22 20:00:00,5.19808817674517
2012-09-22 21:00:00,5.0024184490262
2012-09-22 22:00:00,4.96424736618106
2012-09-22 23:00:00,5.14057830306656
2012-09-23 00:00:00,6.29588287322051
2012-09-23 01:00:00,5.58988692098753
2012-09-23 02:00:00,5.56358423002622
2012-09-23 03:00:00,5.29579826361852
2012-09-23 04:00:00,5.18785254779774
2012-09-23 05:00:00,5.10614558477606
2012-09-23 06:00:00,4.97072370386199
2012-09-23 07:00:00,5.0870920124346
2012-09-23 08:00:00,5.33396934646366
2012-09-23 09:00:00,5.47552778887705
2012-09-23 10:00:00,5.69940247835347
2012-09-23 11:00:00,5.7340638239044
2012-09-23 12:00:00,5.71423848739501
2012-09-23 13:00:00,6.23865821803391
2012-09-23 14:00:00,6.25771179037537
2012-09-23 15:00:00,6.40277997008298
2012-09-23 16:00:00,6.46959534960254
2012-09-23 17:00:00,6.03979959282746
2012-09-23 18:00:00,5.86275246623462
2012-09-23 19:00:00,5.65750037788433
2012-09-23 20:00:00,5.65750037788433
2012-09-23 21:00:00,5.69017564543502
2012-09-23 22:00:00,5.40137311247491
2012-09-23 23:00:00,5.35283632638147
2012-09-24 00:00:00,4.8530316793292
2012-09-24 01:00:00,4.71410006112092
2012-09-24 02:00:00,5.03684774992461
2012-09-24 03:00:00,4.83397810698774
2012-09-24 04:00:00,4.63519500938775
2012-09-24 05:00:00,4.72899164462304
2012-09-24 06:00:00,4.82975217998619
2012-09-24 07:00:00,4.71410006112092
2012-09-24 08:00:00,5.1746520762521
2012-09-24 09:00:00,5.31047032457936
2012-09-24 10:00:00,5.4654060834103
2012-09-24 11:00:00,5.80842165838776
2012-09-24 12:00:00,5.92561730558889
2012-09-24 13:00:00,6.38667581954186
2012-09-24 14:00:00,6.21153932744679
2012-09-24 15:00:00,6.19582040531614
2012-09-24 16:00:00,6.08317152492331
2012-09-24 17:00:00,5.920960407372
2012-09-24 18:00:00,5.72951660665459
2012-09-24 19:00:00,5.59977098166444
2012-09-24 20:00:00,5.25324566939275
2012-09-24 21:00:00,5.2372415287701
2012-09-24 22:00:00,5.29453012211893
2012-09-24 23:00:00,4.81486059648406
2012-09-25 00:00:00,4.7332175716246
2012-09-25 01:00:00,4.52829791252528
2012-09-25 02:00:00,4.34209939651645
2012-09-25 03:00:00,4.46465984104897
2012-09-25 04:00:00,4.49324019956116
2012-09-25 05:00:00,4.31351903800425
2012-09-25 06:00:00,4.45963583667017
2012-09-25 07:00:00,4.44051832616649
2012-09-25 08:00:00,4.81251899077096
2012-09-25 09:00:00,5.30812871886626
2012-09-25 10:00:00,5.49738503029553
2012-09-25 11:00:00,6.00882381193007
2012-09-25 12:00:00,6.0748674272817
2012-09-25 13:00:00,5.95498938141487
2012-09-25 14:00:00,6.20427225931926
2012-09-25 15:00:00,6.27984266084161
2012-09-25 16:00:00,6.18515474881557
2012-09-25 17:00:00,6.17562796264484
2012-09-25 18:00:00,6.08707661211813
2012-09-25 19:00:00,5.87941897989251
2012-09-25 20:00:00,5.75692247352221
2012-09-25 21:00:00,5.75692247352221
2012-09-25 22:00:00,5.74739568735148
2012-09-25 23:00:00,5.77603998402589
2012-09-26 00:00:00,5.25535127101099
2012-09-26 01:00:00,5.27446878151468
2012-09-26 02:00:00,5.46781163828082
2012-09-26 03:00:00,5.46781163828082
2012-09-26 04:00:00,4.93974792296461
2012-09-26 05:00:00,4.92069435062315
2012-09-26 06:00:00,4.84172536072775
2012-09-26 07:00:00,4.70279374251947
2012-09-26 08:00:00,4.96839221963902
2012-09-26 09:00:00,5.42873454388466
2012-09-26 10:00:00,5.19906408586151
2012-09-26 11:00:00,5.60232750764387
2012-09-26 12:00:00,5.64352178210731
2012-09-26 13:00:00,5.77894366302137
2012-09-26 14:00:00,6.12926393107928
2012-09-26 15:00:00,6.13879071725001
2012-09-26 16:00:00,6.20483433260164
2012-09-26 17:00:00,6.13879071725001
2012-09-26 18:00:00,6.09109284823413
2012-09-26 19:00:00,5.84153311553937
2012-09-26 20:00:00,5.36263535407244
2012-09-26 21:00:00,5.46339588943558
2012-09-26 22:00:00,5.35161718978378
2012-09-26 23:00:00,5.21613158020274
2012-09-27 00:00:00,4.8892219025597
2012-09-27 01:00:00,4.8892219025597
2012-09-27 02:00:00,4.8892219025597
2012-09-27 03:00:00,4.83193330921088
2012-09-27 04:00:00,4.33441294661781
2012-09-27 05:00:00,4.58588331381034
2012-09-27 06:00:00,4.45697339115033
2012-09-27 07:00:00,4.83193330921088
2012-09-27 08:00:00,5.18565216564182
2012-09-27 09:00:00,5.33935585472942
2012-09-27 10:00:00,6.21543283619257
2012-09-27 11:00:00,6.19933851730718
2012-09-27 12:00:00,6.25579140832586
2012-09-27 13:00:00,6.16992245646484
2012-09-27 14:00:00,6.36263293072773
2012-09-27 15:00:00,6.30534433737891
2012-09-27 16:00:00,6.12799404278638
2012-09-27 17:00:00,5.65143788703254
2012-09-27 18:00:00,5.60374001801667
2012-09-27 19:00:00,5.42522480659044
2012-09-27 20:00:00,5.54388853862496
2012-09-27 21:00:00,4.94567136933572
2012-09-27 22:00:00,4.94567136933572
2012-09-27 23:00:00,4.8598024174747
2012-09-28 00:00:00,4.61375242207416
2012-09-28 01:00:00,4.50876595970946
2012-09-28 02:00:00,4.69962137393518
2012-09-28 03:00:00,4.95359089850362
2012-09-28 04:00:00,4.51533349242412
2012-09-28 05:00:00,4.39968479780151
2012-09-28 06:00:00,4.52781974154617
2012-09-28 07:00:00,4.47053114819734
2012-09-28 08:00:00,4.70302338655087
2012-09-28 09:00:00,4.99478517296706
2012-09-28 10:00:00,5.19964089390416
2012-09-28 11:00:00,5.46058247280682
2012-09-28 12:00:00,6.12074492416653
2012-09-28 13:00:00,6.19631532568889
2012-09-28 14:00:00,6.12074492416653
2012-09-28 15:00:00,6.0800109552785
2012-09-28 16:00:00,6.08235256099161
2012-09-28 17:00:00,6.02928989464434
2012-09-28 18:00:00,6.08235256099161
2012-09-28 19:00:00,5.92825229499557
2012-09-28 20:00:00,5.79545723828661
2012-09-28 21:00:00,5.81451081062807
2012-09-28 22:00:00,5.70673202768432
2012-09-28 23:00:00,5.55179626885338
2012-09-29 00:00:00,5.30249689840022
2012-09-29 01:00:00,5.30249689840022
2012-09-29 02:00:00,5.62524458720392
2012-09-29 03:00:00,5.47030882837298
2012-09-29 04:00:00,5.28649275777757
2012-09-29 05:00:00,5.08731329276438
2012-09-29 06:00:00,5.12548437560952
2012-09-29 07:00:00,4.98398987135835
2012-09-29 08:00:00,5.01865121690928
2012-09-29 09:00:00,5.08731329276438
2012-09-29 10:00:00,5.42231100610483
2012-09-29 11:00:00,5.60204053136336
2012-09-29 12:00:00,6.24895676837257
2012-09-29 13:00:00,6.24895676837257
2012-09-29 14:00:00,6.24550260553894
2012-09-29 15:00:00,6.16993220401658
2012-09-29 16:00:00,6.22031247169816
2012-09-29 17:00:00,6.36269825274007
2012-09-29 18:00:00,5.69589274105925
2012-09-29 19:00:00,5.33002863795411
2012-09-29 20:00:00,5.34908221029557
2012-09-29 21:00:00,5.31091112745043
2012-09-29 22:00:00,5.03008863757777
2012-09-29 23:00:00,5.12132238677019
2012-09-30 00:00:00,5.06403379342136
2012-09-30 01:00:00,5.06403379342136
2012-09-30 02:00:00,4.90342177866651
2012-09-30 03:00:00,4.79970198984729
2012-09-30 04:00:00,4.79970198984729
2012-09-30 05:00:00,4.55661124790282
2012-09-30 06:00:00,4.61389984125165
2012-09-30 07:00:00,4.43066057869889
2012-09-30 08:00:00,4.86947662282292
2012-09-30 09:00:00,5.09033648438267
2012-09-30 10:00:00,5.73708701552269
2012-09-30 11:00:00,6.15087863167512
2012-09-30 12:00:00,6.24895676837257
2012-09-30 13:00:00,6.22031247169816
2012-09-30 14:00:00,6.22031247169816
2012-09-30 15:00:00,6.34626314090209
2012-09-30 16:00:00,6.32720956856062
2012-09-30 17:00:00,6.39057078524655
2012-09-30 18:00:00,5.41059673064595
2012-09-30 19:00:00,4.87126432045522
2012-09-30 20:00:00,4.87126432045522
2012-09-30 21:00:00,4.83732258885429
2012-09-30 22:00:00,4.67671057409943
2012-09-30 23:00:00,4.73399916744826
2012-10-20 00:00:00,4.45043034074769
2012-10-20 01:00:00,4.70233167915555
2012-10-20 02:00:00,4.49747595821845
2012-10-20 03:00:00,4.45628168375501
2012-10-20 04:00:00,4.55661124790282
2012-10-20 05:00:00,4.18461058329835
2012-10-20 06:00:00,4.52155353493871
2012-10-20 07:00:00,4.18461058329835
2012-10-20 08:00:00,4.82828234835948
2012-10-20 09:00:00,5.14990274528238
2012-10-20 10:00:00,5.38648152897278
2012-10-20 11:00:00,5.50401796912651
2012-10-20 12:00:00,5.63866808587265
2012-10-20 13:00:00,5.75240957024015
2012-10-20 14:00:00,5.72299350939781
2012-10-20 15:00:00,5.64742310787545
2012-10-20 16:00:00,5.79409039037951
2012-10-20 17:00:00,5.8818699767383
2012-10-20 18:00:00,5.77124186225183
2012-10-20 19:00:00,5.50256461905339
2012-10-20 20:00:00,5.71099401544693
2012-10-20 21:00:00,5.38937361852403
2012-10-20 22:00:00,5.15241943807889
2012-10-20 23:00:00,4.84902527486893
2012-10-21 00:00:00,5.11502011940168
2012-10-21 01:00:00,4.99218282007877
2012-10-21 02:00:00,4.79339972247878
2012-10-21 03:00:00,4.58469347129486
2012-10-21 04:00:00,4.32648986551848
2012-10-21 05:00:00,4.58469347129486
2012-10-21 06:00:00,4.68841326011407
2012-10-21 07:00:00,4.68841326011407
2012-10-21 08:00:00,4.62231407030185
2012-10-21 09:00:00,5.1496814649526
2012-10-21 10:00:00,5.53198067989573
2012-10-21 11:00:00,5.71210657256746
2012-10-21 12:00:00,5.89830508857629
2012-10-21 13:00:00,5.96077502847147
2012-10-21 14:00:00,5.9729842133079
2012-10-21 15:00:00,6.05891710333114
2012-10-21 16:00:00,5.8818699767383
2012-10-21 17:00:00,5.79029543459329
2012-10-21 18:00:00,5.75212435174815
2012-10-21 19:00:00,5.59725253107943
2012-10-21 20:00:00,5.50607435634761
2012-10-21 21:00:00,5.05477227259678
2012-10-21 22:00:00,4.94978581023207
2012-10-21 23:00:00,5.01003365703697
2012-10-22 00:00:00,4.57423097287551
2012-10-22 01:00:00,4.34751976830843
2012-10-22 02:00:00,4.28727192150353
2012-10-22 03:00:00,4.57423097287551
2012-10-22 04:00:00,4.41322259070746
2012-10-22 05:00:00,4.21860984564843
2012-10-22 06:00:00,4.09851051945182
2012-10-22 07:00:00,4.47051118405629
2012-10-22 08:00:00,4.56837962986819
2012-10-22 09:00:00,4.78628023797187
2012-10-22 10:00:00,5.05061204154594
2012-10-22 11:00:00,5.7893680860463
2012-10-22 12:00:00,5.79500973816807
2012-10-22 13:00:00,6.35118713536242
2012-10-22 14:00:00,6.36076949599374
2012-10-22 15:00:00,6.35118713536242
2012-10-22 16:00:00,6.25042659999927
2012-10-22 17:00:00,6.21225551715413
2012-10-22 18:00:00,5.01121191010822
2012-10-22 19:00:00,5.25324566939275
2012-10-22 20:00:00,5.01666688570235
2012-10-22 21:00:00,4.74576754941362
2012-10-22 22:00:00,4.33624805350913
2012-10-22 23:00:00,4.31719448116766
2012-10-23 00:00:00,4.20422476096809
2012-10-23 01:00:00,4.48131623321674
2012-10-23 02:00:00,4.1252557710727
2012-10-23 03:00:00,4.40234724332135
2012-10-23 04:00:00,4.32304582417498
2012-10-23 05:00:00,4.37376688480915
2012-10-23 06:00:00,4.12771688940861
2012-10-23 07:00:00,4.60528082442044
2012-10-23 08:00:00,4.78155618684535
2012-10-23 09:00:00,4.91118229921269
2012-10-23 10:00:00,5.04515706595181
2012-10-23 11:00:00,5.64163746081885
2012-10-23 12:00:00,6.09724414449373
2012-10-23 13:00:00,6.09033581882648
2012-10-23 14:00:00,6.10915337607788
2012-10-23 15:00:00,6.14732445892303
2012-10-23 16:00:00,5.98588510553965
2012-10-23 17:00:00,6.00416691371318
2012-10-23 18:00:00,5.69892605416767
2012-10-23 19:00:00,5.59816551880453
2012-10-23 20:00:00,5.15036480864629
2012-10-23 21:00:00,4.90348747461723
2012-10-23 22:00:00,4.97030285413679
2012-10-23 23:00:00,4.78450070554115
2012-10-24 00:00:00,4.77497391937042
2012-10-24 01:00:00,4.84363599522552
2012-10-24 02:00:00,4.84363599522552
2012-10-24 03:00:00,4.55371769039747
2012-10-24 04:00:00,4.55371769039747
2012-10-24 05:00:00,4.37047842784472
2012-10-24 06:00:00,4.37744232797256
2012-10-24 07:00:00,4.27662621814883
2012-10-24 08:00:00,4.69433867376894
2012-10-24 09:00:00,4.83595269064292
2012-10-24 10:00:00,4.93967247946214
2012-10-24 11:00:00,5.06449585678527
2012-10-24 12:00:00,5.43755350404968
2012-10-24 13:00:00,5.61644732697806
2012-10-24 14:00:00,6.50332098290485
2012-10-24 15:00:00,6.12136256091431
2012-10-24 16:00:00,6.3514084156922
2012-10-24 17:00:00,5.79277826386357
2012-10-24 18:00:00,5.86834866538592
2012-10-24 19:00:00,5.92091320760823
2012-10-24 20:00:00,5.65954065749023
2012-10-24 21:00:00,5.66906744366096
2012-10-24 22:00:00,5.61255061448006
2012-10-24 23:00:00,5.24301106821151
2012-10-25 00:00:00,5.5934970421386
2012-10-25 01:00:00,4.96373532142213
2012-10-25 02:00:00,4.61692479065845
2012-10-25 03:00:00,4.58744157690647
2012-10-25 04:00:00,4.56838800456501
2012-10-25 05:00:00,4.60655908741015
2012-10-25 06:00:00,4.62561265975161
2012-10-25 07:00:00,4.62561265975161
2012-10-25 08:00:00,4.73250975661408
2012-10-25 09:00:00,4.75156332895555
2012-10-25 10:00:00,4.7736400929153
2012-10-25 11:00:00,4.75458652057384
2012-10-25 12:00:00,4.94038866916948
2012-10-25 13:00:00,4.87357328964992
2012-10-25 14:00:00,5.10360440966754
2012-10-25 15:00:00,5.36537332719873
2012-10-25 16:00:00,5.22348245553436
2012-10-25 17:00:00,5.22348245553436
2012-10-25 18:00:00,4.592450846525
2012-10-25 19:00:00,4.58982402231989
2012-10-25 20:00:00,4.58744157690647
2012-10-25 21:00:00,4.58744157690647
2012-10-25 22:00:00,4.74505973440311
2012-10-25 23:00:00,4.7736400929153
2012-10-26 00:00:00,4.838911944099
2012-10-26 01:00:00,4.55886121839428
2012-10-26 02:00:00,4.56838800456501
2012-10-26 03:00:00,4.60655908741015
2012-10-26 04:00:00,4.60655908741015
2012-10-26 05:00:00,4.56838800456501
2012-10-26 06:00:00,4.55886121839428
2012-10-26 07:00:00,4.56838800456501
2012-10-26 08:00:00,4.64768942371137
2012-10-26 09:00:00,4.64768942371137
2012-10-26 10:00:00,4.62863585136991
2012-10-26 11:00:00,4.97855975201462
2012-10-26 12:00:00,5.18381184036491
2012-10-26 13:00:00,5.2715914267237
2012-10-26 14:00:00,5.61255061448006
2012-10-26 15:00:00,5.66906744366096
2012-10-26 16:00:00,5.16475826802345
2012-10-26 17:00:00,5.04799359203766
2012-10-26 18:00:00,4.95944224151094
2012-10-26 19:00:00,4.79275760341898
2012-10-26 20:00:00,4.79275760341898
2012-10-26 21:00:00,4.92478089596002
2012-10-26 22:00:00,4.7133922461104
2012-10-26 23:00:00,4.51052260317353
2012-10-27 00:00:00,4.41938886389959
2012-10-27 01:00:00,4.64137601734014
2012-10-27 02:00:00,4.67954710018528
2012-10-27 03:00:00,4.43850637440327
2012-10-27 04:00:00,4.66049352784382
2012-10-27 05:00:00,4.83068790323
2012-10-27 06:00:00,4.83068790323
2012-10-27 07:00:00,4.52365913655695
2012-10-27 08:00:00,4.77282250183852
2012-10-27 09:00:00,4.77282250183852
2012-10-27 10:00:00,5.01319624131515
2012-10-27 11:00:00,5.29975892527393
2012-10-27 12:00:00,5.91803086560872
2012-10-27 13:00:00,6.16993220401658
2012-10-27 14:00:00,6.09436180249423
2012-10-27 15:00:00,5.62250661407763
2012-10-27 16:00:00,5.52174607871448
2012-10-27 17:00:00,5.52174607871448
2012-10-27 18:00:00,5.52174607871448
2012-10-27 19:00:00,5.16195459894644
2012-10-27 20:00:00,5.16195459894644
2012-10-27 21:00:00,5.16195459894644
2012-10-27 22:00:00,5.1810081712879
2012-10-27 23:00:00,5.36770159667429
2012-10-28 00:00:00,5.13725916498796
2012-10-28 01:00:00,5.13987783498668
2012-10-28 02:00:00,5.25016515652056
2012-10-28 03:00:00,5.39523333622817
2012-10-28 04:00:00,5.41428690856963
2012-10-28 05:00:00,5.37611582572449
2012-10-28 06:00:00,5.49599387159132
2012-10-28 07:00:00,5.47687636108763
2012-10-28 08:00:00,5.63908747863894
2012-10-28 09:00:00,5.65397906214107
2012-10-28 10:00:00,5.6948881181125
2012-10-28 11:00:00,5.73568602516275
2012-10-28 12:00:00,5.54106491640209
2012-10-28 13:00:00,5.49336704738621
2012-10-28 14:00:00,5.5723360372816
2012-10-28 15:00:00,5.50015586043065
2012-10-28 16:00:00,5.14733643499684
2012-10-28 17:00:00,4.87335833262922
2012-10-28 18:00:00,4.30590922063557
2012-10-28 19:00:00,4.22004026877455
2012-10-28 20:00:00,4.28685564829411
2012-10-28 21:00:00,4.46960000146931
2012-10-28 22:00:00,4.43142891862417
2012-10-28 23:00:00,4.22004026877455
2012-10-29 00:00:00,4.3172466313856
2012-10-30 13:00:00,3.83283309048316
2012-10-30 14:00:00,3.83283309048316
2012-10-30 15:00:00,3.67512475472378
2012-10-30 16:00:00,3.67512475472378
2012-10-30 17:00:00,3.65607118238232
2012-10-30 18:00:00,3.6586340684252
2012-10-30 19:00:00,5.06916748976244
2012-10-30 20:00:00,3.96124831326085
2012-10-30 21:00:00,3.87298218122614
2012-10-30 22:00:00,3.76094155636686
2012-10-30 23:00:00,3.76094155636686
2012-10-31 00:00:00,4.02412298427085
2012-10-31 01:00:00,4.01459619810012
2012-10-31 02:00:00,3.98292870980742
2012-10-31 03:00:00,4.02412298427085
2012-10-31 04:00:00,3.81010751021614
2012-10-31 05:00:00,3.98292870980742
2012-10-31 06:00:00,3.78005906687055
2012-10-31 07:00:00,3.8317879067627
2012-10-31 08:00:00,3.88104088256347
2012-10-31 09:00:00,4.0069915517674
2012-10-31 10:00:00,4.2284018971653
2012-10-31 11:00:00,4.59841648376954
2012-10-31 12:00:00,4.79903154294482
2012-10-31 13:00:00,5.0795216035665
2012-10-31 14:00:00,5.30150875700705
2012-10-31 15:00:00,4.94058998535821
2012-10-31 16:00:00,5.2007482216439
2012-10-31 17:00:00,5.00196512404391
2012-10-31 18:00:00,5.00196512404391
2012-10-31 19:00:00,5.22253976711166
2012-10-31 20:00:00,5.22253976711166
2012-10-31 21:00:00,5.22253976711166
2012-10-31 22:00:00,4.54585194154724
2012-10-31 23:00:00,4.57712306242676
2012-11-20 00:00:00,4.15813235481212
2012-11-20 01:00:00,4.3000871646387
2012-11-20 02:00:00,4.20039834669576
2012-11-20 03:00:00,4.39612364887532
2012-11-20 04:00:00,4.51905112646096
2012-11-20 05:00:00,4.48088004361582
2012-11-20 06:00:00,4.37404688491557
2012-11-20 07:00:00,3.97841119325521
2012-11-20 08:00:00,4.13294222097133
2012-11-20 09:00:00,4.44940759555238
2012-11-20 10:00:00,4.75274618430174
2012-11-20 11:00:00,4.78740752985267
2012-11-20 12:00:00,4.73011893650384
2012-11-20 13:00:00,5.01707798787581
2012-11-20 14:00:00,5.08389336739537
2012-11-20 15:00:00,5.21931524830944
2012-11-20 16:00:00,4.9133581990566
2012-11-20 17:00:00,4.67449338411369
2012-11-20 18:00:00,4.75274618430174
2012-11-20 19:00:00,4.56950692174899
2012-11-20 20:00:00,4.38330840574016
2012-11-20 21:00:00,4.22742044211182
2012-11-20 22:00:00,4.22742044211182
2012-11-20 23:00:00,3.86198731022201
2012-11-21 00:00:00,3.91527125689906
2012-11-21 01:00:00,3.86198731022201
2012-11-21 02:00:00,3.53089570158898
2012-11-21 03:00:00,3.53089570158898
2012-11-21 04:00:00,3.53089570158898
2012-11-21 05:00:00,3.53089570158898
2012-11-21 06:00:00,3.58122039480995
2012-11-21 07:00:00,3.52136891541825
2012-11-21 08:00:00,3.95434835129522
2012-11-21 09:00:00,3.97841119325521
2012-11-21 10:00:00,4.4541316466789
2012-11-21 11:00:00,5.0005526136711
2012-11-21 12:00:00,5.34736314443479
2012-11-21 13:00:00,5.51762145798319
2012-11-21 14:00:00,5.60873569455279
2012-11-21 15:00:00,5.46641385167309
2012-11-21 16:00:00,5.51071313231593
2012-11-21 17:00:00,5.2334003797375
2012-11-21 18:00:00,5.30546104396564
2012-11-21 19:00:00,5.11663570375171
2012-11-21 20:00:00,4.42603783384263
2012-11-21 21:00:00,4.75641325276833
2012-11-21 22:00:00,4.72135553980422
2012-11-21 23:00:00,4.35922245432308
2012-11-22 00:00:00,4.25341058364417
2012-11-22 01:00:00,4.15850139128835
2012-11-22 02:00:00,3.72664924729217
2012-11-22 03:00:00,3.7361760334629
2012-11-22 04:00:00,3.50917961040382
2012-11-22 05:00:00,3.7361760334629
2012-11-22 06:00:00,3.92197818205854
2012-11-22 07:00:00,3.63513027960775
2012-11-22 08:00:00,3.69498175899946
2012-11-22 09:00:00,4.22131212413613
2012-11-22 10:00:00,4.60974790057858
2012-11-22 11:00:00,5.24346190825365
2012-11-22 12:00:00,5.39756196475444
2012-11-22 13:00:00,5.55817397950929
2012-11-22 14:00:00,5.66880209399577
2012-11-22 15:00:00,5.66880209399577
2012-11-22 16:00:00,5.50779371182772
2012-11-22 17:00:00,5.39756196475444
2012-11-22 18:00:00,5.07594156783154
2012-11-22 19:00:00,4.12456782488899
2012-11-22 20:00:00,4.19027064728802
2012-11-22 21:00:00,4.439609099653
2012-11-22 22:00:00,4.38232050630417
2012-11-22 23:00:00,4.0953614549322
2012-11-23 00:00:00,4.13836259276332
2012-11-23 01:00:00,3.73236119785467
2012-11-23 02:00:00,3.82365052150768
2012-11-23 03:00:00,3.95216407675449
2012-11-23 04:00:00,3.7130779814818
2012-11-23 05:00:00,3.61522112511414
2012-11-23 06:00:00,3.61522112511414
2012-11-23 07:00:00,3.61522112511414
2012-11-23 08:00:00,3.40126958922164
2012-11-23 09:00:00,3.83317730767841
2012-11-23 10:00:00,4.40396106988288
2012-11-23 11:00:00,5.0005526136711
2012-11-23 12:00:00,5.46110462880229
2012-11-23 13:00:00,5.54007361869768
2012-11-23 14:00:00,5.69143570207218
2012-11-23 15:00:00,5.50563355347654
2012-11-23 16:00:00,5.63222496888534
2012-11-23 17:00:00,5.67307845039619
2012-11-23 18:00:00,5.42959134103853
2012-11-23 19:00:00,5.45900740188087
2012-11-23 20:00:00,5.34046318246916
2012-11-23 21:00:00,5.29424490362693
2012-11-23 22:00:00,5.75885713989048
2012-11-23 23:00:00,5.52496075486577
2012-11-24 00:00:00,5.58536418604974
2012-11-24 01:00:00,5.02671408107524
2012-11-24 02:00:00,5.11837880148299
2012-11-24 03:00:00,4.8459359368584
2012-11-24 04:00:00,4.72287735720572
2012-11-24 05:00:00,4.70678303832033
2012-11-24 06:00:00,4.54232049331866
2012-11-24 07:00:00,4.92877019176088
2012-11-24 08:00:00,4.87882089529464
2012-11-24 09:00:00,4.94486451064627
2012-11-24 10:00:00,4.83408227973484
2012-11-24 11:00:00,5.02975200745381
2012-11-24 12:00:00,5.35608487705419
2012-11-24 13:00:00,5.13278383930919
2012-11-24 14:00:00,5.23437171330086
2012-11-24 15:00:00,5.0985534649736
2012-11-24 16:00:00,4.91854708492469
2012-11-24 17:00:00,4.74495412116547
2012-11-24 18:00:00,4.82052452268783
2012-11-24 19:00:00,4.71887271053394
2012-11-24 20:00:00,4.54232049331866
2012-11-24 21:00:00,4.54527974677473
2012-11-24 22:00:00,4.58345082961988
2012-11-24 23:00:00,4.54527974677473
2012-11-25 00:00:00,4.44763258129262
2012-11-25 01:00:00,4.54527974677473
2012-11-25 02:00:00,4.53016688294282
2012-11-25 03:00:00,4.60119051765689
2012-11-25 04:00:00,4.60119051765689
2012-11-25 05:00:00,4.67264292635146
2012-11-25 06:00:00,4.69432332289803
2012-11-25 07:00:00,4.59356278753488
2012-11-25 08:00:00,4.59093596332978
2012-11-25 09:00:00,4.68562387535582
2012-11-25 10:00:00,4.48269029425673
2012-11-25 11:00:00,4.98205413843793
2012-11-25 12:00:00,4.98205413843793
2012-11-25 13:00:00,4.94388305559279
2012-11-25 14:00:00,5.09601690313522
2012-11-25 15:00:00,4.87402974969467
2012-11-25 16:00:00,4.93054657887556
2012-11-25 17:00:00,4.78174738154395
2012-11-25 18:00:00,4.64632550062988
2012-11-25 19:00:00,4.79686024537585
2012-11-25 20:00:00,4.25839622300921
2012-11-25 21:00:00,4.62052930849035
2012-11-25 22:00:00,4.25839622300921
2012-11-25 23:00:00,3.96887428559435
2012-11-26 00:00:00,3.85725488439867
2012-11-26 01:00:00,3.79740340500696
2012-11-26 02:00:00,3.79740340500696
2012-11-26 03:00:00,3.79740340500696
2012-11-26 04:00:00,3.85725488439867
2012-11-26 05:00:00,3.78229054117505
2012-11-26 06:00:00,3.85725488439867
2012-11-26 07:00:00,4.01826326656671
2012-11-26 08:00:00,4.01826326656671
2012-11-26 09:00:00,4.36211454387432
2012-11-26 10:00:00,4.66150406041251
2012-11-26 11:00:00,5.39483973312088
2012-11-26 12:00:00,5.381031445488
2012-11-26 13:00:00,5.381031445488
2012-11-26 14:00:00,5.31421606596844
2012-11-26 15:00:00,5.37150465931727
2012-11-26 16:00:00,5.50041458197727
2012-11-26 17:00:00,5.3897864674908
2012-11-26 18:00:00,4.74130038893642
2012-11-26 19:00:00,4.62059500444107
2012-11-26 20:00:00,4.72135553980422
2012-11-26 21:00:00,4.72135553980422
2012-11-26 22:00:00,4.35922245432308
2012-11-26 23:00:00,4.46182647127435
2012-11-27 00:00:00,4.45229968510362
2012-11-27 01:00:00,4.38011950825267
2012-11-27 02:00:00,4.33938553936465
2012-11-27 03:00:00,4.20696566991518
2012-11-27 04:00:00,3.78809447492335
2012-11-27 05:00:00,3.98036582376453
2012-11-27 06:00:00,4.0020462203111
2012-11-27 07:00:00,3.80977487146992
2012-11-27 08:00:00,3.8891402287785
2012-11-27 09:00:00,4.10302803600403
2012-11-27 10:00:00,3.90819380111996
2012-11-27 11:00:00,3.64352120459329
2012-11-27 12:00:00,3.64095831855041
2012-11-27 13:00:00,3.61487690791888
2012-11-27 14:00:00,3.62184080804673
2012-11-27 15:00:00,4.11895664902022
2012-11-27 16:00:00,4.11895664902022
2012-11-27 17:00:00,4.17624524236905
2012-11-27 18:00:00,3.60404896979178
2012-11-27 19:00:00,3.88749828386954
2012-11-27 20:00:00,3.73613620049504
2012-11-27 21:00:00,3.49610325397101
2012-11-27 22:00:00,3.53986041447733
2012-11-27 23:00:00,3.81907222310449
2012-11-28 00:00:00,3.9702130261492
2012-11-28 01:00:00,4.01140730061264
2012-11-28 02:00:00,4.01140730061264
2012-11-28 03:00:00,4.13735796981657
2012-11-28 04:00:00,4.11824045931289
2012-11-28 05:00:00,4.13992085585945
2012-11-28 06:00:00,4.2633086390205
2012-11-28 07:00:00,4.47090233308389
2012-11-28 08:00:00,4.02509606462751
2012-11-28 09:00:00,4.4095271943982
2012-11-28 10:00:00,4.60822011373546
2012-11-28 11:00:00,4.74715173194375
2012-11-28 12:00:00,4.90563183187105
2012-11-28 13:00:00,4.90162718519927
2012-11-28 14:00:00,5.0188228324004
2012-11-28 15:00:00,5.23946141363037
2012-11-28 16:00:00,5.26727000797464
2012-11-28 17:00:00,5.14054757460278
2012-11-28 18:00:00,5.06552765691857
2012-11-28 19:00:00,4.97386293651082
2012-11-28 20:00:00,5.01459690539885
2012-11-28 21:00:00,4.83804468818356
2012-11-28 22:00:00,4.56680455894224
2012-11-28 23:00:00,4.4721166469162
2012-11-29 00:00:00,4.182163738286
2012-11-29 01:00:00,3.98064266755972
2012-11-29 02:00:00,3.9832055536026
2012-11-29 04:00:00,3.58345186911446
2012-11-29 05:00:00,3.79740340500696
2012-11-29 06:00:00,3.85725488439867
2012-11-29 07:00:00,3.92335407421089
2012-11-29 08:00:00,3.74411945832991
2012-11-29 09:00:00,4.14421393577064
2012-11-29 10:00:00,4.13540333930725
2012-11-29 11:00:00,5.10694321171179
2012-11-29 12:00:00,4.99320172734429
2012-11-29 13:00:00,5.35555609315521
2012-11-29 14:00:00,4.95580240866707
2012-11-29 15:00:00,4.93372564470732
2012-11-29 16:00:00,5.03137281018943
2012-11-29 17:00:00,4.97719758672163
2012-11-29 18:00:00,4.6463911965806
2012-11-29 19:00:00,4.46977504120309
2012-11-29 20:00:00,4.51057294825334
2012-11-29 21:00:00,4.04388437162283
2012-11-29 22:00:00,3.94960119071161
2012-11-29 23:00:00,4.23912312812647
2012-11-30 00:00:00,3.87719973353087
2012-11-30 01:00:00,3.829501864515
2012-11-30 02:00:00,3.76636192815885
2012-11-30 03:00:00,3.76636192815885
2012-11-30 04:00:00,3.70611408135395
2012-11-30 05:00:00,3.52031193275831
2012-11-30 06:00:00,3.3691711297136
2012-11-30 07:00:00,3.58016341215002
2012-11-30 08:00:00,3.79958767954769
2012-11-30 09:00:00,3.70355119531107
2012-11-30 10:00:00,4.42020122559558
2012-11-30 11:00:00,4.84001927183874
2012-11-30 12:00:00,5.13901242096374
2012-11-30 13:00:00,5.45538753317806
2012-11-30 14:00:00,5.41721645033291
2012-11-30 15:00:00,5.52744819740619
2012-11-30 16:00:00,5.13871246771146
2012-11-30 17:00:00,4.76035396127789
2012-11-30 18:00:00,4.64106108715534
2012-11-30 19:00:00,4.23327178511915
2012-11-30 20:00:00,4.23327178511915
2012-11-30 21:00:00,3.94374984770429
2012-11-30 22:00:00,3.94631273374717
2012-11-30 23:00:00,4.16573700114484
2012-12-20 00:00:00,4.3848435593792
2012-12-20 01:00:00,4.23327178511915
2012-12-20 02:00:00,4.23327178511915
2012-12-20 03:00:00,4.29168767034877
2012-12-20 04:00:00,4.29168767034877
2012-12-20 05:00:00,4.3012144565195
2012-12-20 06:00:00,4.42020122559558
2012-12-20 07:00:00,4.29425055639165
2012-12-20 08:00:00,4.29425055639165
2012-12-20 09:00:00,4.29425055639165
2012-12-20 10:00:00,4.3950110917548
2012-12-20 11:00:00,4.70502836214001
2012-12-20 12:00:00,4.88771714085462
2012-12-20 13:00:00,4.80601017783294
2012-12-20 14:00:00,4.90677071319608
2012-12-20 15:00:00,4.74576233102804
2012-12-20 16:00:00,4.81235643021781
2012-12-20 17:00:00,4.51905112646096
2012-12-20 18:00:00,4.39310045725703
2012-12-20 19:00:00,4.19826622237297
2012-12-20 20:00:00,4.07494237737414
2012-12-20 21:00:00,4.07494237737414
2012-12-20 22:00:00,3.81690447746696
2012-12-20 23:00:00,4.31011702538856
2012-12-21 00:00:00,3.66275859464089
2012-12-21 01:00:00,3.78029503479461
2012-12-21 02:00:00,3.68900571114161
2012-12-21 03:00:00,3.68900571114161
2012-12-21 04:00:00,3.96803528499638
2012-12-21 05:00:00,3.73413889997167
2012-12-21 06:00:00,4.2578864259196
2012-12-21 07:00:00,4.12984174454166
2012-12-21 08:00:00,4.12688249108559
2012-12-21 09:00:00,4.48080267470045
2012-12-21 10:00:00,4.33740911440055
2012-12-21 11:00:00,4.53075197116669
2012-12-21 12:00:00,4.5681512898439
2012-12-21 13:00:00,4.60632237268905
2012-12-21 14:00:00,4.62543988319273
2012-12-21 15:00:00,4.45145055202032
2012-12-21 16:00:00,4.48884987069754
2012-12-21 17:00:00,3.88066678981586
2012-12-21 18:00:00,3.86154927931218
2012-12-21 19:00:00,4.03675292431688
2012-12-21 20:00:00,4.16872064239732
2012-12-21 21:00:00,4.0937562991737
2012-12-21 22:00:00,3.94184373196105
2012-12-21 23:00:00,3.99216842518203
2012-12-22 00:00:00,4.17710680044971
2012-12-22 01:00:00,4.09123784858869
2012-12-22 02:00:00,4.13893571760457
2012-12-22 03:00:00,3.99047731322555
2012-12-22 04:00:00,4.00854943051353
2012-12-22 05:00:00,4.03160764952677
2012-12-22 06:00:00,4.13236818488991
2012-12-22 07:00:00,4.13236818488991
2012-12-22 08:00:00,4.19616037279117
2012-12-22 09:00:00,4.0125540771853
2012-12-22 10:00:00,3.97438299434016
2012-12-22 11:00:00,4.28986682976373
2012-12-22 12:00:00,4.60667291319338
2012-12-22 13:00:00,4.5932054185131
2012-12-22 14:00:00,4.60273220468383
2012-12-22 15:00:00,4.69439692509158
2012-12-22 16:00:00,4.45738717018584
2012-12-22 17:00:00,4.25169574691859
2012-12-22 18:00:00,4.10076463475942
2012-12-22 19:00:00,3.93318871987672
2012-12-22 20:00:00,3.92924801136717
2012-12-22 21:00:00,3.80992044933849
2012-12-22 22:00:00,3.80992044933849
2012-12-22 23:00:00,3.81287970279456
2012-12-23 00:00:00,3.91068098470163
2012-12-23 01:00:00,3.91364023815771
2012-12-23 02:00:00,3.7335782836482
2012-12-23 03:00:00,3.71446077314452
2012-12-23 04:00:00,3.81522130850766
2012-12-23 05:00:00,3.80893899428501
2012-12-23 06:00:00,3.2985571953104
2012-12-23 07:00:00,3.2985571953104
2012-12-23 08:00:00,3.06203398608059
2012-12-23 09:00:00,3.55413397688167
2012-12-23 10:00:00,3.48540796286434
2012-12-23 11:00:00,3.78768956895378
2012-12-23 12:00:00,4.27978955975485
2012-12-23 13:00:00,4.43432895117261
2012-12-23 14:00:00,4.68354789091477
2012-12-23 15:00:00,4.62309035322432
2012-12-23 16:00:00,4.66126143606946
2012-12-23 17:00:00,4.22355794906596
2012-12-23 18:00:00,4.24501706528275
2012-12-23 19:00:00,4.33570033063701
2012-12-23 20:00:00,3.63622792610232
2012-12-23 21:00:00,3.45042577750668
2012-12-23 22:00:00,3.64904316923749
2012-12-23 23:00:00,3.70232711591454
2012-12-24 00:00:00,3.301185777304
2012-12-24 01:00:00,3.301185777304
2012-12-24 02:00:00,3.09019349486758
2012-12-24 03:00:00,3.09019349486758
2012-12-24 05:00:00,2.80991312513145
2012-12-24 06:00:00,3.09019349486758
2012-12-24 07:00:00,3.24133429791229
2012-12-24 08:00:00,3.301185777304
2012-12-24 09:00:00,3.63089736623555
2012-12-24 10:00:00,3.74403279230431
2012-12-24 11:00:00,3.79501911828462
2012-12-24 12:00:00,4.02803259022021
2012-12-24 13:00:00,3.05470138644547
2012-12-24 14:00:00,2.90356058340075
2012-12-24 15:00:00,2.85980342289443
2012-12-24 16:00:00,2.85980342289443
2012-12-24 17:00:00,2.73034301639628
2012-12-24 18:00:00,2.75241978035604
2012-12-24 19:00:00,2.8843793442301
2012-12-24 20:00:00,2.7112255058926
2012-12-24 21:00:00,2.74289299418531
2012-12-24 22:00:00,2.97885756537059
2012-12-24 23:00:00,2.80570372703309
2012-12-25 00:00:00,2.7659910461664
2012-12-25 01:00:00,3.13798355656449
2012-12-25 02:00:00,3.13798355656449
2012-12-25 04:00:00,3.09028568754862
2012-12-25 05:00:00,2.84762591681949
2012-12-25 06:00:00,2.84762591681949
2012-12-25 07:00:00,2.86674342732317
2012-12-25 08:00:00,3.1530964203964
2012-12-25 09:00:00,3.03299709419979
2012-12-25 10:00:00,3.20234939619717
2012-12-25 11:00:00,3.41077879259072
2012-12-25 12:00:00,3.44544013814164
2012-12-25 13:00:00,4.55351444858078
2012-12-25 14:00:00,4.57490962663534
2012-12-25 15:00:00,4.20530614220456
2012-12-25 16:00:00,4.42729329564511
2012-12-25 17:00:00,4.130863032563
2012-12-25 18:00:00,3.90415182799593
2012-12-25 19:00:00,3.88509825565446
2012-12-25 20:00:00,3.92326933849961
2012-12-25 21:00:00,3.83131939959986
2012-12-25 22:00:00,3.74616663744618
2012-12-25 23:00:00,3.8092426356401
2012-12-26 00:00:00,3.78614458365901
2012-12-26 01:00:00,3.6348380747451
2012-12-26 02:00:00,3.6348380747451
2012-12-26 03:00:00,3.48681064158141
2012-12-26 04:00:00,3.23016214258994
2012-12-26 05:00:00,3.46430290640633
2012-12-26 06:00:00,3.42613182356118
2012-12-26 07:00:00,2.77146176325327
2012-12-26 08:00:00,2.77146176325327
2012-12-26 09:00:00,2.77146176325327
2012-12-26 10:00:00,2.75234425274959
2012-12-26 11:00:00,2.79747923572258
2012-12-26 12:00:00,2.80651947621738
2012-12-26 13:00:00,2.80651947621738
2012-12-26 14:00:00,2.66746834538628
2012-12-26 15:00:00,2.94567237475545
2012-12-26 16:00:00,2.94567237475545
2012-12-26 17:00:00,2.79453157171074
2012-12-26 18:00:00,2.8764598150622
2012-12-26 19:00:00,3.08088456478397
2012-12-26 20:00:00,3.02776632397611
2012-12-26 21:00:00,3.26060593583613
2012-12-26 22:00:00,2.73172083886295
2012-12-26 23:00:00,2.90750129191031
2012-12-27 00:00:00,2.90750129191031
2012-12-27 01:00:00,2.73172083886295
2012-12-27 02:00:00,3.05601548024517
2012-12-27 03:00:00,3.03295726123193
2012-12-27 04:00:00,3.03952479394659
2012-12-27 05:00:00,3.13493211042738
2012-12-27 06:00:00,3.29084096061017
2012-12-27 07:00:00,3.23920238308474
2012-12-27 08:00:00,3.45102200414969
2012-12-27 09:00:00,3.60259377840974
2012-12-27 10:00:00,3.78271967108147
2012-12-27 11:00:00,4.01686043489785
2012-12-27 12:00:00,4.10083033071015
2012-12-27 13:00:00,4.10083033071015
2012-12-27 14:00:00,3.94445897771712
2012-12-27 15:00:00,3.89676110870125
2012-12-27 16:00:00,4.0126345078963
2012-12-27 17:00:00,4.0126345078963
2012-12-27 18:00:00,3.73214444727462
2012-12-27 19:00:00,3.46902695753285
2012-12-27 20:00:00,3.51278411803917
2012-12-27 21:00:00,3.73214444727462
2012-12-27 22:00:00,3.6910141109734
2012-12-27 23:00:00,3.73214444727462
2012-12-28 00:00:00,3.73477127147972
2012-12-28 01:00:00,3.47198621098892
2012-12-28 02:00:00,3.51015729383407
2012-12-28 03:00:00,3.73477127147972
2012-12-28 04:00:00,3.75684803543948
2012-12-28 05:00:00,3.74732124926875
2012-12-28 06:00:00,3.3682664221697
2012-12-28 07:00:00,3.35217210328431
2012-12-28 08:00:00,3.71565376097604
2012-12-28 09:00:00,3.6910141109734
2012-12-28 10:00:00,3.89275646202947
2012-12-28 11:00:00,4.09456275124776
2012-12-28 12:00:00,4.2329438856179
2012-12-28 13:00:00,4.2329438856179
2012-12-28 14:00:00,4.2329438856179
2012-12-28 15:00:00,4.20732278056179
2012-12-28 16:00:00,4.01095673217735
2012-12-28 17:00:00,3.49366660753549
2012-12-28 18:00:00,3.49366660753549
2012-12-28 19:00:00,3.56802269522554
2012-12-28 20:00:00,3.63089736623555
2012-12-28 21:00:00,3.46375242256818
2012-12-28 22:00:00,3.49541991086088
2012-12-28 23:00:00,3.62137058006482
2012-12-29 00:00:00,3.49206575794573
2012-12-29 01:00:00,3.42340368209062
2012-12-29 02:00:00,3.49206575794573
2012-12-29 03:00:00,3.36611508874179
2012-12-29 04:00:00,3.42340368209062
2012-12-29 05:00:00,3.42340368209062
2012-12-29 06:00:00,3.55888113746528
2012-12-29 07:00:00,3.57793470980674
2012-12-29 08:00:00,3.21497428569708
2012-12-29 09:00:00,3.21497428569708
2012-12-29 10:00:00,3.1276893992206
2012-12-29 11:00:00,2.79682743461897
2012-12-29 12:00:00,2.56320790438465
2012-12-29 13:00:00,2.56320790438465
2012-12-29 14:00:00,3.12112207600119
2012-12-29 15:00:00,3.06383348265236
2012-12-29 16:00:00,3.2109433148208
2012-12-29 17:00:00,3.11018277945765
2012-12-29 18:00:00,3.39411863921134
2012-12-29 19:00:00,3.88098808006411
2012-12-29 20:00:00,4.19779416349376
2012-12-29 21:00:00,4.15962308064861
2012-12-29 22:00:00,4.03980897294401
2012-12-29 23:00:00,3.74396709635359
2012-12-30 00:00:00,3.90920140552319
2012-12-30 01:00:00,4.05207373224103
2012-12-30 02:00:00,4.02605625977172
2012-12-30 03:00:00,4.05207373224103
2012-12-30 04:00:00,4.04813302373148
2012-12-30 05:00:00,4.17725263727703
2012-12-30 06:00:00,4.03273494140756
2012-12-30 07:00:00,3.73166764915043
2012-12-30 08:00:00,3.83939208464142
2012-12-30 09:00:00,3.85154569501726
2012-12-30 10:00:00,4.25267720197207
2012-12-30 11:00:00,4.20793858641227
2012-12-30 12:00:00,4.4388757179809
2012-12-30 13:00:00,4.60667291319338
2012-12-30 14:00:00,4.54248435787893
2012-12-30 15:00:00,4.34638365894463
2012-12-30 16:00:00,4.34336046732634
2012-12-30 17:00:00,4.15071393122566
2012-12-30 18:00:00,4.21776532583527
2012-12-30 19:00:00,3.97718711385868
2012-12-30 20:00:00,3.87947380198434
2012-12-30 21:00:00,3.7335782836482
2012-12-30 22:00:00,3.59201984123481
2012-12-30 23:00:00,3.71189788710163
2012-12-31 00:00:00,3.41758970719134
2012-12-31 01:00:00,3.41758970719134
2012-12-31 02:00:00,3.23792412009503
2012-12-31 03:00:00,3.25960451664159
2012-12-31 04:00:00,2.94785169884202
2012-12-31 05:00:00,3.07077917642766
2012-12-31 06:00:00,3.1119734508911
2012-12-31 07:00:00,3.15270741977912
2012-12-31 08:00:00,2.90665742437858
2012-12-31 09:00:00,3.47574032707482
2012-12-31 10:00:00,3.36884323021236
2012-12-31 11:00:00,3.69397336442947
2012-12-31 12:00:00,3.79473389979262
2012-12-31 13:00:00,4.1980612597372
2012-12-31 14:00:00,4.27089368813327
2012-12-31 15:00:00,4.27385294158934
2012-12-31 16:00:00,4.11635429671552
2012-12-31 17:00:00,4.16970218155479
2012-12-31 18:00:00,4.13803469326208
2012-12-31 19:00:00,3.79501911828462
2012-12-31 20:00:00,3.79501911828462
2012-12-31 21:00:00,3.57303196484407
2012-12-31 22:00:00,3.71452646909524
2012-12-31 23:00:00,3.48781526452817
