datetime,count
2011-01-20 00:00:00,13.8751187616845
2011-01-20 01:00:00,15.6064106254645
2011-01-20 02:00:00,17.2462372610175
2011-01-20 03:00:00,19.1346714499936
2011-01-20 04:00:00,21.1452262571994
2011-01-20 05:00:00,20.5790897596539
2011-01-20 06:00:00,21.7962778876528
2011-01-20 07:00:00,25.9370839603048
2011-01-20 08:00:00,29.1475449634826
2011-01-20 09:00:00,40.3573992836564
2011-01-20 10:00:00,41.3661963904724
2011-01-20 11:00:00,61.0218944700184
2011-01-20 12:00:00,79.7286389933468
2011-01-20 13:00:00,76.4564248581962
2011-01-20 14:00:00,88.8705421182876
2011-01-20 15:00:00,104.201462526232
2011-01-20 16:00:00,102.287483809673
2011-01-20 17:00:00,116.952719935507
2011-01-20 18:00:00,100.884695659624
2011-01-20 19:00:00,91.0714841826731
2011-01-20 20:00:00,114.128777790351
2011-01-20 21:00:00,119.900713344286
2011-01-20 22:00:00,118.927233161728
2011-01-20 23:00:00,133.089202972035
2011-01-21 00:00:00,12.6855392175203
2011-01-21 01:00:00,14.0184584642625
2011-01-21 02:00:00,9.998356734486
2011-01-21 03:00:00,9.79088131500982
2011-01-21 04:00:00,15.2856822668974
2011-01-21 05:00:00,19.9693984912866
2011-01-21 06:00:00,23.6683764894066
2011-01-21 07:00:00,25.7145910214433
2011-01-21 08:00:00,30.5322716932587
2011-01-21 09:00:00,32.0679431782703
2011-01-21 10:00:00,37.1215618289077
2011-01-21 11:00:00,46.7636516784888
2011-01-21 12:00:00,65.7493878035413
2011-01-21 13:00:00,72.9643976753488
2011-01-21 14:00:00,74.7299746074805
2011-01-21 15:00:00,73.2147888474083
2011-01-21 16:00:00,82.3161270725368
2011-01-21 17:00:00,84.6412580546586
2011-01-21 18:00:00,88.1768854036727
2011-01-21 19:00:00,95.4010717307353
2011-01-21 20:00:00,95.0244191021712
2011-01-21 21:00:00,93.903272879381
2011-01-21 22:00:00,90.0241607188725
2011-01-21 23:00:00,106.70494467089
2011-01-22 00:00:00,9.8903453818989
2011-01-22 01:00:00,12.9264129441523
2011-01-22 02:00:00,14.969518332512
2011-01-22 03:00:00,16.6820727789158
2011-01-22 04:00:00,16.0007491103537
2011-01-22 06:00:00,21.1761007876241
2011-01-22 07:00:00,19.5306741003539
2011-01-22 08:00:00,20.9480494366161
2011-01-22 09:00:00,25.7900027184868
2011-01-22 10:00:00,35.3312748311252
2011-01-22 11:00:00,42.2302273729342
2011-01-22 12:00:00,50.3645686810417
2011-01-22 13:00:00,57.2858764825948
2011-01-22 14:00:00,61.7033226645506
2011-01-22 15:00:00,74.3706440672548
2011-01-22 16:00:00,83.2083372596249
2011-01-22 17:00:00,103.126046542772
2011-01-22 18:00:00,80.6786915836913
2011-01-22 19:00:00,91.4736100948194
2011-01-22 20:00:00,80.7781708144014
2011-01-22 21:00:00,100.935402566619
2011-01-22 22:00:00,109.678472927605
2011-01-22 23:00:00,89.7479476126678
2011-01-23 00:00:00,9.01620975718275
2011-01-23 01:00:00,9.96357819867674
2011-01-23 02:00:00,9.88240553589823
2011-01-23 03:00:00,10.9207885574664
2011-01-23 05:00:00,17.3570681347667
2011-01-23 06:00:00,19.1808432055096
2011-01-23 07:00:00,19.7866524126308
2011-01-23 08:00:00,18.9363661948604
2011-01-23 09:00:00,24.8777894747016
2011-01-23 10:00:00,33.9655748621718
2011-01-23 11:00:00,40.7773137762853
2011-01-23 12:00:00,50.4788897184158
2011-01-23 13:00:00,55.5643720253894
2011-01-23 14:00:00,71.3564744137784
2011-01-23 15:00:00,78.8541784131816
2011-01-23 16:00:00,89.009504624994
2011-01-23 17:00:00,91.9111492903064
2011-01-23 18:00:00,96.1490190138326
2011-01-23 19:00:00,107.148733658751
2011-01-23 20:00:00,102.999866427206
2011-01-23 21:00:00,111.927932657102
2011-01-23 22:00:00,115.089489368299
2011-01-23 23:00:00,112.730215464868
2011-01-24 00:00:00,10.2990900847182
2011-01-24 01:00:00,10.283911433248
2011-01-24 03:00:00,12.2403922604982
2011-01-24 04:00:00,13.6165843202293
2011-01-24 05:00:00,15.0473321192865
2011-01-24 06:00:00,17.1327869264792
2011-01-24 07:00:00,20.9576153386148
2011-01-24 08:00:00,23.8088734710474
2011-01-24 09:00:00,30.8944179656017
2011-01-24 10:00:00,32.2498708292837
2011-01-24 11:00:00,33.4321650911029
2011-01-24 12:00:00,48.5841045424555
2011-01-24 13:00:00,53.3466178739596
2011-01-24 14:00:00,56.3909910005874
2011-01-24 15:00:00,62.3938554878323
2011-01-24 16:00:00,61.0969700369207
2011-01-24 17:00:00,59.3435453420261
2011-01-24 18:00:00,58.8904657465416
2011-01-24 19:00:00,72.4868155452073
2011-01-24 20:00:00,71.9163509109066
2011-01-24 21:00:00,77.4776076716991
2011-01-24 22:00:00,97.5076958547709
2011-01-24 23:00:00,111.67430032234
2011-01-25 00:00:00,10.0726148122466
2011-01-25 01:00:00,11.7139552710104
2011-01-25 02:00:00,10.8007400912963
2011-01-25 04:00:00,12.357904203045
2011-01-25 05:00:00,12.9767561310983
2011-01-25 06:00:00,15.7413272023453
2011-01-25 07:00:00,16.5296122164733
2011-01-25 08:00:00,22.6442726323295
2011-01-25 09:00:00,32.536502890771
2011-01-25 10:00:00,39.9588866183759
2011-01-25 11:00:00,44.5290422012027
2011-01-25 12:00:00,58.5435250737791
2011-01-25 13:00:00,62.7903661720167
2011-01-25 14:00:00,93.1340552647495
2011-01-25 15:00:00,112.259598183841
2011-01-25 16:00:00,124.055153460208
2011-01-25 17:00:00,107.593681357889
2011-01-25 18:00:00,128.701120937744
2011-01-25 19:00:00,96.7637063018357
2011-01-25 20:00:00,84.8198933779374
2011-01-25 21:00:00,93.7322514930675
2011-01-25 22:00:00,104.248838521073
2011-01-25 23:00:00,134.573106824596
2011-01-26 00:00:00,12.4497152100351
2011-01-26 01:00:00,15.2258869148778
2011-01-26 02:00:00,10.5640485738306
2011-01-26 05:00:00,10.0105770780204
2011-01-26 06:00:00,11.0624275850812
2011-01-26 07:00:00,13.1637799869701
2011-01-26 08:00:00,14.5469498628141
2011-01-26 09:00:00,16.0754548101448
2011-01-26 10:00:00,16.1866989740811
2011-01-26 11:00:00,17.366245293058
2011-01-26 12:00:00,19.1909846437347
2011-01-26 13:00:00,21.2074564985722
2011-01-26 14:00:00,23.6329839323104
2011-01-26 15:00:00,25.7771217488543
2011-01-26 16:00:00,28.6195344961298
2011-01-26 17:00:00,30.5673217480667
2011-01-27 16:00:00,65.9519109999492
2011-01-27 17:00:00,74.1317794653114
2011-01-27 18:00:00,63.569618121305
2011-01-27 19:00:00,70.2491266584675
2011-01-27 20:00:00,69.0954770256078
2011-01-27 21:00:00,76.3556091816821
2011-01-27 22:00:00,84.3785918338046
2011-01-27 23:00:00,83.5298267080889
2011-01-28 00:00:00,10.9181054155768
2011-01-28 01:00:00,12.0653134764121
2011-01-28 02:00:00,13.4456188264118
2011-01-28 03:00:00,15.2446608871304
2011-01-28 05:00:00,16.5698197852927
2011-01-28 06:00:00,17.7024710024514
2011-01-28 07:00:00,17.6762552780925
2011-01-28 08:00:00,19.5335685910304
2011-01-28 09:00:00,15.3845784076013
2011-01-28 10:00:00,17.072465761206
2011-01-28 11:00:00,17.009090765992
2011-01-28 12:00:00,18.7963024928898
2011-01-28 13:00:00,20.7713035496646
2011-01-28 14:00:00,32.0019831461947
2011-01-28 15:00:00,45.4023734550468
2011-01-28 16:00:00,48.9626603130997
2011-01-28 17:00:00,55.59722739357
2011-01-28 18:00:00,59.8990726693856
2011-01-28 19:00:00,79.3106510280528
2011-01-28 20:00:00,92.0123164508714
2011-01-28 21:00:00,92.8539322783337
2011-01-28 22:00:00,103.966738073099
2011-01-28 23:00:00,124.299690095203
2011-01-29 00:00:00,12.2459070308041
2011-01-29 01:00:00,14.063133867564
2011-01-29 02:00:00,15.4111408541803
2011-01-29 03:00:00,16.1860212574367
2011-01-29 04:00:00,15.1354828495456
2011-01-29 06:00:00,20.0708177227364
2011-01-29 07:00:00,23.6845550640337
2011-01-29 08:00:00,29.4645086689886
2011-01-29 09:00:00,31.3456717023628
2011-01-29 10:00:00,37.7343152826621
2011-01-29 11:00:00,40.3136926499099
2011-01-29 12:00:00,48.7843921662267
2011-01-29 13:00:00,61.7306123868254
2011-01-29 14:00:00,62.8193689388152
2011-01-29 15:00:00,51.5546160584892
2011-01-29 16:00:00,69.0788696641379
2011-01-29 17:00:00,82.7697279144441
2011-01-29 18:00:00,70.1936260160133
2011-01-29 19:00:00,89.8108054903186
2011-01-29 20:00:00,75.3424472172191
2011-01-29 21:00:00,83.2589729770217
2011-01-29 22:00:00,80.7107766596762
2011-01-29 23:00:00,89.1913738013891
2011-01-30 00:00:00,8.6239554870635
2011-01-30 01:00:00,10.0713378561922
2011-01-30 02:00:00,11.6121769257787
2011-01-30 03:00:00,10.1458014410999
2011-01-30 04:00:00,11.2118605011506
2011-01-30 05:00:00,13.7428083833082
2011-01-30 07:00:00,16.7825575441875
2011-01-30 08:00:00,21.6643268282298
2011-01-30 09:00:00,27.2991207523143
2011-01-30 10:00:00,31.4668923714296
2011-01-30 11:00:00,34.8855809544162
2011-01-30 12:00:00,63.366479186541
2011-01-30 13:00:00,56.3165979211573
2011-01-30 14:00:00,64.6431159686373
2011-01-30 15:00:00,81.6337505650362
2011-01-30 16:00:00,90.2113281867744
2011-01-30 17:00:00,92.7421922803924
2011-01-30 18:00:00,81.7364071679025
2011-01-30 19:00:00,91.0847181232637
2011-01-30 20:00:00,119.596449463228
2011-01-30 21:00:00,114.683942582081
2011-01-30 22:00:00,122.523310109147
2011-01-30 23:00:00,143.305462503349
2011-01-31 00:00:00,13.5462089113787
2011-01-31 01:00:00,12.5703208176757
2011-01-31 02:00:00,14.2522468160018
2011-01-31 03:00:00,15.7497861609695
2011-01-31 04:00:00,17.366620382158
2011-01-31 05:00:00,16.6532744382565
2011-01-31 06:00:00,15.902472127858
2011-01-31 07:00:00,21.828756659381
2011-01-31 08:00:00,25.9757329733879
2011-01-31 09:00:00,28.8256070501928
2011-01-31 10:00:00,32.2644279091992
2011-01-31 11:00:00,35.6545776070456
2011-01-31 12:00:00,48.2830278548392
2011-01-31 13:00:00,50.9498957914053
2011-01-31 14:00:00,57.0035536329799
2011-01-31 15:00:00,56.9036491104975
2011-01-31 16:00:00,66.8512360461871
2011-01-31 17:00:00,64.9326694119206
2011-01-31 18:00:00,76.7756373079799
2011-01-31 19:00:00,102.36306706957
2011-01-31 20:00:00,61.948751011571
2011-01-31 21:00:00,72.9565135724825
2011-01-31 22:00:00,113.564020155612
2011-01-31 23:00:00,121.087811067566
2011-02-20 00:00:00,20.123364884003
2011-02-20 01:00:00,19.5893670159176
2011-02-20 02:00:00,22.199330861257
2011-02-20 03:00:00,22.4909379793583
2011-02-20 04:00:00,24.8541488445745
2011-02-20 06:00:00,27.0343361355899
2011-02-20 07:00:00,26.6566149118059
2011-02-20 08:00:00,33.4562072264604
2011-02-20 09:00:00,39.5384269225589
2011-02-20 10:00:00,61.7628360884822
2011-02-20 11:00:00,86.4925643342984
2011-02-20 12:00:00,83.9498683155408
2011-02-20 13:00:00,99.6973268503721
2011-02-20 14:00:00,123.998999558226
2011-02-20 15:00:00,139.963420112517
2011-02-20 16:00:00,150.157448223016
2011-02-20 17:00:00,153.114098004928
2011-02-20 18:00:00,179.691582315109
2011-02-20 19:00:00,198.572480039548
2011-02-20 20:00:00,210.41858182336
2011-02-20 21:00:00,189.42490646684
2011-02-20 22:00:00,185.03971407212
2011-02-20 23:00:00,189.517265605508
2011-02-21 00:00:00,24.8723017321429
2011-02-21 01:00:00,27.4857318056366
2011-02-21 02:00:00,30.3737652038485
2011-02-21 03:00:00,33.2842748925206
2011-02-21 04:00:00,30.2609825540903
2011-02-21 05:00:00,48.3781487705756
2011-02-21 06:00:00,79.8511386566535
2011-02-21 07:00:00,87.8725271112441
2011-02-21 08:00:00,43.9291985989516
2011-02-21 09:00:00,48.3420745126715
2011-02-21 10:00:00,52.9743640986137
2011-02-21 11:00:00,61.0925762027213
2011-02-21 12:00:00,58.093638705969
2011-02-21 13:00:00,32.1294017201272
2011-02-21 14:00:00,59.6307975238864
2011-02-21 15:00:00,69.8859637572682
2011-02-21 16:00:00,44.6511588524705
2011-02-21 17:00:00,74.7174004096091
2011-02-21 18:00:00,60.3704045697175
2011-02-21 19:00:00,66.7137592198255
2011-02-21 20:00:00,55.5179463008067
2011-02-21 21:00:00,65.3698275085585
2011-02-21 22:00:00,65.8216534113512
2011-02-21 23:00:00,72.737792109122
2011-02-22 06:00:00,14.9393110339867
2011-02-22 07:00:00,16.5090429049635
2011-02-22 08:00:00,18.090991306919
2011-02-22 09:00:00,21.8489551681503
2011-02-22 10:00:00,24.5467754885021
2011-02-22 11:00:00,33.1678586978788
2011-02-22 12:00:00,40.6458242071556
2011-02-22 13:00:00,48.46349776446
2011-02-22 14:00:00,54.0063380089054
2011-02-22 15:00:00,66.1976444198882
2011-02-22 16:00:00,69.3915716397656
2011-02-22 17:00:00,74.7398814755809
2011-02-22 18:00:00,89.1572177370042
2011-02-22 19:00:00,90.4885298155509
2011-02-22 20:00:00,102.596018005755
2011-02-22 21:00:00,114.330072784178
2011-02-22 22:00:00,118.055336167765
2011-02-22 23:00:00,130.459872314033
2011-02-23 00:00:00,11.1395225541725
2011-02-23 01:00:00,13.5098681995478
2011-02-23 02:00:00,13.9531927316431
2011-02-23 03:00:00,14.9074001779906
2011-02-23 05:00:00,18.672777652694
2011-02-23 06:00:00,20.6347994711309
2011-02-23 07:00:00,21.6726610971869
2011-02-23 08:00:00,24.1520736810092
2011-02-23 09:00:00,32.3611132472463
2011-02-23 10:00:00,46.5996929146292
2011-02-23 11:00:00,52.2521991010293
2011-02-23 12:00:00,68.3915707006293
2011-02-23 13:00:00,91.2324638861594
2011-02-23 14:00:00,104.050560985259
2011-02-23 15:00:00,126.756304432055
2011-02-23 16:00:00,142.473600522219
2011-02-23 17:00:00,154.793322724582
2011-02-23 18:00:00,161.539561837073
2011-02-23 19:00:00,156.936291055635
2011-02-23 20:00:00,94.4757671733391
2011-02-23 21:00:00,135.207472863616
2011-02-23 22:00:00,149.414251132401
2011-02-23 23:00:00,140.271103870656
2011-02-24 00:00:00,14.0918397468834
2011-02-24 01:00:00,14.4614399280914
2011-02-24 02:00:00,13.8399925602627
2011-02-24 03:00:00,14.8439677928807
2011-02-24 05:00:00,16.8339166480623
2011-02-24 06:00:00,18.1364439178721
2011-02-24 07:00:00,19.1714505345355
2011-02-24 08:00:00,23.9499809707163
2011-02-24 09:00:00,28.1007829049168
2011-02-24 10:00:00,36.239894758434
2011-02-24 11:00:00,56.7682590713144
2011-02-24 12:00:00,74.9250292028271
2011-02-24 13:00:00,95.0161185680341
2011-02-24 14:00:00,116.236293324785
2011-02-24 15:00:00,84.8309378116276
2011-02-24 16:00:00,77.5023335582566
2011-02-24 17:00:00,69.3401641358392
2011-02-24 18:00:00,75.1595753744407
2011-02-24 19:00:00,51.4928129814351
2011-02-24 20:00:00,84.6893184650166
2011-02-24 21:00:00,101.428101964424
2011-02-24 22:00:00,78.9066140718999
2011-02-24 23:00:00,110.05360733241
2011-02-25 00:00:00,8.05467548591554
2011-02-25 01:00:00,11.7444878679461
2011-02-25 02:00:00,12.9785271668585
2011-02-25 03:00:00,15.7017389333857
2011-02-25 05:00:00,19.1747807175582
2011-02-25 06:00:00,15.0430664401365
2011-02-25 07:00:00,14.5460153563065
2011-02-25 08:00:00,18.602743562687
2011-02-25 09:00:00,19.2807025374784
2011-02-25 10:00:00,29.2039850721272
2011-02-25 11:00:00,66.4588096645611
2011-02-25 12:00:00,78.9940442652814
2011-02-25 13:00:00,87.2942576163837
2011-02-25 14:00:00,111.333668381956
2011-02-25 15:00:00,164.487394178674
2011-02-25 16:00:00,92.0685469616318
2011-02-25 17:00:00,105.60772096899
2011-02-25 18:00:00,113.378991823943
2011-02-25 19:00:00,113.433753466397
2011-02-25 20:00:00,131.566474283799
2011-02-25 21:00:00,138.560540943631
2011-02-25 22:00:00,137.131185578679
2011-02-25 23:00:00,152.891625340215
2011-02-26 00:00:00,15.2000405773159
2011-02-26 01:00:00,16.5790869943139
2011-02-26 02:00:00,15.8668822802697
2011-02-26 03:00:00,19.2948199847224
2011-02-26 04:00:00,24.8582956299697
2011-02-26 05:00:00,24.9188995593327
2011-02-26 06:00:00,26.4321067377674
2011-02-26 07:00:00,28.7176965666122
2011-02-26 08:00:00,39.3409925115368
2011-02-26 09:00:00,44.3868985994124
2011-02-26 10:00:00,61.2441535970608
2011-02-26 11:00:00,64.4212146171948
2011-02-26 12:00:00,83.4932351004268
2011-02-26 13:00:00,98.9143407353719
2011-02-26 14:00:00,116.926636659944
2011-02-26 15:00:00,130.877694165411
2011-02-26 16:00:00,113.28808957647
2011-02-26 17:00:00,134.279500454081
2011-02-26 18:00:00,134.904532940088
2011-02-26 19:00:00,133.250812105525
2011-02-26 20:00:00,129.457304093402
2011-02-26 21:00:00,117.986290435807
2011-02-26 22:00:00,111.50369425263
2011-02-26 23:00:00,120.131312262447
2011-02-27 00:00:00,9.68426325400412
2011-02-27 01:00:00,10.8881150539399
2011-02-27 02:00:00,12.3415125841187
2011-02-27 03:00:00,14.0519597612361
2011-02-27 04:00:00,13.8484773126932
2011-02-27 06:00:00,18.4914306859898
2011-02-27 07:00:00,18.6885671177106
2011-02-27 08:00:00,23.5541282797719
2011-02-27 09:00:00,26.6930824051732
2011-02-27 10:00:00,32.9212158233897
2011-02-27 11:00:00,54.2701408983055
2011-02-27 12:00:00,78.9638510039473
2011-02-27 13:00:00,98.446352489446
2011-02-27 14:00:00,116.403616426461
2011-02-27 15:00:00,142.042442322153
2011-02-27 16:00:00,165.156423021391
2011-02-27 17:00:00,139.780407173012
2011-02-27 18:00:00,148.089327154354
2011-02-27 19:00:00,160.925764390991
2011-02-27 20:00:00,175.613919384932
2011-02-27 21:00:00,168.728313258411
2011-02-27 22:00:00,214.1832541798
2011-02-27 23:00:00,212.03299954701
2011-02-28 00:00:00,18.8850965480811
2011-02-28 01:00:00,9.47478187927416
2011-02-28 03:00:00,10.4597716314183
2011-02-28 05:00:00,20.2637462360176
2011-02-28 06:00:00,21.1479558101995
2011-02-28 07:00:00,25.4836763179189
2011-02-28 08:00:00,25.1097974134578
2011-02-28 09:00:00,39.051707938279
2011-02-28 10:00:00,76.6059345533332
2011-02-28 11:00:00,98.2089110547868
2011-02-28 12:00:00,108.528105651238
2011-02-28 13:00:00,41.6490817255554
2011-02-28 14:00:00,39.5166013319929
2011-02-28 15:00:00,43.6687652706375
2011-02-28 16:00:00,46.0800609615278
2011-02-28 17:00:00,51.1257507101284
2011-02-28 18:00:00,68.063018721302
2011-02-28 19:00:00,88.6323348767331
2011-02-28 20:00:00,97.9452811390194
2011-02-28 21:00:00,132.951997214446
2011-02-28 22:00:00,71.8620513686853
2011-02-28 23:00:00,131.975577778001
2011-03-20 00:00:00,20.9066210625287
2011-03-20 01:00:00,20.528339069065
2011-03-20 02:00:00,22.5458080990616
2011-03-20 03:00:00,22.3178901156849
2011-03-20 04:00:00,23.4472517108706
2011-03-20 05:00:00,24.2166701641157
2011-03-20 06:00:00,26.9871244463071
2011-03-20 07:00:00,27.4030509571217
2011-03-20 08:00:00,35.8658902695336
2011-03-20 09:00:00,45.3825706386596
2011-03-20 10:00:00,71.0507163636823
2011-03-20 11:00:00,75.6485714100474
2011-03-20 12:00:00,85.9164708006338
2011-03-20 13:00:00,109.65642167758
2011-03-20 14:00:00,134.146249995836
2011-03-20 15:00:00,147.588063351595
2011-03-20 16:00:00,165.888417732109
2011-03-20 17:00:00,182.067839759423
2011-03-20 18:00:00,182.873492667078
2011-03-20 19:00:00,159.825740310035
2011-03-20 20:00:00,168.946640718246
2011-03-20 21:00:00,188.502132554436
2011-03-20 22:00:00,202.182063525721
2011-03-20 23:00:00,137.906994828381
2011-03-21 00:00:00,13.5776406033083
2011-03-21 01:00:00,20.3924468228749
2011-03-21 02:00:00,22.1600715989024
2011-03-21 03:00:00,24.4885170387751
2011-03-21 05:00:00,21.8929147222334
2011-03-21 06:00:00,20.5336783321617
2011-03-21 07:00:00,18.5538392219369
2011-03-21 08:00:00,30.0072573763251
2011-03-21 09:00:00,38.4605489057636
2011-03-21 10:00:00,59.9916569225218
2011-03-21 11:00:00,75.7597136804543
2011-03-21 12:00:00,78.9255541534008
2011-03-21 13:00:00,120.794223018737
2011-03-21 14:00:00,143.178661745126
2011-03-21 15:00:00,175.106183199888
2011-03-21 16:00:00,177.807656830834
2011-03-21 17:00:00,194.845745604256
2011-03-21 18:00:00,181.791041932546
2011-03-21 19:00:00,246.316813128523
2011-03-21 20:00:00,230.883843485807
2011-03-21 21:00:00,132.424020444126
2011-03-21 22:00:00,161.282013200891
2011-03-21 23:00:00,171.624358348017
2011-03-22 00:00:00,17.755212957006
2011-03-22 01:00:00,14.8431037361701
2011-03-22 02:00:00,18.4701410273013
2011-03-22 03:00:00,25.3170930615862
2011-03-22 04:00:00,30.8018097167038
2011-03-22 05:00:00,30.0507523439185
2011-03-22 06:00:00,29.3988242249091
2011-03-22 07:00:00,42.8276082707863
2011-03-22 08:00:00,65.2430020281684
2011-03-22 09:00:00,75.5047818901937
2011-03-22 10:00:00,91.9991040678543
2011-03-22 11:00:00,91.7526353365945
2011-03-22 12:00:00,109.880515843937
2011-03-22 13:00:00,134.983716938397
2011-03-22 14:00:00,160.590884027455
2011-03-22 15:00:00,172.326682526739
2011-03-22 16:00:00,184.14708230035
2011-03-22 17:00:00,203.496136843537
2011-03-22 18:00:00,208.427639398203
2011-03-22 19:00:00,223.272563140517
2011-03-22 20:00:00,254.089297933215
2011-03-22 21:00:00,263.532218417117
2011-03-22 22:00:00,260.941004963502
2011-03-22 23:00:00,288.359097471521
2011-03-23 00:00:00,13.6713626018687
2011-03-23 01:00:00,12.8915941278639
2011-03-23 02:00:00,14.2461643703716
2011-03-23 03:00:00,23.2342743510219
2011-03-23 05:00:00,16.199313378462
2011-03-23 06:00:00,26.642724104387
2011-03-23 07:00:00,25.6046693968432
2011-03-23 08:00:00,31.9942383009085
2011-03-23 09:00:00,37.6612246268722
2011-03-23 10:00:00,43.7896803539351
2011-03-23 11:00:00,45.0359806822528
2011-03-23 12:00:00,48.1158254853074
2011-03-23 13:00:00,36.9531601666676
2011-03-23 14:00:00,64.4992212628238
2011-03-23 15:00:00,86.3816142100049
2011-03-23 16:00:00,108.849083370824
2011-03-23 17:00:00,120.286282509732
2011-03-23 18:00:00,80.3216750223362
2011-03-23 19:00:00,88.761387732378
2011-03-23 20:00:00,78.8149781799193
2011-03-23 21:00:00,64.6791133046151
2011-03-23 22:00:00,117.580342888244
2011-03-23 23:00:00,92.4438504742923
2011-03-24 00:00:00,12.7227175068466
2011-03-24 01:00:00,12.1520868387471
2011-03-24 02:00:00,13.5419385640842
2011-03-24 03:00:00,14.104169152666
2011-03-24 04:00:00,15.5861493980884
2011-03-24 05:00:00,19.2658200059157
2011-03-24 06:00:00,21.2901551051039
2011-03-24 07:00:00,13.8946821989099
2011-03-24 08:00:00,14.4078691176156
2011-03-24 09:00:00,27.5447565274869
2011-03-24 10:00:00,28.8032127842994
2011-03-24 11:00:00,42.7955146484651
2011-03-24 12:00:00,56.1261050758226
2011-03-24 13:00:00,65.5459049642231
2011-03-24 14:00:00,70.6311905237557
2011-03-24 15:00:00,77.3843247835133
2011-03-24 16:00:00,91.3173208360097
2011-03-24 17:00:00,93.7123876927611
2011-03-24 18:00:00,115.805045307544
2011-03-24 19:00:00,120.97926170948
2011-03-24 20:00:00,115.579607554807
2011-03-24 21:00:00,118.376378246064
2011-03-24 22:00:00,128.637286164649
2011-03-24 23:00:00,131.718817681838
2011-03-25 00:00:00,14.2493413243802
2011-03-25 01:00:00,13.0992624600301
2011-03-25 02:00:00,14.1128202033227
2011-03-25 03:00:00,16.4125152893304
2011-03-25 04:00:00,16.1429846469085
2011-03-25 05:00:00,17.3920509312624
2011-03-25 06:00:00,18.7325318407244
2011-03-25 07:00:00,26.8428482891609
2011-03-25 08:00:00,35.5873860517953
2011-03-25 09:00:00,41.2852797101035
2011-03-25 10:00:00,47.634674293397
2011-03-25 11:00:00,64.8604929135092
2011-03-25 12:00:00,77.5038135969573
2011-03-25 13:00:00,91.8646736121429
2011-03-25 14:00:00,121.974980288472
2011-03-25 15:00:00,139.317256679532
2011-03-25 16:00:00,153.918302456457
2011-03-25 17:00:00,160.989753669934
2011-03-25 18:00:00,141.463909703842
2011-03-25 19:00:00,192.518318409377
2011-03-25 20:00:00,203.544275825193
2011-03-25 21:00:00,226.830305933951
2011-03-25 22:00:00,234.697362047167
2011-03-25 23:00:00,245.467613824799
2011-03-26 00:00:00,26.8895655172767
2011-03-26 01:00:00,24.4897775711952
2011-03-26 02:00:00,23.2410210293361
2011-03-26 03:00:00,23.3557228634062
2011-03-26 04:00:00,28.3816642080411
2011-03-26 05:00:00,26.8817773281284
2011-03-26 06:00:00,26.8346642806729
2011-03-26 07:00:00,32.8277133986169
2011-03-26 08:00:00,43.0623724555508
2011-03-26 09:00:00,51.8909520611755
2011-03-26 10:00:00,60.3349526345171
2011-03-26 11:00:00,72.7047293551393
2011-03-26 12:00:00,87.0736566485793
2011-03-26 13:00:00,105.81112384401
2011-03-26 14:00:00,129.442172691479
2011-03-26 15:00:00,147.95516509884
2011-03-26 16:00:00,178.689255569123
2011-03-26 17:00:00,180.286043248014
2011-03-26 18:00:00,249.62225263727
2011-03-26 19:00:00,174.626713177269
2011-03-26 20:00:00,192.975425281507
2011-03-26 21:00:00,204.041945697928
2011-03-26 22:00:00,247.949935911741
2011-03-26 23:00:00,244.910453353153
2011-03-27 00:00:00,25.9508408306037
2011-03-27 01:00:00,22.579167328584
2011-03-27 02:00:00,16.3083329957089
2011-03-27 03:00:00,13.5734353297428
2011-03-27 04:00:00,13.6975884697482
2011-03-27 06:00:00,13.3102678242569
2011-03-27 07:00:00,14.2205080047701
2011-03-27 08:00:00,28.0254034393147
2011-03-27 09:00:00,40.4356858146444
2011-03-27 10:00:00,51.3046913771003
2011-03-27 11:00:00,67.2998969489864
2011-03-27 12:00:00,83.7236921577928
2011-03-27 13:00:00,92.8197677132297
2011-03-27 14:00:00,114.757164593094
2011-03-27 15:00:00,125.69412998429
2011-03-27 16:00:00,143.775911881073
2011-03-27 17:00:00,163.905782935727
2011-03-27 18:00:00,165.776602708405
2011-03-27 19:00:00,190.293701682753
2011-03-27 20:00:00,184.053295612265
2011-03-27 21:00:00,181.081286862168
2011-03-27 22:00:00,200.10820628157
2011-03-27 23:00:00,213.307626407403
2011-03-28 00:00:00,15.3441301759713
2011-03-28 01:00:00,19.9552911071039
2011-03-28 02:00:00,21.8680846626272
2011-03-28 03:00:00,24.1658498924997
2011-03-28 05:00:00,26.5992076453815
2011-03-28 06:00:00,33.0180936738336
2011-03-28 07:00:00,39.6996215292722
2011-03-28 08:00:00,43.1513277513874
2011-03-28 09:00:00,59.8486115250677
2011-03-28 10:00:00,60.3382857090039
2011-03-28 11:00:00,83.3171207902128
2011-03-28 12:00:00,99.6308599385553
2011-03-28 13:00:00,124.161958769305
2011-03-28 14:00:00,126.199320770688
2011-03-28 15:00:00,137.682535955553
2011-03-28 16:00:00,158.43288348329
2011-03-28 17:00:00,171.360346380147
2011-03-28 18:00:00,194.241189158775
2011-03-28 19:00:00,202.802492226159
2011-03-28 20:00:00,241.866091750127
2011-03-28 21:00:00,273.548576311745
2011-03-28 22:00:00,269.075257483646
2011-03-28 23:00:00,270.873118255149
2011-03-29 00:00:00,23.7656249068326
2011-03-29 01:00:00,23.5253756649934
2011-03-29 02:00:00,25.9972789458094
2011-03-29 03:00:00,28.7289147774132
2011-03-29 04:00:00,25.5951835479572
2011-03-29 05:00:00,32.1724554327519
2011-03-29 06:00:00,33.9334275582304
2011-03-29 07:00:00,36.5590325007259
2011-03-29 08:00:00,46.0550089310938
2011-03-29 09:00:00,64.6412442006079
2011-03-29 10:00:00,77.0890201718791
2011-03-29 11:00:00,109.430773054471
2011-03-29 12:00:00,105.790187532658
2011-03-29 13:00:00,111.554226649842
2011-03-29 14:00:00,132.481792302056
2011-03-29 15:00:00,171.951874497089
2011-03-29 16:00:00,195.342717990774
2011-03-29 17:00:00,230.055087033047
2011-03-29 18:00:00,217.846971367615
2011-03-29 19:00:00,221.147644136422
2011-03-29 20:00:00,266.032184312817
2011-03-29 21:00:00,210.070808549803
2011-03-29 22:00:00,209.291001070751
2011-03-29 23:00:00,227.097472900309
2011-03-30 00:00:00,23.1146459852205
2011-03-30 01:00:00,28.5439315600554
2011-03-30 02:00:00,28.2273364759747
2011-03-30 03:00:00,35.1153662694532
2011-03-30 04:00:00,34.4708945591187
2011-03-30 05:00:00,34.4717379417223
2011-03-30 06:00:00,43.3396447541774
2011-03-30 07:00:00,54.8409581938994
2011-03-30 08:00:00,55.6870242764863
2011-03-30 09:00:00,63.6381696454006
2011-03-30 10:00:00,72.2960653936944
2011-03-30 11:00:00,80.5646708238434
2011-03-30 12:00:00,90.5569273074311
2011-03-30 13:00:00,106.178763428228
2011-03-30 14:00:00,114.842507939306
2011-03-30 15:00:00,41.8069519625911
2011-03-30 16:00:00,43.5418158479519
2011-03-30 17:00:00,42.2185410921819
2011-03-30 18:00:00,67.6956683209792
2011-03-30 19:00:00,74.8087170987153
2011-03-30 20:00:00,50.8003850529214
2011-03-30 21:00:00,84.6495177925549
2011-03-30 22:00:00,63.3834654052894
2011-03-30 23:00:00,68.2687043967767
2011-03-31 00:00:00,7.03666357691264
2011-03-31 01:00:00,7.71093880683821
2011-03-31 02:00:00,8.5211573217824
2011-03-31 03:00:00,9.49600137058726
2011-03-31 04:00:00,10.5820727642372
2011-03-31 05:00:00,11.5964062800388
2011-03-31 06:00:00,12.5426246952196
2011-03-31 07:00:00,14.2805430975201
2011-03-31 08:00:00,20.822398798037
2011-03-31 09:00:00,18.19035799532
2011-03-31 10:00:00,20.1016900925481
2011-03-31 11:00:00,23.7729684676852
2011-03-31 12:00:00,26.2708872931623
2011-03-31 13:00:00,33.9549084653223
2011-03-31 14:00:00,37.5226835704031
2011-03-31 15:00:00,39.9011480869143
2011-03-31 16:00:00,66.4879398336839
2011-03-31 17:00:00,73.4740878531667
2011-03-31 18:00:00,81.8955654941689
2011-03-31 19:00:00,90.5006530350474
2011-03-31 20:00:00,57.4423042066305
2011-03-31 21:00:00,93.7042357613751
2011-03-31 22:00:00,72.5566990682752
2011-03-31 23:00:00,67.5803353398013
2011-04-20 00:00:00,16.7387302746683
2011-04-20 01:00:00,16.3588421772293
2011-04-20 02:00:00,18.0777297403477
2011-04-20 03:00:00,19.0759432587246
2011-04-20 04:00:00,19.0434744352166
2011-04-20 05:00:00,23.5853676220418
2011-04-20 06:00:00,26.9593363509099
2011-04-20 07:00:00,29.6815435236112
2011-04-20 08:00:00,86.1573259256625
2011-04-20 09:00:00,106.30773461955
2011-04-20 10:00:00,94.7367548864792
2011-04-20 11:00:00,104.691116447057
2011-04-20 12:00:00,194.90860505324
2011-04-20 13:00:00,215.388414904154
2011-04-20 14:00:00,273.626700007858
2011-04-20 15:00:00,385.361634386334
2011-04-20 16:00:00,425.853089311651
2011-04-20 17:00:00,445.293636816752
2011-04-20 18:00:00,459.472011442623
2011-04-20 19:00:00,458.8997680234
2011-04-20 20:00:00,466.075584335549
2011-04-20 21:00:00,510.502896159181
2011-04-20 22:00:00,519.506749377422
2011-04-20 23:00:00,595.022048027859
2011-04-21 00:00:00,44.7337839098331
2011-04-21 01:00:00,42.4639717203641
2011-04-21 02:00:00,49.2395949828841
2011-04-21 03:00:00,52.2030482435303
2011-04-21 04:00:00,52.6823946013197
2011-04-21 05:00:00,57.4604681228847
2011-04-21 06:00:00,57.8601411644629
2011-04-21 07:00:00,75.897966150081
2011-04-21 08:00:00,77.5635635619145
2011-04-21 09:00:00,88.1341608092159
2011-04-21 10:00:00,89.0096707462784
2011-04-21 11:00:00,105.061436433705
2011-04-21 12:00:00,122.421587820077
2011-04-21 13:00:00,159.177311875582
2011-04-21 14:00:00,183.842691917698
2011-04-21 15:00:00,230.175440137948
2011-04-21 16:00:00,257.643859914668
2011-04-21 17:00:00,250.858681599632
2011-04-21 18:00:00,304.170759683804
2011-04-21 19:00:00,295.4413493518
2011-04-21 20:00:00,291.380089609763
2011-04-21 21:00:00,244.008022506522
2011-04-21 22:00:00,299.166821099469
2011-04-21 23:00:00,295.571615042038
2011-04-22 00:00:00,19.4058145616481
2011-04-22 01:00:00,23.8804788221852
2011-04-22 02:00:00,26.7241893092152
2011-04-22 03:00:00,29.5322044572537
2011-04-22 04:00:00,31.1568828377336
2011-04-22 05:00:00,33.8575728788123
2011-04-22 06:00:00,38.0484224575866
2011-04-22 07:00:00,49.1160812200046
2011-04-22 08:00:00,53.8225385624193
2011-04-22 09:00:00,35.0391346073015
2011-04-22 10:00:00,61.5659907995291
2011-04-22 11:00:00,41.9930938555945
2011-04-22 12:00:00,39.3536232772477
2011-04-22 13:00:00,37.5786427622334
2011-04-22 14:00:00,40.4862968740817
2011-04-22 15:00:00,45.8906008873445
2011-04-22 16:00:00,49.8684150172443
2011-04-22 17:00:00,47.5150569699604
2011-04-22 18:00:00,52.5076499421092
2011-04-22 19:00:00,58.0248341948979
2011-04-22 20:00:00,70.0780835862106
2011-04-22 21:00:00,69.6798257313555
2011-04-22 22:00:00,68.8400292090798
2011-04-22 23:00:00,91.0645244239558
2011-04-23 00:00:00,12.9404030282213
2011-04-23 01:00:00,14.300101812889
2011-04-23 02:00:00,11.0752523663127
2011-04-23 03:00:00,12.0861223408568
2011-04-23 04:00:00,14.1738218225062
2011-04-23 05:00:00,15.663120746514
2011-04-23 06:00:00,24.3764795134308
2011-04-23 07:00:00,18.4060723075768
2011-04-23 08:00:00,30.5268359124209
2011-04-23 09:00:00,44.2199577934353
2011-04-23 10:00:00,56.9150107955701
2011-04-23 11:00:00,68.44900978617
2011-04-23 12:00:00,83.6146294298296
2011-04-23 13:00:00,91.6294222716094
2011-04-23 14:00:00,122.77418906621
2011-04-23 15:00:00,167.247499217323
2011-04-23 16:00:00,179.469755556532
2011-04-23 17:00:00,200.841187418555
2011-04-23 18:00:00,174.832910510361
2011-04-23 19:00:00,176.348691617025
2011-04-23 20:00:00,200.977335679754
2011-04-23 21:00:00,251.5652343791
2011-04-23 22:00:00,309.723193264449
2011-04-23 23:00:00,264.480045669323
2011-04-24 00:00:00,23.8725330928356
2011-04-24 01:00:00,23.2839327316033
2011-04-24 02:00:00,25.7304666585915
2011-04-24 03:00:00,25.2647223575695
2011-04-24 04:00:00,27.9193856018004
2011-04-24 05:00:00,30.8529847013529
2011-04-24 06:00:00,35.5358650277541
2011-04-24 07:00:00,39.269757425462
2011-04-24 08:00:00,45.1133058562123
2011-04-24 09:00:00,59.7944161698094
2011-04-24 10:00:00,84.8404463287793
2011-04-24 11:00:00,127.935114519079
2011-04-24 12:00:00,152.5440432958
2011-04-24 13:00:00,196.678906699746
2011-04-24 14:00:00,233.527097929815
2011-04-24 15:00:00,209.339927740289
2011-04-24 16:00:00,330.690391349846
2011-04-24 17:00:00,243.998366072326
2011-04-24 18:00:00,234.610828280734
2011-04-24 19:00:00,153.184845067351
2011-04-24 20:00:00,169.280576182783
2011-04-24 21:00:00,135.404185226372
2011-04-24 22:00:00,136.913550668129
2011-04-24 23:00:00,148.159304365435
2011-04-25 00:00:00,12.7574181840964
2011-04-25 01:00:00,18.8988377124556
2011-04-25 02:00:00,20.8846125459918
2011-04-25 03:00:00,24.8692390079498
2011-04-25 04:00:00,27.8438500932874
2011-04-25 05:00:00,27.0979502669158
2011-04-25 06:00:00,32.5894318050386
2011-04-25 07:00:00,38.5339590900203
2011-04-25 08:00:00,47.584064951213
2011-04-25 09:00:00,62.1423996387358
2011-04-25 10:00:00,92.7254293132519
2011-04-25 11:00:00,102.468453025114
2011-04-25 12:00:00,117.355791216066
2011-04-25 13:00:00,159.908554567362
2011-04-25 14:00:00,216.98146800206
2011-04-25 15:00:00,250.67005763319
2011-04-25 16:00:00,263.735432785671
2011-04-25 17:00:00,286.596116908449
2011-04-25 18:00:00,295.35802534188
2011-04-25 19:00:00,310.217506468994
2011-04-25 20:00:00,319.057868577773
2011-04-25 21:00:00,297.75570035691
2011-04-25 22:00:00,301.001357123478
2011-04-25 23:00:00,270.975535573133
2011-04-26 00:00:00,36.8377484178701
2011-04-26 01:00:00,36.7731865189978
2011-04-26 02:00:00,29.9639982792312
2011-04-26 03:00:00,29.1111629507436
2011-04-26 04:00:00,35.8312019684257
2011-04-26 05:00:00,35.2526160462211
2011-04-26 06:00:00,40.2956251719125
2011-04-26 07:00:00,51.0905634094072
2011-04-26 08:00:00,56.45884883485
2011-04-26 09:00:00,87.137653760271
2011-04-26 10:00:00,106.568547135298
2011-04-26 11:00:00,131.469305889789
2011-04-26 12:00:00,162.138518672051
2011-04-26 13:00:00,218.604202964612
2011-04-26 14:00:00,210.602898297759
2011-04-26 15:00:00,215.164528175698
2011-04-26 16:00:00,250.669417283012
2011-04-26 17:00:00,251.906550620284
2011-04-26 18:00:00,269.062494675915
2011-04-26 19:00:00,240.662618313814
2011-04-26 20:00:00,261.523342408873
2011-04-26 21:00:00,251.889647166019
2011-04-26 22:00:00,270.558076391901
2011-04-26 23:00:00,301.510671287962
2011-04-27 00:00:00,25.9302343425619
2011-04-27 01:00:00,28.895912700331
2011-04-27 02:00:00,28.4293146690286
2011-04-27 03:00:00,37.0087402711024
2011-04-27 04:00:00,30.192443520838
2011-04-27 05:00:00,39.3028428051562
2011-04-27 06:00:00,37.180871427465
2011-04-27 07:00:00,55.1911711936527
2011-04-27 08:00:00,61.7633891748539
2011-04-27 09:00:00,69.9923540301762
2011-04-27 10:00:00,87.2850964221382
2011-04-27 11:00:00,108.34098404086
2011-04-27 12:00:00,108.291335614567
2011-04-27 13:00:00,113.736281878064
2011-04-27 14:00:00,150.79022524303
2011-04-27 15:00:00,210.596439280425
2011-04-27 16:00:00,209.868562619644
2011-04-27 17:00:00,134.520014526761
2011-04-27 18:00:00,148.654558857925
2011-04-27 19:00:00,206.266008361796
2011-04-27 20:00:00,205.507568263349
2011-04-27 21:00:00,199.602661671631
2011-04-27 22:00:00,260.929729622426
2011-04-27 23:00:00,290.772639710192
2011-04-28 00:00:00,31.557404965026
2011-04-28 01:00:00,36.5744532064891
2011-04-28 02:00:00,41.1015949588808
2011-04-28 03:00:00,50.1674294811306
2011-04-28 04:00:00,49.7726163817069
2011-04-28 05:00:00,54.5435184620364
2011-04-28 06:00:00,69.1360653873653
2011-04-28 07:00:00,76.0810788965474
2011-04-28 08:00:00,87.7209126995625
2011-04-28 09:00:00,48.6446549206607
2011-04-28 10:00:00,77.6886293191631
2011-04-28 11:00:00,96.4564830679756
2011-04-28 12:00:00,118.722557797519
2011-04-28 13:00:00,118.286014960728
2011-04-28 14:00:00,111.899720224438
2011-04-28 15:00:00,174.159444829452
2011-04-28 16:00:00,151.566361590177
2011-04-28 17:00:00,297.041593666679
2011-04-28 18:00:00,328.252916298865
2011-04-28 19:00:00,378.467334712671
2011-04-28 20:00:00,331.511798580273
2011-04-28 21:00:00,327.511315389186
2011-04-28 22:00:00,355.127352038544
2011-04-28 23:00:00,419.994498487226
2011-04-29 00:00:00,42.7066762637304
2011-04-29 01:00:00,39.1910702521827
2011-04-29 02:00:00,30.6138400704853
2011-04-29 03:00:00,35.74438257968
2011-04-29 04:00:00,45.029080036778
2011-04-29 05:00:00,52.7961663953381
2011-04-29 06:00:00,68.2074165801499
2011-04-29 07:00:00,80.1689519506754
2011-04-29 08:00:00,99.5132395013219
2011-04-29 09:00:00,110.897830307687
2011-04-29 10:00:00,124.373703154783
2011-04-29 11:00:00,179.447098716724
2011-04-29 12:00:00,158.781430415126
2011-04-29 13:00:00,176.20180823013
2011-04-29 14:00:00,260.710547078924
2011-04-29 15:00:00,240.43641888577
2011-04-29 16:00:00,251.482762166322
2011-04-29 17:00:00,256.937067993063
2011-04-29 18:00:00,230.55949639982
2011-04-29 19:00:00,200.606519359612
2011-04-29 20:00:00,249.125573860946
2011-04-29 21:00:00,250.285181814743
2011-04-29 22:00:00,227.212551078054
2011-04-29 23:00:00,317.953552345308
2011-04-30 00:00:00,36.4745758011291
2011-04-30 01:00:00,39.3055088094426
2011-04-30 02:00:00,44.1706973339469
2011-04-30 03:00:00,46.3916236161801
2011-04-30 04:00:00,51.6989541217467
2011-04-30 05:00:00,51.2184641808011
2011-04-30 06:00:00,49.6622434252675
2011-04-30 07:00:00,59.9646547191017
2011-04-30 08:00:00,64.6169269379664
2011-04-30 09:00:00,82.6160913383412
2011-04-30 10:00:00,111.137936311025
2011-04-30 11:00:00,130.850582133195
2011-04-30 12:00:00,152.143357591471
2011-04-30 13:00:00,178.82473982917
2011-04-30 14:00:00,193.512979008491
2011-04-30 15:00:00,224.044312413952
2011-04-30 16:00:00,262.69385184063
2011-04-30 17:00:00,250.345388306439
2011-04-30 18:00:00,265.226585472804
2011-04-30 19:00:00,293.094980695306
2011-04-30 20:00:00,197.836341957876
2011-04-30 21:00:00,218.623780582204
2011-04-30 22:00:00,222.485951990718
2011-04-30 23:00:00,245.863421600255
2011-05-20 00:00:00,15.7761644931114
2011-05-20 01:00:00,15.5551931012741
2011-05-20 02:00:00,16.9002539203268
2011-05-20 03:00:00,18.2114360187414
2011-05-20 04:00:00,22.5555211128779
2011-05-20 05:00:00,25.0301536852974
2011-05-20 06:00:00,31.5315770870068
2011-05-20 07:00:00,45.3837118173778
2011-05-20 08:00:00,59.5631863079174
2011-05-20 09:00:00,70.0983748656328
2011-05-20 10:00:00,85.0120079796978
2011-05-20 11:00:00,121.4843874101
2011-05-20 12:00:00,178.949791957568
2011-05-20 13:00:00,136.261195655656
2011-05-20 14:00:00,193.940257368769
2011-05-20 15:00:00,237.473783953638
2011-05-20 16:00:00,272.055081551497
2011-05-20 17:00:00,245.755500955079
2011-05-20 18:00:00,272.054101841615
2011-05-20 19:00:00,211.684905239125
2011-05-20 20:00:00,234.909478902165
2011-05-20 21:00:00,248.803632249739
2011-05-20 22:00:00,224.031462567438
2011-05-20 23:00:00,252.199302018714
2011-05-21 00:00:00,25.2287930027566
2011-05-21 01:00:00,29.1524860929163
2011-05-21 02:00:00,33.1761978281903
2011-05-21 03:00:00,29.0518604337631
2011-05-21 04:00:00,28.3917256774762
2011-05-21 05:00:00,31.1131848440993
2011-05-21 06:00:00,41.2382707856932
2011-05-21 07:00:00,56.6797008904476
2011-05-21 08:00:00,73.3685776973957
2011-05-21 09:00:00,104.535331650405
2011-05-21 10:00:00,116.778772767964
2011-05-21 11:00:00,152.807167525391
2011-05-21 12:00:00,169.990717556972
2011-05-21 13:00:00,211.05671336259
2011-05-21 14:00:00,254.32722747898
2011-05-21 15:00:00,288.717455406585
2011-05-21 16:00:00,407.3212585443
2011-05-21 17:00:00,419.867016374442
2011-05-21 18:00:00,425.501138855206
2011-05-21 19:00:00,390.784502943689
2011-05-21 20:00:00,307.976435207337
2011-05-21 21:00:00,350.484247151127
2011-05-21 22:00:00,332.527333751037
2011-05-21 23:00:00,279.790100325409
2011-05-22 00:00:00,22.7455616540589
2011-05-22 01:00:00,21.8587337513492
2011-05-22 02:00:00,23.9539798105058
2011-05-22 03:00:00,23.2143684048645
2011-05-22 04:00:00,24.910847949999
2011-05-22 05:00:00,28.3491163334421
2011-05-22 06:00:00,35.7225939279868
2011-05-22 07:00:00,45.0138798661065
2011-05-22 08:00:00,76.4139788120042
2011-05-22 09:00:00,93.8721153263377
2011-05-22 10:00:00,110.990182903747
2011-05-22 11:00:00,166.629831490013
2011-05-22 12:00:00,234.619147237797
2011-05-22 13:00:00,220.258650349438
2011-05-22 14:00:00,126.623971993128
2011-05-22 15:00:00,238.462252952187
2011-05-22 16:00:00,233.399293280757
2011-05-22 17:00:00,290.852120836539
2011-05-22 18:00:00,280.147920243423
2011-05-22 19:00:00,306.992574854321
2011-05-22 20:00:00,303.98257839481
2011-05-22 21:00:00,288.408158489376
2011-05-22 22:00:00,248.350690886907
2011-05-22 23:00:00,307.353779612022
2011-05-23 00:00:00,25.2037578988353
2011-05-23 01:00:00,23.6440708067241
2011-05-23 02:00:00,21.2078978916894
2011-05-23 03:00:00,20.5588160525325
2011-05-23 04:00:00,31.7498312040271
2011-05-23 05:00:00,35.085910212337
2011-05-23 06:00:00,35.4770167374312
2011-05-23 07:00:00,46.0244871620703
2011-05-23 08:00:00,50.9125495593693
2011-05-23 09:00:00,56.7370865410491
2011-05-23 10:00:00,97.317748816594
2011-05-23 11:00:00,123.910007204286
2011-05-23 12:00:00,136.929716546908
2011-05-23 13:00:00,238.128165333433
2011-05-23 14:00:00,255.413467640064
2011-05-23 15:00:00,276.392522920117
2011-05-23 16:00:00,292.878671980483
2011-05-23 17:00:00,201.456959374889
2011-05-23 18:00:00,244.730173409582
2011-05-23 19:00:00,265.943474673413
2011-05-23 20:00:00,199.557535600936
2011-05-23 21:00:00,201.782025540998
2011-05-23 22:00:00,190.27305845997
2011-05-23 23:00:00,277.6542622596
2011-05-24 00:00:00,22.4835019048741
2011-05-24 01:00:00,24.6386344618694
2011-05-24 02:00:00,27.4565906755784
2011-05-24 03:00:00,32.2002172964128
2011-05-24 04:00:00,33.2913482746725
2011-05-24 05:00:00,41.0071055885097
2011-05-24 06:00:00,44.5616165533302
2011-05-24 07:00:00,48.4045198455491
2011-05-24 08:00:00,48.0249308905715
2011-05-24 09:00:00,97.1968957167516
2011-05-24 10:00:00,129.471861744411
2011-05-24 11:00:00,168.088171641407
2011-05-24 12:00:00,221.752499886109
2011-05-24 13:00:00,242.579982333792
2011-05-24 14:00:00,270.331805614039
2011-05-24 15:00:00,207.721152312214
2011-05-24 16:00:00,185.322355714835
2011-05-24 17:00:00,244.667328983781
2011-05-24 18:00:00,242.677766534704
2011-05-24 19:00:00,232.249243511172
2011-05-24 20:00:00,249.228760117826
2011-05-24 21:00:00,238.518723099896
2011-05-24 22:00:00,173.126156872784
2011-05-24 23:00:00,274.141956058925
2011-05-25 00:00:00,20.6966941176246
2011-05-25 01:00:00,21.7434063223752
2011-05-25 02:00:00,27.1189353109361
2011-05-25 03:00:00,23.3709152982017
2011-05-25 04:00:00,25.611109937766
2011-05-25 05:00:00,35.1130241288699
2011-05-25 06:00:00,35.5044328957932
2011-05-25 07:00:00,64.2169028015888
2011-05-25 08:00:00,80.562732255228
2011-05-25 09:00:00,98.9906521847966
2011-05-25 10:00:00,121.064654923257
2011-05-25 11:00:00,161.859732007086
2011-05-25 12:00:00,178.067227277053
2011-05-25 13:00:00,196.777447661204
2011-05-25 14:00:00,219.289333846097
2011-05-25 15:00:00,271.057003047316
2011-05-25 16:00:00,281.697695355585
2011-05-25 17:00:00,306.115354991301
2011-05-25 18:00:00,304.979018891474
2011-05-25 19:00:00,301.298717182953
2011-05-25 20:00:00,335.768126708759
2011-05-25 21:00:00,300.327389060248
2011-05-25 22:00:00,343.214225143724
2011-05-25 23:00:00,331.39483724068
2011-05-26 00:00:00,33.2924088459898
2011-05-26 01:00:00,36.7905725235683
2011-05-26 02:00:00,31.9481147300753
2011-05-26 03:00:00,29.9999639765147
2011-05-26 04:00:00,32.327468397722
2011-05-26 05:00:00,42.7955994451386
2011-05-26 06:00:00,34.8700287188456
2011-05-26 07:00:00,50.0773997617271
2011-05-26 08:00:00,75.2189817920531
2011-05-26 09:00:00,106.565939838303
2011-05-26 10:00:00,110.041601582423
2011-05-26 11:00:00,146.502055916221
2011-05-26 12:00:00,209.924970944698
2011-05-26 13:00:00,276.529039708101
2011-05-26 14:00:00,305.585028025963
2011-05-26 15:00:00,413.31602094524
2011-05-26 16:00:00,427.620733150446
2011-05-26 17:00:00,397.027095169169
2011-05-26 18:00:00,444.305465195767
2011-05-26 19:00:00,451.153116646828
2011-05-26 20:00:00,366.237752902468
2011-05-26 21:00:00,389.620220600334
2011-05-26 22:00:00,383.224508205345
2011-05-26 23:00:00,430.659576115762
2011-05-27 00:00:00,39.7549525765026
2011-05-27 01:00:00,54.6123774860907
2011-05-27 02:00:00,54.1964975542404
2011-05-27 03:00:00,52.0968028774325
2011-05-27 04:00:00,52.677907429318
2011-05-27 05:00:00,64.4121358054113
2011-05-27 06:00:00,63.5262466784546
2011-05-27 07:00:00,67.5671134759793
2011-05-27 08:00:00,79.3578834662562
2011-05-27 09:00:00,109.042524152484
2011-05-27 10:00:00,152.372477805143
2011-05-27 11:00:00,198.787214804907
2011-05-27 12:00:00,227.281490987305
2011-05-27 13:00:00,191.415163400459
2011-05-27 14:00:00,234.628527191347
2011-05-27 15:00:00,298.066967729389
2011-05-27 16:00:00,347.591975431974
2011-05-27 17:00:00,301.468332463777
2011-05-27 18:00:00,357.660023256068
2011-05-27 19:00:00,156.515544817164
2011-05-27 20:00:00,281.95038809018
2011-05-27 21:00:00,204.383247076915
2011-05-27 22:00:00,255.892705671502
2011-05-27 23:00:00,224.081108078924
2011-05-28 00:00:00,24.5467967972867
2011-05-28 01:00:00,27.5851697304672
2011-05-28 02:00:00,26.7334404428665
2011-05-28 03:00:00,32.5592221105447
2011-05-28 04:00:00,36.2830673748564
2011-05-28 05:00:00,39.7609428454145
2011-05-28 06:00:00,49.7816498674869
2011-05-28 07:00:00,57.3818414396956
2011-05-28 08:00:00,73.0756701728264
2011-05-28 09:00:00,92.264849324115
2011-05-28 10:00:00,129.207528691328
2011-05-28 11:00:00,142.783869346899
2011-05-28 12:00:00,184.141108197354
2011-05-28 13:00:00,198.380651360091
2011-05-28 14:00:00,232.599419536628
2011-05-28 15:00:00,268.712855699453
2011-05-28 16:00:00,315.068096762759
2011-05-28 17:00:00,335.104244148977
2011-05-28 18:00:00,329.681512832067
2011-05-28 19:00:00,314.890025434045
2011-05-28 20:00:00,350.914318347601
2011-05-28 21:00:00,318.48336499757
2011-05-28 22:00:00,311.413470164692
2011-05-28 23:00:00,291.193286245193
2011-05-29 00:00:00,29.5006575928178
2011-05-29 01:00:00,28.5332262953146
2011-05-29 02:00:00,31.0064968242353
2011-05-29 03:00:00,34.2644707804383
2011-05-29 04:00:00,36.1494890484156
2011-05-29 05:00:00,34.2985940601175
2011-05-29 06:00:00,55.3913423867642
2011-05-29 07:00:00,62.2476160109905
2011-05-29 08:00:00,68.2142961317392
2011-05-29 09:00:00,66.6829074316571
2011-05-29 10:00:00,101.856726188636
2011-05-29 11:00:00,114.464429037593
2011-05-29 12:00:00,168.320061171453
2011-05-29 13:00:00,179.206122237362
2011-05-29 14:00:00,206.623313339003
2011-05-29 15:00:00,229.292564865096
2011-05-29 16:00:00,252.325983842887
2011-05-29 17:00:00,278.838862369392
2011-05-29 18:00:00,290.420080398924
2011-05-29 19:00:00,318.249045695559
2011-05-29 20:00:00,295.102185423609
2011-05-29 21:00:00,280.064521868976
2011-05-29 22:00:00,247.307570557678
2011-05-29 23:00:00,275.600243052558
2011-05-30 00:00:00,22.4325837902705
2011-05-30 01:00:00,24.3770483875014
2011-05-30 02:00:00,27.3944100670344
2011-05-30 03:00:00,30.2728479328104
2011-05-30 04:00:00,31.8047576095314
2011-05-30 05:00:00,40.3728713436278
2011-05-30 06:00:00,46.342078545063
2011-05-30 07:00:00,49.9374626190576
2011-05-30 08:00:00,66.5999636061323
2011-05-30 09:00:00,105.359799434375
2011-05-30 10:00:00,191.320597724952
2011-05-30 11:00:00,214.673316860427
2011-05-30 12:00:00,286.302794340533
2011-05-30 13:00:00,315.770978109295
2011-05-30 14:00:00,382.194583521411
2011-05-30 15:00:00,453.579275867601
2011-05-30 16:00:00,499.160848289411
2011-05-30 17:00:00,511.23943602866
2011-05-30 18:00:00,555.553858003413
2011-05-30 19:00:00,284.53841091574
2011-05-30 20:00:00,407.591375917117
2011-05-30 21:00:00,375.445426125211
2011-05-30 22:00:00,394.340166242487
2011-05-30 23:00:00,339.569633687693
2011-05-31 00:00:00,35.629383388152
2011-05-31 01:00:00,31.2000753942361
2011-05-31 02:00:00,33.3556195785669
2011-05-31 03:00:00,32.614669531667
2011-05-31 04:00:00,42.2822009166259
2011-05-31 05:00:00,46.7249572259951
2011-05-31 06:00:00,59.6220971050217
2011-05-31 07:00:00,94.9947052235077
2011-05-31 08:00:00,133.290360174212
2011-05-31 09:00:00,163.058411941785
2011-05-31 10:00:00,193.220881298473
2011-05-31 11:00:00,245.034022822449
2011-05-31 12:00:00,281.20047711587
2011-05-31 13:00:00,383.92220765716
2011-05-31 14:00:00,400.064939169513
2011-05-31 15:00:00,462.989363378252
2011-05-31 16:00:00,513.76717903395
2011-05-31 17:00:00,434.846591650621
2011-05-31 18:00:00,476.51495938808
2011-05-31 19:00:00,379.468909065177
2011-05-31 20:00:00,419.341192281537
2011-05-31 21:00:00,418.723173237875
2011-05-31 22:00:00,407.512393657906
2011-05-31 23:00:00,385.973817841976
2011-06-20 00:00:00,28.9535025170803
2011-06-20 01:00:00,26.3425372471208
2011-06-20 02:00:00,29.110450719511
2011-06-20 03:00:00,25.0377000190789
2011-06-20 04:00:00,28.1857306853266
2011-06-20 05:00:00,34.7018320472519
2011-06-20 06:00:00,41.2944052202528
2011-06-20 07:00:00,35.2446259904093
2011-06-20 08:00:00,41.9403178916448
2011-06-20 09:00:00,84.342291392892
2011-06-20 10:00:00,93.2044659984973
2011-06-20 11:00:00,98.7666649630364
2011-06-20 12:00:00,135.71136198802
2011-06-20 13:00:00,136.216524988312
2011-06-20 14:00:00,166.591554137553
2011-06-20 15:00:00,185.644870824395
2011-06-20 16:00:00,235.376256225111
2011-06-20 17:00:00,263.52557595695
2011-06-20 18:00:00,281.958354881857
2011-06-20 19:00:00,267.590467802183
2011-06-20 20:00:00,278.70449804857
2011-06-20 21:00:00,273.661650962291
2011-06-20 22:00:00,359.244810034803
2011-06-20 23:00:00,305.02969024585
2011-06-21 00:00:00,26.7308760904043
2011-06-21 01:00:00,23.5775708806189
2011-06-21 02:00:00,23.1968510096157
2011-06-21 03:00:00,25.6342349193058
2011-06-21 04:00:00,34.7877918762263
2011-06-21 05:00:00,38.7665218837897
2011-06-21 06:00:00,42.8398720395944
2011-06-21 07:00:00,38.3279113706057
2011-06-21 08:00:00,54.1135516505827
2011-06-21 09:00:00,62.361280779029
2011-06-21 10:00:00,76.1376527510926
2011-06-21 11:00:00,77.733004857802
2011-06-21 12:00:00,116.241256641245
2011-06-21 13:00:00,157.375317450236
2011-06-21 14:00:00,195.726354945207
2011-06-21 15:00:00,248.151436889804
2011-06-21 16:00:00,295.950101716616
2011-06-21 17:00:00,282.676349141683
2011-06-21 18:00:00,318.675126802439
2011-06-21 19:00:00,315.462475022039
2011-06-21 20:00:00,242.293612612527
2011-06-21 21:00:00,313.523361466701
2011-06-21 22:00:00,288.294644343844
2011-06-21 23:00:00,343.06418894982
2011-06-22 00:00:00,28.1246413417563
2011-06-22 01:00:00,30.562495576924
2011-06-22 02:00:00,32.5223413870103
2011-06-22 03:00:00,37.3225636571259
2011-06-22 04:00:00,33.8897178431475
2011-06-22 05:00:00,34.2674902794857
2011-06-22 06:00:00,45.0401291541002
2011-06-22 07:00:00,62.5470717987234
2011-06-22 08:00:00,83.4169877080496
2011-06-22 09:00:00,87.0538236223991
2011-06-22 10:00:00,112.712687386864
2011-06-22 11:00:00,121.460755326542
2011-06-22 12:00:00,231.818938500599
2011-06-22 13:00:00,281.7750468676
2011-06-22 14:00:00,319.321052056806
2011-06-22 15:00:00,347.005247775941
2011-06-22 16:00:00,387.456480456203
2011-06-22 17:00:00,406.966687653602
2011-06-22 18:00:00,425.731242524344
2011-06-22 19:00:00,479.495248012035
2011-06-22 20:00:00,291.006669116091
2011-06-22 21:00:00,301.160245397649
2011-06-22 22:00:00,375.84560482466
2011-06-22 23:00:00,418.84338520787
2011-06-23 00:00:00,36.0209709489828
2011-06-23 01:00:00,42.864151056026
2011-06-23 02:00:00,47.3680551438341
2011-06-23 03:00:00,60.1288781885504
2011-06-23 04:00:00,56.2246894095529
2011-06-23 05:00:00,62.8593706116075
2011-06-23 06:00:00,69.4642506635795
2011-06-23 07:00:00,88.9196103340165
2011-06-23 08:00:00,106.022092569121
2011-06-23 09:00:00,115.212126470361
2011-06-23 10:00:00,147.013266569034
2011-06-23 11:00:00,114.79571548583
2011-06-23 12:00:00,187.2272471424
2011-06-23 13:00:00,210.398778617968
2011-06-23 14:00:00,229.599548440251
2011-06-23 15:00:00,291.686144197673
2011-06-23 16:00:00,261.991679384465
2011-06-23 17:00:00,261.536529318615
2011-06-23 18:00:00,251.603954267794
2011-06-23 19:00:00,273.413077379562
2011-06-23 20:00:00,262.893844657097
2011-06-23 21:00:00,288.085159491841
2011-06-23 22:00:00,375.023772740033
2011-06-23 23:00:00,360.781204872794
2011-06-24 00:00:00,30.1582763330443
2011-06-24 01:00:00,29.9737707583441
2011-06-24 02:00:00,33.1232321455316
2011-06-24 03:00:00,34.9522260830951
2011-06-24 04:00:00,37.8231188748233
2011-06-24 05:00:00,35.1416915562778
2011-06-24 06:00:00,46.7732947912834
2011-06-24 07:00:00,61.919206415749
2011-06-24 08:00:00,79.2655531726332
2011-06-24 09:00:00,106.415107722724
2011-06-24 10:00:00,184.48841547783
2011-06-24 11:00:00,213.080124824399
2011-06-24 12:00:00,222.420901383186
2011-06-24 13:00:00,260.270473374689
2011-06-24 14:00:00,252.804842210469
2011-06-24 15:00:00,357.726321097266
2011-06-24 16:00:00,371.758877104986
2011-06-24 17:00:00,339.732012698711
2011-06-24 18:00:00,380.187628956858
2011-06-24 19:00:00,377.187103249857
2011-06-24 20:00:00,380.637148290068
2011-06-24 21:00:00,398.991045408016
2011-06-24 22:00:00,424.576682766612
2011-06-24 23:00:00,446.831152174281
2011-06-25 00:00:00,52.372327340701
2011-06-25 01:00:00,53.0602824659941
2011-06-25 02:00:00,69.0709229784218
2011-06-25 03:00:00,58.909370340221
2011-06-25 04:00:00,65.0992084065046
2011-06-25 05:00:00,63.9213108277773
2011-06-25 06:00:00,80.1695082451047
2011-06-25 07:00:00,90.0927933861311
2011-06-25 08:00:00,122.756646098578
2011-06-25 09:00:00,141.815869510549
2011-06-25 10:00:00,154.108521135834
2011-06-25 11:00:00,175.895115841291
2011-06-25 12:00:00,207.824696880935
2011-06-25 13:00:00,229.661651043543
2011-06-25 14:00:00,246.937360065492
2011-06-25 15:00:00,250.917295102044
2011-06-25 16:00:00,323.997990672359
2011-06-25 17:00:00,341.146124845225
2011-06-25 18:00:00,348.535303096881
2011-06-25 19:00:00,387.646279990441
2011-06-25 20:00:00,400.360691920161
2011-06-25 21:00:00,402.347911217843
2011-06-25 22:00:00,475.718141662879
2011-06-25 23:00:00,579.792793302712
2011-06-26 00:00:00,43.8571640618432
2011-06-26 01:00:00,49.9104586298958
2011-06-26 02:00:00,51.9834261439471
2011-06-26 03:00:00,49.6519008880687
2011-06-26 04:00:00,54.6396467265414
2011-06-26 05:00:00,58.8787857944679
2011-06-26 06:00:00,65.0654102228456
2011-06-26 07:00:00,75.1674798805078
2011-06-26 08:00:00,91.5004073538618
2011-06-26 09:00:00,108.911403587452
2011-06-26 10:00:00,149.984078814958
2011-06-26 11:00:00,167.46670431624
2011-06-26 12:00:00,200.963943135776
2011-06-26 13:00:00,212.060741662238
2011-06-26 14:00:00,243.360416019352
2011-06-26 15:00:00,258.966107985047
2011-06-26 16:00:00,306.124618781811
2011-06-26 17:00:00,375.587829575432
2011-06-26 18:00:00,407.138808408237
2011-06-26 19:00:00,434.211655662635
2011-06-26 20:00:00,456.056871803363
2011-06-26 21:00:00,461.140588238163
2011-06-26 22:00:00,442.851124468489
2011-06-26 23:00:00,480.066003727581
2011-06-27 00:00:00,24.789592134899
2011-06-27 01:00:00,34.2175876532107
2011-06-27 02:00:00,25.8368478593815
2011-06-27 03:00:00,28.5516265689341
2011-06-27 04:00:00,39.7354121712887
2011-06-27 05:00:00,45.8146318731677
2011-06-27 06:00:00,56.866550007612
2011-06-27 07:00:00,71.7993232990645
2011-06-27 08:00:00,69.2228481388606
2011-06-27 09:00:00,129.188182118272
2011-06-27 10:00:00,148.256058611555
2011-06-27 11:00:00,142.512284177429
2011-06-27 12:00:00,174.339890070038
2011-06-27 13:00:00,193.378776201753
2011-06-27 14:00:00,205.779353351768
2011-06-27 15:00:00,241.799344851858
2011-06-27 16:00:00,235.564807003225
2011-06-27 17:00:00,262.506694251611
2011-06-27 18:00:00,284.143347890096
2011-06-27 19:00:00,293.904384012388
2011-06-27 20:00:00,278.375958818939
2011-06-27 21:00:00,298.719356138962
2011-06-27 22:00:00,298.279107829942
2011-06-27 23:00:00,329.620460917912
2011-06-28 00:00:00,32.3067457344698
2011-06-28 01:00:00,32.5703430922091
2011-06-28 02:00:00,42.0445188880986
2011-06-28 03:00:00,46.4623010166312
2011-06-28 04:00:00,43.9537885055201
2011-06-28 05:00:00,43.8890100414973
2011-06-28 06:00:00,47.1681476828217
2011-06-28 07:00:00,57.2041868867278
2011-06-28 08:00:00,72.3848208577822
2011-06-28 09:00:00,94.9738687487475
2011-06-28 10:00:00,170.265624292517
2011-06-28 11:00:00,195.971424989357
2011-06-28 12:00:00,237.032091874994
2011-06-28 13:00:00,246.50991860388
2011-06-28 14:00:00,315.728252667166
2011-06-28 15:00:00,342.49525834427
2011-06-28 16:00:00,391.210933095146
2011-06-28 17:00:00,289.545959591616
2011-06-28 18:00:00,299.646104802716
2011-06-28 19:00:00,392.851722496462
2011-06-28 20:00:00,307.545621790572
2011-06-28 21:00:00,361.948054594802
2011-06-28 22:00:00,333.391664504288
2011-06-28 23:00:00,366.882283342052
2011-06-29 00:00:00,36.1278907939874
2011-06-29 01:00:00,34.3208101907105
2011-06-29 02:00:00,32.1642197119941
2011-06-29 03:00:00,40.1495850986644
2011-06-29 04:00:00,37.981897869832
2011-06-29 05:00:00,39.5500577801136
2011-06-29 06:00:00,62.8599430695657
2011-06-29 07:00:00,92.4374496385013
2011-06-29 08:00:00,113.528727349077
2011-06-29 09:00:00,135.065762752855
2011-06-29 10:00:00,158.088601327616
2011-06-29 11:00:00,190.549957621119
2011-06-29 12:00:00,212.343431522094
2011-06-29 13:00:00,276.705764531524
2011-06-29 14:00:00,294.441476734568
2011-06-29 15:00:00,341.582042711368
2011-06-29 16:00:00,405.381295974642
2011-06-29 17:00:00,475.305698858476
2011-06-29 18:00:00,465.782295687994
2011-06-29 19:00:00,443.801398291102
2011-06-29 20:00:00,444.985113965823
2011-06-29 21:00:00,467.486405089592
2011-06-29 22:00:00,469.793599252833
2011-06-29 23:00:00,482.115326048837
2011-06-30 00:00:00,44.0339989434314
2011-06-30 01:00:00,46.1572690707171
2011-06-30 02:00:00,48.074352622893
2011-06-30 03:00:00,49.130736066324
2011-06-30 04:00:00,42.8427866283581
2011-06-30 05:00:00,48.9607486738416
2011-06-30 06:00:00,64.0822006879097
2011-06-30 07:00:00,73.4139492953561
2011-06-30 08:00:00,108.625525900295
2011-06-30 09:00:00,129.261950138021
2011-06-30 10:00:00,147.7491668751
2011-06-30 11:00:00,172.89178024258
2011-06-30 12:00:00,207.066897892566
2011-06-30 13:00:00,237.683834956893
2011-06-30 14:00:00,282.204435288391
2011-06-30 15:00:00,332.282738936333
2011-06-30 16:00:00,380.749743688543
2011-06-30 17:00:00,423.160379595473
2011-06-30 18:00:00,422.633360024162
2011-06-30 19:00:00,414.870405106033
2011-06-30 20:00:00,458.462462044834
2011-06-30 21:00:00,465.63859202726
2011-06-30 22:00:00,465.873971998003
2011-06-30 23:00:00,418.54239222099
2011-07-20 00:00:00,29.7221278347773
2011-07-20 01:00:00,31.8941870108093
2011-07-20 02:00:00,35.2454340486322
2011-07-20 03:00:00,40.1101123523728
2011-07-20 04:00:00,40.1389487229883
2011-07-20 05:00:00,45.6790442916299
2011-07-20 06:00:00,53.9544265549778
2011-07-20 07:00:00,69.8738885881122
2011-07-20 08:00:00,84.4906561462319
2011-07-20 09:00:00,97.3967563499367
2011-07-20 10:00:00,114.220610354684
2011-07-20 11:00:00,170.051586128693
2011-07-20 12:00:00,202.797924381716
2011-07-20 13:00:00,258.146545643701
2011-07-20 14:00:00,313.697358791864
2011-07-20 15:00:00,341.654626068531
2011-07-20 16:00:00,329.877319041507
2011-07-20 17:00:00,384.111228644818
2011-07-20 18:00:00,428.054619334992
2011-07-20 19:00:00,431.122000087231
2011-07-20 20:00:00,412.486643754332
2011-07-20 21:00:00,470.574255391771
2011-07-20 22:00:00,457.97522913676
2011-07-20 23:00:00,435.487263980426
2011-07-21 00:00:00,50.2552178818946
2011-07-21 01:00:00,46.9941722668827
2011-07-21 02:00:00,51.9320338449488
2011-07-21 03:00:00,57.7562020040156
2011-07-21 04:00:00,58.7765134790538
2011-07-21 05:00:00,64.9523917550379
2011-07-21 06:00:00,71.7771937289779
2011-07-21 07:00:00,83.4548540024716
2011-07-21 08:00:00,108.990913319814
2011-07-21 09:00:00,155.212180935196
2011-07-21 10:00:00,204.861032242584
2011-07-21 11:00:00,283.233428616379
2011-07-21 12:00:00,299.707386399646
2011-07-21 13:00:00,328.426290560143
2011-07-21 14:00:00,403.362694893533
2011-07-21 15:00:00,450.596587144126
2011-07-21 16:00:00,540.726392662553
2011-07-21 17:00:00,601.399193503663
2011-07-21 18:00:00,589.050063898102
2011-07-21 19:00:00,550.796417145954
2011-07-21 20:00:00,518.353361442371
2011-07-21 21:00:00,539.882510012962
2011-07-21 22:00:00,571.965780385697
2011-07-21 23:00:00,556.799049093334
2011-07-22 00:00:00,65.1323805327254
2011-07-22 01:00:00,61.0558179372743
2011-07-22 02:00:00,57.6711529549548
2011-07-22 03:00:00,64.2858561858298
2011-07-22 04:00:00,62.5637233339967
2011-07-22 05:00:00,59.8751901463748
2011-07-22 06:00:00,76.0827000662183
2011-07-22 07:00:00,133.46144040721
2011-07-22 08:00:00,178.036605006109
2011-07-22 09:00:00,187.222897645744
2011-07-22 10:00:00,261.092429402894
2011-07-22 11:00:00,278.319990334834
2011-07-22 12:00:00,381.577069472803
2011-07-22 13:00:00,438.969276195988
2011-07-22 14:00:00,549.474358687614
2011-07-22 15:00:00,556.692172377984
2011-07-22 16:00:00,384.157965586599
2011-07-22 17:00:00,466.786152995849
2011-07-22 18:00:00,558.913689054321
2011-07-22 19:00:00,614.434065927531
2011-07-22 20:00:00,491.946374147166
2011-07-22 21:00:00,511.123456697627
2011-07-22 22:00:00,733.489611662472
2011-07-22 23:00:00,580.7966304638
2011-07-23 00:00:00,66.8239753863431
2011-07-23 01:00:00,77.3332316810213
2011-07-23 02:00:00,82.9846559807455
2011-07-23 03:00:00,73.282902777354
2011-07-23 04:00:00,74.724719625079
2011-07-23 05:00:00,84.679269867648
2011-07-23 06:00:00,118.089809354631
2011-07-23 07:00:00,129.409184506523
2011-07-23 08:00:00,177.029951700213
2011-07-23 09:00:00,190.769931472994
2011-07-23 10:00:00,241.338568468542
2011-07-23 11:00:00,305.375512751743
2011-07-23 12:00:00,373.559917311247
2011-07-23 13:00:00,431.565539323254
2011-07-23 14:00:00,447.697605667192
2011-07-23 15:00:00,503.245868586625
2011-07-23 16:00:00,577.523793321099
2011-07-23 17:00:00,638.206478256245
2011-07-23 18:00:00,702.156475840398
2011-07-23 19:00:00,539.867222262515
2011-07-23 20:00:00,523.748659715494
2011-07-23 21:00:00,578.780980929401
2011-07-23 22:00:00,582.781423475979
2011-07-23 23:00:00,628.013345496002
2011-07-24 00:00:00,63.0911369443149
2011-07-24 01:00:00,60.261416202161
2011-07-24 02:00:00,75.4481938920455
2011-07-24 03:00:00,83.3758308687808
2011-07-24 04:00:00,81.322985615908
2011-07-24 05:00:00,89.4922273936259
2011-07-24 06:00:00,131.434652884367
2011-07-24 07:00:00,128.04018415218
2011-07-24 08:00:00,160.95005536295
2011-07-24 09:00:00,183.164854625449
2011-07-24 10:00:00,236.739087015531
2011-07-24 11:00:00,234.864085932444
2011-07-24 12:00:00,337.453394500375
2011-07-24 13:00:00,310.84050052302
2011-07-24 14:00:00,348.630271338686
2011-07-24 15:00:00,468.048177573295
2011-07-24 16:00:00,517.227831160932
2011-07-24 17:00:00,549.172638154736
2011-07-24 18:00:00,565.962120236917
2011-07-24 19:00:00,556.667741455554
2011-07-24 20:00:00,572.551451146324
2011-07-24 21:00:00,509.966949989699
2011-07-24 22:00:00,476.977080139229
2011-07-24 23:00:00,546.837036072848
2011-07-25 00:00:00,49.1277567887417
2011-07-25 01:00:00,53.9293280477502
2011-07-25 02:00:00,51.6118382866551
2011-07-25 03:00:00,47.6106996425124
2011-07-25 04:00:00,50.1058887710653
2011-07-25 05:00:00,55.3707105790205
2011-07-25 06:00:00,71.4771373514928
2011-07-25 07:00:00,82.9402992740853
2011-07-25 08:00:00,105.833688692773
2011-07-25 09:00:00,135.482451474042
2011-07-25 10:00:00,166.066048513315
2011-07-25 11:00:00,246.379612850967
2011-07-25 12:00:00,272.267682907963
2011-07-25 13:00:00,168.911562971413
2011-07-25 14:00:00,168.996947644056
2011-07-25 15:00:00,144.071476864766
2011-07-25 16:00:00,152.026795252891
2011-07-25 17:00:00,199.075014853527
2011-07-25 18:00:00,235.321883747123
2011-07-25 19:00:00,264.519542397991
2011-07-25 20:00:00,278.990280658862
2011-07-25 21:00:00,235.254573218088
2011-07-25 22:00:00,259.97369182626
2011-07-25 23:00:00,294.61923178261
2011-07-26 00:00:00,32.0057038582813
2011-07-26 01:00:00,35.3686684076567
2011-07-26 02:00:00,30.971771498004
2011-07-26 03:00:00,34.5140577427001
2011-07-26 04:00:00,39.0362151877303
2011-07-26 05:00:00,36.655279111325
2011-07-26 06:00:00,52.202024733457
2011-07-26 07:00:00,85.6510157732491
2011-07-26 08:00:00,108.619536903578
2011-07-26 09:00:00,151.144582803387
2011-07-26 10:00:00,199.106087191847
2011-07-26 11:00:00,218.715987211053
2011-07-26 12:00:00,259.756247780256
2011-07-26 13:00:00,294.229945944206
2011-07-26 14:00:00,347.881822843428
2011-07-26 15:00:00,418.395873062694
2011-07-26 16:00:00,405.576292888103
2011-07-26 17:00:00,457.691364359488
2011-07-26 18:00:00,467.618043444651
2011-07-26 19:00:00,474.924129367578
2011-07-26 20:00:00,475.272866460181
2011-07-26 21:00:00,477.498549797411
2011-07-26 22:00:00,451.36945852418
2011-07-26 23:00:00,493.526214544633
2011-07-27 00:00:00,64.3682825695018
2011-07-27 01:00:00,64.194032903211
2011-07-27 02:00:00,66.9951427195922
2011-07-27 03:00:00,59.9391120973554
2011-07-27 04:00:00,74.0878102288657
2011-07-27 05:00:00,76.9759056136623
2011-07-27 06:00:00,83.6482053676693
2011-07-27 07:00:00,106.291549089241
2011-07-27 08:00:00,128.371035694206
2011-07-27 09:00:00,157.349312839848
2011-07-27 10:00:00,173.960918156121
2011-07-27 11:00:00,206.603257205144
2011-07-27 12:00:00,261.758059764585
2011-07-27 13:00:00,308.201942781899
2011-07-27 14:00:00,337.821554940948
2011-07-27 15:00:00,404.473612203616
2011-07-27 16:00:00,424.100705699881
2011-07-27 17:00:00,450.075299438989
2011-07-27 18:00:00,466.915724256378
2011-07-27 19:00:00,485.363526747339
2011-07-27 20:00:00,421.259489838886
2011-07-27 21:00:00,412.818976773794
2011-07-27 22:00:00,442.987316386831
2011-07-27 23:00:00,524.821325469649
2011-07-28 00:00:00,46.8227366017053
2011-07-28 01:00:00,51.9858244233673
2011-07-28 02:00:00,56.5910119561939
2011-07-28 03:00:00,60.7266185145024
2011-07-28 04:00:00,59.7156938855555
2011-07-28 05:00:00,62.1959093935261
2011-07-28 06:00:00,63.5603588379069
2011-07-28 07:00:00,78.0612529442016
2011-07-28 08:00:00,95.4948574122774
2011-07-28 09:00:00,133.992141028484
2011-07-28 10:00:00,168.098623742959
2011-07-28 11:00:00,216.782404188951
2011-07-28 12:00:00,238.022403288384
2011-07-28 13:00:00,287.465773999588
2011-07-28 14:00:00,345.382505954448
2011-07-28 15:00:00,344.529134765236
2011-07-28 16:00:00,378.296193342549
2011-07-28 17:00:00,385.731374079029
2011-07-28 18:00:00,429.016317453997
2011-07-28 19:00:00,431.013265123071
2011-07-28 20:00:00,430.378043945614
2011-07-28 21:00:00,428.690922450502
2011-07-28 22:00:00,406.834475223403
2011-07-28 23:00:00,428.238739707376
2011-07-29 00:00:00,36.9470507552472
2011-07-29 01:00:00,40.4874333344009
2011-07-29 02:00:00,43.0837241504391
2011-07-29 03:00:00,47.6106996425124
2011-07-29 04:00:00,50.7395652691398
2011-07-29 05:00:00,53.9932826937537
2011-07-29 06:00:00,69.6990384050022
2011-07-29 07:00:00,85.0561973142265
2011-07-29 08:00:00,111.818576602389
2011-07-29 09:00:00,192.761739544417
2011-07-29 10:00:00,262.660447084501
2011-07-29 11:00:00,326.748305692735
2011-07-29 12:00:00,393.745558237914
2011-07-29 13:00:00,369.172861245932
2011-07-29 14:00:00,479.886256461584
2011-07-29 15:00:00,534.771540804847
2011-07-29 16:00:00,613.719836293592
2011-07-29 17:00:00,661.334414546893
2011-07-29 18:00:00,664.441621756224
2011-07-29 19:00:00,634.785671531722
2011-07-29 20:00:00,619.026992466259
2011-07-29 21:00:00,557.384919196071
2011-07-29 22:00:00,574.265074381905
2011-07-29 23:00:00,539.370522258594
2011-07-30 00:00:00,55.5651622364931
2011-07-30 01:00:00,59.6274772765014
2011-07-30 02:00:00,66.1693832134646
2011-07-30 03:00:00,64.2534259250812
2011-07-30 04:00:00,66.9221103704976
2011-07-30 05:00:00,72.0811952075958
2011-07-30 06:00:00,79.9894351736325
2011-07-30 07:00:00,103.410926464736
2011-07-30 08:00:00,133.33033213531
2011-07-30 09:00:00,190.303918329417
2011-07-30 10:00:00,217.045801820779
2011-07-30 11:00:00,250.801721604943
2011-07-30 12:00:00,279.567904925485
2011-07-30 13:00:00,335.634778071184
2011-07-30 14:00:00,403.652180464167
2011-07-30 15:00:00,469.085318221604
2011-07-30 16:00:00,540.738947122021
2011-07-30 17:00:00,560.971725050943
2011-07-30 18:00:00,592.844683327805
2011-07-30 19:00:00,456.19804166735
2011-07-30 20:00:00,546.457600482564
2011-07-30 21:00:00,557.213556905116
2011-07-30 22:00:00,532.213619134363
2011-07-30 23:00:00,537.100587778567
2011-07-31 00:00:00,53.9579086645785
2011-07-31 01:00:00,51.5234344842439
2011-07-31 02:00:00,55.9903646637488
2011-07-31 03:00:00,60.3342972565315
2011-07-31 04:00:00,60.2285552672595
2011-07-31 05:00:00,67.5496758807137
2011-07-31 06:00:00,76.7397273052762
2011-07-31 07:00:00,100.815829086439
2011-07-31 08:00:00,124.618942106511
2011-07-31 09:00:00,160.426665545537
2011-07-31 10:00:00,225.061152495095
2011-07-31 11:00:00,279.980536230089
2011-07-31 12:00:00,354.973004969741
2011-07-31 13:00:00,391.495383070062
2011-07-31 14:00:00,436.28354152183
2011-07-31 15:00:00,547.186626769739
2011-07-31 16:00:00,611.134743735759
2011-07-31 17:00:00,662.794332548681
2011-07-31 18:00:00,545.816743228689
2011-07-31 19:00:00,456.190655666501
2011-07-31 20:00:00,504.124393026437
2011-07-31 21:00:00,499.028145665299
2011-07-31 22:00:00,412.789852731484
2011-07-31 23:00:00,473.946693175949
2011-08-20 00:00:00,21.1444427155057
2011-08-20 01:00:00,27.3831922401307
2011-08-20 02:00:00,33.9888722712501
2011-08-20 03:00:00,37.5602160863273
2011-08-20 04:00:00,36.8347119444946
2011-08-20 05:00:00,39.1394060515485
2011-08-20 06:00:00,52.4686174838808
2011-08-20 07:00:00,49.8691581419861
2011-08-20 08:00:00,76.9660519504228
2011-08-20 09:00:00,98.2104146395081
2011-08-20 10:00:00,127.158697576556
2011-08-20 11:00:00,138.797559271198
2011-08-20 12:00:00,166.144267203726
2011-08-20 13:00:00,200.262821411777
2011-08-20 14:00:00,279.203612889836
2011-08-20 15:00:00,323.277496433858
2011-08-20 16:00:00,341.72622592805
2011-08-20 17:00:00,376.786222859054
2011-08-20 18:00:00,340.534686011578
2011-08-20 19:00:00,320.476484027398
2011-08-20 20:00:00,357.139883309723
2011-08-20 21:00:00,350.585301202872
2011-08-20 22:00:00,405.506708511306
2011-08-20 23:00:00,377.228187749415
2011-08-21 00:00:00,38.5383506864508
2011-08-21 01:00:00,36.64703174333
2011-08-21 02:00:00,40.1586655573861
2011-08-21 03:00:00,38.7573834801866
2011-08-21 04:00:00,46.6116844051996
2011-08-21 05:00:00,42.3871093431379
2011-08-21 06:00:00,46.6450757945679
2011-08-21 07:00:00,64.235869650551
2011-08-21 08:00:00,80.265166901245
2011-08-21 09:00:00,103.947714537361
2011-08-21 10:00:00,120.825552071337
2011-08-21 11:00:00,195.820715240549
2011-08-21 12:00:00,239.486929262432
2011-08-21 13:00:00,252.535512127425
2011-08-21 14:00:00,122.185257505704
2011-08-21 15:00:00,152.548669044965
2011-08-21 16:00:00,191.036891419951
2011-08-21 17:00:00,209.342647049521
2011-08-21 18:00:00,239.236836245475
2011-08-21 19:00:00,289.500753108061
2011-08-21 20:00:00,268.448934158141
2011-08-21 21:00:00,296.655914166733
2011-08-21 22:00:00,376.574196949407
2011-08-21 23:00:00,380.412689533334
2011-08-22 00:00:00,29.9066568940786
2011-08-22 01:00:00,32.3631186226613
2011-08-22 02:00:00,53.8373368174866
2011-08-22 03:00:00,40.99325044034
2011-08-22 04:00:00,55.3330718683499
2011-08-22 05:00:00,61.3748085432704
2011-08-22 06:00:00,70.7636065195634
2011-08-22 07:00:00,78.8591595157772
2011-08-22 08:00:00,87.145199998417
2011-08-22 09:00:00,109.13282269716
2011-08-22 10:00:00,138.639959643795
2011-08-22 11:00:00,190.881082669914
2011-08-22 12:00:00,211.355827031427
2011-08-22 13:00:00,256.839530577067
2011-08-22 14:00:00,277.93571927794
2011-08-22 15:00:00,299.498965685077
2011-08-22 16:00:00,339.411863446526
2011-08-22 17:00:00,385.582513234424
2011-08-22 18:00:00,416.320984162059
2011-08-22 19:00:00,426.410060194666
2011-08-22 20:00:00,415.073746506989
2011-08-22 21:00:00,432.313307433989
2011-08-22 22:00:00,491.982459591135
2011-08-22 23:00:00,513.5494557137
2011-08-23 00:00:00,49.2530641600458
2011-08-23 01:00:00,40.3121248656742
2011-08-23 02:00:00,40.8416589597461
2011-08-23 03:00:00,46.2844455641658
2011-08-23 04:00:00,44.6905319792289
2011-08-23 05:00:00,49.8018526767993
2011-08-23 06:00:00,51.8703093805159
2011-08-23 07:00:00,90.6975510998017
2011-08-23 08:00:00,109.235870894208
2011-08-23 09:00:00,131.926968811742
2011-08-23 10:00:00,144.434457592794
2011-08-23 11:00:00,171.834483113531
2011-08-23 12:00:00,175.604175803869
2011-08-23 13:00:00,232.233480328208
2011-08-23 14:00:00,255.562326844523
2011-08-23 15:00:00,276.419393028991
2011-08-23 16:00:00,306.816326260037
2011-08-23 17:00:00,337.560143490971
2011-08-23 18:00:00,369.906217859635
2011-08-23 19:00:00,298.891004866358
2011-08-23 20:00:00,318.60627800969
2011-08-23 21:00:00,308.994194470092
2011-08-23 22:00:00,354.601021973113
2011-08-23 23:00:00,354.078416065286
2011-08-24 00:00:00,39.3668613683274
2011-08-24 01:00:00,39.5622616365832
2011-08-24 02:00:00,33.0656503731579
2011-08-24 03:00:00,36.5399876506429
2011-08-24 04:00:00,35.6400609715404
2011-08-24 05:00:00,39.3849016448023
2011-08-24 06:00:00,42.2631053013593
2011-08-24 07:00:00,67.6225837504075
2011-08-24 08:00:00,70.2738220447455
2011-08-24 09:00:00,80.3089437045546
2011-08-24 10:00:00,119.562077805364
2011-08-24 11:00:00,146.878167200457
2011-08-24 12:00:00,168.222390813803
2011-08-24 13:00:00,211.451008394117
2011-08-24 14:00:00,233.668993297927
2011-08-24 15:00:00,260.401374699266
2011-08-24 16:00:00,280.608553904355
2011-08-24 17:00:00,304.931806359289
2011-08-24 18:00:00,303.795197615619
2011-08-24 19:00:00,335.716147842979
2011-08-24 20:00:00,340.221064452172
2011-08-24 21:00:00,350.524508567104
2011-08-24 22:00:00,365.083098872326
2011-08-24 23:00:00,358.477327331899
2011-08-25 00:00:00,33.4436515032793
2011-08-25 01:00:00,40.8124686691087
2011-08-25 02:00:00,45.1007944598628
2011-08-25 03:00:00,43.6217792899315
2011-08-25 04:00:00,44.2947600170152
2011-08-25 05:00:00,45.8389692308242
2011-08-25 06:00:00,49.3967090595241
2011-08-25 07:00:00,73.6295384380041
2011-08-25 08:00:00,94.5559912608933
2011-08-25 09:00:00,115.641105501118
2011-08-25 10:00:00,141.467507429339
2011-08-25 11:00:00,74.4503647322777
2011-08-25 12:00:00,82.2731558944828
2011-08-25 13:00:00,117.304489099322
2011-08-25 14:00:00,172.32111775716
2011-08-25 15:00:00,202.044865209479
2011-08-25 16:00:00,162.048243765494
2011-08-25 17:00:00,179.075286866466
2011-08-25 18:00:00,240.060687559695
2011-08-25 19:00:00,227.734316337119
2011-08-25 20:00:00,208.2224601576
2011-08-25 21:00:00,225.325358225414
2011-08-25 22:00:00,204.697169530591
2011-08-25 23:00:00,231.976252718221
2011-08-26 00:00:00,23.5994010961989
2011-08-26 01:00:00,25.1127325989396
2011-08-26 02:00:00,25.6508049670669
2011-08-26 03:00:00,26.9488234565049
2011-08-26 04:00:00,30.1637488548336
2011-08-26 05:00:00,38.937886066244
2011-08-26 06:00:00,36.8356188040517
2011-08-26 07:00:00,45.734289208202
2011-08-26 08:00:00,56.6424420890262
2011-08-26 09:00:00,82.2502300186036
2011-08-26 10:00:00,114.196766854165
2011-08-26 11:00:00,159.08614346058
2011-08-26 12:00:00,178.033009543449
2011-08-26 13:00:00,227.620937205031
2011-08-26 14:00:00,227.560636163465
2011-08-26 15:00:00,310.221601419978
2011-08-26 16:00:00,251.537053980557
2011-08-26 17:00:00,223.001597161676
2011-08-26 18:00:00,278.365888635005
2011-08-26 19:00:00,232.493927562729
2011-08-26 20:00:00,255.848937117858
2011-08-26 21:00:00,288.724590546285
2011-08-26 22:00:00,313.751344036481
2011-08-26 23:00:00,294.61923178261
2011-08-27 00:00:00,32.4093261089321
2011-08-27 01:00:00,36.4209134474024
2011-08-27 02:00:00,40.5864259280919
2011-08-27 03:00:00,52.8346361209141
2011-08-27 04:00:00,58.3861780910748
2011-08-27 05:00:00,65.8885886054805
2011-08-27 06:00:00,72.8117604460297
2011-08-27 07:00:00,81.8243124292233
2011-08-27 08:00:00,87.8039397837106
2011-08-27 09:00:00,101.614228597367
2011-08-27 10:00:00,122.451333332849
2011-08-27 11:00:00,63.7169990797293
2011-08-27 12:00:00,81.9912682528266
2011-08-27 13:00:00,87.9855702356987
2011-08-27 14:00:00,85.6078839095875
2011-08-27 15:00:00,94.6030392734491
2011-08-27 16:00:00,103.67111464674
2011-08-27 17:00:00,125.116892544532
2011-08-28 07:00:00,44.0213759639803
2011-08-28 08:00:00,49.4702888431183
2011-08-28 09:00:00,88.8320316117275
2011-08-28 10:00:00,136.766976027472
2011-08-28 11:00:00,148.366062835485
2011-08-28 12:00:00,189.743771935275
2011-08-28 13:00:00,237.02756137524
2011-08-28 14:00:00,286.268674702671
2011-08-28 15:00:00,311.082548506053
2011-08-28 16:00:00,401.086625289587
2011-08-28 17:00:00,374.301988749137
2011-08-28 18:00:00,376.991683158558
2011-08-28 19:00:00,368.609990898015
2011-08-28 20:00:00,408.14245072385
2011-08-28 21:00:00,329.77731008903
2011-08-28 22:00:00,307.768102102975
2011-08-28 23:00:00,307.228707217634
2011-08-29 00:00:00,28.3055221943274
2011-08-29 01:00:00,33.1879545053565
2011-08-29 02:00:00,37.6097084747096
2011-08-29 03:00:00,40.5287435235233
2011-08-29 04:00:00,38.7012124514009
2011-08-29 05:00:00,39.7162662266305
2011-08-29 06:00:00,43.889409737085
2011-08-29 07:00:00,74.5088884475012
2011-08-29 08:00:00,90.5399850410152
2011-08-29 09:00:00,106.157267964449
2011-08-29 10:00:00,127.13917639815
2011-08-29 11:00:00,138.159646877103
2011-08-29 12:00:00,194.532385006485
2011-08-29 13:00:00,221.04542393339
2011-08-29 14:00:00,200.027007492153
2011-08-29 15:00:00,231.488360488416
2011-08-29 16:00:00,266.829814440458
2011-08-29 17:00:00,311.852737852264
2011-08-29 18:00:00,285.133770469434
2011-08-29 19:00:00,315.093891520493
2011-08-29 20:00:00,310.689213052954
2011-08-29 21:00:00,346.223187137834
2011-08-29 22:00:00,354.601021973113
2011-08-29 23:00:00,354.871382831103
2011-08-30 00:00:00,24.0997078938978
2011-08-30 01:00:00,28.438844222752
2011-08-30 02:00:00,27.9796267249534
2011-08-30 03:00:00,31.7074559140683
2011-08-30 04:00:00,31.3878043123998
2011-08-30 05:00:00,33.9659239701983
2011-08-30 06:00:00,41.7260451774196
2011-08-30 07:00:00,52.2274175061722
2011-08-30 08:00:00,87.5510595149374
2011-08-30 09:00:00,110.052414699692
2011-08-30 10:00:00,149.331188461535
2011-08-30 11:00:00,175.818209240002
2011-08-30 12:00:00,183.978611494758
2011-08-30 13:00:00,215.663846056748
2011-08-30 14:00:00,249.641723880595
2011-08-30 15:00:00,272.357294906927
2011-08-30 16:00:00,287.330572999853
2011-08-30 17:00:00,297.347525751487
2011-08-30 18:00:00,298.823431736306
2011-08-30 19:00:00,287.815718825271
2011-08-30 20:00:00,310.145490907104
2011-08-30 21:00:00,269.861444232178
2011-08-30 22:00:00,308.538803251489
2011-08-30 23:00:00,340.958182685726
2011-08-31 00:00:00,29.1628168839659
2011-08-31 01:00:00,32.2270681741411
2011-08-31 02:00:00,28.3397553144902
2011-08-31 03:00:00,29.0830492269788
2011-08-31 04:00:00,34.6081791354451
2011-08-31 05:00:00,32.426614129175
2011-08-31 06:00:00,38.1882316084277
2011-08-31 07:00:00,49.2480930269733
2011-08-31 08:00:00,67.669853816615
2011-08-31 09:00:00,76.6879148664643
2011-08-31 10:00:00,132.127898483834
2011-08-31 11:00:00,160.556118893869
2011-08-31 12:00:00,182.399584016758
2011-08-31 13:00:00,209.371879696702
2011-08-31 14:00:00,223.182344814578
2011-08-31 15:00:00,246.632987143248
2011-08-31 16:00:00,276.06963949806
2011-08-31 17:00:00,279.696049342232
2011-08-31 18:00:00,290.028743850447
2011-08-31 19:00:00,481.044314044264
2011-08-31 20:00:00,290.373733840677
2011-08-31 21:00:00,298.656998609081
2011-08-31 22:00:00,274.077771909189
2011-08-31 23:00:00,250.847823618316
2011-09-20 00:00:00,28.3895405304815
2011-09-20 01:00:00,24.0875909912622
2011-09-20 02:00:00,26.618568436475
2011-09-20 03:00:00,32.2116530674955
2011-09-20 04:00:00,28.06146044791
2011-09-20 05:00:00,36.2240766236204
2011-09-20 06:00:00,40.0302821068213
2011-09-20 07:00:00,43.8673429258663
2011-09-20 08:00:00,31.0801167496168
2011-09-20 09:00:00,34.0592688303607
2011-09-20 10:00:00,42.1917939174922
2011-09-20 11:00:00,46.625050809681
2011-09-20 12:00:00,68.997737617721
2011-09-20 13:00:00,75.6093177917651
2011-09-20 14:00:00,96.8876196845144
2011-09-20 15:00:00,137.432459035832
2011-09-20 16:00:00,131.787325725131
2011-09-20 17:00:00,122.5969706744
2011-09-20 18:00:00,135.478714130641
2011-09-20 19:00:00,129.431907502065
2011-09-20 20:00:00,125.435522943017
2011-09-20 21:00:00,138.615524193969
2011-09-20 22:00:00,153.180399752448
2011-09-20 23:00:00,169.275663781249
2011-09-21 00:00:00,14.9177442239539
2011-09-21 01:00:00,18.016543108638
2011-09-21 02:00:00,19.9096117955485
2011-09-21 03:00:00,26.3566500484319
2011-09-21 04:00:00,26.987492049406
2011-09-21 05:00:00,30.0749360459251
2011-09-21 06:00:00,33.5146499244955
2011-09-21 07:00:00,37.0361653418683
2011-09-21 08:00:00,39.9106854881562
2011-09-21 09:00:00,45.8115576159376
2011-09-21 10:00:00,61.5198313694596
2011-09-21 11:00:00,83.4357478143671
2011-09-21 12:00:00,101.413556306355
2011-09-21 13:00:00,132.148785973389
2011-09-21 14:00:00,147.262833513
2011-09-21 15:00:00,158.692472025118
2011-09-21 16:00:00,175.366911057495
2011-09-21 17:00:00,134.656492497379
2011-09-21 18:00:00,114.733505689274
2011-09-21 19:00:00,94.5276604761557
2011-09-21 20:00:00,104.46005166881
2011-09-21 21:00:00,139.61174677229
2011-09-21 22:00:00,186.695597809877
2011-09-21 23:00:00,167.124586421408
2011-09-22 00:00:00,16.7895797824924
2011-09-22 01:00:00,21.5827885760451
2011-09-22 02:00:00,23.9506998003808
2011-09-22 03:00:00,26.3566500484319
2011-09-22 04:00:00,29.1260464080822
2011-09-22 05:00:00,32.3215506390215
2011-09-22 06:00:00,31.5871199128876
2011-09-22 07:00:00,34.6148702515136
2011-09-22 08:00:00,38.8994571866765
2011-09-22 09:00:00,53.7941029925955
2011-09-22 10:00:00,70.2543726960383
2011-09-22 11:00:00,76.9863675946324
2011-09-22 12:00:00,100.344254333455
2011-09-22 13:00:00,111.820771648023
2011-09-22 14:00:00,124.613378292567
2011-09-22 15:00:00,156.362821649822
2011-09-22 16:00:00,184.510655768377
2011-09-22 17:00:00,174.376436865781
2011-09-22 18:00:00,165.120861193791
2011-09-22 19:00:00,166.263518267503
2011-09-22 20:00:00,158.763169348684
2011-09-22 21:00:00,203.039072145729
2011-09-22 22:00:00,160.971295729104
2011-09-22 23:00:00,206.312434850523
2011-09-23 00:00:00,35.2547932036019
2011-09-23 01:00:00,30.6131472172506
2011-09-23 02:00:00,34.8384636900592
2011-09-23 03:00:00,37.3844188503862
2011-09-23 04:00:00,28.2280431904787
2011-09-23 05:00:00,56.6545040095729
2011-09-23 06:00:00,64.2045982848144
2011-09-23 07:00:00,49.0923977658753
2011-09-23 08:00:00,54.2507281079139
2011-09-23 09:00:00,50.4046839759907
2011-09-23 10:00:00,55.2361722344176
2011-09-23 11:00:00,61.0400530017352
2011-09-23 12:00:00,80.2291573835251
2011-09-23 13:00:00,71.1447863942153
2011-09-23 14:00:00,78.6202475050237
2011-09-23 15:00:00,108.269520085438
2011-09-23 16:00:00,116.181733029728
2011-09-23 17:00:00,151.415107980002
2011-09-23 18:00:00,143.240164328307
2011-09-23 19:00:00,203.993170489336
2011-09-23 20:00:00,199.461737670788
2011-09-23 21:00:00,202.436111111845
2011-09-23 22:00:00,255.088832701236
2011-09-23 23:00:00,325.161921111773
2011-09-24 00:00:00,30.1117201782267
2011-09-24 01:00:00,42.4814763716201
2011-09-24 02:00:00,46.9451713328519
2011-09-24 03:00:00,43.3058097946611
2011-09-24 04:00:00,47.2347941634036
2011-09-24 05:00:00,60.9746169930191
2011-09-24 06:00:00,67.3814586068525
2011-09-24 07:00:00,81.3783193684162
2011-09-24 08:00:00,90.7103573189323
2011-09-24 09:00:00,103.254074540645
2011-09-24 10:00:00,114.103384207332
2011-09-24 11:00:00,147.770028609341
2011-09-24 12:00:00,163.296803770226
2011-09-24 13:00:00,169.197629021414
2011-09-24 14:00:00,261.906737778351
2011-09-24 15:00:00,289.426303612341
2011-09-24 16:00:00,273.529609165282
2011-09-24 17:00:00,300.044919175026
2011-09-24 18:00:00,287.151173726519
2011-09-24 19:00:00,244.173340405465
2011-09-24 20:00:00,303.160216377525
2011-09-24 21:00:00,343.561032767448
2011-09-24 22:00:00,384.917762202782
2011-09-24 23:00:00,418.201682056789
2011-09-25 00:00:00,40.9680121825939
2011-09-25 01:00:00,46.6225375244311
2011-09-25 02:00:00,28.7408995143623
2011-09-25 03:00:00,31.7608182954627
2011-09-25 04:00:00,36.44864152088
2011-09-25 05:00:00,59.27153353492
2011-09-25 06:00:00,76.8338405026988
2011-09-25 07:00:00,71.9874043620817
2011-09-25 08:00:00,95.0362684220563
2011-09-25 09:00:00,117.994927909412
2011-09-25 10:00:00,130.393116723584
2011-09-25 11:00:00,175.364158032844
2011-09-25 12:00:00,186.609532596415
2011-09-25 13:00:00,238.117963797648
2011-09-25 14:00:00,227.885387887464
2011-09-25 15:00:00,251.830197355789
2011-09-25 16:00:00,304.440390237785
2011-09-25 17:00:00,303.991710350643
2011-09-25 18:00:00,335.933308940067
2011-09-25 19:00:00,284.891320150709
2011-09-25 20:00:00,310.894166137727
2011-09-25 21:00:00,268.244244735463
2011-09-25 22:00:00,337.918983133949
2011-09-25 23:00:00,384.262600530484
2011-09-26 00:00:00,34.3777783569411
2011-09-26 01:00:00,44.5984404596275
2011-09-26 02:00:00,49.2845731217077
2011-09-26 03:00:00,46.3929285274272
2011-09-26 04:00:00,52.5755081865384
2011-09-26 05:00:00,64.584052382017
2011-09-26 06:00:00,64.2045982848144
2011-09-26 07:00:00,69.1858204785055
2011-09-26 08:00:00,76.4554453747086
2011-09-26 09:00:00,104.564459500471
2011-09-26 10:00:00,115.551456442696
2011-09-26 11:00:00,151.396171241397
2011-09-26 12:00:00,192.18188104081
2011-09-26 13:00:00,248.885887626221
2011-09-26 14:00:00,239.430078274299
2011-09-26 15:00:00,321.443147671042
2011-09-26 16:00:00,314.853732478573
2011-09-26 17:00:00,320.406877845193
2011-09-26 18:00:00,255.157395298764
2011-09-26 19:00:00,284.97690140701
2011-09-26 20:00:00,264.18214366496
2011-09-26 21:00:00,291.940795299593
2011-09-26 22:00:00,275.289475670386
2011-09-26 23:00:00,304.215218144132
2011-09-27 00:00:00,30.5619046571651
2011-09-27 01:00:00,34.0582713770964
2011-09-27 02:00:00,37.0104548417748
2011-09-27 03:00:00,46.3929285274272
2011-09-27 04:00:00,35.9238018083151
2011-09-27 05:00:00,39.698456241634
2011-09-27 06:00:00,64.4741250159213
2011-09-27 07:00:00,71.248673632025
2011-09-27 08:00:00,92.2708700896309
2011-09-27 09:00:00,71.4468209410538
2011-09-27 10:00:00,69.68718979622
2011-09-27 11:00:00,129.88304593497
2011-09-27 12:00:00,144.737957513545
2011-09-27 13:00:00,253.098620455836
2011-09-27 14:00:00,230.783942176697
2011-09-27 15:00:00,239.364423829123
2011-09-27 16:00:00,250.293393949778
2011-09-27 17:00:00,242.565248130739
2011-09-27 18:00:00,259.153391822511
2011-09-27 19:00:00,279.259438140099
2011-09-27 20:00:00,312.279487748312
2011-09-27 21:00:00,294.468117607986
2011-09-27 22:00:00,297.104081748446
2011-09-27 23:00:00,328.321970247911
2011-09-28 00:00:00,32.1631859794938
2011-09-28 01:00:00,35.5426977916054
2011-09-28 02:00:00,42.1812129783734
2011-09-28 03:00:00,43.716273257528
2011-09-28 04:00:00,47.964991256771
2011-09-28 05:00:00,52.0577533590345
2011-09-28 06:00:00,41.1646810997756
2011-09-28 07:00:00,45.4900152289005
2011-09-28 08:00:00,55.6347237081762
2011-09-28 09:00:00,61.4804818384565
2011-09-28 10:00:00,93.3664994649849
2011-09-28 11:00:00,148.103253353398
2011-09-28 12:00:00,183.511483244198
2011-09-28 13:00:00,218.490570671986
2011-09-28 14:00:00,300.809714534359
2011-09-28 15:00:00,262.373021235107
2011-09-28 16:00:00,294.849237692223
2011-09-28 17:00:00,328.580808863214
2011-09-28 18:00:00,212.383297672793
2011-09-28 19:00:00,234.699241859355
2011-09-28 20:00:00,231.307131754787
2011-09-28 21:00:00,224.723668097725
2011-09-28 22:00:00,297.104081748446
2011-09-28 23:00:00,279.5322467484
2011-09-29 00:00:00,28.5575471378013
2011-09-29 01:00:00,32.3292643486318
2011-09-29 02:00:00,35.7262266648879
2011-09-29 03:00:00,45.0184574615293
2011-09-29 04:00:00,59.1708678356142
2011-09-29 05:00:00,63.7633479181711
2011-09-29 06:00:00,70.1686489748798
2011-09-29 07:00:00,67.2197180664399
2011-09-29 08:00:00,80.34355240989
2011-09-29 09:00:00,111.741940949267
2011-09-29 10:00:00,153.580700449499
2011-09-29 11:00:00,180.071904853967
2011-09-29 12:00:00,205.831816069309
2011-09-29 13:00:00,229.373098195522
2011-09-29 14:00:00,315.80835649588
2011-09-29 15:00:00,391.140053164154
2011-09-29 16:00:00,454.768889296132
2011-09-29 17:00:00,433.391544502525
2011-09-29 18:00:00,512.554336738858
2011-09-29 19:00:00,477.383528971125
2011-09-29 20:00:00,504.626747840747
2011-09-29 21:00:00,421.037549640342
2011-09-29 22:00:00,373.355919092156
2011-09-29 23:00:00,341.711475129456
2011-09-30 00:00:00,31.4110216796527
2011-09-30 01:00:00,37.7773114963131
2011-09-30 02:00:00,38.3587738515493
2011-09-30 03:00:00,42.3892803260035
2011-09-30 04:00:00,48.0369609780087
2011-09-30 05:00:00,53.0843924466022
2011-09-30 06:00:00,59.1573942827151
2011-09-30 07:00:00,65.373293195206
2011-09-30 08:00:00,80.3273536616238
2011-09-30 09:00:00,99.9024522352795
2011-09-30 10:00:00,147.597261107686
2011-09-30 11:00:00,193.521996859341
2011-09-30 12:00:00,257.255618480927
2011-09-30 13:00:00,342.343204391578
2011-09-30 14:00:00,375.147606695527
2011-09-30 15:00:00,338.057025059599
2011-09-30 16:00:00,351.401244509689
2011-09-30 17:00:00,385.07361669973
2011-09-30 18:00:00,382.728113021486
2011-09-30 19:00:00,364.028469541611
2011-09-30 20:00:00,402.278365355574
2011-09-30 21:00:00,397.423914184801
2011-09-30 22:00:00,456.095586510769
2011-09-30 23:00:00,504.019334582488
2011-10-20 00:00:00,30.6756983752358
2011-10-20 01:00:00,37.6749143415801
2011-10-20 02:00:00,42.695682947065
2011-10-20 03:00:00,45.6023711491394
2011-10-20 04:00:00,50.3939907373565
2011-10-20 05:00:00,51.8437636704696
2011-10-20 06:00:00,53.5338323987242
2011-10-20 07:00:00,61.5719421464672
2011-10-20 08:00:00,84.0645962103825
2011-10-20 09:00:00,94.4700106468845
2011-10-20 10:00:00,118.042065122188
2011-10-20 11:00:00,147.465387279486
2011-10-20 12:00:00,180.753993536071
2011-10-20 13:00:00,221.498654985441
2011-10-20 14:00:00,260.018907961159
2011-10-20 15:00:00,266.907199182094
2011-10-20 16:00:00,294.952183063622
2011-10-20 17:00:00,335.074923058985
2011-10-20 18:00:00,331.031442244145
2011-10-20 19:00:00,318.459605136581
2011-10-20 20:00:00,407.664372393953
2011-10-20 21:00:00,366.634755333237
2011-10-20 22:00:00,408.578788969136
2011-10-20 23:00:00,382.036161333911
2011-10-21 00:00:00,34.6794417358336
2011-10-21 01:00:00,38.0036033481808
2011-10-21 02:00:00,37.3055508813772
2011-10-21 03:00:00,33.442870944351
2011-10-21 04:00:00,37.268828203902
2011-10-21 05:00:00,36.9652013377679
2011-10-21 06:00:00,45.5122589569179
2011-10-21 07:00:00,50.2944101044705
2011-10-21 08:00:00,75.8425989458528
2011-10-21 09:00:00,106.547339687934
2011-10-21 10:00:00,122.700001404926
2011-10-21 11:00:00,164.002852871393
2011-10-21 12:00:00,185.076620122532
2011-10-21 13:00:00,189.143484606329
2011-10-21 14:00:00,246.523234126663
2011-10-21 15:00:00,248.717427175743
2011-10-21 16:00:00,272.550313111296
2011-10-21 17:00:00,295.80651650536
2011-10-21 18:00:00,299.775892711642
2011-10-21 19:00:00,344.031792572323
2011-10-21 20:00:00,363.028491329837
2011-10-21 21:00:00,305.065899619051
2011-10-21 22:00:00,357.686854465513
2011-10-21 23:00:00,342.321336208123
2011-10-22 00:00:00,37.1854202969485
2011-10-22 01:00:00,41.092637921844
2011-10-22 02:00:00,46.1790351347185
2011-10-22 03:00:00,49.3465925230951
2011-10-22 04:00:00,48.6449077624333
2011-10-22 05:00:00,52.418953557119
2011-10-22 06:00:00,51.5725161807905
2011-10-22 07:00:00,52.2380190139382
2011-10-22 08:00:00,68.5409303298287
2011-10-22 09:00:00,85.9633916771387
2011-10-22 10:00:00,125.199489167791
2011-10-22 11:00:00,138.35468942633
2011-10-22 12:00:00,150.796237857404
2011-10-22 13:00:00,205.062127627794
2011-10-22 14:00:00,258.528754804337
2011-10-22 15:00:00,233.946182888486
2011-10-22 16:00:00,292.245129616266
2011-10-22 17:00:00,251.654738994518
2011-10-22 18:00:00,267.21085512709
2011-10-22 19:00:00,237.531712120527
2011-10-22 20:00:00,251.580962276537
2011-10-22 21:00:00,233.2865819952
2011-10-22 22:00:00,257.798916064424
2011-10-22 23:00:00,249.839027136089
2011-10-23 00:00:00,22.3459286708199
2011-10-23 01:00:00,24.6939028405364
2011-10-23 02:00:00,25.7141637935525
2011-10-23 03:00:00,28.9026215816296
2011-10-23 04:00:00,31.9395331331899
2011-10-23 05:00:00,33.8381041161506
2011-10-23 06:00:00,36.9081167257895
2011-10-23 07:00:00,42.3768860401211
2011-10-23 08:00:00,47.4218332786496
2011-10-23 09:00:00,70.338618972695
2011-10-23 10:00:00,89.5337719789066
2011-10-23 11:00:00,108.344423173567
2011-10-23 12:00:00,161.978929114001
2011-10-23 13:00:00,194.855865838288
2011-10-23 14:00:00,217.147917729127
2011-10-23 15:00:00,246.686839438687
2011-10-23 16:00:00,262.958652043332
2011-10-23 17:00:00,243.286582554344
2011-10-23 18:00:00,266.606563443501
2011-10-23 19:00:00,213.668498375665
2011-10-23 20:00:00,249.980311914688
2011-10-23 21:00:00,276.246721512595
2011-10-23 22:00:00,272.850746649417
2011-10-23 23:00:00,306.62388333458
2011-10-24 00:00:00,26.9752925378525
2011-10-24 01:00:00,27.5609684116683
2011-10-24 02:00:00,28.0478559035369
2011-10-24 03:00:00,33.2367962862986
2011-10-24 04:00:00,35.8154257261102
2011-10-24 05:00:00,35.2272553857084
2011-10-24 06:00:00,41.8277954193359
2011-10-24 07:00:00,46.6563111166536
2011-10-24 08:00:00,62.3615977177917
2011-10-24 09:00:00,78.5815686729256
2011-10-24 10:00:00,92.8868089531534
2011-10-24 11:00:00,126.316826432125
2011-10-24 12:00:00,151.955409996898
2011-10-24 13:00:00,192.23817982011
2011-10-24 14:00:00,210.659046681497
2011-10-24 15:00:00,218.710141988175
2011-10-24 16:00:00,220.225214355681
2011-10-24 17:00:00,216.180104403214
2011-10-24 18:00:00,277.089586741799
2011-10-24 19:00:00,151.541855906336
2011-10-24 20:00:00,216.067316137169
2011-10-24 21:00:00,212.519001847847
2011-10-24 22:00:00,297.623840184364
2011-10-24 23:00:00,299.678831604841
2011-10-25 00:00:00,29.2280372060551
2011-10-25 01:00:00,32.2991414506929
2011-10-25 02:00:00,31.7687164554125
2011-10-25 03:00:00,30.0975611979209
2011-10-25 04:00:00,33.1044073395927
2011-10-25 05:00:00,36.5828169632051
2011-10-25 06:00:00,43.1695287522331
2011-10-25 07:00:00,55.7839062897943
2011-10-25 08:00:00,67.4030292705732
2011-10-25 09:00:00,111.03500366631
2011-10-25 10:00:00,136.937294171868
2011-10-25 11:00:00,166.451445180221
2011-10-25 12:00:00,223.917662509749
2011-10-25 13:00:00,268.104065155381
2011-10-25 14:00:00,272.895069182254
2011-10-25 15:00:00,302.31371224922
2011-10-25 16:00:00,342.592086648948
2011-10-25 17:00:00,369.181984548501
2011-10-25 18:00:00,348.12508765352
2011-10-25 19:00:00,250.361969204605
2011-10-25 20:00:00,258.580862382715
2011-10-25 21:00:00,256.545854554232
2011-10-25 22:00:00,323.822623841159
2011-10-25 23:00:00,313.290809759711
2011-10-26 00:00:00,32.0063862814572
2011-10-26 01:00:00,38.7315573826958
2011-10-26 02:00:00,41.7376634675449
2011-10-26 03:00:00,46.9039011653288
2011-10-26 04:00:00,47.215631318234
2011-10-26 05:00:00,51.7414362699509
2011-10-26 06:00:00,57.1781114538521
2011-10-26 07:00:00,62.1343311429441
2011-10-26 08:00:00,89.5386350017562
2011-10-26 09:00:00,115.217822328328
2011-10-26 10:00:00,141.816954509101
2011-10-26 11:00:00,143.2297671551
2011-10-26 12:00:00,152.23714057916
2011-10-26 13:00:00,140.569565371797
2011-10-26 14:00:00,157.715239458698
2011-10-26 15:00:00,174.286996841206
2011-10-26 16:00:00,197.513451297104
2011-10-26 17:00:00,219.183233060282
2011-10-26 18:00:00,210.859141898238
2011-10-26 19:00:00,198.039549823476
2011-10-26 20:00:00,200.247118608037
2011-10-26 21:00:00,317.404403816305
2011-10-26 22:00:00,280.847881673853
2011-10-26 23:00:00,310.357667617585
2011-10-27 00:00:00,22.8251549985574
2011-10-27 01:00:00,25.2234833538417
2011-10-27 02:00:00,22.2479975822715
2011-10-27 03:00:00,24.5856817492895
2011-10-27 04:00:00,30.9803069429906
2011-10-27 05:00:00,35.1089149360281
2011-10-27 06:00:00,43.1279901900176
2011-10-27 07:00:00,55.0286824976814
2011-10-27 08:00:00,48.7909041683766
2011-10-27 09:00:00,89.203846697974
2011-10-27 10:00:00,62.1491779183277
2011-10-27 11:00:00,67.5362914732813
2011-10-27 12:00:00,74.6325939019549
2011-10-27 13:00:00,121.722792912812
2011-10-27 14:00:00,144.310083502735
2011-10-27 15:00:00,164.228184986692
2011-10-27 16:00:00,232.901623579983
2011-10-27 17:00:00,250.182367575668
2011-10-27 18:00:00,285.418185947602
2011-10-27 19:00:00,289.817061064527
2011-10-27 20:00:00,264.986069825196
2011-10-27 21:00:00,304.858877015246
2011-10-27 22:00:00,244.272324640034
2011-10-27 23:00:00,272.815533766862
2011-10-28 00:00:00,25.3575358896015
2011-10-28 01:00:00,26.857354005981
2011-10-28 02:00:00,29.9299098491231
2011-10-28 03:00:00,29.8857995766235
2011-10-28 04:00:00,35.5634341255502
2011-10-28 05:00:00,48.3011949054015
2011-10-28 06:00:00,41.2762595603842
2011-10-28 07:00:00,45.6133176749951
2011-10-28 08:00:00,56.27130495125
2011-10-28 09:00:00,67.6738155766697
2011-10-28 10:00:00,78.0274012191582
2011-10-28 11:00:00,104.086395310588
2011-10-28 12:00:00,173.919938916655
2011-10-28 13:00:00,189.745381330465
2011-10-28 14:00:00,172.635777767844
2011-10-28 15:00:00,194.385997487488
2011-10-28 16:00:00,209.061860797786
2011-10-28 17:00:00,215.922198015601
2011-10-28 18:00:00,230.171202581109
2011-10-28 19:00:00,263.681673511915
2011-10-28 20:00:00,159.417855742442
2011-10-28 21:00:00,151.625872025158
2011-10-28 22:00:00,147.858789262645
2011-10-28 23:00:00,145.109725620158
2011-10-29 00:00:00,13.8275232343324
2011-10-29 01:00:00,15.9385787302799
2011-10-29 02:00:00,17.6133075684488
2011-10-29 03:00:00,21.9982553946253
2011-10-29 04:00:00,24.3096981726941
2011-10-29 05:00:00,19.4833905220159
2011-10-29 06:00:00,23.5305914870614
2011-10-29 07:00:00,26.0030428147127
2011-10-29 08:00:00,31.2726380477645
2011-10-29 09:00:00,34.5585765037896
2011-10-29 10:00:00,31.8406937874616
2011-10-29 11:00:00,35.7818965022779
2011-10-29 12:00:00,40.8912250355737
2011-10-29 13:00:00,45.5692946766974
2011-10-29 14:00:00,49.3122482528286
2011-10-29 15:00:00,49.2473611342811
2011-10-29 16:00:00,53.2821159492359
2011-10-29 17:00:00,58.8806763760402
2011-10-29 18:00:00,65.0674994552218
2011-10-29 19:00:00,103.559609092636
2011-10-29 20:00:00,114.44102247032
2011-10-29 21:00:00,126.465788532835
2011-10-29 22:00:00,134.575513903642
2011-10-29 23:00:00,153.865647146476
2011-10-30 00:00:00,14.9402152592154
2011-10-30 01:00:00,16.64894925943
2011-10-30 02:00:00,18.5536352652758
2011-10-30 03:00:00,25.008240383718
2011-10-30 04:00:00,24.3991367549203
2011-10-30 05:00:00,30.0314487057775
2011-10-30 06:00:00,34.1926357477057
2011-10-30 07:00:00,41.6720244162981
2011-10-30 08:00:00,48.5258432203364
2011-10-30 09:00:00,63.3723147716894
2011-10-30 10:00:00,80.5442959768718
2011-10-30 11:00:00,108.566435878683
2011-10-30 12:00:00,141.18463284752
2011-10-30 13:00:00,182.083773295252
2011-10-30 14:00:00,224.11610512278
2011-10-30 15:00:00,256.752236988338
2011-10-30 16:00:00,294.132622881684
2011-10-30 17:00:00,295.592571463211
2011-10-30 18:00:00,258.272380254202
2011-10-30 19:00:00,434.657458094896
2011-10-30 20:00:00,246.305836307854
2011-10-30 21:00:00,228.395050872605
2011-10-30 22:00:00,211.727559273584
2011-10-30 23:00:00,179.997193770006
2011-10-31 00:00:00,16.5834586530497
2011-10-31 01:00:00,20.0282692361242
2011-10-31 02:00:00,19.4152907175881
2011-10-31 03:00:00,20.3023304725774
2011-10-31 04:00:00,23.7097269071153
2011-10-31 05:00:00,22.9776571390072
2011-10-31 06:00:00,28.954042367274
2011-10-31 07:00:00,29.2767962827109
2011-10-31 08:00:00,44.9507152599662
2011-10-31 09:00:00,61.2211656668893
2011-10-31 10:00:00,97.5444094309049
2011-10-31 11:00:00,120.21305796276
2011-10-31 12:00:00,155.300976307383
2011-10-31 13:00:00,209.168552950766
2011-10-31 14:00:00,221.105338203833
2011-10-31 15:00:00,205.686279121146
2011-10-31 16:00:00,196.406120787318
2011-10-31 17:00:00,215.226372857798
2011-10-31 18:00:00,188.521553596055
2011-10-31 19:00:00,208.3302509565
2011-10-31 20:00:00,230.220325664165
2011-10-31 21:00:00,222.835913581599
2011-10-31 22:00:00,246.250155024963
2011-10-31 23:00:00,272.124622441585
2011-11-20 00:00:00,33.3104812145419
2011-11-20 01:00:00,41.788186819694
2011-11-20 02:00:00,46.5688713785143
2011-11-20 03:00:00,56.6584616589481
2011-11-20 04:00:00,58.1444974124233
2011-11-20 05:00:00,71.1101842402279
2011-11-20 06:00:00,77.924185691988
2011-11-20 07:00:00,73.1019942126497
2011-11-20 08:00:00,90.4456734454183
2011-11-20 09:00:00,85.0569958493472
2011-11-20 10:00:00,107.971115279686
2011-11-20 11:00:00,154.748794817874
2011-11-20 12:00:00,172.447638014556
2011-11-20 13:00:00,220.544828420087
2011-11-20 14:00:00,194.51734875112
2011-11-20 15:00:00,229.302296632485
2011-11-20 16:00:00,268.32288206414
2011-11-20 17:00:00,301.535565126183
2011-11-20 18:00:00,342.559112814816
2011-11-20 19:00:00,301.225974598939
2011-11-20 20:00:00,368.49948480537
2011-11-20 21:00:00,326.132736901688
2011-11-20 22:00:00,200.551038846379
2011-11-20 23:00:00,221.623721295957
2011-11-21 00:00:00,26.663027605163
2011-11-21 01:00:00,21.2611839077953
2011-11-21 02:00:00,20.6104712146277
2011-11-21 03:00:00,22.3969944249622
2011-11-21 04:00:00,24.7503342732973
2011-11-21 05:00:00,38.5456387578042
2011-11-21 06:00:00,40.8254914835607
2011-11-21 07:00:00,56.1950348804263
2011-11-21 08:00:00,59.2980043510955
2011-11-21 09:00:00,70.4086868992569
2011-11-21 10:00:00,96.7679120291623
2011-11-21 11:00:00,110.12410340127
2011-11-21 12:00:00,128.544704418216
2011-11-21 13:00:00,142.051399533642
2011-11-21 14:00:00,142.123206413137
2011-11-21 15:00:00,83.2535978474953
2011-11-21 16:00:00,92.0013791620013
2011-11-21 17:00:00,99.5083082125094
2011-11-21 18:00:00,116.69922260085
2011-11-21 19:00:00,113.127565173
2011-11-21 20:00:00,139.835391838206
2011-11-21 21:00:00,151.956374931881
2011-11-21 22:00:00,166.517312587338
2011-11-21 23:00:00,185.567355330217
2011-11-22 00:00:00,15.840537809355
2011-11-22 01:00:00,18.4176853610626
2011-11-22 02:00:00,17.7000948880988
2011-11-22 03:00:00,19.5599131221494
2011-11-22 04:00:00,24.0228614322481
2011-11-22 05:00:00,26.547037489395
2011-11-22 06:00:00,42.220081895879
2011-11-22 07:00:00,32.9676676276821
2011-11-22 08:00:00,36.431709474673
2011-11-22 09:00:00,39.4427628581883
2011-11-22 10:00:00,43.5871682994449
2011-11-22 11:00:00,50.0205333967635
2011-11-22 12:00:00,49.9464576072517
2011-11-22 13:00:00,57.5718104667647
2011-11-22 14:00:00,63.6211058829939
2011-11-22 15:00:00,78.1743556554015
2011-11-22 16:00:00,86.3884411166514
2011-11-22 17:00:00,89.5798532699461
2011-11-22 18:00:00,96.5297784331938
2011-11-22 19:00:00,125.228498809162
2011-11-22 20:00:00,191.645099899096
2011-11-22 21:00:00,213.563826804327
2011-11-22 22:00:00,276.029511669073
2011-11-22 23:00:00,297.387343820548
2011-11-23 00:00:00,29.8759664409197
2011-11-23 01:00:00,33.4336253853154
2011-11-23 02:00:00,26.7779290040423
2011-11-23 03:00:00,29.5915907921109
2011-11-23 04:00:00,37.2882304025377
2011-11-23 05:00:00,46.4038419836749
2011-11-23 06:00:00,42.5957798591999
2011-11-23 07:00:00,50.3514675787911
2011-11-23 08:00:00,63.7140068711275
2011-11-23 09:00:00,78.578443030005
2011-11-23 10:00:00,86.8349875329827
2011-11-23 11:00:00,135.655858599915
2011-11-23 12:00:00,158.241989458444
2011-11-23 13:00:00,194.535154807095
2011-11-23 14:00:00,174.912116449964
2011-11-23 15:00:00,224.847272989208
2011-11-23 16:00:00,212.494861137686
2011-11-23 17:00:00,131.804159627042
2011-11-23 18:00:00,279.987459225437
2011-11-23 19:00:00,244.455994343586
2011-11-23 20:00:00,214.969075915397
2011-11-23 21:00:00,250.443499187749
2011-11-23 22:00:00,248.959455879849
2011-11-23 23:00:00,268.274620215224
2011-11-24 00:00:00,28.2713731496761
2011-11-24 01:00:00,31.6309476855359
2011-11-24 02:00:00,31.723946351004
2011-11-24 03:00:00,31.6833193962045
2011-11-24 04:00:00,39.9237234478398
2011-11-24 05:00:00,44.3038725901217
2011-11-24 06:00:00,48.7543861089848
2011-11-24 07:00:00,38.7281911819676
2011-11-24 08:00:00,56.1149213328262
2011-11-24 09:00:00,69.8226502346164
2011-11-24 10:00:00,89.0952732665581
2011-11-24 11:00:00,154.038173911313
2011-11-24 12:00:00,195.347277699841
2011-11-24 13:00:00,235.462815814825
2011-11-24 14:00:00,285.492926488388
2011-11-24 15:00:00,311.54192365525
2011-11-24 16:00:00,332.101006201223
2011-11-24 17:00:00,339.553826259037
2011-11-24 18:00:00,255.855649521446
2011-11-24 19:00:00,256.551055576471
2011-11-24 20:00:00,175.754990452499
2011-11-24 21:00:00,209.144513907642
2011-11-24 22:00:00,231.120146409965
2011-11-24 23:00:00,233.234150064767
2011-11-25 00:00:00,22.2432269739634
2011-11-25 01:00:00,25.5440023997077
2011-11-25 02:00:00,21.8514654501048
2011-11-25 03:00:00,26.3905764409454
2011-11-25 04:00:00,31.7387065348592
2011-11-25 05:00:00,34.0581349804822
2011-11-25 06:00:00,31.2327858480883
2011-11-25 07:00:00,36.47467092543
2011-11-25 08:00:00,38.4620143161931
2011-11-25 09:00:00,54.4635183524747
2011-11-25 10:00:00,67.8724770716516
2011-11-25 11:00:00,94.0678126834611
2011-11-25 12:00:00,147.345784503493
2011-11-25 13:00:00,200.278373892492
2011-11-25 14:00:00,252.369877740394
2011-11-25 15:00:00,289.112238891549
2011-11-25 16:00:00,290.466139646462
2011-11-25 17:00:00,339.89503322289
2011-11-25 18:00:00,296.396336590465
2011-11-25 19:00:00,208.783581847163
2011-11-25 20:00:00,259.166962974745
2011-11-25 21:00:00,211.688917180466
2011-11-25 22:00:00,220.435122176096
2011-11-25 23:00:00,227.166328248799
2011-11-26 00:00:00,24.8847649251404
2011-11-26 01:00:00,26.2464392865238
2011-11-26 02:00:00,25.9310254409573
2011-11-26 03:00:00,29.0245301510755
2011-11-26 04:00:00,32.0742511130811
2011-11-26 05:00:00,38.2446467332746
2011-11-26 06:00:00,49.1630008197422
2011-11-26 07:00:00,34.4361960514538
2011-11-26 08:00:00,52.8213725105593
2011-11-26 09:00:00,60.9026458861127
2011-11-26 10:00:00,66.326741065774
2011-11-26 11:00:00,108.830127137139
2011-11-26 12:00:00,149.573364207142
2011-11-26 13:00:00,199.52673127061
2011-11-26 14:00:00,252.097471689365
2011-11-26 15:00:00,314.928539408399
2011-11-26 16:00:00,299.464598194154
2011-11-26 17:00:00,330.930515393764
2011-11-26 18:00:00,271.386053908454
2011-11-26 19:00:00,246.428357428456
2011-11-26 20:00:00,335.767744549514
2011-11-26 21:00:00,238.986491325731
2011-11-26 22:00:00,288.630127900863
2011-11-26 23:00:00,243.094934227809
2011-11-27 00:00:00,24.4216717619635
2011-11-27 01:00:00,26.9877523810815
2011-11-27 02:00:00,28.5839926513402
2011-11-27 03:00:00,28.9026215816296
2011-11-27 04:00:00,31.533660221089
2011-11-27 05:00:00,35.735006442301
2011-11-27 06:00:00,47.869282389383
2011-11-27 07:00:00,49.956300036162
2011-11-27 08:00:00,63.3392707969683
2011-11-27 09:00:00,91.749333944994
2011-11-27 10:00:00,101.389795496849
2011-11-27 11:00:00,142.268547305481
2011-11-27 12:00:00,185.895200285529
2011-11-27 13:00:00,188.799635486405
2011-11-27 14:00:00,389.102246710414
2011-11-27 15:00:00,408.8712245867
2011-11-27 16:00:00,304.238717842576
2011-11-27 17:00:00,298.733857524396
2011-11-27 18:00:00,271.11924286105
2011-11-27 19:00:00,275.30197057544
2011-11-27 20:00:00,339.524525473786
2011-11-27 21:00:00,341.886128228158
2011-11-27 22:00:00,347.916049976064
2011-11-27 23:00:00,384.472950815021
2011-11-28 00:00:00,31.7938697096924
2011-11-28 01:00:00,35.2820686829339
2011-11-28 03:00:00,34.3707912484665
2011-11-28 04:00:00,39.9723335278514
2011-11-28 05:00:00,36.7547912082742
2011-11-28 06:00:00,46.7850399003627
2011-11-28 07:00:00,46.1297376950353
2011-11-28 08:00:00,54.4867692191019
2011-11-28 09:00:00,73.1195009367368
2011-11-28 10:00:00,100.915451574653
2011-11-28 11:00:00,137.507010328146
2011-11-28 12:00:00,159.369582772594
2011-11-28 13:00:00,221.149489479508
2011-11-28 14:00:00,258.460065486208
2011-11-28 15:00:00,228.193923026108
2011-11-28 16:00:00,243.724336852365
2011-11-28 17:00:00,298.155870137711
2011-11-28 18:00:00,282.887932493551
2011-11-28 19:00:00,262.316982421624
2011-11-28 20:00:00,341.469650117073
2011-11-28 21:00:00,352.684846996259
2011-11-28 22:00:00,330.511809286417
2011-11-28 23:00:00,368.312922336096
2011-11-29 00:00:00,30.5015826427692
2011-11-29 01:00:00,34.5663931732447
2011-11-29 02:00:00,38.7273801120309
2011-11-29 03:00:00,42.796617488707
2011-11-29 04:00:00,58.2749349883231
2011-11-29 05:00:00,48.453435872006
2011-11-29 06:00:00,60.1587138006121
2011-11-29 07:00:00,71.4459055128338
2011-11-29 08:00:00,83.7709286845491
2011-11-29 09:00:00,84.9198833026285
2011-11-29 10:00:00,93.8427477504274
2011-11-29 11:00:00,70.7271899523811
2011-11-29 12:00:00,74.5822848105589
2011-11-29 13:00:00,85.4626114288636
2011-11-29 14:00:00,68.6454577542618
2011-11-29 15:00:00,87.3816331654851
2011-11-29 16:00:00,93.76738317601
2011-11-29 17:00:00,154.864951392209
2011-11-29 18:00:00,184.285833914958
2011-11-29 19:00:00,205.36864481575
2011-11-29 20:00:00,197.797950368031
2011-11-29 21:00:00,218.58135503778
2011-11-29 22:00:00,225.489529695007
2011-11-29 23:00:00,235.79631463148
2011-11-30 00:00:00,29.3892226639508
2011-11-30 01:00:00,27.4273762327262
2011-11-30 02:00:00,28.4605678390026
2011-11-30 03:00:00,31.4510310739767
2011-11-30 04:00:00,30.15915821936
2011-11-30 05:00:00,28.9832812092449
2011-11-30 06:00:00,28.5781256727636
2011-11-30 07:00:00,34.5145368775436
2011-11-30 08:00:00,39.1130363245051
2011-11-30 09:00:00,50.5435051217209
2011-11-30 10:00:00,68.2938615840963
2011-11-30 11:00:00,113.72284066227
2011-11-30 12:00:00,125.26994462811
2011-11-30 13:00:00,194.151188148589
2011-11-30 14:00:00,214.551413241401
2011-11-30 15:00:00,162.555549327908
2011-11-30 16:00:00,177.387472121878
2011-11-30 17:00:00,203.818062859533
2011-11-30 18:00:00,192.813869147935
2011-11-30 19:00:00,218.332891148999
2011-11-30 20:00:00,241.273982404104
2011-11-30 21:00:00,239.094673138437
2011-11-30 22:00:00,236.209423729321
2011-11-30 23:00:00,264.407239855508
2011-12-20 00:00:00,31.536809136448
2011-12-20 01:00:00,37.4629979262569
2011-12-20 02:00:00,41.1735633442399
2011-12-20 03:00:00,45.4998307655488
2011-12-20 04:00:00,58.2903646422029
2011-12-20 05:00:00,61.5099784771596
2011-12-20 06:00:00,67.9730726171126
2011-12-20 07:00:00,69.7558675117325
2011-12-20 08:00:00,101.020915393241
2011-12-20 09:00:00,80.2870332358169
2011-12-20 10:00:00,119.735641024505
2011-12-20 11:00:00,118.561658703493
2011-12-20 12:00:00,159.173120776787
2011-12-20 13:00:00,175.898063454381
2011-12-20 14:00:00,181.67524280731
2011-12-20 15:00:00,206.845165947095
2011-12-20 16:00:00,195.677538100696
2011-12-20 17:00:00,184.840230357507
2011-12-20 18:00:00,186.068705427614
2011-12-20 19:00:00,194.704872806832
2011-12-20 20:00:00,206.278649424374
2011-12-20 21:00:00,224.053028384342
2011-12-20 22:00:00,294.260968505178
2011-12-20 23:00:00,359.878451381029
2011-12-21 00:00:00,16.2502988525879
2011-12-21 01:00:00,20.8694275437044
2011-12-21 02:00:00,21.69850649095
2011-12-21 03:00:00,23.9784534787297
2011-12-21 04:00:00,26.4979634184229
2011-12-21 05:00:00,26.7271661328013
2011-12-21 06:00:00,25.5342554503227
2011-12-21 07:00:00,27.8508889691852
2011-12-21 08:00:00,19.4951994862056
2011-12-21 09:00:00,39.9378701359536
2011-12-21 10:00:00,59.4442148491469
2011-12-21 11:00:00,65.6902511209413
2011-12-21 12:00:00,43.1360406480442
2011-12-21 13:00:00,40.7756030221357
2011-12-21 14:00:00,79.7642736934771
2011-12-21 15:00:00,88.8895279964998
2011-12-21 16:00:00,50.7748033049303
2011-12-21 17:00:00,56.1099105805608
2011-12-21 18:00:00,89.9873023759521
2011-12-21 19:00:00,124.412291185277
2011-12-21 20:00:00,138.641504640669
2011-12-21 21:00:00,140.364413250586
2011-12-21 22:00:00,153.814572688141
2011-12-21 23:00:00,167.147276309203
2011-12-22 00:00:00,20.9046711292709
2011-12-22 01:00:00,14.5245526003679
2011-12-22 02:00:00,20.9515616084832
2011-12-22 03:00:00,27.014110079877
2011-12-22 04:00:00,20.8787506327544
2011-12-22 05:00:00,22.2176181295022
2011-12-22 06:00:00,21.8588581558352
2011-12-22 07:00:00,21.1839364545461
2011-12-22 08:00:00,31.1821353751473
2011-12-22 09:00:00,36.8596674029457
2011-12-22 10:00:00,45.7641474164412
2011-12-22 11:00:00,57.7926812319482
2011-12-22 12:00:00,96.26360545467
2011-12-22 13:00:00,90.5695735602985
2011-12-22 14:00:00,100.086073071886
2011-12-22 15:00:00,122.438532773569
2011-12-22 16:00:00,122.223946798299
2011-12-22 17:00:00,127.810039467027
2011-12-22 18:00:00,148.934376116486
2011-12-22 19:00:00,160.489237287395
2011-12-22 20:00:00,101.656564340908
2011-12-22 21:00:00,112.338017359517
2011-12-22 22:00:00,77.9346871619212
2011-12-22 23:00:00,103.782371216963
2011-12-23 00:00:00,11.0105981492413
2011-12-23 01:00:00,12.1675247835461
2011-12-23 02:00:00,11.4251636518479
2011-12-23 03:00:00,12.6256503057927
2011-12-23 04:00:00,14.5504007128664
2011-12-23 05:00:00,17.56297104468
2011-12-23 06:00:00,26.367331137538
2011-12-23 07:00:00,28.8947440830839
2011-12-23 08:00:00,36.7164734213801
2011-12-23 09:00:00,47.6450118782063
2011-12-23 10:00:00,56.8088843488286
2011-12-23 11:00:00,68.3071144378748
2011-12-23 12:00:00,81.7869634544772
2011-12-23 13:00:00,94.2983063848126
2011-12-23 14:00:00,96.9855537428841
2011-12-23 15:00:00,101.012174060703
2011-12-23 16:00:00,116.464489398411
2011-12-23 17:00:00,106.20003121444
2011-12-23 18:00:00,118.57904763149
2011-12-23 19:00:00,123.259751526043
2011-12-23 20:00:00,115.461757910641
2011-12-23 21:00:00,123.899571385663
2011-12-23 22:00:00,131.552146912447
2011-12-23 23:00:00,149.112354943413
2011-12-24 00:00:00,17.3867312925414
2011-12-24 01:00:00,21.1849324180364
2011-12-24 02:00:00,23.0103710569371
2011-12-24 03:00:00,23.9660775961418
2011-12-24 04:00:00,27.5106744532619
2011-12-24 05:00:00,30.4013286730656
2011-12-24 06:00:00,28.1827434264875
2011-12-24 07:00:00,27.8589775655073
2011-12-24 08:00:00,29.3972906398522
2011-12-24 09:00:00,50.0927365014102
2011-12-24 10:00:00,56.6564732296818
2011-12-24 11:00:00,68.5930380805589
2011-12-24 12:00:00,80.7814335557367
2011-12-24 13:00:00,85.9185728771181
2011-12-24 14:00:00,94.9463735465889
2011-12-24 15:00:00,102.745043043851
2011-12-24 16:00:00,112.369386155218
2011-12-24 17:00:00,107.327822420083
2011-12-24 18:00:00,133.25489892346
2011-12-24 19:00:00,126.992929476919
2011-12-24 20:00:00,117.957804391468
2011-12-24 21:00:00,126.024504068732
2011-12-24 22:00:00,153.555062006276
2011-12-24 23:00:00,146.956383757424
2011-12-25 00:00:00,13.5023316693308
2011-12-25 01:00:00,12.8423682792652
2011-12-25 02:00:00,13.9556642857973
2011-12-25 03:00:00,16.3984890919051
2011-12-25 05:00:00,17.3778001335298
2011-12-25 06:00:00,19.2037535965114
2011-12-25 07:00:00,20.5562473713829
2011-12-25 08:00:00,21.226365981472
2011-12-25 09:00:00,23.0149224899452
2011-12-25 10:00:00,28.5040111543059
2011-12-25 11:00:00,42.8145771589134
2011-12-25 12:00:00,41.9261339285272
2011-12-25 13:00:00,53.6169946472259
2011-12-25 14:00:00,70.6308477167341
2011-12-25 15:00:00,80.0589901562089
2011-12-25 16:00:00,99.6185666602159
2011-12-25 17:00:00,96.1398090958002
2011-12-25 18:00:00,90.6577106371801
2011-12-25 19:00:00,124.567255780521
2011-12-25 20:00:00,153.028819357249
2011-12-25 21:00:00,141.862310035355
2011-12-25 22:00:00,134.900235387488
2011-12-25 23:00:00,139.326968709335
2011-12-26 00:00:00,10.0968463652874
2011-12-26 01:00:00,16.9215076059569
2011-12-26 02:00:00,24.8290658633228
2011-12-26 04:00:00,29.6767755680909
2011-12-26 05:00:00,35.6834133976178
2011-12-26 06:00:00,36.6276907823854
2011-12-26 07:00:00,41.180882937466
2011-12-26 08:00:00,46.6779036114198
2011-12-26 09:00:00,48.907261631528
2011-12-26 10:00:00,58.5473838826614
2011-12-26 11:00:00,62.0112290670153
2011-12-26 12:00:00,75.391114764643
2011-12-26 13:00:00,102.745473346119
2011-12-26 14:00:00,114.499840675668
2011-12-26 15:00:00,123.90110195754
2011-12-26 16:00:00,111.514366743948
2011-12-26 17:00:00,111.129736403541
2011-12-26 18:00:00,117.990937616455
2011-12-26 19:00:00,98.6402489759044
2011-12-26 20:00:00,124.540601588145
2011-12-26 21:00:00,104.547538578996
2011-12-26 22:00:00,115.532757573787
2011-12-26 23:00:00,120.81118221662
2011-12-27 00:00:00,11.5248178902232
2011-12-27 01:00:00,13.1731127361885
2011-12-27 02:00:00,14.5572632405139
2011-12-27 03:00:00,22.9724745086634
2011-12-27 04:00:00,23.9266070628633
2011-12-27 05:00:00,26.1550946069747
2011-12-27 06:00:00,30.3427848036256
2011-12-27 07:00:00,32.8355733696129
2011-12-27 08:00:00,36.5991321294617
2011-12-27 09:00:00,29.1400936955086
2011-12-27 10:00:00,46.9314674872654
2011-12-27 11:00:00,35.5855430453266
2011-12-27 12:00:00,30.066943269052
2011-12-27 13:00:00,29.5070942024589
2011-12-27 14:00:00,52.8994181204172
2011-12-27 15:00:00,58.4577669887711
2011-12-27 16:00:00,60.6460071877155
2011-12-27 17:00:00,59.1798641635646
2011-12-27 18:00:00,81.8965241347903
2011-12-27 19:00:00,73.8889923071661
2011-12-27 20:00:00,73.1619477327966
2011-12-27 21:00:00,88.3595646534344
2011-12-27 22:00:00,97.643849880952
2011-12-27 23:00:00,91.8688312114675
2011-12-28 00:00:00,10.6128167198747
2011-12-28 01:00:00,13.8021409283327
2011-12-28 02:00:00,18.7185946859784
2011-12-28 03:00:00,20.6854306793941
2011-12-28 05:00:00,26.461291022273
2011-12-28 06:00:00,29.6180550538225
2011-12-28 07:00:00,32.7301399999464
2011-12-28 08:00:00,35.7096020107389
2011-12-28 09:00:00,40.8179845653513
2011-12-28 10:00:00,45.7002260095073
2011-12-28 11:00:00,64.3793141434617
2011-12-28 12:00:00,66.1854652977834
2011-12-28 13:00:00,79.1101627296057
2011-12-28 14:00:00,85.6080835027468
2011-12-28 15:00:00,99.7317042257952
2011-12-28 16:00:00,105.63051937197
2011-12-28 17:00:00,108.211284872101
2011-12-28 18:00:00,107.577644902952
2011-12-28 19:00:00,111.353488743146
2011-12-28 20:00:00,122.027160929121
2011-12-28 21:00:00,125.782139870769
2011-12-28 22:00:00,143.775711706277
2011-12-28 23:00:00,152.245860387985
2011-12-29 00:00:00,17.5346804582066
2011-12-29 01:00:00,16.0327921354064
2011-12-29 02:00:00,16.8476232035176
2011-12-29 03:00:00,16.534501803006
2011-12-29 04:00:00,18.8998196952156
2011-12-29 05:00:00,21.4286412400373
2011-12-29 06:00:00,23.5861635180957
2011-12-29 07:00:00,21.8603614799585
2011-12-29 08:00:00,31.245551969183
2011-12-29 09:00:00,31.5786595976274
2011-12-29 10:00:00,36.7173246086945
2011-12-29 11:00:00,45.8796962494112
2011-12-29 12:00:00,56.3459935036768
2011-12-29 13:00:00,68.9298776594439
2011-12-29 14:00:00,83.9657235769751
2011-12-29 15:00:00,91.2262573544406
2011-12-29 16:00:00,84.467401850205
2011-12-29 17:00:00,81.698670686367
2011-12-29 18:00:00,96.4057513460928
2011-12-29 19:00:00,110.227707412678
2011-12-29 20:00:00,97.9642479402465
2011-12-29 21:00:00,135.304206413778
2011-12-29 22:00:00,120.639328335275
2011-12-29 23:00:00,140.231301213429
2011-12-30 00:00:00,12.4374753712252
2011-12-30 01:00:00,14.615479680626
2011-12-30 02:00:00,13.8397173092995
2011-12-30 03:00:00,15.2939105646841
2011-12-30 04:00:00,16.8302493031534
2011-12-30 05:00:00,17.2716723752257
2011-12-30 06:00:00,20.5529044380957
2011-12-30 07:00:00,21.0919651527444
2011-12-30 08:00:00,27.2272700579505
2011-12-30 09:00:00,28.5116416027382
2011-12-30 10:00:00,37.6159470016905
2011-12-30 11:00:00,43.8322075708079
2011-12-30 12:00:00,56.764197916127
2011-12-30 13:00:00,81.1175265065289
2011-12-30 14:00:00,114.583761969901
2011-12-30 15:00:00,115.260545714621
2011-12-30 16:00:00,128.668236871176
2011-12-30 17:00:00,116.806908544248
2011-12-30 18:00:00,100.163648260146
2011-12-30 19:00:00,149.494316831631
2011-12-30 20:00:00,133.54630596846
2011-12-30 21:00:00,153.934893165205
2011-12-30 22:00:00,147.611910958653
2011-12-30 23:00:00,180.130961963072
2011-12-31 00:00:00,25.322992197691
2011-12-31 01:00:00,28.8317708792738
2011-12-31 02:00:00,31.861237870284
2011-12-31 03:00:00,35.2090228129751
2011-12-31 04:00:00,27.476375381648
2011-12-31 05:00:00,29.0159050630963
2011-12-31 06:00:00,39.3799026063686
2011-12-31 07:00:00,25.8072527952903
2011-12-31 08:00:00,29.0931920771947
2011-12-31 09:00:00,39.4847952533949
2011-12-31 10:00:00,47.6766315227497
2011-12-31 11:00:00,59.1777220471526
2011-12-31 12:00:00,134.77986032619
2011-12-31 13:00:00,144.205069533384
2011-12-31 14:00:00,122.382798005074
2011-12-31 15:00:00,150.268059113043
2011-12-31 16:00:00,145.706414006463
2011-12-31 17:00:00,139.780407173012
2011-12-31 18:00:00,151.896624175725
2011-12-31 19:00:00,172.13921305134
2011-12-31 20:00:00,190.22655378324
2011-12-31 21:00:00,188.356127433252
2011-12-31 22:00:00,184.896390781763
2011-12-31 23:00:00,177.782728981756
2012-01-20 00:00:00,17.792134267501
2012-01-20 01:00:00,18.244725828698
2012-01-20 02:00:00,20.1617705669317
2012-01-20 03:00:00,19.9640887238034
2012-01-20 04:00:00,18.7832046565748
2012-01-20 05:00:00,20.7568294724333
2012-01-20 06:00:00,22.165209594856
2012-01-20 07:00:00,21.0818243526638
2012-01-20 08:00:00,25.2979686592613
2012-01-20 09:00:00,35.7993468797706
2012-01-20 10:00:00,48.93333640487
2012-01-20 11:00:00,60.6052055006087
2012-01-20 12:00:00,64.4768204962561
2012-01-20 13:00:00,67.8041645664591
2012-01-20 14:00:00,83.7249568300408
2012-01-20 15:00:00,93.7393036553072
2012-01-20 16:00:00,95.5829116707174
2012-01-20 17:00:00,126.472006854132
2012-01-20 18:00:00,124.674525112382
2012-01-20 19:00:00,132.342667092016
2012-01-20 20:00:00,152.25107806452
2012-01-20 21:00:00,160.939709303615
2012-01-20 22:00:00,169.708601783818
2012-01-20 23:00:00,75.6682002878803
2012-01-21 00:00:00,8.28901620670668
2012-01-21 01:00:00,6.28753848639532
2012-01-21 02:00:00,8.12823123088952
2012-01-21 03:00:00,7.63083814717572
2012-01-21 04:00:00,9.75899734347075
2012-01-21 05:00:00,10.3796019401422
2012-01-21 06:00:00,10.0818721258003
2012-01-21 07:00:00,11.1412138825237
2012-01-21 08:00:00,17.7099782570548
2012-01-21 09:00:00,19.5708349753574
2012-01-21 10:00:00,14.7774498560224
2012-01-21 11:00:00,30.1077892826553
2012-01-21 12:00:00,36.9774265075607
2012-01-21 13:00:00,40.1737428505681
2012-01-21 14:00:00,29.8292908443488
2012-01-21 15:00:00,32.9635711615928
2012-01-21 16:00:00,52.6200560223555
2012-01-21 17:00:00,59.6324973221707
2012-01-21 18:00:00,70.9613401783598
2012-01-21 19:00:00,66.9139443513592
2012-01-21 20:00:00,75.232023923895
2012-01-21 21:00:00,75.1780459604457
2012-01-21 22:00:00,100.406627733504
2012-01-21 23:00:00,96.0884951721472
2012-01-22 00:00:00,8.02290149574659
2012-01-22 01:00:00,12.3181224206226
2012-01-22 02:00:00,13.5555305105921
2012-01-22 03:00:00,16.1307786032069
2012-01-22 04:00:00,9.50981313255734
2012-01-22 05:00:00,11.7805252332679
2012-01-22 06:00:00,19.0527280351231
2012-01-22 07:00:00,21.0546727270669
2012-01-22 08:00:00,23.2669695818197
2012-01-22 09:00:00,25.7117211242799
2012-01-22 10:00:00,27.701170081304
2012-01-22 11:00:00,19.795855799452
2012-01-22 12:00:00,31.7488608950411
2012-01-22 13:00:00,37.2330086278064
2012-01-22 14:00:00,39.7792369187698
2012-01-22 15:00:00,42.4865307978033
2012-01-22 16:00:00,46.9507568473732
2012-01-22 17:00:00,55.0623560871005
2012-01-22 18:00:00,38.0424035676276
2012-01-22 19:00:00,42.0396677783273
2012-01-22 20:00:00,45.2924944876313
2012-01-22 21:00:00,51.3383526823553
2012-01-22 22:00:00,77.775675732833
2012-01-22 23:00:00,82.721669687972
2012-01-23 00:00:00,9.72240035667116
2012-01-23 01:00:00,10.1665943559131
2012-01-23 02:00:00,11.2348382088902
2012-01-23 03:00:00,13.1204122668679
2012-01-23 04:00:00,16.5329724589758
2012-01-23 05:00:00,16.7172673331512
2012-01-23 06:00:00,18.4738160299945
2012-01-23 07:00:00,13.9491181840923
2012-01-23 08:00:00,14.0978291968398
2012-01-23 09:00:00,23.4921053155688
2012-01-23 10:00:00,24.837932553201
2012-01-23 11:00:00,25.8641442825223
2012-01-23 12:00:00,31.6382144517178
2012-01-23 13:00:00,23.4870569588228
2012-01-23 14:00:00,24.5594358011704
2012-01-23 15:00:00,34.6114765852073
2012-01-23 16:00:00,45.4022574722358
2012-01-23 17:00:00,49.2408940039282
2012-01-23 18:00:00,54.9805706150779
2012-01-23 19:00:00,63.9273320706981
2012-01-23 20:00:00,63.6900263164682
2012-01-23 21:00:00,69.7600230444064
2012-01-23 22:00:00,77.089981651183
2012-01-23 23:00:00,99.8391976381938
2012-01-24 00:00:00,9.71791112000172
2012-01-24 01:00:00,12.3206533418158
2012-01-24 02:00:00,13.5016366802985
2012-01-24 03:00:00,15.8338453990197
2012-01-24 04:00:00,14.9347999039964
2012-01-24 05:00:00,16.5040577728921
2012-01-24 06:00:00,20.8322423304853
2012-01-24 07:00:00,23.6130293998006
2012-01-24 08:00:00,26.0941428015401
2012-01-24 09:00:00,31.120987664599
2012-01-24 10:00:00,26.9384119328951
2012-01-24 11:00:00,32.945664404129
2012-01-24 12:00:00,36.7147398554398
2012-01-24 13:00:00,40.5725012444753
2012-01-24 14:00:00,51.9905903800173
2012-01-24 15:00:00,90.6390420717282
2012-01-24 16:00:00,85.0276250579713
2012-01-24 17:00:00,102.689315692655
2012-01-24 18:00:00,117.15213380229
2012-01-24 19:00:00,165.811640798547
2012-01-24 20:00:00,95.7373704317954
2012-01-24 21:00:00,123.985051503674
2012-01-24 22:00:00,108.571706462908
2012-01-24 23:00:00,129.197906209356
2012-01-25 00:00:00,8.88728967521162
2012-01-25 01:00:00,14.0949625073385
2012-01-25 02:00:00,14.8036647594893
2012-01-25 03:00:00,14.5646219265298
2012-01-25 04:00:00,17.0350432053171
2012-01-25 05:00:00,18.8249818565721
2012-01-25 06:00:00,18.7600515754695
2012-01-25 07:00:00,20.126412107107
2012-01-25 08:00:00,24.151483960383
2012-01-25 09:00:00,26.6891748898878
2012-01-25 10:00:00,35.1838403797027
2012-01-25 11:00:00,50.0048434040684
2012-01-25 12:00:00,60.2271750910338
2012-01-25 13:00:00,70.6157877316232
2012-01-25 14:00:00,80.4026411632601
2012-01-25 15:00:00,98.5731849379294
2012-01-25 16:00:00,90.5750660134
2012-01-25 17:00:00,104.432371014643
2012-01-25 18:00:00,90.4809172393427
2012-01-25 19:00:00,148.380965558661
2012-01-25 20:00:00,116.001277223709
2012-01-25 21:00:00,119.333433371472
2012-01-25 22:00:00,129.652220453444
2012-01-25 23:00:00,163.202440390973
2012-01-26 00:00:00,13.3795598935018
2012-01-26 01:00:00,15.6250885404905
2012-01-26 02:00:00,15.9249778094956
2012-01-26 03:00:00,18.7547099937969
2012-01-26 04:00:00,18.0509781608388
2012-01-26 05:00:00,23.9964768172534
2012-01-26 06:00:00,23.5614568307679
2012-01-26 07:00:00,25.5916730636532
2012-01-26 08:00:00,28.2806902979985
2012-01-26 09:00:00,33.1657626819035
2012-01-26 10:00:00,34.9728183068946
2012-01-26 11:00:00,36.588236784877
2012-01-26 12:00:00,46.4795918548467
2012-01-26 13:00:00,67.9279184728395
2012-01-26 14:00:00,80.6555902818349
2012-01-26 15:00:00,92.9693231360744
2012-01-26 16:00:00,98.0839175973738
2012-01-26 17:00:00,110.245947576621
2012-01-26 18:00:00,121.829920703853
2012-01-26 19:00:00,123.436507052312
2012-01-26 20:00:00,125.862576242447
2012-01-26 21:00:00,150.73922482795
2012-01-26 22:00:00,125.057500351846
2012-01-26 23:00:00,163.558177048662
2012-01-27 00:00:00,17.6461144210067
2012-01-27 01:00:00,17.9578477484913
2012-01-27 02:00:00,15.5781869149915
2012-01-27 03:00:00,20.9717095711986
2012-01-27 04:00:00,20.4151998490085
2012-01-27 05:00:00,25.9350249836451
2012-01-27 06:00:00,26.224125578106
2012-01-27 07:00:00,28.7370037497711
2012-01-27 08:00:00,30.5678085165051
2012-01-27 09:00:00,33.7796877755361
2012-01-27 10:00:00,28.9734434911471
2012-01-27 11:00:00,50.7830466375109
2012-01-27 12:00:00,64.5136757430973
2012-01-27 13:00:00,101.964813488328
2012-01-27 14:00:00,122.599245641986
2012-01-27 15:00:00,129.406697532528
2012-01-27 16:00:00,139.934741869512
2012-01-27 17:00:00,151.691791672164
2012-01-27 18:00:00,156.710889359954
2012-01-27 19:00:00,136.084866428608
2012-01-27 20:00:00,131.072863953586
2012-01-27 21:00:00,145.425123741664
2012-01-27 22:00:00,171.263292389342
2012-01-27 23:00:00,182.970213713349
2012-01-28 00:00:00,18.4621872879889
2012-01-28 01:00:00,20.5782924618362
2012-01-28 02:00:00,19.2892566738567
2012-01-28 03:00:00,20.957202755383
2012-01-28 04:00:00,21.7312371775284
2012-01-28 05:00:00,18.8332163015716
2012-01-28 06:00:00,23.7832916755712
2012-01-28 07:00:00,23.3927162048879
2012-01-28 08:00:00,21.6871243682703
2012-01-28 09:00:00,26.5286909982199
2012-01-28 10:00:00,35.3020929259118
2012-01-28 11:00:00,52.2340569641692
2012-01-28 12:00:00,53.5936829508107
2012-01-28 13:00:00,67.8142682092338
2012-01-28 14:00:00,106.645206749266
2012-01-28 15:00:00,126.40574257762
2012-01-28 16:00:00,153.602802035359
2012-01-28 17:00:00,171.175388925774
2012-01-28 18:00:00,188.830414580086
2012-01-28 19:00:00,267.328449253481
2012-01-28 20:00:00,253.027024476111
2012-01-28 21:00:00,245.217333710917
2012-01-28 22:00:00,240.295597296032
2012-01-28 23:00:00,266.140987060486
2012-01-29 00:00:00,24.0521602217336
2012-01-29 01:00:00,28.4876145150133
2012-01-29 02:00:00,30.828606089222
2012-01-29 03:00:00,31.8475241170973
2012-01-29 04:00:00,32.353417778785
2012-01-29 05:00:00,23.9610706993322
2012-01-29 06:00:00,32.2417434612166
2012-01-29 07:00:00,35.9999445375876
2012-01-29 08:00:00,36.4830215331966
2012-01-29 09:00:00,38.5650266304319
2012-01-29 10:00:00,54.4607761809276
2012-01-29 11:00:00,74.5025292868813
2012-01-29 12:00:00,92.2933389545328
2012-01-29 13:00:00,101.990961241545
2012-01-29 14:00:00,113.655814803846
2012-01-29 15:00:00,139.898275860606
2012-01-29 16:00:00,170.341321876966
2012-01-29 17:00:00,188.239751147652
2012-01-29 18:00:00,182.475745478676
2012-01-29 19:00:00,179.167735017949
2012-01-29 20:00:00,162.331815120935
2012-01-29 21:00:00,199.370757750431
2012-01-29 22:00:00,251.662758903765
2012-01-29 23:00:00,236.308391123168
2012-01-30 00:00:00,30.1824182572371
2012-01-30 01:00:00,14.3304289425045
2012-01-30 02:00:00,18.1288112877231
2012-01-30 03:00:00,19.9593600622785
2012-01-30 04:00:00,19.8849631555219
2012-01-30 05:00:00,21.9743540482753
2012-01-30 06:00:00,27.8543440347425
2012-01-30 07:00:00,31.0409583044051
2012-01-30 08:00:00,30.9338932265338
2012-01-30 09:00:00,34.1842384386133
2012-01-30 10:00:00,43.7922835443852
2012-01-30 11:00:00,53.0436469218281
2012-01-30 12:00:00,62.7989045324888
2012-01-30 13:00:00,82.5770512846345
2012-01-30 14:00:00,112.987541452118
2012-01-30 15:00:00,121.729972400717
2012-01-30 16:00:00,138.2525727107
2012-01-30 17:00:00,169.128847154502
2012-01-30 18:00:00,172.455171183937
2012-01-30 19:00:00,129.722479520633
2012-01-30 20:00:00,152.699601548028
2012-01-30 21:00:00,161.413829027227
2012-01-30 22:00:00,152.509034228902
2012-01-30 23:00:00,134.143059693942
2012-01-31 00:00:00,16.0918893994023
2012-01-31 01:00:00,20.8815877488619
2012-01-31 02:00:00,23.5765995182901
2012-01-31 03:00:00,24.9220637454756
2012-01-31 04:00:00,25.7398779599163
2012-01-31 05:00:00,28.4444676626686
2012-01-31 06:00:00,28.5776719378983
2012-01-31 07:00:00,27.1210798537056
2012-01-31 08:00:00,30.4848469148612
2012-01-31 09:00:00,40.5765040853906
2012-01-31 10:00:00,52.9374742751225
2012-01-31 11:00:00,89.0094629987196
2012-01-31 12:00:00,90.3794824612901
2012-01-31 13:00:00,123.14639821549
2012-01-31 14:00:00,169.171900516516
2012-01-31 15:00:00,220.017569384153
2012-01-31 16:00:00,243.135676373924
2012-01-31 17:00:00,266.433701396468
2012-01-31 18:00:00,298.229069087467
2012-01-31 19:00:00,275.305368765348
2012-01-31 20:00:00,152.429901438522
2012-01-31 21:00:00,292.381338792705
2012-01-31 22:00:00,300.724017842579
2012-01-31 23:00:00,313.906832799362
2012-02-20 00:00:00,10.5236816496474
2012-02-20 01:00:00,11.6294460619341
2012-02-20 02:00:00,12.8513974681063
2012-02-20 03:00:00,14.6864598374903
2012-02-20 05:00:00,24.5659324895731
2012-02-20 06:00:00,25.5058891261867
2012-02-20 07:00:00,30.712196402774
2012-02-20 08:00:00,26.4662240327652
2012-02-20 09:00:00,29.2471337597352
2012-02-20 10:00:00,36.6917260646848
2012-02-20 11:00:00,47.7281503439823
2012-02-20 12:00:00,60.2724678727414
2012-02-20 13:00:00,73.8794153814418
2012-02-20 14:00:00,94.6891929001385
2012-02-20 15:00:00,108.693004512911
2012-02-20 16:00:00,148.135597606605
2012-02-20 17:00:00,183.417716837963
2012-02-20 18:00:00,146.68157835687
2012-02-20 19:00:00,162.093985790396
2012-02-20 20:00:00,185.276884113409
2012-02-20 21:00:00,173.251663105739
2012-02-20 22:00:00,178.985594877952
2012-02-20 23:00:00,219.866919673139
2012-02-21 00:00:00,13.4522599347719
2012-02-21 01:00:00,16.984471981674
2012-02-21 02:00:00,16.9594405101076
2012-02-21 04:00:00,18.7085890198064
2012-02-21 05:00:00,18.4064912492457
2012-02-21 06:00:00,18.6116704447718
2012-02-21 07:00:00,25.247304355537
2012-02-21 08:00:00,23.4064922057959
2012-02-21 09:00:00,23.7667612018341
2012-02-21 10:00:00,29.0026023660932
2012-02-21 11:00:00,40.0477623149594
2012-02-21 12:00:00,61.0226758442366
2012-02-21 13:00:00,70.2717864704482
2012-02-21 14:00:00,81.2825920109437
2012-02-21 15:00:00,85.8150872281364
2012-02-21 16:00:00,107.892805577516
2012-02-21 17:00:00,155.635868609754
2012-02-21 18:00:00,171.989138360153
2012-02-21 19:00:00,140.795072198248
2012-02-21 20:00:00,132.796996540924
2012-02-21 21:00:00,132.595662697514
2012-02-21 22:00:00,148.853842691499
2012-02-21 23:00:00,140.5092685823
2012-02-22 00:00:00,14.1157661212916
2012-02-22 01:00:00,15.6022218623142
2012-02-22 02:00:00,18.2899183274279
2012-02-22 03:00:00,21.5606489838899
2012-02-22 04:00:00,20.9209687715971
2012-02-22 05:00:00,23.0734804302411
2012-02-22 06:00:00,22.7458982499092
2012-02-22 07:00:00,25.6743499861361
2012-02-22 08:00:00,27.6061861885437
2012-02-22 09:00:00,34.2656593150472
2012-02-22 10:00:00,38.9274606796889
2012-02-22 11:00:00,47.3046372458984
2012-02-22 12:00:00,67.934453194904
2012-02-22 13:00:00,88.5218698183308
2012-02-22 14:00:00,102.926668531949
2012-02-22 15:00:00,186.118145015466
2012-02-22 16:00:00,223.843439533782
2012-02-22 17:00:00,231.70658500948
2012-02-22 18:00:00,236.549171494575
2012-02-22 19:00:00,236.656770168056
2012-02-22 20:00:00,233.866241778122
2012-02-22 21:00:00,354.863396881497
2012-02-22 22:00:00,290.428810798804
2012-02-22 23:00:00,368.954431979423
2012-02-23 00:00:00,32.242633336098
2012-02-23 01:00:00,30.5315057379945
2012-02-23 02:00:00,31.2703006016773
2012-02-23 03:00:00,21.7432196264078
2012-02-23 04:00:00,24.4150155600947
2012-02-23 05:00:00,26.9803967860352
2012-02-23 06:00:00,21.2112515264973
2012-02-23 07:00:00,25.8336315211587
2012-02-23 08:00:00,24.826402699566
2012-02-23 09:00:00,30.4909959562911
2012-02-23 10:00:00,52.5452484020348
2012-02-23 11:00:00,89.5797312477906
2012-02-23 12:00:00,111.902831011265
2012-02-23 13:00:00,132.637564140821
2012-02-23 14:00:00,160.192255626648
2012-02-23 15:00:00,181.623407372999
2012-02-23 16:00:00,204.601199227733
2012-02-23 17:00:00,227.004688979118
2012-02-23 18:00:00,231.008421210213
2012-02-23 19:00:00,224.818408375439
2012-02-23 20:00:00,214.676577360674
2012-02-23 21:00:00,210.279050328089
2012-02-23 22:00:00,224.149353703036
2012-02-23 23:00:00,230.648943374674
2012-02-24 00:00:00,26.1618862996286
2012-02-24 01:00:00,24.0211692991439
2012-02-24 02:00:00,16.6779538764714
2012-02-24 03:00:00,20.5618506673295
2012-02-24 04:00:00,20.2298272721591
2012-02-24 05:00:00,26.5563714531016
2012-02-24 06:00:00,29.1019046603568
2012-02-24 07:00:00,38.488121340078
2012-02-24 08:00:00,41.9800137176701
2012-02-24 09:00:00,24.336949998684
2012-02-24 10:00:00,27.3630481573126
2012-02-24 11:00:00,45.3922124680019
2012-02-24 12:00:00,61.8504670326531
2012-02-24 13:00:00,76.1302078077745
2012-02-24 14:00:00,97.1438587003212
2012-02-24 15:00:00,49.2811480184598
2012-02-24 16:00:00,54.4593110881565
2012-02-24 17:00:00,55.1877522035249
2012-02-24 18:00:00,86.6713441129445
2012-02-24 19:00:00,112.470514212993
2012-02-24 20:00:00,170.752887296254
2012-02-24 21:00:00,300.82127203285
2012-02-24 22:00:00,290.528209508313
2012-02-24 23:00:00,316.886815876589
2012-02-25 00:00:00,24.6587581828121
2012-02-25 01:00:00,25.1995129567241
2012-02-25 02:00:00,25.8663586400965
2012-02-25 03:00:00,26.5979266212993
2012-02-25 04:00:00,30.9869234656237
2012-02-25 05:00:00,39.6656572797077
2012-02-25 06:00:00,43.8334831100656
2012-02-25 07:00:00,38.0096561910445
2012-02-25 08:00:00,36.9362702125312
2012-02-25 09:00:00,20.2415760858058
2012-02-25 10:00:00,38.4035378978199
2012-02-25 11:00:00,67.6874833191806
2012-02-25 12:00:00,91.6175584071985
2012-02-25 13:00:00,97.9257720977543
2012-02-25 14:00:00,108.642982443515
2012-02-25 15:00:00,120.622915704031
2012-02-25 16:00:00,139.869712471402
2012-02-25 17:00:00,130.848825822777
2012-02-25 18:00:00,158.976698554237
2012-02-25 19:00:00,138.354983621961
2012-02-25 20:00:00,164.597071155543
2012-02-25 21:00:00,158.613246713133
2012-02-25 22:00:00,166.927065605935
2012-02-25 23:00:00,174.244634162477
2012-02-26 00:00:00,17.9549109718025
2012-02-26 01:00:00,18.8212058284528
2012-02-26 02:00:00,20.7988235761471
2012-02-26 03:00:00,24.1403295470401
2012-02-26 04:00:00,26.6768484386854
2012-02-26 05:00:00,27.2554315933511
2012-02-26 06:00:00,29.7365246476514
2012-02-26 07:00:00,28.1571729539929
2012-02-26 08:00:00,32.0586585060683
2012-02-26 09:00:00,38.8803244452399
2012-02-26 10:00:00,52.4315691472354
2012-02-26 11:00:00,59.9188120479015
2012-02-26 12:00:00,74.2414650323913
2012-02-26 13:00:00,89.8828915361328
2012-02-26 14:00:00,111.59660920182
2012-02-26 15:00:00,127.028543879443
2012-02-26 16:00:00,138.212191196832
2012-02-26 17:00:00,158.028050810134
2012-02-26 18:00:00,153.797051051068
2012-02-26 19:00:00,176.576614169297
2012-02-26 20:00:00,166.178436333685
2012-02-26 21:00:00,166.951949199248
2012-02-26 22:00:00,189.625966673805
2012-02-26 23:00:00,153.899656643693
2012-02-27 00:00:00,13.1347570159534
2012-02-27 01:00:00,13.9464087421485
2012-02-27 02:00:00,13.4296916522515
2012-02-27 03:00:00,13.8428468932554
2012-02-27 04:00:00,13.5053091863758
2012-02-27 05:00:00,14.9243648716763
2012-02-27 06:00:00,19.7770343027984
2012-02-27 07:00:00,25.1309447432791
2012-02-27 08:00:00,27.2004012010356
2012-02-27 09:00:00,33.1199468558516
2012-02-27 10:00:00,52.75647952516
2012-02-27 11:00:00,65.3544476069328
2012-02-27 12:00:00,98.7749530216674
2012-02-27 13:00:00,99.4584880877986
2012-02-27 14:00:00,138.389311017781
2012-02-27 15:00:00,212.227104673008
2012-02-27 16:00:00,243.135676373924
2012-02-27 17:00:00,276.757252355831
2012-02-27 18:00:00,278.045477832361
2012-02-27 19:00:00,283.513908379543
2012-02-27 20:00:00,280.726222463594
2012-02-27 21:00:00,278.510668397718
2012-02-27 22:00:00,259.915668261976
2012-02-27 23:00:00,245.631182788303
2012-02-28 00:00:00,23.0629116094794
2012-02-28 01:00:00,20.9783498476935
2012-02-28 02:00:00,26.7759120095899
2012-02-28 03:00:00,44.0110652544894
2012-02-28 04:00:00,29.8993781907933
2012-02-28 05:00:00,33.0410228597947
2012-02-28 06:00:00,33.1957526144549
2012-02-28 07:00:00,34.8745907520801
2012-02-28 08:00:00,35.184993886652
2012-02-28 09:00:00,43.3093115201765
2012-02-28 10:00:00,51.3198596201697
2012-02-28 11:00:00,69.497272197545
2012-02-28 12:00:00,83.2507371218316
2012-02-28 13:00:00,98.019758602926
2012-02-28 14:00:00,130.498979584528
2012-02-28 15:00:00,154.295045500506
2012-02-28 16:00:00,165.532896289508
2012-02-28 17:00:00,188.423312591654
2012-02-28 18:00:00,206.431418952761
2012-02-28 19:00:00,224.376270049495
2012-02-28 20:00:00,232.666968509815
2012-02-28 21:00:00,169.87028617234
2012-02-28 22:00:00,187.71922187828
2012-02-28 23:00:00,170.32893596187
2012-02-29 00:00:00,18.0076865487742
2012-02-29 01:00:00,21.1138405369963
2012-02-29 02:00:00,19.1632078084944
2012-02-29 03:00:00,17.2886909423409
2012-02-29 05:00:00,18.7967779762903
2012-02-29 06:00:00,25.3095447664135
2012-02-29 07:00:00,23.8126446163232
2012-02-29 08:00:00,29.755855656354
2012-02-29 09:00:00,21.8066511178633
2012-02-29 10:00:00,24.0979612847852
2012-02-29 11:00:00,23.5569699134857
2012-02-29 12:00:00,25.8022861429846
2012-02-29 13:00:00,45.7971413081576
2012-02-29 14:00:00,50.6092261591589
2012-02-29 15:00:00,79.6470789693412
2012-02-29 16:00:00,59.1385246905292
2012-02-29 17:00:00,87.3425786535336
2012-02-29 18:00:00,62.9748228746593
2012-02-29 19:00:00,104.886394661005
2012-02-29 20:00:00,82.7719476061964
2012-02-29 21:00:00,91.4691200450514
2012-02-29 22:00:00,94.8455589723636
2012-02-29 23:00:00,104.811353004018
2012-03-20 00:00:00,25.0799216796339
2012-03-20 01:00:00,19.1281326067561
2012-03-20 02:00:00,21.6772539346196
2012-03-20 03:00:00,27.2866961378042
2012-03-20 04:00:00,30.0127275415246
2012-03-20 05:00:00,29.2227763745423
2012-03-20 06:00:00,33.8190961144475
2012-03-20 07:00:00,25.9681876971091
2012-03-20 08:00:00,44.3845810999646
2012-03-20 09:00:00,52.0412968571142
2012-03-20 10:00:00,49.6457822917607
2012-03-20 11:00:00,63.2238129903399
2012-03-20 12:00:00,84.673503271657
2012-03-20 13:00:00,92.013033616203
2012-03-20 14:00:00,132.299775807631
2012-03-20 15:00:00,159.152721321326
2012-03-20 16:00:00,162.771052618499
2012-03-20 17:00:00,154.126036407706
2012-03-20 18:00:00,183.770091186266
2012-03-20 19:00:00,163.044543488324
2012-03-20 20:00:00,191.596295973673
2012-03-20 21:00:00,183.761883922825
2012-03-20 22:00:00,183.491058290014
2012-03-20 23:00:00,177.825524603417
2012-03-21 00:00:00,19.0907159446684
2012-03-21 01:00:00,23.297074671593
2012-03-21 02:00:00,23.2042776658127
2012-03-21 03:00:00,30.4610320544998
2012-03-21 04:00:00,33.101405494263
2012-03-21 05:00:00,36.5794997022397
2012-03-21 06:00:00,36.3645822338602
2012-03-21 07:00:00,27.2281342903339
2012-03-21 08:00:00,29.3414151832377
2012-03-21 09:00:00,55.011555751363
2012-03-21 10:00:00,68.3011303246854
2012-03-21 11:00:00,75.4777973644498
2012-03-21 12:00:00,90.8183242456753
2012-03-21 13:00:00,91.8306861594934
2012-03-21 14:00:00,113.983111796661
2012-03-21 15:00:00,125.959763392795
2012-03-21 16:00:00,133.878264240917
2012-03-21 17:00:00,182.735379960822
2012-03-21 18:00:00,196.912643810298
2012-03-21 19:00:00,244.48238127009
2012-03-21 20:00:00,182.235552623631
2012-03-21 21:00:00,180.045555884474
2012-03-21 22:00:00,193.922448923166
2012-03-21 23:00:00,233.336324850342
2012-03-22 00:00:00,21.0819153299493
2012-03-22 01:00:00,23.297074671593
2012-03-22 02:00:00,25.7449894736431
2012-03-22 03:00:00,28.4501162631452
2012-03-22 04:00:00,26.2373900043879
2012-03-22 05:00:00,28.9942552445211
2012-03-22 06:00:00,32.040795103623
2012-03-22 07:00:00,35.4074468274659
2012-03-22 08:00:00,44.6043061952964
2012-03-22 09:00:00,49.2910551931772
2012-03-22 10:00:00,49.840508041861
2012-03-22 11:00:00,61.2414629961945
2012-03-22 12:00:00,81.4961063876524
2012-03-22 13:00:00,94.4776259759243
2012-03-22 14:00:00,128.159261454908
2012-03-22 15:00:00,160.77651733274
2012-03-22 16:00:00,188.508931442289
2012-03-22 17:00:00,215.475788605211
2012-03-22 18:00:00,238.116672915604
2012-03-22 19:00:00,266.593726917911
2012-03-22 20:00:00,245.451943887515
2012-03-22 21:00:00,214.569711484906
2012-03-22 22:00:00,212.821625156326
2012-03-22 23:00:00,228.380807455334
2012-03-23 00:00:00,22.3727165708296
2012-03-23 01:00:00,22.0114521382057
2012-03-23 02:00:00,24.9448206617451
2012-03-23 03:00:00,26.5311383766671
2012-03-23 04:00:00,30.0352191282573
2012-03-23 05:00:00,32.2301586586407
2012-03-23 06:00:00,38.9251909775497
2012-03-23 07:00:00,41.4832649603737
2012-03-23 08:00:00,45.168405570482
2012-03-23 09:00:00,54.5658915203178
2012-03-23 10:00:00,67.8797009628993
2012-03-23 11:00:00,110.935805787035
2012-03-23 12:00:00,164.795392501491
2012-03-23 13:00:00,225.595364805314
2012-03-23 14:00:00,280.580942068916
2012-03-23 15:00:00,312.671389710202
2012-03-23 16:00:00,348.441864538941
2012-03-23 17:00:00,385.054014771642
2012-03-23 18:00:00,334.052631172107
2012-03-23 19:00:00,331.331124797619
2012-03-23 20:00:00,376.402540898168
2012-03-23 21:00:00,377.422896907048
2012-03-23 22:00:00,357.313770992245
2012-03-23 23:00:00,348.503854848807
2012-03-24 00:00:00,31.7823810449099
2012-03-24 01:00:00,32.0579306114764
2012-03-24 02:00:00,32.1450628639809
2012-03-24 03:00:00,35.522670409426
2012-03-24 04:00:00,34.281946707864
2012-03-24 05:00:00,45.1919789478588
2012-03-24 06:00:00,49.9404770215372
2012-03-24 07:00:00,48.7091463244268
2012-03-24 08:00:00,50.0857716965405
2012-03-24 09:00:00,66.8306690450093
2012-03-24 10:00:00,69.7443702471379
2012-03-24 11:00:00,67.5909188322951
2012-03-24 12:00:00,53.6987900262079
2012-03-24 13:00:00,59.8403982089661
2012-03-24 14:00:00,74.4256218107159
2012-03-24 15:00:00,73.3484888864502
2012-03-24 16:00:00,78.3796799284617
2012-03-24 17:00:00,92.6964205211958
2012-03-24 18:00:00,86.1248124224685
2012-03-24 19:00:00,92.8066831689091
2012-03-24 20:00:00,91.4890745959954
2012-03-24 21:00:00,101.102189679602
2012-03-24 22:00:00,113.616496908549
2012-03-24 23:00:00,202.517122954575
2012-03-25 00:00:00,20.3451656394412
2012-03-25 01:00:00,19.551926903519
2012-03-25 02:00:00,14.9502992769105
2012-03-25 03:00:00,18.0558606828095
2012-03-25 04:00:00,29.4483907881251
2012-03-25 05:00:00,27.9538097021195
2012-03-25 06:00:00,30.8910258766011
2012-03-25 07:00:00,38.0997108936391
2012-03-25 08:00:00,42.1029966093385
2012-03-25 09:00:00,45.5599557591365
2012-03-25 10:00:00,57.0298382167515
2012-03-25 11:00:00,55.6372873660259
2012-03-25 12:00:00,60.9703413490192
2012-03-25 13:00:00,75.5285760856931
2012-03-25 14:00:00,87.0838811072119
2012-03-25 15:00:00,97.043790381394
2012-03-25 16:00:00,111.339430469662
2012-03-25 17:00:00,141.723555644471
2012-03-25 18:00:00,156.615004229829
2012-03-25 19:00:00,181.243181738266
2012-03-25 20:00:00,176.828801598049
2012-03-25 21:00:00,192.156387028816
2012-03-25 22:00:00,187.418585708008
2012-03-25 23:00:00,216.092222055932
2012-03-26 00:00:00,23.4528215147948
2012-03-26 01:00:00,22.7519619358782
2012-03-26 02:00:00,21.8654992340592
2012-03-26 03:00:00,26.1864633452648
2012-03-26 04:00:00,27.5115879812668
2012-03-26 05:00:00,32.7381753448672
2012-03-26 06:00:00,32.4714594307385
2012-03-26 07:00:00,43.4133457421571
2012-03-26 08:00:00,56.0996835582283
2012-03-26 09:00:00,82.1102864154038
2012-03-26 10:00:00,126.389184415603
2012-03-26 11:00:00,144.189904703767
2012-03-26 12:00:00,152.116975436569
2012-03-26 13:00:00,186.782502953258
2012-03-26 14:00:00,181.907877023096
2012-03-26 15:00:00,223.35609303933
2012-03-26 16:00:00,264.093661095764
2012-03-26 17:00:00,268.816428381463
2012-03-26 18:00:00,276.486716760947
2012-03-26 19:00:00,294.136605241579
2012-03-26 20:00:00,316.823024036224
2012-03-26 21:00:00,337.715931392053
2012-03-26 22:00:00,303.421603040165
2012-03-26 23:00:00,309.331488393552
2012-03-27 00:00:00,30.6192194441697
2012-03-27 01:00:00,31.8904600194053
2012-03-27 02:00:00,27.9397193972055
2012-03-27 03:00:00,31.1361008453004
2012-03-27 04:00:00,32.2849452354886
2012-03-27 05:00:00,32.4440503056851
2012-03-27 06:00:00,36.4771736660563
2012-03-27 07:00:00,40.3099730459273
2012-03-27 08:00:00,43.9671556445865
2012-03-27 09:00:00,48.5026720217681
2012-03-27 10:00:00,61.4957865881314
2012-03-27 11:00:00,80.4874295661362
2012-03-27 12:00:00,92.8014019357395
2012-03-27 13:00:00,113.074240075882
2012-03-27 14:00:00,160.671878913599
2012-03-27 15:00:00,189.218989601871
2012-03-27 16:00:00,209.100969292659
2012-03-27 17:00:00,255.799983913205
2012-03-27 18:00:00,273.758463693911
2012-03-27 19:00:00,294.99762368388
2012-03-27 20:00:00,334.310647577076
2012-03-27 21:00:00,227.116411681262
2012-03-27 22:00:00,248.879420390206
2012-03-27 23:00:00,279.685415192054
2012-03-28 00:00:00,26.4171536438312
2012-03-28 01:00:00,26.8237622606957
2012-03-28 02:00:00,26.0539458994349
2012-03-28 03:00:00,32.2049160008655
2012-03-28 04:00:00,37.8427041822632
2012-03-28 05:00:00,41.8189851970775
2012-03-28 06:00:00,44.9537402651045
2012-03-28 07:00:00,49.2627340158972
2012-03-28 08:00:00,65.0199343242293
2012-03-28 09:00:00,80.3714605607517
2012-03-28 10:00:00,102.982685273939
2012-03-28 11:00:00,121.014222321928
2012-03-28 12:00:00,176.291512967822
2012-03-28 13:00:00,162.586408404057
2012-03-28 14:00:00,251.4830727062
2012-03-28 15:00:00,305.363985298669
2012-03-28 16:00:00,211.077428254592
2012-03-28 17:00:00,226.215105466074
2012-03-28 18:00:00,249.984411824221
2012-03-28 19:00:00,303.169322449154
2012-03-28 20:00:00,345.013642574228
2012-03-28 21:00:00,287.228490867769
2012-03-28 22:00:00,277.259663064943
2012-03-28 23:00:00,276.851041744244
2012-03-29 00:00:00,28.2836301239936
2012-03-29 01:00:00,36.089994324707
2012-03-29 02:00:00,82.8904371904921
2012-03-29 03:00:00,76.3708341798885
2012-03-29 04:00:00,66.0235258454213
2012-03-29 05:00:00,60.694699768754
2012-03-29 06:00:00,50.5148147576436
2012-03-29 07:00:00,64.7151192106386
2012-03-29 08:00:00,77.1621955359294
2012-03-29 09:00:00,87.6600185937273
2012-03-29 10:00:00,95.0250459667642
2012-03-29 11:00:00,116.731098191654
2012-03-29 12:00:00,137.713088768468
2012-03-29 13:00:00,129.634783788196
2012-03-29 14:00:00,161.942014255253
2012-03-29 15:00:00,195.197614854182
2012-03-29 16:00:00,223.622591697027
2012-03-29 17:00:00,243.970611995172
2012-03-29 18:00:00,248.269762709919
2012-03-29 19:00:00,261.92802234257
2012-03-29 20:00:00,282.739808541772
2012-03-29 21:00:00,272.9405815766
2012-03-29 22:00:00,289.084154466568
2012-03-29 23:00:00,306.864357266731
2012-03-30 00:00:00,29.5550746228731
2012-03-30 01:00:00,29.8181311235405
2012-03-30 02:00:00,26.7241893092152
2012-03-30 03:00:00,25.0501710937484
2012-03-30 04:00:00,32.1081423072663
2012-03-30 05:00:00,30.2089324708689
2012-03-30 06:00:00,35.867628673615
2012-03-30 07:00:00,38.3204836596697
2012-03-30 08:00:00,37.0643882311631
2012-03-30 09:00:00,48.8121013019632
2012-03-30 10:00:00,67.4332469911503
2012-03-30 11:00:00,80.1048571927518
2012-03-30 12:00:00,90.9776152504568
2012-03-30 13:00:00,76.0462543958751
2012-03-30 14:00:00,79.2047389952034
2012-03-30 15:00:00,91.296969594083
2012-03-30 16:00:00,93.0520728632913
2012-03-30 17:00:00,147.988872145861
2012-03-30 18:00:00,163.013527723745
2012-03-30 19:00:00,154.709145436574
2012-03-30 20:00:00,168.119390951839
2012-03-30 21:00:00,166.419854063035
2012-03-30 22:00:00,151.717943954495
2012-03-30 23:00:00,174.232072036523
2012-03-31 00:00:00,17.8646671795329
2012-03-31 01:00:00,26.2962680056849
2012-03-31 02:00:00,30.3710160737796
2012-03-31 03:00:00,25.5795893816847
2012-03-31 04:00:00,33.2502904205854
2012-03-31 05:00:00,30.976872950228
2012-03-31 06:00:00,30.8311409581443
2012-03-31 07:00:00,34.0706895872931
2012-03-31 08:00:00,37.9674035702228
2012-03-31 09:00:00,58.4823388292458
2012-03-31 10:00:00,63.5516094259774
2012-03-31 11:00:00,72.4107473324119
2012-03-31 12:00:00,86.5722405049634
2012-03-31 13:00:00,125.129287465437
2012-03-31 14:00:00,146.779783425992
2012-03-31 15:00:00,181.076281552092
2012-03-31 16:00:00,181.517741189544
2012-03-31 17:00:00,160.458169971202
2012-03-31 18:00:00,178.987443778798
2012-03-31 19:00:00,164.01863244177
2012-03-31 20:00:00,196.285111891777
2012-03-31 21:00:00,216.909556702773
2012-03-31 22:00:00,224.964412228767
2012-03-31 23:00:00,196.566941786487
2012-04-20 00:00:00,24.6520091114942
2012-04-20 01:00:00,21.4434270249314
2012-04-20 02:00:00,20.7871366597923
2012-04-20 03:00:00,22.4005067957298
2012-04-20 04:00:00,21.7088609627898
2012-04-20 05:00:00,23.2953197425093
2012-04-20 06:00:00,28.1343563791969
2012-04-20 07:00:00,28.4479731641867
2012-04-20 08:00:00,32.8002994516993
2012-04-20 09:00:00,42.3740865954962
2012-04-20 10:00:00,61.7607614121079
2012-04-20 11:00:00,84.1784834452489
2012-04-20 12:00:00,127.474273843802
2012-04-20 13:00:00,201.799809534158
2012-04-20 14:00:00,221.58147047558
2012-04-20 15:00:00,232.26588089275
2012-04-20 16:00:00,268.32753177362
2012-04-20 17:00:00,290.876366235382
2012-04-20 18:00:00,307.476035114679
2012-04-20 19:00:00,316.937584724833
2012-04-20 20:00:00,268.921808481822
2012-04-20 21:00:00,236.470721484502
2012-04-20 22:00:00,259.079975538481
2012-04-20 23:00:00,250.088097137071
2012-04-21 00:00:00,26.0900845030063
2012-04-21 01:00:00,28.8314717776723
2012-04-21 02:00:00,31.0683203980566
2012-04-21 03:00:00,31.3376791414288
2012-04-21 04:00:00,34.9218147718539
2012-04-21 05:00:00,38.5911865062678
2012-04-21 06:00:00,42.2903043218385
2012-04-21 07:00:00,47.5249472387359
2012-04-21 08:00:00,55.1476183256023
2012-04-21 09:00:00,65.787453178975
2012-04-21 10:00:00,117.474589056192
2012-04-21 11:00:00,137.433920131791
2012-04-21 12:00:00,163.214007724305
2012-04-21 13:00:00,188.554649848747
2012-04-21 14:00:00,252.591484027052
2012-04-21 15:00:00,315.536804567731
2012-04-21 16:00:00,326.557777248621
2012-04-21 17:00:00,534.077673164902
2012-04-21 18:00:00,453.030990186311
2012-04-21 19:00:00,173.088780115933
2012-04-21 20:00:00,139.612002605175
2012-04-21 21:00:00,158.217474492216
2012-04-21 22:00:00,204.784462625809
2012-04-21 23:00:00,252.307163160989
2012-04-22 00:00:00,24.7165981812849
2012-04-22 01:00:00,28.3655083191651
2012-04-22 02:00:00,30.7263489197288
2012-04-22 03:00:00,31.7110163721236
2012-04-22 04:00:00,37.7354013538384
2012-04-22 05:00:00,42.4062438691794
2012-04-22 06:00:00,51.9670790114247
2012-04-22 07:00:00,35.5161036854098
2012-04-22 08:00:00,33.646875615353
2012-04-22 09:00:00,37.1822845034909
2012-04-22 10:00:00,40.217334630204
2012-04-22 11:00:00,40.9266567135137
2012-04-22 12:00:00,45.6087798369373
2012-04-22 13:00:00,54.7300586325301
2012-04-22 14:00:00,55.6969107612141
2012-04-22 15:00:00,62.5910072706758
2012-04-22 16:00:00,70.3384467399569
2012-04-22 17:00:00,57.5698648641412
2012-04-22 18:00:00,63.6189558482892
2012-04-22 19:00:00,78.4627771401299
2012-04-22 20:00:00,80.3585701910159
2012-04-22 21:00:00,96.2413843773765
2012-04-22 22:00:00,97.2945773981165
2012-04-22 23:00:00,125.752451101456
2012-04-23 00:00:00,11.9335463126195
2012-04-23 01:00:00,10.9029831684626
2012-04-23 02:00:00,17.48635166185
2012-04-23 03:00:00,20.8543824834393
2012-04-23 04:00:00,15.096407341397
2012-04-23 05:00:00,16.682645936144
2012-04-23 06:00:00,25.968186342388
2012-04-23 07:00:00,20.2021098510223
2012-04-23 08:00:00,34.9503969481085
2012-04-23 09:00:00,39.2765149735277
2012-04-23 10:00:00,50.0185700167871
2012-04-23 11:00:00,53.4376533227105
2012-04-23 12:00:00,41.4688401678537
2012-04-23 13:00:00,49.7635734304646
2012-04-23 14:00:00,61.9078229157182
2012-04-23 15:00:00,102.698099826672
2012-04-23 16:00:00,49.0053174312985
2012-04-23 17:00:00,52.9134877552054
2012-04-23 18:00:00,66.5556915943343
2012-04-23 19:00:00,113.959804587713
2012-04-23 20:00:00,123.837882280407
2012-04-23 21:00:00,123.865885818403
2012-04-23 22:00:00,130.550665932986
2012-04-23 23:00:00,143.064463457944
2012-04-24 00:00:00,17.3656078050532
2012-04-24 01:00:00,17.8210722374353
2012-04-24 02:00:00,16.4363381851501
2012-04-24 03:00:00,17.5554554659134
2012-04-24 04:00:00,21.7051688364535
2012-04-24 05:00:00,23.9858158629464
2012-04-24 06:00:00,26.7298597723283
2012-04-24 07:00:00,33.243701148299
2012-04-24 08:00:00,40.9291263993338
2012-04-24 09:00:00,73.8658174801533
2012-04-24 10:00:00,83.7257791134064
2012-04-24 11:00:00,130.861489822448
2012-04-24 12:00:00,155.416574749116
2012-04-24 13:00:00,179.144107780544
2012-04-24 14:00:00,210.044755864454
2012-04-24 15:00:00,241.101999375825
2012-04-24 16:00:00,250.180489668916
2012-04-24 17:00:00,309.178628818052
2012-04-24 18:00:00,311.527029802309
2012-04-24 19:00:00,369.71273451603
2012-04-24 20:00:00,382.625947453139
2012-04-24 21:00:00,407.540380577684
2012-04-24 22:00:00,327.684873195706
2012-04-24 23:00:00,330.601449694476
2012-04-25 00:00:00,33.7908426843273
2012-04-25 01:00:00,34.234714182751
2012-04-25 02:00:00,24.4216896998624
2012-04-25 03:00:00,21.6514632406976
2012-04-25 04:00:00,26.4869357966303
2012-04-25 05:00:00,29.7712143522579
2012-04-25 06:00:00,32.8993923452126
2012-04-25 07:00:00,33.7622762262978
2012-04-25 08:00:00,35.5316949751841
2012-04-25 09:00:00,62.8078404862278
2012-04-25 10:00:00,115.326289703119
2012-04-25 11:00:00,136.325461667357
2012-04-25 12:00:00,173.920715884598
2012-04-25 13:00:00,203.060755313699
2012-04-25 14:00:00,247.248490152484
2012-04-25 15:00:00,282.202447317126
2012-04-25 16:00:00,365.28739704733
2012-04-25 17:00:00,400.29038403695
2012-04-25 18:00:00,440.501265422172
2012-04-25 19:00:00,474.676927886972
2012-04-25 20:00:00,417.52735782518
2012-04-25 21:00:00,275.359653989448
2012-04-25 22:00:00,285.028076999716
2012-04-25 23:00:00,377.324548394193
2012-04-26 00:00:00,29.6692348316448
2012-04-26 01:00:00,41.983678868725
2012-04-26 02:00:00,42.0034210430724
2012-04-26 03:00:00,46.2228443634703
2012-04-26 04:00:00,48.1426515021515
2012-04-26 05:00:00,50.776331050953
2012-04-26 06:00:00,58.0272054834069
2012-04-26 07:00:00,32.6426861613536
2012-04-26 08:00:00,34.4451453788777
2012-04-26 09:00:00,34.5385196451093
2012-04-26 10:00:00,51.1115736024666
2012-04-26 11:00:00,57.4381026029088
2012-04-26 12:00:00,82.7103172392339
2012-04-26 13:00:00,89.6594801560568
2012-04-26 14:00:00,117.123483394345
2012-04-26 15:00:00,117.878260898344
2012-04-26 16:00:00,126.492669653405
2012-04-26 17:00:00,134.17870195571
2012-04-26 18:00:00,174.666367335439
2012-04-26 19:00:00,194.648684559891
2012-04-26 20:00:00,182.598083458211
2012-04-26 21:00:00,178.453991440317
2012-04-26 22:00:00,193.922448923166
2012-04-26 23:00:00,190.737803467129
2012-04-27 00:00:00,31.2803919305496
2012-04-27 01:00:00,35.2298831812742
2012-04-27 02:00:00,37.0115952019574
2012-04-27 03:00:00,45.8398200065658
2012-04-27 04:00:00,47.4601978977494
2012-04-27 05:00:00,54.0107937759516
2012-04-27 06:00:00,56.3933413107703
2012-04-27 07:00:00,54.3035699949942
2012-04-27 08:00:00,57.8131528079835
2012-04-27 09:00:00,83.6458124621103
2012-04-27 10:00:00,103.214053539213
2012-04-27 11:00:00,111.224895740069
2012-04-27 12:00:00,133.169523048403
2012-04-27 13:00:00,155.144191402875
2012-04-27 14:00:00,168.592146862191
2012-04-27 15:00:00,235.054089977794
2012-04-27 16:00:00,242.885234965296
2012-04-27 17:00:00,313.173946396095
2012-04-27 18:00:00,324.086876134129
2012-04-27 19:00:00,336.054320847761
2012-04-27 20:00:00,312.301531689625
2012-04-27 21:00:00,322.561034301338
2012-04-27 22:00:00,313.292797643326
2012-04-27 23:00:00,322.232154957195
2012-04-28 00:00:00,31.5577958752134
2012-04-28 01:00:00,27.5671460116132
2012-04-28 02:00:00,33.9489563584857
2012-04-28 03:00:00,32.0760778584742
2012-04-28 04:00:00,36.3577457235157
2012-04-28 05:00:00,41.6510455260755
2012-04-28 06:00:00,44.773211820551
2012-04-28 07:00:00,49.0649012061267
2012-04-28 08:00:00,72.7570213159581
2012-04-28 09:00:00,94.5479504949133
2012-04-28 10:00:00,104.665643913952
2012-04-28 11:00:00,113.738100347853
2012-04-28 12:00:00,116.747910949439
2012-04-28 13:00:00,147.113517251604
2012-04-28 14:00:00,147.296435897899
2012-04-28 15:00:00,161.017873490751
2012-04-28 16:00:00,224.81947297534
2012-04-28 17:00:00,223.981476500713
2012-04-28 18:00:00,142.860792998805
2012-04-28 19:00:00,97.0279268688815
2012-04-28 20:00:00,184.714633965995
2012-04-28 21:00:00,120.494968408214
2012-04-28 22:00:00,191.633715674241
2012-04-28 23:00:00,220.455368527309
2012-04-29 00:00:00,12.5362190286851
2012-04-29 01:00:00,20.2749170357675
2012-04-29 02:00:00,21.2055065531158
2012-04-29 03:00:00,23.038503426049
2012-04-29 04:00:00,25.0354893597232
2012-04-29 05:00:00,23.7885086877829
2012-04-29 06:00:00,25.0846392440647
2012-04-29 07:00:00,32.3813472124738
2012-04-29 08:00:00,42.698539524943
2012-04-29 09:00:00,53.0135618404976
2012-04-29 10:00:00,64.0253845043809
2012-04-29 11:00:00,95.1533602140401
2012-04-29 12:00:00,125.318958063658
2012-04-29 13:00:00,142.328697033558
2012-04-29 14:00:00,195.667584119402
2012-04-29 15:00:00,224.044312413952
2012-04-29 16:00:00,355.478567819543
2012-04-29 17:00:00,410.576354142185
2012-04-29 18:00:00,458.559224032781
2012-04-29 19:00:00,344.158281875472
2012-04-29 20:00:00,392.626917831008
2012-04-29 21:00:00,318.572583939532
2012-04-29 22:00:00,339.6680730693
2012-04-29 23:00:00,292.495526935065
2012-04-30 00:00:00,21.0356441035208
2012-04-30 01:00:00,20.6036982376519
2012-04-30 02:00:00,25.198312703531
2012-04-30 03:00:00,25.0007071655181
2012-04-30 04:00:00,33.4079309515263
2012-04-30 05:00:00,36.9182329887957
2012-04-30 06:00:00,52.2661286861817
2012-04-30 07:00:00,55.248840692049
2012-04-30 08:00:00,67.7206277185509
2012-04-30 09:00:00,87.4194417653398
2012-04-30 10:00:00,102.928008511219
2012-04-30 11:00:00,111.63028975455
2012-04-30 12:00:00,118.993581448672
2012-04-30 13:00:00,133.19500042785
2012-04-30 14:00:00,146.532211064794
2012-04-30 15:00:00,167.540934666835
2012-04-30 16:00:00,164.265448421995
2012-04-30 17:00:00,180.010941156245
2012-04-30 18:00:00,236.306388317346
2012-04-30 19:00:00,237.943355290848
2012-04-30 20:00:00,266.862613399631
2012-04-30 21:00:00,294.902912478523
2012-04-30 22:00:00,342.885980394413
2012-04-30 23:00:00,385.327993932921
2012-05-20 00:00:00,40.8684882035205
2012-05-20 01:00:00,42.6593816616937
2012-05-20 02:00:00,47.1417698279341
2012-05-20 03:00:00,48.2731588059146
2012-05-20 04:00:00,42.8063235425427
2012-05-20 05:00:00,42.910684334082
2012-05-20 06:00:00,54.6337345306518
2012-05-20 07:00:00,59.4880027927462
2012-05-20 08:00:00,84.7393349326971
2012-05-20 09:00:00,176.587321817263
2012-05-20 10:00:00,191.850102304514
2012-05-20 11:00:00,207.56074761631
2012-05-20 12:00:00,239.315983495241
2012-05-20 13:00:00,257.313962738699
2012-05-20 14:00:00,296.530413153907
2012-05-20 15:00:00,370.067610794976
2012-05-20 16:00:00,343.48877367972
2012-05-20 17:00:00,360.061540786345
2012-05-20 18:00:00,364.07518663976
2012-05-20 19:00:00,326.938881105095
2012-05-20 20:00:00,361.291628722749
2012-05-20 21:00:00,337.179167504502
2012-05-20 22:00:00,330.985840322473
2012-05-20 23:00:00,262.103352705471
2012-05-21 00:00:00,18.8169165241563
2012-05-21 01:00:00,21.1460517805834
2012-05-21 02:00:00,19.8998038733454
2012-05-21 03:00:00,35.6195537639187
2012-05-21 04:00:00,26.895437537692
2012-05-21 05:00:00,29.7214464072266
2012-05-21 06:00:00,32.8443950874444
2012-05-21 07:00:00,36.2954842062415
2012-05-21 08:00:00,39.6071633321925
2012-05-21 09:00:00,43.4036665436844
2012-05-21 10:00:00,50.8911662408115
2012-05-21 11:00:00,89.3958295007857
2012-05-21 12:00:00,101.306366616742
2012-05-21 13:00:00,76.4939132469174
2012-05-21 14:00:00,83.1244337256508
2012-05-21 15:00:00,177.011040966409
2012-05-21 16:00:00,198.921254351395
2012-05-21 17:00:00,243.278860007871
2012-05-21 18:00:00,199.41161730432
2012-05-21 19:00:00,242.859062815219
2012-05-21 20:00:00,260.549200804683
2012-05-21 21:00:00,284.330271905695
2012-05-21 22:00:00,338.583542367784
2012-05-21 23:00:00,331.238231029912
2012-05-22 00:00:00,25.0686658454678
2012-05-22 01:00:00,31.2924280982095
2012-05-22 02:00:00,34.2919310611918
2012-05-22 03:00:00,37.8951184492603
2012-05-22 04:00:00,37.9036876961645
2012-05-22 05:00:00,28.8609254133206
2012-05-22 06:00:00,31.1009335452457
2012-05-22 07:00:00,34.3688303372757
2012-05-22 08:00:00,56.0526196679815
2012-05-22 09:00:00,71.9855121070261
2012-05-22 10:00:00,89.0019943477561
2012-05-22 11:00:00,95.9070871506289
2012-05-22 12:00:00,113.845425443361
2012-05-22 13:00:00,137.255532773268
2012-05-22 14:00:00,156.199944450229
2012-05-22 15:00:00,199.514288170467
2012-05-22 16:00:00,212.26128335885
2012-05-22 17:00:00,274.952658567531
2012-05-22 18:00:00,261.391877081669
2012-05-22 19:00:00,252.204395305491
2012-05-22 20:00:00,253.951492659173
2012-05-22 21:00:00,241.535209043689
2012-05-22 22:00:00,283.831954200365
2012-05-22 23:00:00,314.971992838474
2012-05-23 00:00:00,29.6321103601614
2012-05-23 01:00:00,28.1778765735421
2012-05-23 02:00:00,36.3743562807661
2012-05-23 03:00:00,38.0175431052302
2012-05-23 04:00:00,29.3428006016883
2012-05-23 05:00:00,29.3494359075933
2012-05-23 06:00:00,38.9653772973295
2012-05-23 07:00:00,46.9778526438652
2012-05-23 08:00:00,51.9139994552788
2012-05-23 09:00:00,81.9184856632663
2012-05-23 10:00:00,79.4726838429837
2012-05-23 11:00:00,96.2169263233237
2012-05-23 12:00:00,140.964823955723
2012-05-23 13:00:00,147.728206600496
2012-05-23 14:00:00,165.199524155364
2012-05-23 15:00:00,227.263329860387
2012-05-23 16:00:00,175.978604484425
2012-05-23 17:00:00,152.816995245445
2012-05-23 18:00:00,168.874074940617
2012-05-23 19:00:00,207.435472992983
2012-05-23 20:00:00,224.473729805252
2012-05-23 21:00:00,241.889204003009
2012-05-23 22:00:00,279.934874577881
2012-05-23 23:00:00,251.690368361536
2012-05-24 00:00:00,24.9693999320894
2012-05-24 01:00:00,24.5662054397769
2012-05-24 02:00:00,26.4721394541688
2012-05-24 03:00:00,35.1913383892513
2012-05-24 04:00:00,39.5472798559649
2012-05-24 05:00:00,43.7026673071747
2012-05-24 06:00:00,48.2946775787797
2012-05-24 07:00:00,50.462262429813
2012-05-24 08:00:00,70.9644240730685
2012-05-24 09:00:00,79.0829511547895
2012-05-24 10:00:00,101.787503806236
2012-05-24 11:00:00,117.327457396436
2012-05-24 12:00:00,155.205760840513
2012-05-24 13:00:00,193.082009495155
2012-05-24 14:00:00,223.001104668817
2012-05-24 15:00:00,248.506063133052
2012-05-24 16:00:00,282.805599691555
2012-05-24 17:00:00,306.034579605012
2012-05-24 18:00:00,333.232720774175
2012-05-24 19:00:00,315.534228156993
2012-05-24 20:00:00,331.077152253049
2012-05-24 21:00:00,194.41324321992
2012-05-24 22:00:00,309.192430743635
2012-05-24 23:00:00,344.555215673709
2012-05-25 00:00:00,26.381605968664
2012-05-25 01:00:00,28.7895306345698
2012-05-25 02:00:00,36.2394229797216
2012-05-25 03:00:00,36.7070642826996
2012-05-25 04:00:00,39.3895746414345
2012-05-25 05:00:00,44.6388484141648
2012-05-25 06:00:00,49.5363077868911
2012-05-25 07:00:00,55.6678522825877
2012-05-25 08:00:00,62.1887664043258
2012-05-25 09:00:00,69.3013854491503
2012-05-25 10:00:00,90.7990668549362
2012-05-25 11:00:00,99.4997189482827
2012-05-25 12:00:00,150.044776818043
2012-05-25 13:00:00,177.406220845158
2012-05-25 14:00:00,208.007100026449
2012-05-25 15:00:00,239.767339795713
2012-05-25 16:00:00,309.832648467728
2012-05-25 17:00:00,300.270759844857
2012-05-25 18:00:00,323.566838521662
2012-05-25 19:00:00,334.114880495651
2012-05-25 20:00:00,316.461935490324
2012-05-25 21:00:00,346.786313227458
2012-05-25 22:00:00,305.632922850456
2012-05-25 23:00:00,315.601179680984
2012-05-26 00:00:00,29.0096300695833
2012-05-26 01:00:00,31.7894240403228
2012-05-26 02:00:00,32.1437842691416
2012-05-26 03:00:00,34.2644707804383
2012-05-26 04:00:00,38.1833477983433
2012-05-26 05:00:00,49.0260585297058
2012-05-26 06:00:00,47.4183200152123
2012-05-26 07:00:00,60.7008215710329
2012-05-26 08:00:00,71.8593526985204
2012-05-26 09:00:00,71.8956775492207
2012-05-26 10:00:00,100.684123677087
2012-05-26 11:00:00,129.299834285087
2012-05-26 12:00:00,176.532694174557
2012-05-26 13:00:00,210.530314083891
2012-05-26 14:00:00,234.615566359784
2012-05-26 15:00:00,263.655998495075
2012-05-26 16:00:00,340.018534875933
2012-05-26 17:00:00,439.787604227545
2012-05-26 18:00:00,458.174523449414
2012-05-26 19:00:00,415.011531929398
2012-05-26 20:00:00,512.967614824716
2012-05-26 21:00:00,511.063418876152
2012-05-26 22:00:00,394.631792767206
2012-05-26 23:00:00,436.097299509662
2012-05-27 00:00:00,49.3797532713449
2012-05-27 01:00:00,42.2815972308681
2012-05-27 02:00:00,45.4630261772801
2012-05-27 03:00:00,49.4037779743624
2012-05-27 04:00:00,43.6260754695088
2012-05-27 05:00:00,48.2100379370105
2012-05-27 06:00:00,52.8311606950053
2012-05-27 07:00:00,51.9635534799624
2012-05-27 08:00:00,65.0596097599394
2012-05-27 09:00:00,78.9046612007289
2012-05-27 10:00:00,109.331958326941
2012-05-27 11:00:00,153.108277376389
2012-05-27 12:00:00,178.01795070539
2012-05-27 13:00:00,227.15142301353
2012-05-27 14:00:00,255.267952478345
2012-05-27 15:00:00,310.896234257952
2012-05-27 16:00:00,343.563318193157
2012-05-27 17:00:00,398.571214786376
2012-05-27 18:00:00,385.506570684444
2012-05-27 19:00:00,413.678950836043
2012-05-27 20:00:00,435.467324208419
2012-05-27 21:00:00,283.079089253495
2012-05-27 22:00:00,199.157528362095
2012-05-27 23:00:00,228.552718318706
2012-05-28 00:00:00,27.7772837563476
2012-05-28 01:00:00,41.1288922231897
2012-05-28 02:00:00,32.5115201983123
2012-05-28 03:00:00,44.5844165492004
2012-05-28 04:00:00,43.4972903358842
2012-05-28 05:00:00,48.0677208454329
2012-05-28 06:00:00,60.1668213963125
2012-05-28 07:00:00,60.7171536901665
2012-05-28 08:00:00,81.0135262413331
2012-05-28 09:00:00,109.681620608607
2012-05-28 10:00:00,121.206297692981
2012-05-28 11:00:00,140.577684112945
2012-05-28 12:00:00,179.38028904857
2012-05-28 13:00:00,251.709503323429
2012-05-28 14:00:00,278.157605829338
2012-05-28 15:00:00,342.379748942136
2012-05-28 16:00:00,381.548942525072
2012-05-28 17:00:00,418.110161934943
2012-05-28 18:00:00,423.602395017675
2012-05-28 19:00:00,476.16103485377
2012-05-28 20:00:00,454.677590188801
2012-05-28 21:00:00,452.109566290126
2012-05-28 22:00:00,418.397424954474
2012-05-28 23:00:00,435.775030644795
2012-05-29 00:00:00,36.6906820028131
2012-05-29 01:00:00,40.5459155391298
2012-05-29 02:00:00,38.157676699079
2012-05-29 03:00:00,46.657461799482
2012-05-29 04:00:00,47.2828239296535
2012-05-29 05:00:00,52.251015267481
2012-05-29 06:00:00,57.7412339107415
2012-05-29 07:00:00,63.8083313112185
2012-05-29 08:00:00,87.8686359334802
2012-05-29 09:00:00,109.281481390535
2012-05-29 10:00:00,127.597814178789
2012-05-29 11:00:00,165.571050958392
2012-05-29 12:00:00,232.389896038578
2012-05-29 13:00:00,284.774064449534
2012-05-29 14:00:00,317.344085554422
2012-05-29 15:00:00,363.556219293027
2012-05-29 16:00:00,413.72368420168
2012-05-29 17:00:00,448.711812705853
2012-05-29 18:00:00,464.241559965961
2012-05-29 19:00:00,434.209675266834
2012-05-29 20:00:00,296.395116606615
2012-05-29 21:00:00,159.954401033635
2012-05-29 22:00:00,243.986355416112
2012-05-29 23:00:00,157.588479392461
2012-05-30 00:00:00,19.1064560348534
2012-05-30 01:00:00,21.6520798634852
2012-05-30 02:00:00,19.8265415311504
2012-05-30 03:00:00,25.2922294370103
2012-05-30 04:00:00,40.9053042477645
2012-05-30 05:00:00,57.0446531690893
2012-05-30 06:00:00,59.9313077841051
2012-05-30 07:00:00,46.4057769462317
2012-05-30 08:00:00,83.5963407653906
2012-05-30 09:00:00,103.126524667666
2012-05-30 10:00:00,116.869738859204
2012-05-30 11:00:00,139.375003804687
2012-05-30 12:00:00,159.906506993734
2012-05-30 13:00:00,184.7336258397
2012-05-30 14:00:00,242.215030812537
2012-05-30 15:00:00,244.434271171814
2012-05-30 16:00:00,272.398230241866
2012-05-30 17:00:00,308.159293180037
2012-05-30 18:00:00,347.756636196041
2012-05-30 19:00:00,351.633117915853
2012-05-30 20:00:00,269.776355795936
2012-05-30 21:00:00,371.14653303047
2012-05-30 22:00:00,329.114956791448
2012-05-30 23:00:00,385.884144374341
2012-05-31 00:00:00,35.323457573247
2012-05-31 01:00:00,38.5475306215948
2012-05-31 02:00:00,45.1966115933275
2012-05-31 03:00:00,47.073795457193
2012-05-31 04:00:00,50.7259487442902
2012-05-31 05:00:00,60.2003275063244
2012-05-31 06:00:00,59.5934314134776
2012-05-31 07:00:00,79.8325222478978
2012-05-31 08:00:00,101.214018102583
2012-05-31 09:00:00,129.696113667989
2012-05-31 10:00:00,174.823561639189
2012-05-31 11:00:00,201.560053295195
2012-05-31 12:00:00,217.197802578847
2012-05-31 13:00:00,243.117511528861
2012-05-31 14:00:00,302.447650236968
2012-05-31 15:00:00,334.15059290394
2012-05-31 16:00:00,367.717449345892
2012-05-31 17:00:00,404.748779227221
2012-05-31 18:00:00,438.742663316558
2012-05-31 19:00:00,453.152685837467
2012-05-31 20:00:00,414.025459279611
2012-05-31 21:00:00,457.528734453981
2012-05-31 22:00:00,443.401918238565
2012-05-31 23:00:00,469.634953728282
2012-06-20 00:00:00,36.6906820028131
2012-06-20 01:00:00,37.2561600838587
2012-06-20 02:00:00,35.3576800713356
2012-06-20 03:00:00,38.745764153962
2012-06-20 04:00:00,42.2822009166259
2012-06-20 05:00:00,46.7249572259951
2012-06-20 06:00:00,50.7119095667284
2012-06-20 07:00:00,56.9999920532698
2012-06-20 08:00:00,92.9509799209491
2012-06-20 09:00:00,116.891280535836
2012-06-20 10:00:00,196.488390089894
2012-06-20 11:00:00,240.847071663499
2012-06-20 12:00:00,283.574327878075
2012-06-20 13:00:00,308.846976993839
2012-06-20 14:00:00,393.119139731194
2012-06-20 15:00:00,455.387193602049
2012-06-20 16:00:00,518.241071283353
2012-06-20 17:00:00,539.888992724083
2012-06-20 18:00:00,596.617241887686
2012-06-20 19:00:00,650.602091573124
2012-06-20 20:00:00,663.397740613546
2012-06-20 21:00:00,628.500497484749
2012-06-20 22:00:00,677.106967532299
2012-06-20 23:00:00,591.602495456063
2012-06-21 00:00:00,39.629861212177
2012-06-21 01:00:00,38.815606609398
2012-06-21 02:00:00,42.5362359792072
2012-06-21 03:00:00,49.1516588880551
2012-06-21 04:00:00,44.139344715847
2012-06-21 05:00:00,48.9820020684507
2012-06-21 06:00:00,62.9657328158478
2012-06-21 07:00:00,69.5817887608368
2012-06-21 08:00:00,85.9434537487322
2012-06-21 09:00:00,148.331185106125
2012-06-21 10:00:00,190.117301540693
2012-06-21 11:00:00,238.499565343741
2012-06-21 12:00:00,318.782466805989
2012-06-21 13:00:00,333.578392507571
2012-06-21 14:00:00,344.374050366338
2012-06-21 15:00:00,458.355684565211
2012-06-21 16:00:00,467.487742828469
2012-06-21 17:00:00,443.767205812458
2012-06-21 18:00:00,488.108517772988
2012-06-21 19:00:00,584.42856354044
2012-06-21 20:00:00,570.178122233566
2012-06-21 21:00:00,536.45185156111
2012-06-21 22:00:00,521.187646484139
2012-06-21 23:00:00,573.534365890522
2012-06-22 00:00:00,50.5925561842837
2012-06-22 01:00:00,47.145268367372
2012-06-22 02:00:00,43.0837241504391
2012-06-22 03:00:00,47.6106996425124
2012-06-22 04:00:00,77.7338592800297
2012-06-22 05:00:00,80.9455355331846
2012-06-22 06:00:00,87.2255794685031
2012-06-22 07:00:00,93.2372554691205
2012-06-22 08:00:00,111.443204835072
2012-06-22 09:00:00,126.011639316731
2012-06-22 10:00:00,171.999160277657
2012-06-22 11:00:00,188.156099721785
2012-06-22 12:00:00,234.122386942363
2012-06-22 13:00:00,320.910163762671
2012-06-22 14:00:00,354.629450457529
2012-06-22 15:00:00,450.523658454729
2012-06-22 16:00:00,487.521113121167
2012-06-22 17:00:00,451.619399178385
2012-06-22 18:00:00,425.843610890083
2012-06-22 19:00:00,435.754429823678
2012-06-22 20:00:00,481.540852963101
2012-06-22 21:00:00,247.555307812484
2012-06-22 22:00:00,309.75703006706
2012-06-22 23:00:00,342.710375175685
2012-06-23 00:00:00,24.7795119519478
2012-06-23 01:00:00,33.3256720838253
2012-06-23 02:00:00,37.3300843763781
2012-06-23 03:00:00,40.0592505859811
2012-06-23 04:00:00,45.2067178911141
2012-06-23 05:00:00,50.3770755170531
2012-06-23 06:00:00,46.2786918354584
2012-06-23 07:00:00,52.2253346124131
2012-06-23 08:00:00,85.5210574575102
2012-06-23 09:00:00,118.000242052959
2012-06-23 10:00:00,144.637432436068
2012-06-23 11:00:00,178.784295483068
2012-06-23 12:00:00,239.552933452341
2012-06-23 13:00:00,302.453275960883
2012-06-23 14:00:00,303.797678174429
2012-06-23 15:00:00,406.976639060025
2012-06-23 16:00:00,453.516179402522
2012-06-23 17:00:00,494.895984561592
2012-06-23 18:00:00,553.828676479788
2012-06-23 19:00:00,561.388759448277
2012-06-23 20:00:00,560.404868578932
2012-06-23 21:00:00,566.801326898243
2012-06-23 22:00:00,561.08724651091
2012-06-23 23:00:00,542.819645791919
2012-06-24 00:00:00,49.164152789951
2012-06-24 01:00:00,59.6861572488203
2012-06-24 02:00:00,67.2377345424873
2012-06-24 03:00:00,59.3603774848811
2012-06-24 04:00:00,63.9657677163079
2012-06-24 05:00:00,56.7818707552059
2012-06-24 06:00:00,67.1382272475919
2012-06-24 07:00:00,68.7628237503958
2012-06-24 08:00:00,98.5763415807762
2012-06-24 09:00:00,126.068229604885
2012-06-24 10:00:00,171.015437429064
2012-06-24 11:00:00,196.256919938329
2012-06-24 12:00:00,257.393929873335
2012-06-24 13:00:00,289.253840400583
2012-06-24 14:00:00,365.197079526776
2012-06-24 15:00:00,424.602605450037
2012-06-24 16:00:00,440.392351229086
2012-06-24 17:00:00,472.467674942017
2012-06-24 18:00:00,506.87915728354
2012-06-24 19:00:00,512.404343752508
2012-06-24 20:00:00,476.194202410806
2012-06-24 21:00:00,456.742379440588
2012-06-24 22:00:00,467.787349180243
2012-06-24 23:00:00,494.482935359398
2012-06-25 00:00:00,44.7775532522559
2012-06-25 01:00:00,43.129609580047
2012-06-25 02:00:00,44.2608111692319
2012-06-25 03:00:00,47.9915716434284
2012-06-25 04:00:00,42.6522363013255
2012-06-25 05:00:00,50.8670832302314
2012-06-25 06:00:00,48.6811864495696
2012-06-25 07:00:00,63.1697263317545
2012-06-25 08:00:00,74.5412976512
2012-06-25 09:00:00,95.1163735773656
2012-06-25 10:00:00,137.242021025765
2012-06-25 11:00:00,206.457474211378
2012-06-25 12:00:00,225.955875761801
2012-06-25 13:00:00,187.511707807051
2012-06-25 14:00:00,250.688568244976
2012-06-25 15:00:00,303.219806365318
2012-06-25 16:00:00,379.735932019038
2012-06-25 17:00:00,455.567964755171
2012-06-25 18:00:00,459.751146618656
2012-06-25 19:00:00,488.988133255137
2012-06-25 20:00:00,514.732786359167
2012-06-25 21:00:00,505.411507787262
2012-06-25 22:00:00,576.441787474698
2012-06-25 23:00:00,590.390402896846
2012-06-26 00:00:00,59.3114812398701
2012-06-26 01:00:00,64.7083922363095
2012-06-26 02:00:00,47.8530045842559
2012-06-26 03:00:00,49.2184209287704
2012-06-26 04:00:00,54.6183186737109
2012-06-26 05:00:00,56.7474531912464
2012-06-26 06:00:00,57.6340780226331
2012-06-26 07:00:00,64.767954761782
2012-06-26 08:00:00,80.7514581603458
2012-06-26 09:00:00,99.8144682039383
2012-06-26 10:00:00,144.296139353701
2012-06-26 11:00:00,174.615595535608
2012-06-26 12:00:00,200.439914337348
2012-06-26 13:00:00,246.233988168156
2012-06-26 14:00:00,272.106756869869
2012-06-26 15:00:00,323.075120672568
2012-06-26 16:00:00,355.531934369717
2012-06-26 17:00:00,389.59734344256
2012-06-26 18:00:00,423.367784180994
2012-06-26 19:00:00,450.516600476584
2012-06-26 20:00:00,471.214633850703
2012-06-26 21:00:00,478.576913068359
2012-06-26 22:00:00,515.462914507341
2012-06-26 23:00:00,496.596050249907
2012-06-27 00:00:00,50.7331990438376
2012-06-27 01:00:00,53.9741651056278
2012-06-27 02:00:00,41.985792899461
2012-06-27 03:00:00,49.9757542301487
2012-06-27 04:00:00,78.0866081681218
2012-06-27 05:00:00,83.2396514703773
2012-06-27 06:00:00,71.2231504745243
2012-06-27 07:00:00,103.805828033786
2012-06-27 08:00:00,113.756027097437
2012-06-27 09:00:00,130.576007295996
2012-06-27 10:00:00,155.112987790996
2012-06-27 11:00:00,202.526042991279
2012-06-27 12:00:00,235.009812084005
2012-06-27 13:00:00,293.586576414987
2012-06-27 14:00:00,327.807969833681
2012-06-27 15:00:00,377.87371347509
2012-06-27 16:00:00,428.329196384884
2012-06-27 17:00:00,465.456928353595
2012-06-27 18:00:00,483.830039799572
2012-06-27 19:00:00,497.4964774179
2012-06-27 20:00:00,492.717432866158
2012-06-27 21:00:00,483.667169492492
2012-06-27 22:00:00,497.46436516753
2012-06-27 23:00:00,474.09069494635
2012-06-28 00:00:00,43.3010693342769
2012-06-28 01:00:00,43.7937638681501
2012-06-28 02:00:00,52.6577079359361
2012-06-28 03:00:00,58.1906593693443
2012-06-28 04:00:00,52.6048267381028
2012-06-28 05:00:00,64.0662720350738
2012-06-28 06:00:00,70.7979659424661
2012-06-28 07:00:00,70.9903921573726
2012-06-28 08:00:00,97.1108789156856
2012-06-28 09:00:00,111.004632261889
2012-06-28 10:00:00,141.053287005223
2012-06-28 11:00:00,218.185058532945
2012-06-28 12:00:00,277.726966568343
2012-06-28 13:00:00,328.449716837624
2012-06-28 14:00:00,363.693496971524
2012-06-28 15:00:00,401.908195906731
2012-06-28 16:00:00,459.494698702678
2012-06-28 17:00:00,515.348871121683
2012-06-28 18:00:00,526.673121690677
2012-06-28 19:00:00,551.94248854939
2012-06-28 20:00:00,558.222680962683
2012-06-28 21:00:00,415.365430537691
2012-06-28 22:00:00,475.851583266412
2012-06-28 23:00:00,508.371218369612
2012-06-29 00:00:00,51.0717142983224
2012-06-29 01:00:00,54.4420073802431
2012-06-29 02:00:00,54.6962593687142
2012-06-29 03:00:00,60.4434093784409
2012-06-29 04:00:00,57.2347778411801
2012-06-29 05:00:00,65.9902555220595
2012-06-29 06:00:00,86.6276174458838
2012-06-29 07:00:00,80.586531498157
2012-06-29 08:00:00,123.73014438404
2012-06-29 09:00:00,124.192616788246
2012-06-29 10:00:00,264.281852194584
2012-06-29 11:00:00,339.06404047805
2012-06-29 12:00:00,416.514587282024
2012-06-29 13:00:00,399.11247596232
2012-06-29 14:00:00,498.59222635522
2012-06-29 15:00:00,517.36629168398
2012-06-29 16:00:00,571.72799251328
2012-06-29 17:00:00,716.871785315204
2012-06-29 18:00:00,662.118042518701
2012-06-29 19:00:00,636.176749297046
2012-06-29 20:00:00,803.008197275546
2012-06-29 21:00:00,731.299066876156
2012-06-29 22:00:00,476.200875167409
2012-06-29 23:00:00,526.237164594462
2012-06-30 00:00:00,18.9521943189393
2012-06-30 01:00:00,21.2980740978198
2012-06-30 02:00:00,32.3440312176516
2012-06-30 03:00:00,35.7425451466215
2012-06-30 04:00:00,33.7039107619099
2012-06-30 05:00:00,39.1310584936958
2012-06-30 06:00:00,43.2427119376111
2012-06-30 07:00:00,47.7863928986349
2012-06-30 08:00:00,52.8074961986035
2012-06-30 09:00:00,58.3561864709229
2012-06-30 10:00:00,274.507803397749
2012-06-30 11:00:00,303.351412506964
2012-06-30 12:00:00,335.225732496334
2012-06-30 13:00:00,370.449212017841
2012-06-30 14:00:00,409.373760369484
2012-06-30 15:00:00,452.3882633363
2012-06-30 16:00:00,516.225140391891
2012-06-30 17:00:00,518.628020070082
2012-06-30 18:00:00,550.802152487902
2012-06-30 19:00:00,525.714325232007
2012-06-30 20:00:00,524.917288488769
2012-06-30 21:00:00,580.072402100971
2012-06-30 22:00:00,507.960030699947
2012-06-30 23:00:00,549.682660530606
2012-07-20 00:00:00,17.7531096595485
2012-07-20 01:00:00,24.8902463514338
2012-07-20 02:00:00,31.7291382487735
2012-07-20 03:00:00,35.2102353430183
2012-07-20 04:00:00,39.5685158519019
2012-07-20 05:00:00,43.3600954595149
2012-07-20 06:00:00,48.3206107296962
2012-07-20 07:00:00,53.8471087775764
2012-07-20 08:00:00,73.2278397930024
2012-07-20 09:00:00,92.658165938386
2012-07-20 10:00:00,103.258517302315
2012-07-20 11:00:00,92.1406299561537
2012-07-20 12:00:00,74.6174396310487
2012-07-20 13:00:00,81.0853066879646
2012-07-20 14:00:00,97.7107889890239
2012-07-20 15:00:00,164.109367155775
2012-07-20 16:00:00,170.551692058573
2012-07-20 17:00:00,155.745088295171
2012-07-20 18:00:00,206.080619237452
2012-07-20 19:00:00,191.894174349304
2012-07-20 20:00:00,149.214702733794
2012-07-20 21:00:00,162.148687938746
2012-07-20 22:00:00,252.519782601005
2012-07-20 23:00:00,286.171973160804
2012-07-21 00:00:00,21.4198040994912
2012-07-21 01:00:00,34.3524052772658
2012-07-21 02:00:00,22.3203830421995
2012-07-21 03:00:00,24.4591923292011
2012-07-21 04:00:00,27.257391820219
2012-07-21 05:00:00,29.8692808121912
2012-07-21 06:00:00,33.0077630318455
2012-07-21 07:00:00,53.3836921224512
2012-07-21 08:00:00,63.5254015308477
2012-07-21 09:00:00,69.0318066537026
2012-07-21 10:00:00,49.2245098553807
2012-07-21 11:00:00,89.4201240007133
2012-07-21 12:00:00,66.9555773492474
2012-07-21 13:00:00,72.75931137115
2012-07-21 14:00:00,107.435521321813
2012-07-21 15:00:00,81.1218852485228
2012-07-21 16:00:00,88.1535600391372
2012-07-21 17:00:00,96.6034273266793
2012-07-21 18:00:00,157.551918916862
2012-07-21 19:00:00,172.653893302854
2012-07-21 20:00:00,130.366652927304
2012-07-21 21:00:00,210.842923714378
2012-07-21 22:00:00,229.118865735693
2012-07-21 23:00:00,245.862610917388
2012-07-22 00:00:00,25.4361664670254
2012-07-22 01:00:00,28.5846245063988
2012-07-22 02:00:00,31.062350251123
2012-07-22 03:00:00,34.3261929454551
2012-07-22 04:00:00,31.5327284624459
2012-07-22 05:00:00,34.8459956361296
2012-07-22 06:00:00,54.0600945762534
2012-07-22 07:00:00,58.2542699171178
2012-07-22 08:00:00,72.3070167314575
2012-07-22 09:00:00,99.3542074705991
2012-07-22 10:00:00,101.960065452558
2012-07-22 11:00:00,112.673408520632
2012-07-22 12:00:00,148.060583245217
2012-07-22 13:00:00,175.452250620386
2012-07-22 14:00:00,178.728327296816
2012-07-22 15:00:00,197.508012047065
2012-07-22 16:00:00,227.725254866634
2012-07-22 17:00:00,260.24448565705
2012-07-22 18:00:00,282.802573201303
2012-07-22 19:00:00,282.306932943253
2012-07-22 20:00:00,281.890873028491
2012-07-22 21:00:00,284.469265025442
2012-07-22 22:00:00,347.138127439554
2012-07-22 23:00:00,324.607455453003
2012-07-23 00:00:00,22.2423103499065
2012-07-23 01:00:00,25.3115476913449
2012-07-23 02:00:00,29.4652949140925
2012-07-23 03:00:00,32.5613287545527
2012-07-23 04:00:00,36.4377387726832
2012-07-23 05:00:00,40.2663945739906
2012-07-23 06:00:00,53.7288762242905
2012-07-23 07:00:00,60.3195140502607
2012-07-23 08:00:00,77.4652662921889
2012-07-23 09:00:00,113.264568002389
2012-07-23 10:00:00,156.671516539218
2012-07-23 11:00:00,210.244933105227
2012-07-23 12:00:00,232.336190958809
2012-07-23 13:00:00,252.475177274368
2012-07-23 14:00:00,255.795582570791
2012-07-23 15:00:00,270.134733108467
2012-07-23 16:00:00,320.099214119349
2012-07-23 17:00:00,353.733291161768
2012-07-23 18:00:00,406.15492820089
2012-07-23 19:00:00,410.47676651796
2012-07-23 20:00:00,350.515932664339
2012-07-23 21:00:00,390.604946200543
2012-07-23 22:00:00,396.624963364778
2012-07-23 23:00:00,409.651676133573
2012-07-24 00:00:00,34.7546976887911
2012-07-24 01:00:00,33.0490663649172
2012-07-24 02:00:00,31.6288581834499
2012-07-24 03:00:00,34.9522260830951
2012-07-24 04:00:00,37.8231188748233
2012-07-24 05:00:00,41.972804510093
2012-07-24 06:00:00,46.7732947912834
2012-07-24 07:00:00,70.5348361371202
2012-07-24 08:00:00,90.7612868274939
2012-07-24 09:00:00,164.235299449749
2012-07-24 10:00:00,181.010182051002
2012-07-24 11:00:00,256.946837209543
2012-07-24 12:00:00,252.855588018146
2012-07-24 13:00:00,311.153773271277
2012-07-24 14:00:00,336.711204797379
2012-07-24 15:00:00,317.125354896348
2012-07-24 16:00:00,307.419522208419
2012-07-24 17:00:00,343.262978910024
2012-07-24 18:00:00,300.589844774136
2012-07-24 19:00:00,317.187772215804
2012-07-24 20:00:00,316.720305419662
2012-07-24 21:00:00,355.923563234634
2012-07-24 22:00:00,396.63105529044
2012-07-24 23:00:00,482.94748209734
2012-07-25 00:00:00,46.1248174954495
2012-07-25 01:00:00,47.4385217425802
2012-07-25 02:00:00,48.4809334697396
2012-07-25 03:00:00,48.3959657054669
2012-07-25 04:00:00,51.2727509044741
2012-07-25 05:00:00,55.7170917734753
2012-07-25 06:00:00,62.0895360424887
2012-07-25 07:00:00,92.8061187646829
2012-07-25 08:00:00,117.955453523759
2012-07-25 09:00:00,148.265766382746
2012-07-25 10:00:00,150.655393121249
2012-07-25 11:00:00,184.301618817059
2012-07-25 12:00:00,203.666911116791
2012-07-25 13:00:00,253.240906955484
2012-07-25 14:00:00,298.241774708609
2012-07-25 15:00:00,302.836127443807
2012-07-25 16:00:00,367.283980893191
2012-07-25 17:00:00,376.257465377367
2012-07-25 18:00:00,458.134266660431
2012-07-25 19:00:00,425.655354959608
2012-07-25 20:00:00,409.881819812982
2012-07-25 21:00:00,417.110996709309
2012-07-25 22:00:00,380.241492813904
2012-07-25 23:00:00,428.169429617316
2012-07-26 00:00:00,35.5618480033532
2012-07-26 01:00:00,39.6302221198541
2012-07-26 02:00:00,41.62349018276
2012-07-26 03:00:00,45.6132662954035
2012-07-26 04:00:00,46.4177576266344
2012-07-26 05:00:00,51.295053062819
2012-07-26 06:00:00,52.0864142284554
2012-07-26 07:00:00,72.3322235453375
2012-07-26 08:00:00,93.3724747835885
2012-07-26 09:00:00,110.423889492488
2012-07-26 10:00:00,111.77229202569
2012-07-26 11:00:00,176.199390063915
2012-07-26 12:00:00,237.555175805874
2012-07-26 13:00:00,289.886750017895
2012-07-26 14:00:00,392.564175380899
2012-07-26 15:00:00,493.439061768651
2012-07-26 16:00:00,568.812768946238
2012-07-26 17:00:00,547.718841836032
2012-07-26 18:00:00,668.716653410462
2012-07-26 19:00:00,652.247136153971
2012-07-26 20:00:00,577.393770772104
2012-07-26 21:00:00,579.557809124624
2012-07-26 22:00:00,640.454216059774
2012-07-26 23:00:00,382.865197037668
2012-07-27 00:00:00,37.0379580077427
2012-07-27 01:00:00,42.1500457319712
2012-07-27 02:00:00,39.4138341031912
2012-07-27 03:00:00,47.2975183205328
2012-07-27 04:00:00,46.3482138210137
2012-07-27 05:00:00,47.5638328270912
2012-07-27 06:00:00,56.5998989308636
2012-07-27 07:00:00,78.7180207247111
2012-07-27 08:00:00,101.77009380696
2012-07-27 09:00:00,173.405824487401
2012-07-27 10:00:00,182.257662036148
2012-07-27 11:00:00,220.889723047827
2012-07-27 12:00:00,249.334080034064
2012-07-27 13:00:00,266.371638627087
2012-07-27 14:00:00,321.69747606351
2012-07-27 15:00:00,364.748289433425
2012-07-27 16:00:00,353.486194483559
2012-07-27 17:00:00,452.965811292896
2012-07-27 18:00:00,413.029653868387
2012-07-27 19:00:00,439.28674062128
2012-07-27 20:00:00,392.153204859808
2012-07-27 21:00:00,433.358276671602
2012-07-27 22:00:00,482.922088757001
2012-07-27 23:00:00,444.170503183412
2012-07-28 00:00:00,47.2140711138726
2012-07-28 01:00:00,45.7687265774489
2012-07-28 02:00:00,49.3196279567117
2012-07-28 03:00:00,54.5018342641006
2012-07-28 04:00:00,53.3716890690111
2012-07-28 05:00:00,53.7420966802391
2012-07-28 06:00:00,69.5978409815807
2012-07-28 07:00:00,84.4062804669575
2012-07-28 08:00:00,104.128613967509
2012-07-28 09:00:00,142.475856233374
2012-07-28 10:00:00,196.547314278219
2012-07-28 11:00:00,241.931757677769
2012-07-28 12:00:00,270.80729913246
2012-07-28 13:00:00,331.199916939574
2012-07-28 14:00:00,358.306370454512
2012-07-28 15:00:00,442.897463885225
2012-07-28 16:00:00,433.908877472987
2012-07-28 17:00:00,410.978078643546
2012-07-28 18:00:00,466.663342527904
2012-07-28 19:00:00,195.896194959587
2012-07-28 20:00:00,211.83953163529
2012-07-28 21:00:00,242.743429266143
2012-07-28 22:00:00,268.249431284737
2012-07-28 23:00:00,275.285066105499
2012-07-29 00:00:00,24.5599778726717
2012-07-29 01:00:00,30.6897099535728
2012-07-29 02:00:00,40.7569896941598
2012-07-29 03:00:00,49.7371934633687
2012-07-29 04:00:00,52.2525965094915
2012-07-29 05:00:00,48.4393802860158
2012-07-29 06:00:00,59.6394863143168
2012-07-29 07:00:00,74.7971811591478
2012-07-29 08:00:00,94.6465783980606
2012-07-29 09:00:00,119.997556960366
2012-07-29 10:00:00,123.477089106931
2012-07-29 11:00:00,168.17368517194
2012-07-29 12:00:00,191.385511032481
2012-07-29 13:00:00,254.788935897406
2012-07-29 14:00:00,279.830891693071
2012-07-29 15:00:00,317.896662196793
2012-07-29 16:00:00,351.299308489665
2012-07-29 17:00:00,420.622346788979
2012-07-29 18:00:00,443.540196893983
2012-07-29 19:00:00,367.789350673495
2012-07-29 20:00:00,339.606899191768
2012-07-29 21:00:00,341.863976065598
2012-07-29 22:00:00,344.236563872884
2012-07-29 23:00:00,369.392979034081
2012-07-30 00:00:00,34.3206530727946
2012-07-30 01:00:00,36.9833719956636
2012-07-30 02:00:00,37.5533610251698
2012-07-30 03:00:00,33.375335991395
2012-07-30 04:00:00,36.8822131486525
2012-07-30 05:00:00,41.972804510093
2012-07-30 06:00:00,47.1681476828217
2012-07-30 07:00:00,64.1427162296428
2012-07-30 08:00:00,97.4429065712737
2012-07-30 09:00:00,110.942987435443
2012-07-30 10:00:00,138.531287802066
2012-07-30 11:00:00,191.193146652618
2012-07-30 12:00:00,192.088496315363
2012-07-30 13:00:00,229.774037649109
2012-07-30 14:00:00,258.215191193747
2012-07-30 15:00:00,287.747635600296
2012-07-30 16:00:00,320.666763780873
2012-07-30 17:00:00,289.251478594639
2012-07-30 18:00:00,327.054738711748
2012-07-30 19:00:00,435.621641130859
2012-07-30 20:00:00,290.945921606122
2012-07-30 21:00:00,318.825274660678
2012-07-30 22:00:00,375.023772740033
2012-07-30 23:00:00,351.806241631845
2012-07-31 00:00:00,29.6563029893571
2012-07-31 01:00:00,28.3818910688356
2012-07-31 02:00:00,31.3640874276897
2012-07-31 03:00:00,34.2267774333879
2012-07-31 04:00:00,37.8231188748233
2012-07-31 05:00:00,42.6832514269396
2012-07-31 06:00:00,39.6572704971457
2012-07-31 07:00:00,57.6870957495974
2012-07-31 08:00:00,71.7788747432269
2012-07-31 09:00:00,93.7408021409134
2012-07-31 10:00:00,106.727980517502
2012-07-31 11:00:00,144.495597347188
2012-07-31 12:00:00,198.991743481508
2012-07-31 13:00:00,226.84966305542
2012-07-31 14:00:00,250.685644862636
2012-07-31 15:00:00,210.911505062
2012-07-31 16:00:00,253.600409120365
2012-07-31 17:00:00,306.279732021997
2012-07-31 18:00:00,315.643414251682
2012-07-31 19:00:00,245.668683278677
2012-07-31 20:00:00,211.595747201365
2012-07-31 21:00:00,245.824056739896
2012-07-31 22:00:00,297.476524714207
2012-07-31 23:00:00,301.159873514703
2012-08-20 00:00:00,26.2013041470846
2012-08-20 01:00:00,25.2062369549477
2012-08-20 02:00:00,27.8547549090596
2012-08-20 03:00:00,26.9488234565049
2012-08-20 04:00:00,38.9106864145746
2012-08-20 05:00:00,41.9295165282718
2012-08-20 06:00:00,54.0620057985155
2012-08-20 07:00:00,62.31568163972
2012-08-20 08:00:00,73.5355785467977
2012-08-20 09:00:00,87.353898572475
2012-08-20 10:00:00,98.9951648947543
2012-08-20 11:00:00,104.078437423339
2012-08-20 12:00:00,142.549535006726
2012-08-20 13:00:00,154.716831977288
2012-08-20 14:00:00,190.867897295221
2012-08-20 15:00:00,216.297933435322
2012-08-20 16:00:00,239.025203720239
2012-08-20 17:00:00,240.620564982171
2012-08-20 18:00:00,193.410905508658
2012-08-20 19:00:00,210.175833793161
2012-08-20 20:00:00,212.05724617006
2012-08-20 21:00:00,177.535561654439
2012-08-20 22:00:00,229.17772938888
2012-08-20 23:00:00,253.258330235961
2012-08-21 00:00:00,26.0917725814254
2012-08-21 01:00:00,29.1979851499551
2012-08-21 02:00:00,29.9579938813214
2012-08-21 03:00:00,25.081006972501
2012-08-21 04:00:00,27.7163665223062
2012-08-21 05:00:00,33.8232606030546
2012-08-21 06:00:00,37.5341100210254
2012-08-21 07:00:00,50.7164803829789
2012-08-21 08:00:00,56.5169975039191
2012-08-21 09:00:00,74.78019016336
2012-08-21 10:00:00,99.9280526623509
2012-08-21 11:00:00,129.441805449463
2012-08-21 12:00:00,163.429842165845
2012-08-21 13:00:00,194.477862675634
2012-08-21 14:00:00,240.395042419313
2012-08-21 15:00:00,259.045748950337
2012-08-21 16:00:00,286.264699492522
2012-08-21 17:00:00,278.467408361936
2012-08-21 18:00:00,289.459430214534
2012-08-21 19:00:00,150.799854385223
2012-08-21 20:00:00,211.530586458276
2012-08-21 21:00:00,233.756932940692
2012-08-21 22:00:00,229.918115112016
2012-08-21 23:00:00,226.205502155832
2012-08-22 00:00:00,23.4025042975166
2012-08-22 01:00:00,28.2068978173995
2012-08-22 02:00:00,31.1707069505402
2012-08-22 03:00:00,34.4459351073024
2012-08-22 04:00:00,32.0684981273227
2012-08-22 05:00:00,40.3280074524419
2012-08-22 06:00:00,50.0563806525915
2012-08-22 07:00:00,51.3692573026331
2012-08-22 08:00:00,65.4060037336452
2012-08-22 09:00:00,86.3482565820781
2012-08-22 10:00:00,108.297173170597
2012-08-22 11:00:00,130.536538004467
2012-08-22 12:00:00,156.023326017971
2012-08-22 13:00:00,193.616741120353
2012-08-22 14:00:00,223.677718204619
2012-08-22 15:00:00,238.431816650817
2012-08-22 16:00:00,194.439260105768
2012-08-22 17:00:00,214.869754046406
2012-08-22 18:00:00,183.438964955347
2012-08-22 19:00:00,229.806307581087
2012-08-22 20:00:00,223.38860486638
2012-08-22 21:00:00,233.756932940692
2012-08-22 22:00:00,258.318688624339
2012-08-22 23:00:00,226.205502155832
2012-08-23 00:00:00,25.5248970048602
2012-08-23 01:00:00,25.1127325989396
2012-08-23 02:00:00,27.7514256844637
2012-08-23 03:00:00,31.4497350043133
2012-08-23 04:00:00,33.8897178431475
2012-08-23 05:00:00,37.4506431144519
2012-08-23 06:00:00,42.3048532638517
2012-08-23 07:00:00,54.7870636838803
2012-08-23 08:00:00,78.5231499621798
2012-08-23 09:00:00,97.7047513371874
2012-08-23 10:00:00,123.212460910173
2012-08-23 11:00:00,157.885020623548
2012-08-23 12:00:00,197.281726632757
2012-08-23 13:00:00,253.864938330284
2012-08-23 14:00:00,237.797558402925
2012-08-23 15:00:00,256.246742840893
2012-08-23 16:00:00,265.709078263347
2012-08-23 17:00:00,312.158896455042
2012-08-23 18:00:00,316.347702404304
2012-08-23 19:00:00,322.009870627468
2012-08-23 20:00:00,295.358663178775
2012-08-23 21:00:00,329.139260129692
2012-08-23 22:00:00,403.937549264504
2012-08-23 23:00:00,369.04110089316
2012-08-24 00:00:00,37.0744074174764
2012-08-24 01:00:00,37.0197676867792
2012-08-24 02:00:00,38.7579809613784
2012-08-24 03:00:00,38.7008600041033
2012-08-24 04:00:00,49.9583020916167
2012-08-24 05:00:00,42.0649747837416
2012-08-24 06:00:00,48.344417721951
2012-08-24 07:00:00,60.0065991053902
2012-08-24 08:00:00,76.5697710861306
2012-08-24 09:00:00,121.760044815351
2012-08-24 10:00:00,162.743991683332
2012-08-24 11:00:00,185.206395304569
2012-08-24 12:00:00,213.067138279439
2012-08-24 13:00:00,273.019792280431
2012-08-24 14:00:00,240.390261422018
2012-08-24 15:00:00,278.522275520657
2012-08-24 16:00:00,307.787700925291
2012-08-24 17:00:00,319.875217179358
2012-08-24 18:00:00,310.677973944753
2012-08-24 19:00:00,346.311778589151
2012-08-24 20:00:00,336.284201724782
2012-08-24 21:00:00,387.727204278297
2012-08-24 22:00:00,409.136670085791
2012-08-24 23:00:00,394.866466637486
2012-08-25 00:00:00,49.5278319168741
2012-08-25 01:00:00,46.611255412637
2012-08-25 02:00:00,47.0153696043308
2012-08-25 03:00:00,47.8942017522799
2012-08-25 04:00:00,62.0853762164047
2012-08-25 05:00:00,63.0432065091508
2012-08-25 06:00:00,62.007894392074
2012-08-25 07:00:00,69.0998268435891
2012-08-25 08:00:00,89.665381426211
2012-08-25 09:00:00,112.266354939633
2012-08-25 10:00:00,137.877096476881
2012-08-25 11:00:00,172.62418582003
2012-08-25 12:00:00,144.868371562986
2012-08-25 13:00:00,242.886694992266
2012-08-25 14:00:00,127.478529989966
2012-08-25 15:00:00,179.308450545138
2012-08-25 16:00:00,201.941509247763
2012-08-25 17:00:00,225.044178411449
2012-08-25 18:00:00,278.102524161901
2012-08-25 19:00:00,236.011176768701
2012-08-25 20:00:00,156.671923222112
2012-08-25 21:00:00,223.381730164193
2012-08-25 22:00:00,246.853322691784
2012-08-25 23:00:00,309.432796904494
2012-08-26 00:00:00,24.3496719866617
2012-08-26 01:00:00,26.4603104924582
2012-08-26 02:00:00,34.4455281426442
2012-08-26 03:00:00,38.3851129526006
2012-08-26 04:00:00,41.7123486332901
2012-08-26 05:00:00,39.4602873680294
2012-08-26 06:00:00,43.6823107142907
2012-08-26 07:00:00,48.1884433656576
2012-08-26 08:00:00,75.0010941078046
2012-08-26 09:00:00,82.187934777598
2012-08-26 10:00:00,135.422691792607
2012-08-26 11:00:00,148.399319941378
2012-08-26 12:00:00,116.273782714961
2012-08-26 13:00:00,95.5427166375653
2012-08-26 14:00:00,94.5701399635418
2012-08-26 15:00:00,87.7219781505637
2012-08-26 16:00:00,96.9392696692159
2012-08-26 17:00:00,131.979665947828
2012-08-26 18:00:00,164.057368980086
2012-08-26 19:00:00,185.138141351966
2012-08-26 20:00:00,175.142481780585
2012-08-26 21:00:00,209.753371292889
2012-08-26 22:00:00,203.732196720354
2012-08-26 23:00:00,252.949387260086
2012-08-27 00:00:00,22.7249347747531
2012-08-27 01:00:00,22.9219573300672
2012-08-27 02:00:00,25.6508049670669
2012-08-27 03:00:00,27.9920273344203
2012-08-27 04:00:00,33.8897178431475
2012-08-27 05:00:00,33.3331719840432
2012-08-27 06:00:00,36.8356188040517
2012-08-27 07:00:00,49.7726717757284
2012-08-27 08:00:00,56.4056548157689
2012-08-27 09:00:00,62.5940851329943
2012-08-27 10:00:00,102.724918329278
2012-08-27 11:00:00,129.95488620357
2012-08-27 12:00:00,150.497038476898
2012-08-27 13:00:00,187.549521264276
2012-08-27 14:00:00,248.647131077975
2012-08-27 15:00:00,278.189104397466
2012-08-27 16:00:00,303.571684909829
2012-08-27 17:00:00,349.245156841919
2012-08-27 18:00:00,341.309387391908
2012-08-27 19:00:00,274.698380466574
2012-08-27 20:00:00,301.020843040598
2012-08-27 21:00:00,313.523361466701
2012-08-27 22:00:00,274.547342261001
2012-08-27 23:00:00,300.863790572594
2012-08-28 00:00:00,30.9954223104481
2012-08-28 01:00:00,28.7410661105042
2012-08-28 02:00:00,35.2988606992265
2012-08-28 03:00:00,30.3956789639372
2012-08-28 04:00:00,38.3014582896646
2012-08-28 05:00:00,48.8252405397504
2012-08-28 06:00:00,47.5163320544453
2012-08-28 07:00:00,59.8751162104472
2012-08-28 08:00:00,67.0027411631407
2012-08-28 09:00:00,93.4403717870153
2012-08-28 10:00:00,121.611215197272
2012-08-28 11:00:00,169.260494828224
2012-08-28 12:00:00,215.02484396827
2012-08-28 13:00:00,260.781196604959
2012-08-28 14:00:00,312.943505871073
2012-08-28 15:00:00,348.82735258448
2012-08-28 16:00:00,378.135160653237
2012-08-28 17:00:00,395.507781699497
2012-08-28 18:00:00,390.830392195747
2012-08-28 19:00:00,359.380903514602
2012-08-28 20:00:00,373.566846379788
2012-08-28 21:00:00,411.093234092971
2012-08-28 22:00:00,388.489386020363
2012-08-28 23:00:00,393.702457535758
2012-08-29 00:00:00,31.737922201292
2012-08-29 01:00:00,34.9183960216232
2012-08-29 02:00:00,34.8571979829386
2012-08-29 03:00:00,38.1983982344163
2012-08-29 04:00:00,43.6531403039187
2012-08-29 05:00:00,47.8361214701595
2012-08-29 06:00:00,52.8624499457365
2012-08-29 07:00:00,66.6288417142515
2012-08-29 08:00:00,83.2135934080376
2012-08-29 09:00:00,117.022195337859
2012-08-29 10:00:00,139.87643762071
2012-08-29 11:00:00,147.890417294685
2012-08-29 12:00:00,191.526056361077
2012-08-29 13:00:00,196.990975649382
2012-08-29 14:00:00,239.856164407667
2012-08-29 15:00:00,272.954142306231
2012-08-29 16:00:00,297.280301570427
2012-08-29 17:00:00,361.968423444686
2012-08-29 18:00:00,339.979053228416
2012-08-29 19:00:00,304.013605154164
2012-08-29 20:00:00,291.738768242357
2012-08-29 21:00:00,332.658403488702
2012-08-29 22:00:00,356.96869990484
2012-08-29 23:00:00,377.340111633418
2012-08-30 00:00:00,30.4273845316419
2012-08-30 01:00:00,35.6758178358389
2012-08-30 02:00:00,33.5655785231143
2012-08-30 03:00:00,37.0924452076382
2012-08-30 04:00:00,40.989893576069
2012-08-30 05:00:00,45.2968620960981
2012-08-30 06:00:00,41.5398237141173
2012-08-30 07:00:00,57.7146310353034
2012-08-30 08:00:00,74.8905628022857
2012-08-30 09:00:00,99.9019396144797
2012-08-30 10:00:00,122.213276355095
2012-08-30 11:00:00,177.736614593709
2012-08-30 12:00:00,184.705027996191
2012-08-30 13:00:00,193.616741120353
2012-08-30 14:00:00,215.760967480078
2012-08-30 15:00:00,281.227788886317
2012-08-30 16:00:00,324.891276187322
2012-08-30 17:00:00,417.142419339578
2012-08-30 18:00:00,406.052490279483
2012-08-30 19:00:00,355.573605434609
2012-08-30 20:00:00,341.724983342249
2012-08-30 21:00:00,332.64517174236
2012-08-30 22:00:00,306.554154869461
2012-08-30 23:00:00,343.06418894982
2012-08-31 00:00:00,28.1870665256872
2012-08-31 01:00:00,31.1487919074036
2012-08-31 02:00:00,27.5055619362974
2012-08-31 03:00:00,30.1420788044511
2012-08-31 04:00:00,32.2024791399972
2012-08-31 05:00:00,35.8865321343177
2012-08-31 06:00:00,46.3253326462686
2012-08-31 07:00:00,50.1303853846091
2012-08-31 08:00:00,86.9443812637806
2012-08-31 09:00:00,94.9738687487475
2012-08-31 10:00:00,126.382128193839
2012-08-31 11:00:00,266.646614607893
2012-08-31 12:00:00,299.720337407602
2012-08-31 13:00:00,347.723654443515
2012-08-31 14:00:00,400.902473696794
2012-08-31 15:00:00,458.26327156967
2012-08-31 16:00:00,500.076211769717
2012-08-31 17:00:00,479.641477324543
2012-08-31 18:00:00,491.138926837987
2012-08-31 19:00:00,414.952188212641
2012-08-31 20:00:00,458.552838422488
2012-08-31 21:00:00,414.434332728595
2012-08-31 22:00:00,457.980569836256
2012-08-31 23:00:00,427.408561968706
2012-09-20 00:00:00,23.6986845096313
2012-09-20 01:00:00,21.6900604176971
2012-09-20 02:00:00,23.8689197694966
2012-09-20 03:00:00,22.8993088349106
2012-09-20 04:00:00,26.0599386829113
2012-09-20 05:00:00,28.7981584182929
2012-09-20 06:00:00,30.9026949640273
2012-09-20 07:00:00,34.0654204639226
2012-09-20 08:00:00,50.1935293719345
2012-09-20 09:00:00,70.9021180915046
2012-09-20 10:00:00,90.675960983072
2012-09-20 11:00:00,139.974849083131
2012-09-20 12:00:00,160.634812639546
2012-09-20 13:00:00,174.90470851251
2012-09-20 14:00:00,188.015581931545
2012-09-20 15:00:00,207.771114869227
2012-09-20 16:00:00,227.686797753165
2012-09-20 17:00:00,244.754221551614
2012-09-20 18:00:00,249.564716357743
2012-09-20 19:00:00,208.644031979782
2012-09-20 20:00:00,203.097131434085
2012-09-20 21:00:00,228.236249668205
2012-09-20 22:00:00,206.380402226572
2012-09-20 23:00:00,245.588070032104
2012-09-21 00:00:00,23.9578068307327
2012-09-21 01:00:00,23.9158183388124
2012-09-21 02:00:00,26.4287469592501
2012-09-21 03:00:00,26.6578811376877
2012-09-21 04:00:00,28.7260948280962
2012-09-21 05:00:00,29.4795216371265
2012-09-21 06:00:00,35.9749010384695
2012-09-21 07:00:00,40.4469448307288
2012-09-21 08:00:00,51.3840729667174
2012-09-21 09:00:00,66.5451422418759
2012-09-21 10:00:00,99.0723736482507
2012-09-21 11:00:00,121.164599519585
2012-09-21 12:00:00,137.37658750021
2012-09-21 13:00:00,165.541318552746
2012-09-21 14:00:00,189.974833793397
2012-09-21 15:00:00,205.57891519441
2012-09-21 16:00:00,225.278133267783
2012-09-21 17:00:00,234.125312961363
2012-09-21 18:00:00,231.758515153402
2012-09-21 19:00:00,231.416952772858
2012-09-21 20:00:00,237.016730836372
2012-09-21 21:00:00,240.606134955167
2012-09-21 22:00:00,261.461963051966
2012-09-21 23:00:00,300.061579417166
2012-09-22 00:00:00,32.4586006610045
2012-09-22 01:00:00,27.3641892696336
2012-09-22 02:00:00,26.5779263453008
2012-09-22 03:00:00,31.8941302423774
2012-09-22 04:00:00,35.2453713153189
2012-09-22 05:00:00,39.4424241790801
2012-09-22 06:00:00,43.2219212861224
2012-09-22 07:00:00,52.9916997054278
2012-09-22 08:00:00,72.4902724599141
2012-09-22 09:00:00,87.5697312269594
2012-09-22 10:00:00,109.370007026879
2012-09-22 11:00:00,144.070440405008
2012-09-22 12:00:00,176.985902410444
2012-09-22 13:00:00,207.925616789756
2012-09-22 14:00:00,245.353837100476
2012-09-22 15:00:00,267.688677001687
2012-09-22 16:00:00,278.255226978234
2012-09-22 17:00:00,307.492592547499
2012-09-22 18:00:00,320.972120977639
2012-09-22 19:00:00,312.438924911064
2012-09-22 20:00:00,372.532318739202
2012-09-22 21:00:00,361.840996944865
2012-09-22 22:00:00,393.205507380405
2012-09-22 23:00:00,481.967104624232
2012-09-23 00:00:00,97.5468545412655
2012-09-23 01:00:00,67.110488260954
2012-09-23 02:00:00,73.23267074228
2012-09-23 03:00:00,67.8907932226082
2012-09-23 04:00:00,70.4138721842362
2012-09-23 05:00:00,73.9554552262363
2012-09-23 06:00:00,74.9478506195759
2012-09-23 07:00:00,89.5600279713526
2012-09-23 08:00:00,113.777666803772
2012-09-23 09:00:00,137.988075799108
2012-09-23 10:00:00,177.647512668655
2012-09-23 11:00:00,201.759888528108
2012-09-23 12:00:00,223.510014551364
2012-09-23 13:00:00,348.636108771289
2012-09-23 14:00:00,388.510124133455
2012-09-23 15:00:00,466.22119192476
2012-09-23 16:00:00,530.570409868027
2012-09-23 17:00:00,437.902514866707
2012-09-23 18:00:00,437.35713489545
2012-09-23 19:00:00,426.585665628647
2012-09-23 20:00:00,471.408690834814
2012-09-23 21:00:00,547.542898822806
2012-09-23 22:00:00,502.983875245217
2012-09-23 23:00:00,544.554293012896
2012-09-24 00:00:00,38.1430997042147
2012-09-24 01:00:00,39.0660782951901
2012-09-24 02:00:00,53.5062923059112
2012-09-24 03:00:00,51.0447775974689
2012-09-24 04:00:00,50.1211792709994
2012-09-24 05:00:00,59.5229949989318
2012-09-24 06:00:00,69.7901432973035
2012-09-24 07:00:00,71.1455559821447
2012-09-24 08:00:00,103.927766586833
2012-09-24 09:00:00,125.2698519786
2012-09-24 10:00:00,152.269314400065
2012-09-24 11:00:00,207.883821905306
2012-09-24 12:00:00,243.686068727351
2012-09-24 13:00:00,368.287583705208
2012-09-24 14:00:00,375.064099630444
2012-09-24 15:00:00,413.544453739239
2012-09-24 16:00:00,403.188804237519
2012-09-24 17:00:00,414.879945632531
2012-09-24 18:00:00,397.747505719254
2012-09-24 19:00:00,405.55876098226
2012-09-24 20:00:00,366.625785278548
2012-09-24 21:00:00,397.417810081481
2012-09-24 22:00:00,450.37991760021
2012-09-24 23:00:00,373.359319230673
2012-09-25 00:00:00,35.6499846670809
2012-09-25 01:00:00,34.7807115928637
2012-09-25 02:00:00,34.2095336000784
2012-09-25 03:00:00,40.7997488661283
2012-09-25 04:00:00,45.6569387073062
2012-09-25 05:00:00,45.5893249984597
2012-09-25 06:00:00,54.5868429304561
2012-09-25 07:00:00,59.8175258621522
2012-09-25 08:00:00,83.4187663186976
2012-09-25 09:00:00,125.271776049691
2012-09-25 10:00:00,155.148149431088
2012-09-25 11:00:00,241.524932510337
2012-09-25 12:00:00,277.857717107907
2012-09-25 13:00:00,286.975581220752
2012-09-25 14:00:00,364.580374727202
2012-09-25 15:00:00,421.185202525822
2012-09-25 16:00:00,441.494281420218
2012-09-25 17:00:00,485.844270554115
2012-09-25 18:00:00,512.554336738858
2012-09-25 19:00:00,499.924492931923
2012-09-25 20:00:00,511.904493910376
2012-09-25 21:00:00,565.692302274451
2012-09-25 22:00:00,622.518513880852
2012-09-25 23:00:00,696.648619875574
2012-09-26 00:00:00,49.9016055994746
2012-09-26 01:00:00,55.610487786182
2012-09-26 02:00:00,70.8881391739948
2012-09-26 03:00:00,78.3366333570606
2012-09-26 04:00:00,61.6465845751307
2012-09-26 05:00:00,67.5556534562835
2012-09-26 06:00:00,70.9722052287897
2012-09-26 07:00:00,72.6895755130209
2012-09-26 08:00:00,93.0988915108065
2012-09-26 09:00:00,141.05055976804
2012-09-26 10:00:00,134.09293004539
2012-09-26 11:00:00,191.007021786739
2012-09-26 12:00:00,218.392220560491
2012-09-26 13:00:00,263.166648779875
2012-09-26 14:00:00,357.80120986597
2012-09-26 15:00:00,397.056633137033
2012-09-26 16:00:00,456.7861731678
2012-09-26 17:00:00,484.880936127813
2012-09-26 18:00:00,524.707903974333
2012-09-26 19:00:00,500.042932286074
2012-09-26 20:00:00,410.058476236285
2012-09-26 21:00:00,480.789648056483
2012-09-26 22:00:00,383.18554577572
2012-09-26 23:00:00,506.846726875001
2012-09-27 00:00:00,41.6239619734871
2012-09-27 01:00:00,45.9975545412746
2012-09-27 02:00:00,50.8306975949383
2012-09-27 03:00:00,54.7743247765539
2012-09-27 04:00:00,43.6828104479534
2012-09-27 05:00:00,57.0772685040367
2012-09-27 06:00:00,57.5721218183575
2012-09-27 07:00:00,81.6850050451466
2012-09-27 08:00:00,111.745368087617
2012-09-27 09:00:00,137.268643802977
2012-09-27 10:00:00,256.949975776498
2012-09-27 11:00:00,286.481147682179
2012-09-27 12:00:00,328.189745734295
2012-09-27 13:00:00,349.235190026361
2012-09-27 14:00:00,431.570795701613
2012-09-27 15:00:00,465.053600409173
2012-09-27 16:00:00,445.754153092481
2012-09-27 17:00:00,365.533536343748
2012-09-27 18:00:00,395.557592383249
2012-09-27 19:00:00,387.153284715576
2012-09-27 20:00:00,463.103976820762
2012-09-27 21:00:00,266.695386103005
2012-09-27 22:00:00,294.718113955444
2012-09-27 23:00:00,313.617161624452
2012-09-28 00:00:00,26.8845515053508
2012-09-28 01:00:00,28.3690588596259
2012-09-28 02:00:00,34.0944576135653
2012-09-28 03:00:00,59.1409721170785
2012-09-28 04:00:00,37.7870897621798
2012-09-28 05:00:00,50.8019689170646
2012-09-28 06:00:00,61.5362434763827
2012-09-28 07:00:00,66.3104451676879
2012-09-28 08:00:00,82.3932045882633
2012-09-28 09:00:00,111.437901312988
2012-09-28 10:00:00,139.483954761058
2012-09-28 11:00:00,184.55751583488
2012-09-28 12:00:00,297.640404361134
2012-09-28 13:00:00,343.852117888996
2012-09-28 14:00:00,363.474995382534
2012-09-28 15:00:00,388.331711248617
2012-09-28 16:00:00,429.128652609212
2012-09-28 17:00:00,456.425271170232
2012-09-28 18:00:00,524.046912785385
2012-09-28 19:00:00,399.023941528265
2012-09-28 20:00:00,411.31413663552
2012-09-28 21:00:00,458.356728582413
2012-09-28 22:00:00,605.111037521047
2012-09-28 23:00:00,607.927655506766
2012-09-29 00:00:00,51.947512922981
2012-09-29 01:00:00,57.405841387237
2012-09-29 02:00:00,78.6250850705548
2012-09-29 03:00:00,78.9910622466541
2012-09-29 04:00:00,75.9911575826553
2012-09-29 05:00:00,74.5953474401317
2012-09-29 06:00:00,83.8286696725601
2012-09-29 07:00:00,84.4117498400908
2012-09-29 08:00:00,95.8690892000552
2012-09-29 09:00:00,111.244115867219
2012-09-29 10:00:00,150.950537804946
2012-09-29 11:00:00,186.169574337993
2012-09-29 12:00:00,313.39414906911
2012-09-29 13:00:00,346.323698688385
2012-09-29 14:00:00,383.559596196578
2012-09-29 15:00:00,405.448491381647
2012-09-29 16:00:00,461.515200566576
2012-09-29 17:00:00,549.067218862541
2012-09-29 18:00:00,399.286485958575
2012-09-29 19:00:00,351.902860936048
2012-09-29 20:00:00,392.150499462093
2012-09-29 21:00:00,426.142248701483
2012-09-29 22:00:00,397.590633363198
2012-09-29 23:00:00,464.222445675243
2012-09-30 00:00:00,45.4763135249043
2012-09-30 01:00:00,50.2546877452532
2012-09-30 02:00:00,50.180623106168
2012-09-30 03:00:00,51.3705956034325
2012-09-30 04:00:00,56.7683051073258
2012-09-30 05:00:00,54.4622447618419
2012-09-30 06:00:00,61.7201863779878
2012-09-30 07:00:00,61.7633305043228
2012-09-30 08:00:00,88.7004272486521
2012-09-30 09:00:00,113.183741637196
2012-09-30 10:00:00,185.75927201355
2012-09-30 11:00:00,269.607353415799
2012-09-30 12:00:00,313.39414906911
2012-09-30 13:00:00,341.988914626443
2012-09-30 14:00:00,377.923028160101
2012-09-30 15:00:00,449.719964227193
2012-09-30 16:00:00,492.82740098404
2012-09-30 17:00:00,562.089116616092
2012-09-30 18:00:00,325.043652574768
2012-09-30 19:00:00,207.553412696481
2012-09-30 20:00:00,229.361861968236
2012-09-30 21:00:00,324.442429307882
2012-09-30 22:00:00,323.964270702014
2012-09-30 23:00:00,367.137551068157
2012-10-20 00:00:00,30.8713867146694
2012-10-20 01:00:00,39.5587385571055
2012-10-20 02:00:00,38.5952412923606
2012-10-20 03:00:00,41.2219548395308
2012-10-20 04:00:00,49.283802749198
2012-10-20 05:00:00,43.1570298238998
2012-10-20 06:00:00,58.5438405584419
2012-10-20 07:00:00,52.7028621992228
2012-10-20 08:00:00,85.7292861695887
2012-10-20 09:00:00,116.066137063198
2012-10-20 10:00:00,148.435742105981
2012-10-20 11:00:00,175.511400383617
2012-10-20 12:00:00,213.800391427128
2012-10-20 13:00:00,251.175814863962
2012-10-20 14:00:00,277.082082599032
2012-10-20 15:00:00,292.894542315364
2012-10-20 16:00:00,341.072293515328
2012-10-20 17:00:00,399.112883439362
2012-10-20 18:00:00,410.386369737268
2012-10-20 19:00:00,387.821388406263
2012-10-20 20:00:00,480.33079353111
2012-10-20 21:00:00,433.258169697761
2012-10-20 22:00:00,418.337907090124
2012-10-20 23:00:00,387.897720276669
2012-10-21 00:00:00,45.1771721114105
2012-10-21 01:00:00,45.8613395416168
2012-10-21 02:00:00,45.0315297462972
2012-10-21 03:00:00,44.019596500297
2012-10-21 04:00:00,40.6383289134748
2012-10-21 05:00:00,53.7562185786887
2012-10-21 06:00:00,64.1258025824409
2012-10-21 07:00:00,70.8637515974005
2012-10-21 08:00:00,75.8545874992389
2012-10-21 09:00:00,114.110433709649
2012-10-21 10:00:00,158.077667159845
2012-10-21 11:00:00,195.01402371374
2012-10-21 12:00:00,242.125096570886
2012-10-21 13:00:00,281.50295340867
2012-10-21 14:00:00,315.096638677531
2012-10-21 15:00:00,361.614339489329
2012-10-21 16:00:00,361.163971630316
2012-10-21 17:00:00,374.490020540779
2012-10-21 18:00:00,406.950952984668
2012-10-21 19:00:00,408.856687603759
2012-10-21 20:00:00,424.060888130237
2012-10-21 21:00:00,352.940710468802
2012-10-21 22:00:00,372.429340591931
2012-10-21 23:00:00,429.408233251315
2012-10-22 00:00:00,32.2919855266099
2012-10-22 01:00:00,31.233496396942
2012-10-22 02:00:00,33.080859008907
2012-10-22 03:00:00,43.5781440263502
2012-10-22 04:00:00,43.5017688989739
2012-10-22 05:00:00,42.5151424582433
2012-10-22 06:00:00,43.1703873286119
2012-10-22 07:00:00,60.2034337018894
2012-10-22 08:00:00,72.5816605721222
2012-10-22 09:00:00,91.0312376314963
2012-10-22 10:00:00,120.178396711083
2012-10-22 11:00:00,206.149385558208
2012-10-22 12:00:00,233.785904621516
2012-10-22 13:00:00,365.298370664284
2012-10-22 14:00:00,401.997021850548
2012-10-22 15:00:00,446.098115863819
2012-10-22 16:00:00,464.626234571815
2012-10-22 17:00:00,504.900207134061
2012-10-22 18:00:00,262.25364986693
2012-10-22 19:00:00,331.765849230976
2012-10-22 20:00:00,316.79722991531
2012-10-22 21:00:00,296.895444944005
2012-10-22 22:00:00,255.020578784256
2012-10-22 23:00:00,279.465309608087
2012-10-23 00:00:00,26.1240142197174
2012-10-23 01:00:00,33.9747058101051
2012-10-23 02:00:00,30.3289823878393
2012-10-23 03:00:00,39.4433353725929
2012-10-23 04:00:00,41.4277320954552
2012-10-23 05:00:00,47.5661842882128
2012-10-23 06:00:00,44.8531693520438
2012-10-23 07:00:00,68.1390413051589
2012-10-23 08:00:00,84.2227416813101
2012-10-23 09:00:00,101.715946809028
2012-10-23 10:00:00,121.49243188841
2012-10-23 11:00:00,200.220231939268
2012-10-23 12:00:00,293.996294698736
2012-10-23 13:00:00,326.326102105538
2012-10-23 14:00:00,352.630806803138
2012-10-23 15:00:00,396.279023213788
2012-10-23 16:00:00,403.371846950753
2012-10-23 17:00:00,454.407025302733
2012-10-23 18:00:00,413.225974790072
2012-10-23 19:00:00,430.388790865437
2012-10-23 20:00:00,351.472914953377
2012-10-23 21:00:00,337.856060693908
2012-10-23 22:00:00,384.487946287291
2012-10-23 23:00:00,378.279410130027
2012-10-24 00:00:00,37.8436363159811
2012-10-24 01:00:00,43.9128179718793
2012-10-24 02:00:00,48.5269095961882
2012-10-24 03:00:00,44.2159080968331
2012-10-24 04:00:00,48.8618465866257
2012-10-24 05:00:00,48.8960023759356
2012-10-24 06:00:00,53.3470612946862
2012-10-24 07:00:00,56.0298410086173
2012-10-24 08:00:00,81.6034283381698
2012-10-24 09:00:00,98.1425616440562
2012-10-24 10:00:00,117.074279019633
2012-10-24 11:00:00,137.711936318072
2012-10-24 12:00:00,193.236786911862
2012-10-24 13:00:00,240.913488848234
2012-10-24 14:00:00,443.901629771003
2012-10-24 15:00:00,394.712668454697
2012-10-24 16:00:00,501.420274433523
2012-10-24 17:00:00,398.504200307723
2012-10-24 18:00:00,460.376048599952
2012-10-24 19:00:00,533.426597715823
2012-10-24 20:00:00,502.014371066285
2012-10-24 21:00:00,557.091844481609
2012-10-24 22:00:00,593.838409955497
2012-10-24 23:00:00,515.686320588082
2012-10-25 00:00:00,65.3763160785875
2012-10-25 01:00:00,47.7903628437649
2012-10-25 02:00:00,42.4734131251871
2012-10-25 03:00:00,46.3706232841772
2012-10-25 04:00:00,50.8154308746813
2012-10-25 05:00:00,57.1053036850758
2012-10-25 06:00:00,63.6365197556796
2012-10-25 07:00:00,70.3230579093658
2012-10-25 08:00:00,82.9846775718975
2012-10-25 09:00:00,92.47575501648
2012-10-25 10:00:00,104.849136637603
2012-10-25 11:00:00,114.899340956156
2012-10-25 12:00:00,142.616645625644
2012-10-25 13:00:00,153.038907299104
2012-10-25 14:00:00,191.75262493596
2012-10-25 15:00:00,248.887893735909
2012-10-25 16:00:00,250.549083008213
2012-10-25 17:00:00,276.875255610635
2012-10-25 18:00:00,206.478562180745
2012-10-25 19:00:00,224.32649983114
2012-10-25 20:00:00,253.451864808632
2012-10-25 21:00:00,280.083044054015
2012-10-25 22:00:00,343.401991711741
2012-10-25 23:00:00,384.283828290085
2012-10-26 00:00:00,40.6284482203319
2012-10-26 01:00:00,37.4974994727961
2012-10-26 02:00:00,41.6114604456013
2012-10-26 03:00:00,46.7620768853805
2012-10-26 04:00:00,51.6755512934746
2012-10-26 05:00:00,56.1548070480496
2012-10-26 06:00:00,61.7957976275553
2012-10-26 07:00:00,68.5755963687372
2012-10-26 08:00:00,79.7323785699205
2012-10-26 09:00:00,88.1101715956671
2012-10-26 10:00:00,96.5558799293455
2012-10-26 11:00:00,131.240657278462
2012-10-26 12:00:00,164.316436720734
2012-10-26 13:00:00,192.278317831602
2012-10-26 14:00:00,267.016235890526
2012-10-26 15:00:00,305.899550768741
2012-10-26 16:00:00,243.000780305559
2012-10-26 17:00:00,248.264143862111
2012-10-26 18:00:00,261.912862424321
2012-10-26 19:00:00,259.858937913551
2012-10-26 20:00:00,287.163333402278
2012-10-26 21:00:00,343.911292568591
2012-10-26 22:00:00,333.292567975652
2012-10-26 23:00:00,317.959706681581
2012-10-27 00:00:00,30.7417209949623
2012-10-27 01:00:00,39.6839807725123
2012-10-27 02:00:00,44.596016100616
2012-10-27 03:00:00,41.8362756305281
2012-10-27 04:00:00,54.0057584280159
2012-10-27 05:00:00,65.7729053316035
2012-10-27 06:00:00,72.6839218778737
2012-10-27 07:00:00,64.9517097582375
2012-10-27 08:00:00,83.207461109107
2012-10-27 09:00:00,91.9503946559678
2012-10-27 10:00:00,118.354309144732
2012-10-27 11:00:00,155.867203080913
2012-10-27 12:00:00,259.099597652983
2012-10-27 13:00:00,332.011429824602
2012-10-27 14:00:00,350.958585520196
2012-10-27 15:00:00,288.093702315822
2012-10-27 16:00:00,300.059308369094
2012-10-27 17:00:00,331.587714094009
2012-10-27 18:00:00,366.42893278566
2012-10-27 19:00:00,325.017378112495
2012-10-27 20:00:00,359.168225891475
2012-10-27 21:00:00,396.907436885973
2012-10-27 22:00:00,442.302313772151
2012-10-27 23:00:00,538.566173318826
2012-10-28 00:00:00,36.0493137442031
2012-10-28 01:00:00,52.446565351642
2012-10-28 02:00:00,61.751241128558
2012-10-28 03:00:00,74.1029266766295
2012-10-28 04:00:00,82.5781854417039
2012-10-28 05:00:00,89.7360928676248
2012-10-28 06:00:00,106.102918328122
2012-10-28 07:00:00,116.270033590844
2012-10-28 08:00:00,137.986460078345
2012-10-28 09:00:00,155.79282476414
2012-10-28 10:00:00,175.122883003033
2012-10-28 11:00:00,200.174819459147
2012-10-28 12:00:00,193.998515487261
2012-10-28 13:00:00,209.93309254093
2012-10-28 14:00:00,244.026480758895
2012-10-28 15:00:00,257.376130844371
2012-10-28 16:00:00,174.135734970767
2012-10-28 17:00:00,161.747886536918
2012-10-28 18:00:00,126.627669773429
2012-10-28 19:00:00,134.747775915345
2012-10-28 20:00:00,153.34605962688
2012-10-28 21:00:00,190.812094810337
2012-10-28 22:00:00,207.351757229568
2012-10-28 23:00:00,200.949492309921
2012-10-29 00:00:00,21.110981496093
2012-10-30 13:00:00,53.8792944196357
2012-10-30 14:00:00,59.5406027252086
2012-10-30 15:00:00,60.996235949689
2012-10-30 16:00:00,67.4053491518992
2012-10-30 17:00:00,73.8664183877999
2012-10-30 18:00:00,83.0255712529998
2012-10-30 19:00:00,300.571955637874
2012-10-30 20:00:00,158.105993425074
2012-10-30 21:00:00,169.661594722646
2012-10-30 22:00:00,169.535098253156
2012-10-30 23:00:00,187.348814452767
2012-10-31 00:00:00,22.747970759556
2012-10-31 01:00:00,25.0331017305827
2012-10-31 02:00:00,26.849043034285
2012-10-31 03:00:00,30.6984637178861
2012-10-31 04:00:00,29.2489392884311
2012-10-31 05:00:00,36.2328746664894
2012-10-31 06:00:00,34.5660098908328
2012-10-31 07:00:00,40.4863349580659
2012-10-31 08:00:00,45.5543722012037
2012-10-31 09:00:00,54.2086856587069
2012-10-31 10:00:00,67.2724988010774
2012-10-31 11:00:00,95.943983106344
2012-10-31 12:00:00,120.004215524037
2012-10-31 13:00:00,157.032133481865
2012-10-31 14:00:00,202.710192015018
2012-10-31 15:00:00,177.731207333547
2012-10-31 16:00:00,233.313705414261
2012-10-31 17:00:00,229.092154101758
2012-10-31 18:00:00,253.163763218547
2012-10-31 19:00:00,317.590492812069
2012-10-31 20:00:00,350.960968689584
2012-10-31 21:00:00,387.837811053172
2012-10-31 22:00:00,274.632367956909
2012-10-31 23:00:00,312.60717712759
2012-11-20 00:00:00,24.1059314376721
2012-11-20 01:00:00,29.2435259961763
2012-11-20 02:00:00,31.071866633104
2012-11-20 03:00:00,38.740090586358
2012-11-20 04:00:00,45.3098313337089
2012-11-20 05:00:00,49.2373041455174
2012-11-20 06:00:00,50.9552535143695
2012-11-20 07:00:00,43.8357308559606
2012-11-20 08:00:00,52.8232399394613
2012-11-20 09:00:00,74.5586310451511
2012-11-20 10:00:00,99.0207295507608
2012-11-20 11:00:00,112.46096866775
2012-11-20 12:00:00,121.186092537644
2012-11-20 13:00:00,159.641108266691
2012-11-20 14:00:00,181.67524280731
2012-11-20 15:00:00,218.922014223612
2012-11-20 16:00:00,199.574908684909
2012-11-20 17:00:00,188.984747829268
2012-11-20 18:00:00,220.219989218803
2012-11-20 19:00:00,220.373929114224
2012-11-20 20:00:00,216.754890493993
2012-11-20 21:00:00,211.688917180466
2012-11-20 22:00:00,233.931900091443
2012-11-20 23:00:00,202.190767869051
2012-11-21 00:00:00,21.4659510498171
2012-11-21 01:00:00,22.4466807353424
2012-11-21 02:00:00,19.9941794755196
2012-11-21 03:00:00,22.0950461544014
2012-11-21 04:00:00,24.4166591163622
2012-11-21 05:00:00,26.9822130371913
2012-11-21 06:00:00,30.971585479924
2012-11-21 07:00:00,32.8126190743496
2012-11-21 08:00:00,48.2857298818963
2012-11-21 09:00:00,53.5316839951881
2012-11-21 10:00:00,80.5858883795558
2012-11-21 11:00:00,122.247827795065
2012-11-21 12:00:00,167.975897701458
2012-11-21 13:00:00,204.581395880129
2012-11-21 14:00:00,240.868200662108
2012-11-21 15:00:00,247.249160897012
2012-11-21 16:00:00,277.305668891458
2012-11-21 17:00:00,256.003223575375
2012-11-21 18:00:00,298.896009469342
2012-11-21 19:00:00,289.030113055115
2012-11-21 20:00:00,210.190184768427
2012-11-21 21:00:00,288.88005450474
2012-11-21 22:00:00,310.529761037112
2012-11-21 23:00:00,275.4398190636
2012-11-22 00:00:00,25.9317672169755
2012-11-22 01:00:00,26.724151056693
2012-11-22 02:00:00,22.435584415257
2012-11-22 03:00:00,24.8970583797651
2012-11-22 04:00:00,23.674537715504
2012-11-22 05:00:00,30.4039977336002
2012-11-22 06:00:00,37.7383902665756
2012-11-22 07:00:00,34.4035273819632
2012-11-22 08:00:00,39.6559326268408
2012-11-22 09:00:00,63.0729565770382
2012-11-22 10:00:00,87.9385297556511
2012-11-22 11:00:00,145.25169035955
2012-11-22 12:00:00,178.477835996731
2012-11-22 13:00:00,218.276747849454
2012-11-22 14:00:00,259.234588756143
2012-11-22 15:00:00,286.473381435694
2012-11-22 16:00:00,285.971307713054
2012-11-22 17:00:00,294.131085787721
2012-11-22 18:00:00,265.306113194988
2012-11-22 19:00:00,165.278424528119
2012-11-22 20:00:00,188.503676068741
2012-11-22 21:00:00,237.483049166387
2012-11-22 22:00:00,255.907832853771
2012-11-22 23:00:00,237.232552290913
2012-11-23 00:00:00,23.9639937297692
2012-11-23 01:00:00,20.5392123602151
2012-11-23 02:00:00,23.7814442363737
2012-11-23 03:00:00,28.7839599125938
2012-11-23 04:00:00,26.7973089329272
2012-11-23 05:00:00,28.6348465628041
2012-11-23 06:00:00,31.643621945277
2012-11-23 07:00:00,34.9685411311511
2012-11-23 08:00:00,33.3183283131918
2012-11-23 09:00:00,48.0614465417564
2012-11-23 10:00:00,75.4316342324166
2012-11-23 11:00:00,122.247827795065
2012-11-23 12:00:00,178.576771766622
2012-11-23 13:00:00,207.57785555413
2012-11-23 14:00:00,254.993731311396
2012-11-23 15:00:00,250.876208731014
2012-11-23 16:00:00,310.548096499972
2012-11-23 17:00:00,352.01394505431
2012-11-23 18:00:00,337.620022253324
2012-11-23 19:00:00,373.749159473194
2012-11-23 20:00:00,378.393768938987
2012-11-23 21:00:00,400.677823141609
2012-11-23 22:00:00,563.241445358648
2012-11-23 23:00:00,542.493406645354
2012-11-24 00:00:00,57.33882893204
2012-11-24 01:00:00,42.8356547675673
2012-11-24 02:00:00,49.0488791684038
2012-11-24 03:00:00,46.9753693974226
2012-11-24 04:00:00,46.8832513863802
2012-11-24 05:00:00,52.2715272638325
2012-11-24 06:00:00,52.2953039144074
2012-11-24 07:00:00,74.5664676437557
2012-11-24 08:00:00,78.4530063183773
2012-11-24 09:00:00,90.2547534505307
2012-11-24 10:00:00,95.4504987301729
2012-11-24 11:00:00,120.007127352716
2012-11-24 12:00:00,155.959813189805
2012-11-24 13:00:00,154.65187807861
2012-11-24 14:00:00,177.876872198922
2012-11-24 15:00:00,180.213436413536
2012-11-24 16:00:00,176.909500720581
2012-11-24 17:00:00,176.299312424039
2012-11-24 18:00:00,203.671581785068
2012-11-24 19:00:00,216.240279540544
2012-11-24 20:00:00,211.807467724357
2012-11-24 21:00:00,238.137276670267
2012-11-24 22:00:00,267.613621864774
2012-11-24 23:00:00,290.810468840489
2012-11-25 00:00:00,27.2380103610742
2012-11-25 01:00:00,32.285003995758
2012-11-25 02:00:00,34.3314657386995
2012-11-25 03:00:00,42.3797650333484
2012-11-25 04:00:00,46.8327727862503
2012-11-25 05:00:00,53.3500388829092
2012-11-25 06:00:00,60.4714565353893
2012-11-25 07:00:00,62.9830616852195
2012-11-25 08:00:00,68.4272964092328
2012-11-25 09:00:00,79.7186723229205
2012-11-25 10:00:00,76.0491396207566
2012-11-25 11:00:00,117.516327244984
2012-11-25 12:00:00,129.86422761448
2012-11-25 13:00:00,141.120906533145
2012-11-25 14:00:00,171.486667982966
2012-11-25 15:00:00,162.228055242928
2012-11-25 16:00:00,185.851954115795
2012-11-25 17:00:00,187.920780069436
2012-11-25 18:00:00,190.442456339066
2012-11-25 19:00:00,238.482923140677
2012-11-25 20:00:00,190.710367471448
2012-11-25 21:00:00,262.562961053149
2012-11-25 22:00:00,232.89327967711
2012-11-25 23:00:00,212.262930178142
2012-11-26 00:00:00,19.8910192196796
2012-11-26 01:00:00,21.0733944207984
2012-11-26 02:00:00,23.2876584371735
2012-11-26 03:00:00,25.7345838386255
2012-11-26 04:00:00,29.66349675584
2012-11-26 05:00:00,30.2412666418702
2012-11-26 06:00:00,36.22471676687
2012-11-26 07:00:00,44.3148685420804
2012-11-26 08:00:00,48.9712051931079
2012-11-26 09:00:00,66.138116717861
2012-11-26 10:00:00,89.762189598221
2012-11-26 11:00:00,152.610459350719
2012-11-26 12:00:00,171.577622730536
2012-11-26 13:00:00,189.605954969809
2012-11-26 14:00:00,203.462141734493
2012-11-26 15:00:00,230.576638249694
2012-11-26 16:00:00,279.157244244861
2012-11-26 17:00:00,287.042420340495
2012-11-26 18:00:00,205.988867870879
2012-11-26 19:00:00,216.875883110798
2012-11-26 20:00:00,254.284902167699
2012-11-26 21:00:00,281.003611908248
2012-11-26 22:00:00,249.250132295615
2012-11-26 23:00:00,294.916793097866
2012-11-27 00:00:00,29.503915789746
2012-11-27 01:00:00,31.1179494418299
2012-11-27 02:00:00,33.245991363384
2012-11-27 03:00:00,25.9652457402482
2012-11-27 04:00:00,21.8416737248908
2012-11-27 05:00:00,35.6229013181123
2012-11-27 06:00:00,40.3780160957443
2012-11-27 07:00:00,30.2332098183294
2012-11-27 08:00:00,35.1529353369317
2012-11-27 09:00:00,58.8053879882871
2012-11-27 10:00:00,43.2895326328384
2012-11-27 11:00:00,39.6983775817466
2012-11-27 12:00:00,43.1311046406472
2012-11-27 13:00:00,47.8724032126976
2012-11-27 14:00:00,52.2302827310195
2012-11-27 15:00:00,103.488767946237
2012-11-27 16:00:00,114.362737767453
2012-11-27 17:00:00,129.60335220427
2012-11-27 18:00:00,97.9988786436272
2012-11-27 19:00:00,130.469177041394
2012-11-27 20:00:00,129.700632462989
2012-11-27 21:00:00,124.122668767669
2012-11-27 22:00:00,144.348554686627
2012-11-27 23:00:00,191.085462456067
2012-11-28 00:00:00,20.9799336523313
2012-11-28 01:00:00,23.9878840823982
2012-11-28 02:00:00,26.5083849325227
2012-11-28 03:00:00,31.5443861190816
2012-11-28 04:00:00,34.5670683847353
2012-11-28 05:00:00,39.1812455464393
2012-11-28 06:00:00,45.8398877577381
2012-11-28 07:00:00,57.3917525492944
2012-11-28 08:00:00,46.215035487156
2012-11-28 09:00:00,66.400029104947
2012-11-28 10:00:00,84.9384058715902
2012-11-28 11:00:00,101.275157371515
2012-11-28 12:00:00,119.422536956193
2012-11-28 13:00:00,135.996141771106
2012-11-28 14:00:00,159.417721141303
2012-11-28 15:00:00,199.992982609149
2012-11-28 16:00:00,226.242158060445
2012-11-28 17:00:00,234.70743944356
2012-11-28 18:00:00,241.290397355985
2012-11-28 19:00:00,257.335092522999
2012-11-28 20:00:00,294.139501124674
2012-11-28 21:00:00,288.109796302969
2012-11-28 22:00:00,267.684577507445
2012-11-28 23:00:00,280.592028127291
2012-11-29 00:00:00,23.7064756252619
2012-11-29 01:00:00,23.2713910877697
2012-11-29 02:00:00,26.1569544196712
2012-11-29 04:00:00,24.5201339719275
2012-11-29 05:00:00,31.4267740698488
2012-11-29 06:00:00,36.22471676687
2012-11-29 07:00:00,41.3266252384418
2012-11-29 08:00:00,40.1314130764604
2012-11-29 09:00:00,58.2746406188225
2012-11-29 10:00:00,63.9701955925133
2012-11-29 11:00:00,126.176195636338
2012-11-29 12:00:00,131.15678387778
2012-11-29 13:00:00,183.666559865499
2012-11-29 14:00:00,155.802502063571
2012-11-29 15:00:00,167.810877642049
2012-11-29 16:00:00,198.904941417738
2012-11-29 17:00:00,212.021735963523
2012-11-29 18:00:00,192.098612178149
2012-11-29 19:00:00,188.155401744934
2012-11-29 20:00:00,215.071685257163
2012-11-29 21:00:00,178.645148392838
2012-11-29 22:00:00,188.891427453822
2012-11-29 23:00:00,253.091584098012
2012-11-30 00:00:00,19.6771803559812
2012-11-30 01:00:00,21.2934171905456
2012-11-30 02:00:00,23.1898458244957
2012-11-30 03:00:00,25.6264936719725
2012-11-30 04:00:00,27.1422197912549
2012-11-30 05:00:00,26.7039395939442
2012-11-30 06:00:00,27.0016113646837
2012-11-30 07:00:00,34.0151083738264
2012-11-30 08:00:00,43.1703340203447
2012-11-30 09:00:00,43.9772930572313
2012-11-30 10:00:00,79.301620411216
2012-11-30 11:00:00,111.996091913749
2012-11-30 12:00:00,151.957870246299
2012-11-30 13:00:00,200.528383662465
2012-11-30 14:00:00,217.91025756594
2012-11-30 15:00:00,258.72706568832
2012-11-30 16:00:00,219.742852594833
2012-11-30 17:00:00,187.971095164597
2012-11-30 18:00:00,203.64778228932
2012-11-30 19:00:00,171.519669832477
2012-11-30 20:00:00,189.54191273397
2012-11-30 21:00:00,172.751750691399
2012-11-30 22:00:00,194.172305888843
2012-11-30 23:00:00,246.434120115048
2012-12-20 00:00:00,27.5416141424748
2012-12-20 01:00:00,28.3968421669053
2012-12-20 02:00:00,31.3806094961403
2012-12-20 03:00:00,35.9767380898467
2012-12-20 04:00:00,39.7569547454168
2012-12-20 05:00:00,44.1188072027756
2012-12-20 06:00:00,53.1761332365741
2012-12-20 07:00:00,54.5708346263994
2012-12-20 08:00:00,60.3048057676379
2012-12-20 09:00:00,66.6412676949097
2012-12-20 10:00:00,78.1362500664688
2012-12-20 11:00:00,100.724285742415
2012-12-20 12:00:00,126.387180438766
2012-12-20 13:00:00,132.744034295588
2012-12-20 14:00:00,155.641112741681
2012-12-20 15:00:00,155.368335869783
2012-12-20 16:00:00,173.833452162416
2012-12-20 17:00:00,166.065606284173
2012-12-20 18:00:00,170.421168033206
2012-12-20 19:00:00,125.455387121489
2012-12-20 20:00:00,130.954030961007
2012-12-20 21:00:00,144.71388344448
2012-12-20 22:00:00,137.030015403033
2012-12-20 23:00:00,207.51399877389
2012-12-21 00:00:00,11.6534622097729
2012-12-21 01:00:00,13.7791305701457
2012-12-21 02:00:00,14.5328244984463
2012-12-21 03:00:00,16.0598452384674
2012-12-21 04:00:00,25.6950713830636
2012-12-21 05:00:00,24.7485459805212
2012-12-21 06:00:00,36.3778295401751
2012-12-21 07:00:00,39.2273739807251
2012-12-21 08:00:00,42.6074727581966
2012-12-21 09:00:00,55.7286749983798
2012-12-21 10:00:00,56.0750676601618
2012-12-21 11:00:00,71.4803512561967
2012-12-21 12:00:00,81.2039190509498
2012-12-21 13:00:00,91.2552423152487
2012-12-21 14:00:00,101.695095322757
2012-12-21 15:00:00,101.316035047241
2012-12-21 16:00:00,115.098190816825
2012-12-21 17:00:00,87.1155107916281
2012-12-21 18:00:00,95.4631929604667
2012-12-21 19:00:00,115.66582048181
2012-12-21 20:00:00,139.687660450186
2012-12-21 21:00:00,142.408422750141
2012-12-21 22:00:00,145.565849844308
2012-12-21 23:00:00,167.08804260038
2012-12-22 00:00:00,18.2908322086106
2012-12-22 01:00:00,19.4637472533527
2012-12-22 02:00:00,21.9647676458078
2012-12-22 03:00:00,22.4022233306845
2012-12-22 04:00:00,26.1744197707616
2012-12-22 05:00:00,28.304668328078
2012-12-22 06:00:00,33.186953355332
2012-12-22 07:00:00,36.6740364118378
2012-12-22 08:00:00,41.020668061688
2012-12-22 09:00:00,41.8586029935805
2012-12-22 10:00:00,45.4869220660302
2012-12-22 11:00:00,61.18881245553
2012-12-22 12:00:00,79.1878162856178
2012-12-22 13:00:00,89.8031452869549
2012-12-22 14:00:00,99.6557125285044
2012-12-22 15:00:00,114.110570476273
2012-12-22 16:00:00,111.107118751067
2012-12-22 17:00:00,109.579794057257
2012-12-22 18:00:00,106.831256873292
2012-12-22 19:00:00,108.046819840154
2012-12-22 20:00:00,123.045148185277
2012-12-22 21:00:00,123.593981113537
2012-12-22 22:00:00,136.580484358129
2012-12-22 23:00:00,153.558818963258
2012-12-23 00:00:00,16.0878291044836
2012-12-23 01:00:00,18.0877088595579
2012-12-23 02:00:00,17.9053616815585
2012-12-23 03:00:00,19.6211097392524
2012-12-23 04:00:00,23.0055638225045
2012-12-23 05:00:00,26.199442908646
2012-12-23 06:00:00,20.6796053783428
2012-12-23 07:00:00,22.8524924390486
2012-12-23 08:00:00,21.6395248107101
2012-12-23 09:00:00,32.8421860333709
2012-12-23 10:00:00,34.5624128099346
2012-12-23 11:00:00,45.6193762970304
2012-12-23 12:00:00,69.2362728007729
2012-12-23 13:00:00,84.1352955393515
2012-12-23 14:00:00,106.884408257812
2012-12-23 15:00:00,117.413225588848
2012-12-23 16:00:00,131.946493190835
2012-12-23 17:00:00,111.952257814801
2012-12-23 18:00:00,124.757990632573
2012-12-23 19:00:00,149.777995831572
2012-12-23 20:00:00,108.196171042372
2012-12-23 21:00:00,106.449068574062
2012-12-23 22:00:00,129.074018138006
2012-12-23 23:00:00,150.736868606773
2012-12-24 00:00:00,11.6500621537504
2012-12-24 01:00:00,12.8741797733648
2012-12-24 02:00:00,12.4801569273661
2012-12-24 03:00:00,13.7914958531781
2012-12-24 05:00:00,13.7134534863933
2012-12-24 06:00:00,18.6116704447718
2012-12-24 07:00:00,22.4777927452037
2012-12-24 08:00:00,25.9094895941168
2012-12-24 09:00:00,35.0356129064268
2012-12-24 10:00:00,42.6780184230877
2012-12-24 11:00:00,46.852132633698
2012-12-24 12:00:00,61.0650528391218
2012-12-24 13:00:00,28.1709756577124
2012-12-24 14:00:00,28.4850006418535
2012-12-24 15:00:00,29.9114559111432
2012-12-24 16:00:00,33.0543696334843
2012-12-24 17:00:00,34.2821133585247
2012-12-24 18:00:00,38.86910668762
2012-12-24 19:00:00,60.7575943200291
2012-12-24 20:00:00,45.8765456132708
2012-12-24 21:00:00,52.2347134152541
2012-12-24 22:00:00,89.6520834538584
2012-12-24 23:00:00,67.6940544128794
2012-12-25 00:00:00,6.57944911793032
2012-12-25 01:00:00,11.8759362831912
2012-12-25 02:00:00,13.1237873814785
2012-12-25 04:00:00,15.6939769162234
2012-12-25 05:00:00,14.765777036762
2012-12-25 06:00:00,16.3172750115758
2012-12-25 07:00:00,18.1840165628771
2012-12-25 08:00:00,24.8374481311183
2012-12-25 09:00:00,25.2202437549821
2012-12-25 10:00:00,30.8830299127451
2012-12-25 11:00:00,38.2497477140028
2012-12-25 12:00:00,43.4414460358898
2012-12-25 13:00:00,93.2295822242067
2012-12-25 14:00:00,103.890788511277
2012-12-25 15:00:00,90.2157073807765
2012-12-25 16:00:00,116.457969209466
2012-12-25 17:00:00,106.61174222591
2012-12-25 18:00:00,103.117148493106
2012-12-25 19:00:00,113.001334899755
2012-12-25 20:00:00,126.988503987765
2012-12-25 21:00:00,133.14688125399
2012-12-25 22:00:00,141.335109823318
2012-12-25 23:00:00,158.47764397715
2012-12-26 00:00:00,15.5066971680104
2012-12-26 01:00:00,15.2868472523322
2012-12-26 02:00:00,16.8930961137522
2012-12-26 03:00:00,16.8969161601724
2012-12-26 04:00:00,15.5531613658446
2012-12-26 05:00:00,20.507407902952
2012-12-26 06:00:00,22.2849975475992
2012-12-26 07:00:00,12.379752148376
2012-12-26 08:00:00,13.6805411511547
2012-12-26 09:00:00,15.1180091447136
2012-12-26 10:00:00,16.566664317815
2012-12-26 11:00:00,18.3806864039988
2012-12-26 12:00:00,20.9736607801037
2012-12-26 13:00:00,23.1774453925726
2012-12-26 14:00:00,23.9371664453136
2012-12-26 15:00:00,31.062462991206
2012-12-26 16:00:00,34.3263175315798
2012-12-26 17:00:00,34.7089567929759
2012-12-26 18:00:00,41.0480378309859
2012-12-26 19:00:00,52.390198334341
2012-12-26 20:00:00,56.1911295245656
2012-12-26 21:00:00,92.4183945827065
2012-12-26 22:00:00,53.9000960758954
2012-12-26 23:00:00,67.9324062035914
2012-12-27 00:00:00,6.82458863889685
2012-12-27 01:00:00,6.61259118978111
2012-12-27 02:00:00,11.6880260326978
2012-12-27 03:00:00,13.1990543430181
2012-12-27 04:00:00,14.3965582909131
2012-12-27 05:00:00,16.9047234074519
2012-12-27 06:00:00,19.4343567645177
2012-12-27 07:00:00,21.6727412388044
2012-12-27 08:00:00,26.7824926046281
2012-12-27 09:00:00,31.7214469734996
2012-12-27 10:00:00,39.1334659947183
2012-12-27 11:00:00,51.5988956156765
2012-12-27 12:00:00,59.1712616413027
2012-12-27 13:00:00,65.3886176514262
2012-12-27 14:00:00,65.3392577956008
2012-12-27 15:00:00,70.7060691619585
2012-12-27 16:00:00,86.1520933140363
2012-12-27 17:00:00,95.2044308896281
2012-12-27 18:00:00,88.8480266071617
2012-12-27 19:00:00,81.2379755438877
2012-12-27 20:00:00,94.4757671733391
2012-12-27 21:00:00,119.900713344286
2012-12-27 22:00:00,128.06451228587
2012-12-27 23:00:00,146.421354730788
2012-12-28 00:00:00,14.9619988112807
2012-12-28 01:00:00,13.6839032718498
2012-12-28 02:00:00,15.3776803322459
2012-12-28 03:00:00,20.1912681579392
2012-12-28 04:00:00,22.8928872611095
2012-12-28 05:00:00,25.1925757146217
2012-12-28 06:00:00,20.8907414699939
2012-12-28 07:00:00,23.2917071666171
2012-12-28 08:00:00,32.9966137476064
2012-12-28 09:00:00,34.9415004186781
2012-12-28 10:00:00,44.2129025392805
2012-12-28 11:00:00,55.9459578762219
2012-12-28 12:00:00,68.5894290594821
2012-12-28 13:00:00,75.7963887754846
2012-12-28 14:00:00,83.760611951182
2012-12-28 15:00:00,92.9967956279035
2012-12-28 16:00:00,87.5642371504773
2012-12-28 17:00:00,69.4217549591938
2012-12-28 18:00:00,76.7161704145437
2012-12-28 19:00:00,89.6606993918023
2012-12-28 20:00:00,105.151219882968
2012-12-28 21:00:00,104.294559319653
2012-12-28 22:00:00,118.749054533356
2012-12-28 23:00:00,141.308723145947
2012-12-29 00:00:00,13.434934549688
2012-12-29 01:00:00,14.1390347389923
2012-12-29 02:00:00,16.4065856041759
2012-12-29 03:00:00,16.8368968425399
2012-12-29 04:00:00,19.0806753502859
2012-12-29 05:00:00,21.0855565759975
2012-12-29 06:00:00,25.1966732912051
2012-12-29 07:00:00,28.0784532119077
2012-12-29 08:00:00,25.3887724918544
2012-12-29 09:00:00,28.0564701691287
2012-12-29 10:00:00,21.9999405121758
2012-12-29 11:00:00,20.1002240372055
2012-12-29 12:00:00,19.5274431471338
2012-12-29 13:00:00,21.5792680135557
2012-12-29 14:00:00,43.3863432662874
2012-12-29 15:00:00,46.752410833947
2012-12-29 16:00:00,54.4017990915664
2012-12-29 17:00:00,56.6613087277935
2012-12-29 18:00:00,73.362066269116
2012-12-29 19:00:00,110.030626913469
2012-12-29 20:00:00,142.396701621682
2012-12-29 21:00:00,154.739699987564
2012-12-29 22:00:00,159.821956052757
2012-12-29 23:00:00,155.071162821986
2012-12-30 00:00:00,17.0221679451328
2012-12-30 01:00:00,19.6948425827677
2012-12-30 02:00:00,21.8604638479832
2012-12-30 03:00:00,24.0511123891148
2012-12-30 04:00:00,27.3897250499136
2012-12-30 05:00:00,31.9723666653345
2012-12-30 06:00:00,31.6430338583067
2012-12-30 07:00:00,28.9387714715338
2012-12-30 08:00:00,33.4992608806012
2012-12-30 09:00:00,37.8121689755148
2012-12-30 10:00:00,51.9320212007337
2012-12-30 11:00:00,57.1758342814937
2012-12-30 12:00:00,71.2525671993592
2012-12-30 13:00:00,87.5083900211672
2012-12-30 14:00:00,95.5140029497993
2012-12-30 15:00:00,94.5991371334214
2012-12-30 16:00:00,102.747556856823
2012-12-30 17:00:00,101.538868079273
2012-12-30 18:00:00,119.163944466189
2012-12-30 19:00:00,123.03724367658
2012-12-30 20:00:00,115.207379004146
2012-12-30 21:00:00,119.513869935559
2012-12-30 22:00:00,120.34177924158
2012-12-30 23:00:00,142.290727914419
2012-12-31 00:00:00,11.7430789572919
2012-12-31 01:00:00,12.9769702164485
2012-12-31 02:00:00,12.8497338022609
2012-12-31 03:00:00,14.5649775592511
2012-12-31 04:00:00,13.307372353364
2012-12-31 05:00:00,15.5641039476069
2012-12-31 06:00:00,17.7955720703675
2012-12-31 07:00:00,20.3407185537211
2012-12-31 08:00:00,19.1805524803973
2012-12-31 09:00:00,31.3151894800551
2012-12-31 10:00:00,32.4069033556624
2012-12-31 11:00:00,43.4129193732129
2012-12-31 12:00:00,50.9012334487736
2012-12-31 13:00:00,72.5076732653224
2012-12-31 14:00:00,83.743126961491
2012-12-31 15:00:00,94.1532440226067
2012-12-31 16:00:00,92.99907093525
2012-12-31 17:00:00,108.61041650472
2012-12-31 18:00:00,116.489190116791
2012-12-31 19:00:00,104.198143058335
2012-12-31 20:00:00,115.146649698512
2012-12-31 21:00:00,108.929850162952
2012-12-31 22:00:00,132.104992576943
2012-12-31 23:00:00,127.77476337805
