datetime,count
2011-01-20 00:00:00,13.5724995319579
2011-01-20 01:00:00,15.3563205403394
2011-01-20 02:00:00,16.985288663572
2011-01-20 03:00:00,18.8261931871262
2011-01-20 04:00:00,20.8232385407373
2011-01-20 05:00:00,20.238556276017
2011-01-20 06:00:00,21.4395233947521
2011-01-20 07:00:00,25.5475355973334
2011-01-20 08:00:00,28.7233929900859
2011-01-20 09:00:00,39.9853676883184
2011-01-20 10:00:00,40.8899963459483
2011-01-20 11:00:00,60.766302613401
2011-01-20 12:00:00,79.8143117916125
2011-01-20 13:00:00,76.3630981501729
2011-01-20 14:00:00,88.887490868095
2011-01-20 15:00:00,104.346416662286
2011-01-20 16:00:00,102.455122087761
2011-01-20 17:00:00,117.361342561799
2011-01-20 18:00:00,100.905539832158
2011-01-20 19:00:00,90.6751689834176
2011-01-20 20:00:00,114.160343313712
2011-01-20 21:00:00,119.982468069692
2011-01-20 22:00:00,118.949246520604
2011-01-20 23:00:00,133.191391210513
2011-01-21 00:00:00,12.4428686435515
2011-01-21 01:00:00,13.762783549513
2011-01-21 02:00:00,9.81791273188864
2011-01-21 03:00:00,9.59519994029269
2011-01-21 04:00:00,15.0639267572277
2011-01-21 05:00:00,19.5829319056337
2011-01-21 06:00:00,23.2866912186592
2011-01-21 07:00:00,25.2901555790936
2011-01-21 08:00:00,30.0569188868748
2011-01-21 09:00:00,31.5788462638794
2011-01-21 10:00:00,36.5479794680036
2011-01-21 11:00:00,46.1417107249316
2011-01-21 12:00:00,64.961512473244
2011-01-21 13:00:00,72.0912680167321
2011-01-21 14:00:00,73.9075771306174
2011-01-21 15:00:00,72.4027227187944
2011-01-21 16:00:00,81.5893425642368
2011-01-21 17:00:00,83.8937837767499
2011-01-21 18:00:00,87.5279255986773
2011-01-21 19:00:00,94.6652782917972
2011-01-21 20:00:00,94.1534265133682
2011-01-21 21:00:00,93.1750371834535
2011-01-21 22:00:00,89.1207812835749
2011-01-21 23:00:00,105.882167609552
2011-01-22 00:00:00,9.61453862559027
2011-01-22 01:00:00,12.5899307397332
2011-01-22 02:00:00,14.6285064918252
2011-01-22 03:00:00,16.3133134609501
2011-01-22 04:00:00,15.6381736276449
2011-01-22 06:00:00,20.7677589000668
2011-01-22 07:00:00,19.0909718060092
2011-01-22 08:00:00,20.4735112185583
2011-01-22 09:00:00,25.2859233093835
2011-01-22 10:00:00,34.8511866927821
2011-01-22 11:00:00,41.7451421035406
2011-01-22 12:00:00,49.9142036474563
2011-01-22 13:00:00,56.8750192241067
2011-01-22 14:00:00,61.1926491687516
2011-01-22 15:00:00,73.9656860665015
2011-01-22 16:00:00,82.6541004243164
2011-01-22 17:00:00,102.974325545405
2011-01-22 18:00:00,80.0610751868867
2011-01-22 19:00:00,90.961242246917
2011-01-22 20:00:00,80.1909493475525
2011-01-22 21:00:00,100.529462280882
2011-01-22 22:00:00,109.564160681667
2011-01-22 23:00:00,89.2783562274719
2011-01-23 00:00:00,8.78362184581982
2011-01-23 01:00:00,9.71537108586624
2011-01-23 02:00:00,9.6314439844133
2011-01-23 03:00:00,10.6531285207641
2011-01-23 05:00:00,17.0382098088758
2011-01-23 06:00:00,18.8455894205933
2011-01-23 07:00:00,19.4170069848095
2011-01-23 08:00:00,18.565753388801
2011-01-23 09:00:00,24.3966669143143
2011-01-23 10:00:00,33.4046295963083
2011-01-23 11:00:00,40.2575783953544
2011-01-23 12:00:00,49.7857264866145
2011-01-23 13:00:00,54.8616758967698
2011-01-23 14:00:00,70.6681141015244
2011-01-23 15:00:00,78.1644479334442
2011-01-23 16:00:00,88.346580088463
2011-01-23 17:00:00,91.1380003392778
2011-01-23 18:00:00,95.5536936675272
2011-01-23 19:00:00,106.558886105091
2011-01-23 20:00:00,102.417565781644
2011-01-23 21:00:00,111.444656197151
2011-01-23 22:00:00,114.592342531955
2011-01-23 23:00:00,112.127449040284
2011-01-24 00:00:00,10.0226395899386
2011-01-24 01:00:00,10.0060477131552
2011-01-24 03:00:00,11.9174927023244
2011-01-24 04:00:00,13.2964844643567
2011-01-24 05:00:00,14.7069492489773
2011-01-24 06:00:00,16.7780591130481
2011-01-24 07:00:00,20.600315586494
2011-01-24 08:00:00,23.4390592908252
2011-01-24 09:00:00,30.4866529345127
2011-01-24 10:00:00,31.8272471346086
2011-01-24 11:00:00,32.9556871396013
2011-01-24 12:00:00,48.1135362216035
2011-01-24 13:00:00,52.8615441782585
2011-01-24 14:00:00,55.9135072668773
2011-01-24 15:00:00,61.8834818174976
2011-01-24 16:00:00,60.5296921871462
2011-01-24 17:00:00,58.7446581021017
2011-01-24 18:00:00,58.3682568885758
2011-01-24 19:00:00,72.010012152698
2011-01-24 20:00:00,71.4082270317648
2011-01-24 21:00:00,77.0438167046309
2011-01-24 22:00:00,97.2342397494746
2011-01-24 23:00:00,111.508174326588
2011-01-25 00:00:00,9.83593493488848
2011-01-25 01:00:00,11.4756278769211
2011-01-25 02:00:00,10.5460907332067
2011-01-25 04:00:00,12.1021670782336
2011-01-25 05:00:00,12.6903576316848
2011-01-25 06:00:00,15.4547320541245
2011-01-25 07:00:00,16.2058642556213
2011-01-25 08:00:00,22.335673706028
2011-01-25 09:00:00,32.2323079242334
2011-01-25 10:00:00,39.6601855221479
2011-01-25 11:00:00,44.2267513281697
2011-01-25 12:00:00,58.3659607384586
2011-01-25 13:00:00,62.5910214113949
2011-01-25 14:00:00,93.3777544899197
2011-01-25 15:00:00,112.768610289632
2011-01-25 16:00:00,124.730881523844
2011-01-25 17:00:00,107.839831479209
2011-01-25 18:00:00,129.282149686337
2011-01-25 19:00:00,96.8120947608524
2011-01-25 20:00:00,84.5398408008771
2011-01-25 21:00:00,93.507659976443
2011-01-25 22:00:00,104.125725892988
2011-01-25 23:00:00,134.947648294536
2011-01-26 00:00:00,12.2232927416784
2011-01-26 01:00:00,14.9788780053202
2011-01-26 02:00:00,10.3694241910139
2011-01-26 05:00:00,9.80976414903768
2011-01-26 06:00:00,10.85036453591
2011-01-26 07:00:00,12.9392680460487
2011-01-26 08:00:00,14.3118400192376
2011-01-26 09:00:00,15.8300117137462
2011-01-26 10:00:00,15.9469262039458
2011-01-26 11:00:00,17.1066368247137
2011-01-26 12:00:00,18.9212750389901
2011-01-26 13:00:00,20.9284064874686
2011-01-26 14:00:00,23.3381517819486
2011-01-26 15:00:00,25.440855925786
2011-01-26 16:00:00,28.3200132202764
2011-01-26 17:00:00,30.2463925617489
2011-01-27 16:00:00,65.5563278644708
2011-01-27 17:00:00,73.8553043348006
2011-01-27 18:00:00,63.269388136249
2011-01-27 19:00:00,69.9808797451697
2011-01-27 20:00:00,68.8124265433243
2011-01-27 21:00:00,76.1119127077937
2011-01-27 22:00:00,84.1857139333913
2011-01-27 23:00:00,83.2631500549844
2011-01-28 00:00:00,10.7058289449903
2011-01-28 01:00:00,11.8414821138831
2011-01-28 02:00:00,13.2052995070932
2011-01-28 03:00:00,15.0031765699362
2011-01-28 05:00:00,16.317606603244
2011-01-28 06:00:00,17.4325109914621
2011-01-28 07:00:00,17.418516376381
2011-01-28 08:00:00,19.2662381569074
2011-01-28 09:00:00,15.1741171988382
2011-01-28 10:00:00,16.8523885900625
2011-01-28 11:00:00,16.7942206864199
2011-01-28 12:00:00,18.5757184143977
2011-01-28 13:00:00,20.5461938993103
2011-01-28 14:00:00,31.8380568246899
2011-01-28 15:00:00,45.2265877999143
2011-01-28 16:00:00,48.7306974800905
2011-01-28 17:00:00,55.2756342868857
2011-01-28 18:00:00,59.5379192997426
2011-01-28 19:00:00,79.2367723637841
2011-01-28 20:00:00,91.9464186457238
2011-01-28 21:00:00,92.8691550444524
2011-01-28 22:00:00,103.612800323945
2011-01-28 23:00:00,124.257687730088
2011-01-29 00:00:00,11.9693420666967
2011-01-29 01:00:00,13.7943865487076
2011-01-29 02:00:00,15.1336477169459
2011-01-29 03:00:00,15.9009396368663
2011-01-29 04:00:00,14.8572667233846
2011-01-29 06:00:00,19.7425435369563
2011-01-29 07:00:00,23.3341752834075
2011-01-29 08:00:00,29.0742049093336
2011-01-29 09:00:00,30.9862263778718
2011-01-29 10:00:00,37.4283009066631
2011-01-29 11:00:00,39.9855985507975
2011-01-29 12:00:00,48.4326744814361
2011-01-29 13:00:00,61.4660284938033
2011-01-29 14:00:00,62.5916447702717
2011-01-29 15:00:00,51.1335274038867
2011-01-29 16:00:00,68.7780111916225
2011-01-29 17:00:00,82.7621743093152
2011-01-29 18:00:00,69.9215875687921
2011-01-29 19:00:00,89.674780353245
2011-01-29 20:00:00,75.1220993924641
2011-01-29 21:00:00,83.090903178448
2011-01-29 22:00:00,80.5183165702944
2011-01-29 23:00:00,89.0595404060966
2011-01-30 00:00:00,8.42616572056116
2011-01-30 01:00:00,9.87104367169831
2011-01-30 02:00:00,11.3998464576855
2011-01-30 03:00:00,9.95014661351746
2011-01-30 04:00:00,11.0056384946835
2011-01-30 05:00:00,13.5110275273705
2011-01-30 07:00:00,16.5295071762839
2011-01-30 08:00:00,21.4223536189281
2011-01-30 09:00:00,27.0533381007807
2011-01-30 10:00:00,31.2344190372239
2011-01-30 11:00:00,34.6196583603262
2011-01-30 12:00:00,63.1635756550907
2011-01-30 13:00:00,56.0594554392223
2011-01-30 14:00:00,64.4598335288557
2011-01-30 15:00:00,81.6850627526868
2011-01-30 16:00:00,90.3500527168416
2011-01-30 17:00:00,92.6372276827267
2011-01-30 18:00:00,81.5498529650727
2011-01-30 19:00:00,90.9396922997487
2011-01-30 20:00:00,120.044445303673
2011-01-30 21:00:00,114.948603412377
2011-01-30 22:00:00,122.80249433401
2011-01-30 23:00:00,143.631039076497
2011-01-31 00:00:00,13.2960948519035
2011-01-31 01:00:00,12.3013378591665
2011-01-31 02:00:00,13.9761422183859
2011-01-31 03:00:00,15.4587037538599
2011-01-31 04:00:00,17.0406601708867
2011-01-31 05:00:00,16.3172905078049
2011-01-31 06:00:00,15.5609966123181
2011-01-31 07:00:00,21.4616996695876
2011-01-31 08:00:00,25.5739610528039
2011-01-31 09:00:00,28.4024647893172
2011-01-31 10:00:00,31.8668357420925
2011-01-31 11:00:00,35.2472066763796
2011-01-31 12:00:00,47.9620145667487
2011-01-31 13:00:00,50.7136870435056
2011-01-31 14:00:00,56.6743658043088
2011-01-31 15:00:00,56.5644760311923
2011-01-31 16:00:00,66.502714033138
2011-01-31 17:00:00,64.5415342053917
2011-01-31 18:00:00,76.3941275795531
2011-01-31 19:00:00,102.48011050117
2011-01-31 20:00:00,61.7015597172829
2011-01-31 21:00:00,72.8761881913599
2011-01-31 22:00:00,113.631719001632
2011-01-31 23:00:00,121.315171043952
2011-02-20 00:00:00,19.7230281399903
2011-02-20 01:00:00,19.1905343860784
2011-02-20 02:00:00,21.7529584583586
2011-02-20 03:00:00,22.0366236460648
2011-02-20 04:00:00,24.3742251156888
2011-02-20 06:00:00,26.6021873210411
2011-02-20 07:00:00,26.2342774047872
2011-02-20 08:00:00,33.0873782066325
2011-02-20 09:00:00,39.0732327196594
2011-02-20 10:00:00,61.4856992849225
2011-02-20 11:00:00,86.4522150951146
2011-02-20 12:00:00,83.8280907087859
2011-02-20 13:00:00,99.8276815048258
2011-02-20 14:00:00,124.238668177652
2011-02-20 15:00:00,140.538763459025
2011-02-20 16:00:00,150.883810041251
2011-02-20 17:00:00,153.743346266379
2011-02-20 18:00:00,181.003986311446
2011-02-20 19:00:00,200.204531331644
2011-02-20 20:00:00,212.737816530084
2011-02-20 21:00:00,191.354104037189
2011-02-20 22:00:00,186.315718178531
2011-02-20 23:00:00,191.009864172873
2011-02-21 00:00:00,24.5538796335828
2011-02-21 01:00:00,27.1585066417081
2011-02-21 02:00:00,30.039427333467
2011-02-21 03:00:00,32.9549747459949
2011-02-21 04:00:00,29.9400366273378
2011-02-21 05:00:00,48.2568962713464
2011-02-21 06:00:00,79.8546414442155
2011-02-21 07:00:00,87.9657601301182
2011-02-21 08:00:00,43.6320311350937
2011-02-21 09:00:00,48.0638910325673
2011-02-21 10:00:00,52.728845246921
2011-02-21 11:00:00,61.0189226247727
2011-02-21 12:00:00,57.9485224461316
2011-02-21 13:00:00,31.8813460001148
2011-02-21 14:00:00,59.4659616036309
2011-02-21 15:00:00,69.5956405602949
2011-02-21 16:00:00,44.3588430481665
2011-02-21 17:00:00,74.4865169868839
2011-02-21 18:00:00,60.054335539248
2011-02-21 19:00:00,66.4247807248883
2011-02-21 20:00:00,55.2565806716562
2011-02-21 21:00:00,65.0821172216872
2011-02-21 22:00:00,65.5109703864994
2011-02-21 23:00:00,72.4602446088834
2011-02-22 06:00:00,14.6424648744716
2011-02-22 07:00:00,16.1957085999728
2011-02-22 08:00:00,17.7676212659011
2011-02-22 09:00:00,21.4898210537504
2011-02-22 10:00:00,24.2171479727691
2011-02-22 11:00:00,32.8385537040062
2011-02-22 12:00:00,40.2668417843181
2011-02-22 13:00:00,48.0521466659914
2011-02-22 14:00:00,53.5849823545265
2011-02-22 15:00:00,65.7833865791075
2011-02-22 16:00:00,69.0158088539973
2011-02-22 17:00:00,74.3164822283624
2011-02-22 18:00:00,88.8878042081952
2011-02-22 19:00:00,90.0034503491932
2011-02-22 20:00:00,102.257253367642
2011-02-22 21:00:00,114.031390843263
2011-02-22 22:00:00,117.641768191813
2011-02-22 23:00:00,130.12097438198
2011-02-23 00:00:00,10.8707524530031
2011-02-23 01:00:00,13.2131432090584
2011-02-23 02:00:00,13.6570524626258
2011-02-23 03:00:00,14.5905734501529
2011-02-23 05:00:00,18.3303067501537
2011-02-23 06:00:00,20.2747494509061
2011-02-23 07:00:00,21.3013582116836
2011-02-23 08:00:00,23.7546966154999
2011-02-23 09:00:00,31.9760520760505
2011-02-23 10:00:00,46.2643242305405
2011-02-23 11:00:00,51.8790508889532
2011-02-23 12:00:00,68.108331320942
2011-02-23 13:00:00,91.127687568475
2011-02-23 14:00:00,104.07958812876
2011-02-23 15:00:00,127.059670445859
2011-02-23 16:00:00,143.140623183223
2011-02-23 17:00:00,155.445892638177
2011-02-23 18:00:00,162.235250782344
2011-02-23 19:00:00,157.756122188493
2011-02-23 20:00:00,94.2956856816893
2011-02-23 21:00:00,135.678051038502
2011-02-23 22:00:00,150.070510455032
2011-02-23 23:00:00,140.628767224394
2011-02-24 00:00:00,13.8357152185425
2011-02-24 01:00:00,14.2049351241556
2011-02-24 02:00:00,13.5821819822855
2011-02-24 03:00:00,14.5653842155729
2011-02-24 05:00:00,16.5403748934376
2011-02-24 06:00:00,17.8157974720268
2011-02-24 07:00:00,18.844393157684
2011-02-24 08:00:00,23.596118717194
2011-02-24 09:00:00,27.7474318963246
2011-02-24 10:00:00,35.8890024715843
2011-02-24 11:00:00,56.4168807641961
2011-02-24 12:00:00,74.734423128065
2011-02-24 13:00:00,95.1677518141974
2011-02-24 14:00:00,116.655236091328
2011-02-24 15:00:00,84.9890221306115
2011-02-24 16:00:00,77.6625726463603
2011-02-24 17:00:00,69.4157245641882
2011-02-24 18:00:00,75.0492783552285
2011-02-24 19:00:00,51.3631966078325
2011-02-24 20:00:00,84.6534835466055
2011-02-24 21:00:00,101.555584581411
2011-02-24 22:00:00,79.0323652951402
2011-02-24 23:00:00,110.414962366309
2011-02-25 00:00:00,7.93130884893634
2011-02-25 01:00:00,11.5864212865865
2011-02-25 02:00:00,12.815485950131
2011-02-25 03:00:00,15.5055690582889
2011-02-25 05:00:00,18.9696464241631
2011-02-25 06:00:00,14.8839031261579
2011-02-25 07:00:00,14.3807608005265
2011-02-25 08:00:00,18.4333879528893
2011-02-25 09:00:00,19.0500173526919
2011-02-25 10:00:00,29.0519224925355
2011-02-25 11:00:00,66.3643504058592
2011-02-25 12:00:00,79.2395708218855
2011-02-25 13:00:00,87.6451478367969
2011-02-25 14:00:00,111.883337089056
2011-02-25 15:00:00,164.612583453528
2011-02-25 16:00:00,91.6529820900596
2011-02-25 17:00:00,104.933642990749
2011-02-25 18:00:00,113.047942217334
2011-02-25 19:00:00,113.128644466371
2011-02-25 20:00:00,131.117041582027
2011-02-25 21:00:00,138.450597813513
2011-02-25 22:00:00,136.790023105534
2011-02-25 23:00:00,152.893289124681
2011-02-26 00:00:00,14.9125572397893
2011-02-26 01:00:00,16.2561381795435
2011-02-26 02:00:00,15.5424795149253
2011-02-26 03:00:00,18.9845180184107
2011-02-26 04:00:00,24.5877564925732
2011-02-26 05:00:00,24.6404293121069
2011-02-26 06:00:00,26.1479912188157
2011-02-26 07:00:00,28.395837221564
2011-02-26 08:00:00,39.1364597892605
2011-02-26 09:00:00,44.0960257575402
2011-02-26 10:00:00,61.0829410073277
2011-02-26 11:00:00,64.293262554919
2011-02-26 12:00:00,83.4980933648721
2011-02-26 13:00:00,98.9729909041742
2011-02-26 14:00:00,117.018672208255
2011-02-26 15:00:00,131.283669919785
2011-02-26 16:00:00,113.333215008812
2011-02-26 17:00:00,134.648353554145
2011-02-26 18:00:00,135.291758672238
2011-02-26 19:00:00,133.466484517525
2011-02-26 20:00:00,129.785182951111
2011-02-26 21:00:00,118.046408911447
2011-02-26 22:00:00,111.582930323049
2011-02-26 23:00:00,120.187051428891
2011-02-27 00:00:00,9.47107912174151
2011-02-27 01:00:00,10.6727908827132
2011-02-27 02:00:00,12.122427863031
2011-02-27 03:00:00,13.8295718463664
2011-02-27 04:00:00,13.6076822827894
2011-02-27 06:00:00,18.2603304070609
2011-02-27 07:00:00,18.4137164182407
2011-02-27 08:00:00,23.3188413146663
2011-02-27 09:00:00,26.4332232242119
2011-02-27 10:00:00,32.63073571556
2011-02-27 11:00:00,54.0637550837569
2011-02-27 12:00:00,79.047131307223
2011-02-27 13:00:00,98.8390733076984
2011-02-27 14:00:00,116.982793176825
2011-02-27 15:00:00,142.975042721053
2011-02-27 16:00:00,166.476368178677
2011-02-27 17:00:00,140.559273947528
2011-02-27 18:00:00,148.942438353151
2011-02-27 19:00:00,162.070233838806
2011-02-27 20:00:00,177.081103562484
2011-02-27 21:00:00,169.951128347921
2011-02-27 22:00:00,216.685757649641
2011-02-27 23:00:00,214.147648968575
2011-02-28 00:00:00,18.6718460685769
2011-02-28 01:00:00,9.29880235691597
2011-02-28 03:00:00,10.3004405982755
2011-02-28 05:00:00,20.091231132828
2011-02-28 06:00:00,20.9501091965552
2011-02-28 07:00:00,25.2934305669088
2011-02-28 08:00:00,24.8378906646558
2011-02-28 09:00:00,38.8132902143473
2011-02-28 10:00:00,76.6717763063158
2011-02-28 11:00:00,98.7370392030372
2011-02-28 12:00:00,109.21086911702
2011-02-28 13:00:00,41.637004786835
2011-02-28 14:00:00,39.4406217947699
2011-02-28 15:00:00,43.6244049800312
2011-02-28 16:00:00,46.1301275132241
2011-02-28 17:00:00,51.1298164848549
2011-02-28 18:00:00,68.3678413363591
2011-02-28 19:00:00,88.8250207165428
2011-02-28 20:00:00,98.2474033056946
2011-02-28 21:00:00,133.639763198682
2011-02-28 22:00:00,71.8143546663711
2011-02-28 23:00:00,132.302252896837
2011-03-20 00:00:00,20.5576441265684
2011-03-20 01:00:00,20.1907678602913
2011-03-20 02:00:00,22.2093062161723
2011-03-20 03:00:00,21.9854653479207
2011-03-20 04:00:00,23.1073467742137
2011-03-20 05:00:00,23.8836620609073
2011-03-20 06:00:00,26.6344117913003
2011-03-20 07:00:00,27.0303643036967
2011-03-20 08:00:00,35.5155856041529
2011-03-20 09:00:00,45.0716842106876
2011-03-20 10:00:00,71.1133899681116
2011-03-20 11:00:00,75.537574937968
2011-03-20 12:00:00,85.9223181823887
2011-03-20 13:00:00,110.066919142361
2011-03-20 14:00:00,134.918417148968
2011-03-20 15:00:00,148.448271356399
2011-03-20 16:00:00,167.236212701193
2011-03-20 17:00:00,183.152544594634
2011-03-20 18:00:00,183.811916467884
2011-03-20 19:00:00,160.37008985594
2011-03-20 20:00:00,169.629062562229
2011-03-20 21:00:00,189.75505727412
2011-03-20 22:00:00,203.496832605295
2011-03-20 23:00:00,138.541958155163
2011-03-21 00:00:00,13.279889933996
2011-03-21 01:00:00,19.986565835281
2011-03-21 02:00:00,21.7481829515795
2011-03-21 03:00:00,24.0551872025843
2011-03-21 05:00:00,21.4637735161222
2011-03-21 06:00:00,20.1942030803774
2011-03-21 07:00:00,18.1970195749543
2011-03-21 08:00:00,29.5047601282214
2011-03-21 09:00:00,37.9513364973608
2011-03-21 10:00:00,59.5103970613921
2011-03-21 11:00:00,75.4130169483143
2011-03-21 12:00:00,78.6748275751383
2011-03-21 13:00:00,120.963837486213
2011-03-21 14:00:00,143.705048435335
2011-03-21 15:00:00,176.101516567781
2011-03-21 16:00:00,178.708214584954
2011-03-21 17:00:00,196.053161505768
2011-03-21 18:00:00,182.855453089865
2011-03-21 19:00:00,247.690847204546
2011-03-21 20:00:00,232.506698585779
2011-03-21 21:00:00,132.625911200754
2011-03-21 22:00:00,161.729156251621
2011-03-21 23:00:00,172.424862650879
2011-03-22 00:00:00,17.4560147226784
2011-03-22 01:00:00,14.5752975412759
2011-03-22 02:00:00,18.1825296020295
2011-03-22 03:00:00,24.9488054946538
2011-03-22 04:00:00,30.465331379639
2011-03-22 05:00:00,29.7207872206975
2011-03-22 06:00:00,28.9885494569803
2011-03-22 07:00:00,42.4867167026304
2011-03-22 08:00:00,64.7988556670223
2011-03-22 09:00:00,74.9693463440669
2011-03-22 10:00:00,91.7052788343774
2011-03-22 11:00:00,91.2691249456026
2011-03-22 12:00:00,109.579630476462
2011-03-22 13:00:00,134.985550992328
2011-03-22 14:00:00,160.661412654255
2011-03-22 15:00:00,172.690196615344
2011-03-22 16:00:00,184.863648143479
2011-03-22 17:00:00,204.473618460208
2011-03-22 18:00:00,209.452100574083
2011-03-22 19:00:00,224.459250589326
2011-03-22 20:00:00,255.477661642702
2011-03-22 21:00:00,265.164450151137
2011-03-22 22:00:00,262.566506403706
2011-03-22 23:00:00,290.41904230491
2011-03-23 00:00:00,13.4104350661568
2011-03-23 01:00:00,12.6329138225979
2011-03-23 02:00:00,13.9729883454304
2011-03-23 03:00:00,22.8415545377246
2011-03-23 05:00:00,15.9193117184561
2011-03-23 06:00:00,26.2371752856617
2011-03-23 07:00:00,25.2110185680786
2011-03-23 08:00:00,31.5782195083008
2011-03-23 09:00:00,37.1827878620525
2011-03-23 10:00:00,43.2946573347742
2011-03-23 11:00:00,44.6037875030774
2011-03-23 12:00:00,47.6526570795302
2011-03-23 13:00:00,36.6215092070072
2011-03-23 14:00:00,64.1889842800151
2011-03-23 15:00:00,86.1337374341847
2011-03-23 16:00:00,108.774468115958
2011-03-23 17:00:00,120.313048644869
2011-03-23 18:00:00,80.1620941358167
2011-03-23 19:00:00,88.6655306000268
2011-03-23 20:00:00,78.2030601644781
2011-03-23 21:00:00,64.2164056875254
2011-03-23 22:00:00,117.496801058321
2011-03-23 23:00:00,92.5147120842468
2011-03-24 00:00:00,12.447726839637
2011-03-24 01:00:00,11.8839723149185
2011-03-24 02:00:00,13.2523204680736
2011-03-24 03:00:00,13.81104573417
2011-03-24 04:00:00,15.2760941609968
2011-03-24 05:00:00,18.9078388146819
2011-03-24 06:00:00,20.9135449750495
2011-03-24 07:00:00,13.620503873404
2011-03-24 08:00:00,14.1083165161766
2011-03-24 09:00:00,27.1117864770539
2011-03-24 10:00:00,28.3136973187696
2011-03-24 11:00:00,42.2537440886517
2011-03-24 12:00:00,55.510259908665
2011-03-24 13:00:00,65.0288895278533
2011-03-24 14:00:00,70.1834491773874
2011-03-24 15:00:00,76.8414568537458
2011-03-24 16:00:00,90.8207202329986
2011-03-24 17:00:00,93.2443620341251
2011-03-24 18:00:00,115.28107898891
2011-03-24 19:00:00,120.151112636683
2011-03-24 20:00:00,114.844173744952
2011-03-24 21:00:00,117.737624299895
2011-03-24 22:00:00,128.115025595764
2011-03-24 23:00:00,131.085118626047
2011-03-25 00:00:00,13.8940532522302
2011-03-25 01:00:00,12.7671335343458
2011-03-25 02:00:00,13.7516027787539
2011-03-25 03:00:00,16.0440545047184
2011-03-25 04:00:00,15.7761709495976
2011-03-25 05:00:00,16.992666026791
2011-03-25 06:00:00,18.2977666097347
2011-03-25 07:00:00,26.2544189733361
2011-03-25 08:00:00,34.9340481552781
2011-03-25 09:00:00,40.5710099641097
2011-03-25 10:00:00,47.0569637736949
2011-03-25 11:00:00,64.1103379225533
2011-03-25 12:00:00,76.77027263278
2011-03-25 13:00:00,91.2088376836651
2011-03-25 14:00:00,121.261505443455
2011-03-25 15:00:00,138.975997860044
2011-03-25 16:00:00,153.547710333433
2011-03-25 17:00:00,160.532886168641
2011-03-25 18:00:00,140.828232107345
2011-03-25 19:00:00,192.425360546255
2011-03-25 20:00:00,203.942458440925
2011-03-25 21:00:00,227.431095197778
2011-03-25 22:00:00,234.764308808284
2011-03-25 23:00:00,245.662559975176
2011-03-26 00:00:00,26.3856174472201
2011-03-26 01:00:00,23.9594568131182
2011-03-26 02:00:00,22.7416298650495
2011-03-26 03:00:00,22.856789996249
2011-03-26 04:00:00,27.8223053941099
2011-03-26 05:00:00,26.3456104647516
2011-03-26 06:00:00,26.294527173117
2011-03-26 07:00:00,32.2314462285345
2011-03-26 08:00:00,42.4256923773754
2011-03-26 09:00:00,51.2212749982527
2011-03-26 10:00:00,59.640701432256
2011-03-26 11:00:00,72.0052543156457
2011-03-26 12:00:00,86.3741728076065
2011-03-26 13:00:00,105.138499956084
2011-03-26 14:00:00,128.877233105294
2011-03-26 15:00:00,147.581644920546
2011-03-26 16:00:00,178.499028806253
2011-03-26 17:00:00,179.941547478181
2011-03-26 18:00:00,250.493698317725
2011-03-26 19:00:00,174.513864851475
2011-03-26 20:00:00,193.025950618272
2011-03-26 21:00:00,204.241181841147
2011-03-26 22:00:00,248.611486397296
2011-03-26 23:00:00,245.257371371081
2011-03-27 00:00:00,25.4980298415052
2011-03-27 01:00:00,22.1459379199976
2011-03-27 02:00:00,15.9795632449554
2011-03-27 03:00:00,13.2725808233921
2011-03-27 04:00:00,13.4057789795705
2011-03-27 06:00:00,13.0293122360358
2011-03-27 07:00:00,13.9199243544756
2011-03-27 08:00:00,27.4896203768698
2011-03-27 09:00:00,39.8335333476679
2011-03-27 10:00:00,50.6714506506964
2011-03-27 11:00:00,66.6979496476522
2011-03-27 12:00:00,83.105137916195
2011-03-27 13:00:00,92.1122137478431
2011-03-27 14:00:00,114.232022815023
2011-03-27 15:00:00,125.033213514432
2011-03-27 16:00:00,143.679506450866
2011-03-27 17:00:00,163.451388275114
2011-03-27 18:00:00,165.389279290694
2011-03-27 19:00:00,190.015398314025
2011-03-27 20:00:00,183.812612352481
2011-03-27 21:00:00,180.794884668402
2011-03-27 22:00:00,199.973248599704
2011-03-27 23:00:00,213.252104681184
2011-03-28 00:00:00,14.9684586547531
2011-03-28 01:00:00,19.5042257947671
2011-03-28 02:00:00,21.3978404278824
2011-03-28 03:00:00,23.6676810366061
2011-03-28 05:00:00,26.038397584881
2011-03-28 06:00:00,32.3338353847782
2011-03-28 07:00:00,38.9347814297225
2011-03-28 08:00:00,42.4135632382985
2011-03-28 09:00:00,59.1123325261123
2011-03-28 10:00:00,59.5354074127389
2011-03-28 11:00:00,82.5404459002634
2011-03-28 12:00:00,99.1847992729935
2011-03-28 13:00:00,123.618155879686
2011-03-28 14:00:00,125.490996145567
2011-03-28 15:00:00,136.949371912536
2011-03-28 16:00:00,157.929999512068
2011-03-28 17:00:00,170.755013337881
2011-03-28 18:00:00,193.787700080865
2011-03-28 19:00:00,202.714115101308
2011-03-28 20:00:00,242.383020239436
2011-03-28 21:00:00,274.348200177947
2011-03-28 22:00:00,269.322020497445
2011-03-28 23:00:00,270.778784922006
2011-03-29 00:00:00,23.2189745855239
2011-03-29 01:00:00,22.9849575756926
2011-03-29 02:00:00,25.4231564337005
2011-03-29 03:00:00,28.1199946062084
2011-03-29 04:00:00,25.0721343144991
2011-03-29 05:00:00,31.5435043520755
2011-03-29 06:00:00,33.2771329209262
2011-03-29 07:00:00,35.8431211135459
2011-03-29 08:00:00,45.2518292385443
2011-03-29 09:00:00,63.7371799174999
2011-03-29 10:00:00,76.2125550056048
2011-03-29 11:00:00,108.692240977918
2011-03-29 12:00:00,105.173948006464
2011-03-29 13:00:00,110.73659388438
2011-03-29 14:00:00,131.863683144703
2011-03-29 15:00:00,171.838462881192
2011-03-29 16:00:00,195.530293560641
2011-03-29 17:00:00,230.745266627641
2011-03-29 18:00:00,218.275503021253
2011-03-29 19:00:00,221.254597439398
2011-03-29 20:00:00,267.040126022077
2011-03-29 21:00:00,210.786492733353
2011-03-29 22:00:00,210.058939583665
2011-03-29 23:00:00,228.162431674758
2011-03-30 00:00:00,22.7767673692493
2011-03-30 01:00:00,28.1131543481457
2011-03-30 02:00:00,27.865292918682
2011-03-30 03:00:00,34.722131123203
2011-03-30 04:00:00,34.0906388011962
2011-03-30 05:00:00,33.9790895356428
2011-03-30 06:00:00,42.8361783731452
2011-03-30 07:00:00,54.3635012652168
2011-03-30 08:00:00,55.1682031991723
2011-03-30 09:00:00,63.0527306921919
2011-03-30 10:00:00,71.7414588595749
2011-03-30 11:00:00,80.0019369332165
2011-03-30 12:00:00,90.1296273304299
2011-03-30 13:00:00,105.804580095457
2011-03-30 14:00:00,114.396647509824
2011-03-30 15:00:00,41.3309491789664
2011-03-30 16:00:00,43.1063754428342
2011-03-30 17:00:00,41.8565144381155
2011-03-30 18:00:00,67.1784539878526
2011-03-30 19:00:00,74.3046115740269
2011-03-30 20:00:00,50.2853596441015
2011-03-30 21:00:00,84.0920336195195
2011-03-30 22:00:00,62.9346789531283
2011-03-30 23:00:00,67.7682987076513
2011-03-31 00:00:00,6.84862251094352
2011-03-31 01:00:00,7.51333170860909
2011-03-31 02:00:00,8.31033108228372
2011-03-31 03:00:00,9.26745570269466
2011-03-31 04:00:00,10.3345320605981
2011-03-31 05:00:00,11.3378849412645
2011-03-31 06:00:00,12.2586000148822
2011-03-31 07:00:00,13.9845374637937
2011-03-31 08:00:00,20.4292564619137
2011-03-31 09:00:00,17.8585602071644
2011-03-31 10:00:00,19.7529609672868
2011-03-31 11:00:00,23.4257756210422
2011-03-31 12:00:00,25.9107355857966
2011-03-31 13:00:00,33.6015463124029
2011-03-31 14:00:00,37.1659319144385
2011-03-31 15:00:00,39.4534004419589
2011-03-31 16:00:00,65.9777855791619
2011-03-31 17:00:00,72.9765786342826
2011-03-31 18:00:00,81.5444002207264
2011-03-31 19:00:00,90.1944689815829
2011-03-31 20:00:00,56.9897081431517
2011-03-31 21:00:00,93.3497458311801
2011-03-31 22:00:00,72.1835669989823
2011-03-31 23:00:00,67.2456850905443
2011-04-20 00:00:00,16.4519479391115
2011-04-20 01:00:00,16.0691019475643
2011-04-20 02:00:00,17.7736805132953
2011-04-20 03:00:00,18.7945749365045
2011-04-20 04:00:00,18.7414580557639
2011-04-20 05:00:00,23.2301698374094
2011-04-20 06:00:00,26.6023756893901
2011-04-20 07:00:00,29.3714729485711
2011-04-20 08:00:00,85.92560257464
2011-04-20 09:00:00,106.41167111961
2011-04-20 10:00:00,94.9108934361202
2011-04-20 11:00:00,104.978853371499
2011-04-20 12:00:00,196.001009473553
2011-04-20 13:00:00,216.792409061438
2011-04-20 14:00:00,275.714789729363
2011-04-20 15:00:00,390.60335499129
2011-04-20 16:00:00,432.037786659806
2011-04-20 17:00:00,451.563723236236
2011-04-20 18:00:00,465.446427699542
2011-04-20 19:00:00,465.221466456521
2011-04-20 20:00:00,473.09556965948
2011-04-20 21:00:00,517.796413434843
2011-04-20 22:00:00,527.278725618359
2011-04-20 23:00:00,604.200058054736
2011-04-21 00:00:00,44.2703489571489
2011-04-21 01:00:00,42.0347326573822
2011-04-21 02:00:00,48.7061033498568
2011-04-21 03:00:00,51.6963998951769
2011-04-21 04:00:00,52.1720753967854
2011-04-21 05:00:00,56.8710802124161
2011-04-21 06:00:00,57.2437877045602
2011-04-21 07:00:00,75.3537512773621
2011-04-21 08:00:00,76.9838262501256
2011-04-21 09:00:00,87.7755403953957
2011-04-21 10:00:00,88.43412133136
2011-04-21 11:00:00,104.638483313953
2011-04-21 12:00:00,122.267478020906
2011-04-21 13:00:00,159.120315212995
2011-04-21 14:00:00,183.979545691961
2011-04-21 15:00:00,230.779978485895
2011-04-21 16:00:00,258.715338171264
2011-04-21 17:00:00,252.257081229067
2011-04-21 18:00:00,305.991636310892
2011-04-21 19:00:00,296.967874900299
2011-04-21 20:00:00,293.204626682698
2011-04-21 21:00:00,245.088967776583
2011-04-21 22:00:00,301.24398308322
2011-04-21 23:00:00,297.509939695746
2011-04-22 00:00:00,19.0281956053906
2011-04-22 01:00:00,23.4293796946976
2011-04-22 02:00:00,26.2346485414315
2011-04-22 03:00:00,29.0175681923949
2011-04-22 04:00:00,30.6229976204498
2011-04-22 05:00:00,33.3221104748115
2011-04-22 06:00:00,37.4644384300994
2011-04-22 07:00:00,48.5541667773172
2011-04-22 08:00:00,53.2667058594902
2011-04-22 09:00:00,34.5905187276871
2011-04-22 10:00:00,61.1050009620083
2011-04-22 11:00:00,41.6033011134178
2011-04-22 12:00:00,39.0046464231793
2011-04-22 13:00:00,37.2252139069535
2011-04-22 14:00:00,40.0956372568244
2011-04-22 15:00:00,45.5416465673831
2011-04-22 16:00:00,49.555690038318
2011-04-22 17:00:00,47.1348318782911
2011-04-22 18:00:00,52.1348016576384
2011-04-22 19:00:00,57.6651583461601
2011-04-22 20:00:00,69.7456297244142
2011-04-22 21:00:00,69.4039281443191
2011-04-22 22:00:00,68.6002997443217
2011-04-22 23:00:00,91.0398615043731
2011-04-23 00:00:00,12.6793577861289
2011-04-23 01:00:00,14.0243589927923
2011-04-23 02:00:00,10.866472013631
2011-04-23 03:00:00,11.8729196005139
2011-04-23 04:00:00,13.9657052317173
2011-04-23 05:00:00,15.4471596322796
2011-04-23 06:00:00,24.037766423747
2011-04-23 07:00:00,18.1373490671242
2011-04-23 08:00:00,30.1377715231584
2011-04-23 09:00:00,43.8326060576225
2011-04-23 10:00:00,56.6114848626203
2011-04-23 11:00:00,68.2444414727755
2011-04-23 12:00:00,83.2879080128889
2011-04-23 13:00:00,91.3741147167248
2011-04-23 14:00:00,122.893179105244
2011-04-23 15:00:00,167.966192602068
2011-04-23 16:00:00,180.541888347537
2011-04-23 17:00:00,202.158702002508
2011-04-23 18:00:00,175.849123346987
2011-04-23 19:00:00,177.208714726226
2011-04-23 20:00:00,202.563407035927
2011-04-23 21:00:00,254.025969503386
2011-04-23 22:00:00,313.4770419351
2011-04-23 23:00:00,267.468587439414
2011-04-24 00:00:00,23.5547031359789
2011-04-24 01:00:00,22.9725222500069
2011-04-24 02:00:00,25.4094019932509
2011-04-24 03:00:00,24.9772541882057
2011-04-24 04:00:00,27.6267919320673
2011-04-24 05:00:00,30.55738740162
2011-04-24 06:00:00,35.3385200711197
2011-04-24 07:00:00,39.0871604154556
2011-04-24 08:00:00,44.7917335153853
2011-04-24 09:00:00,59.5282191985939
2011-04-24 10:00:00,84.8567786408504
2011-04-24 11:00:00,128.535999257122
2011-04-24 12:00:00,153.377846148547
2011-04-24 13:00:00,198.161375639948
2011-04-24 14:00:00,235.511417693497
2011-04-24 15:00:00,210.98338589348
2011-04-24 16:00:00,334.389298541181
2011-04-24 17:00:00,246.189758557427
2011-04-24 18:00:00,236.906099759107
2011-04-24 19:00:00,154.375189127866
2011-04-24 20:00:00,170.75100398838
2011-04-24 21:00:00,136.388403973456
2011-04-24 22:00:00,137.957546770712
2011-04-24 23:00:00,149.505784025281
2011-04-25 00:00:00,12.5914874579838
2011-04-25 01:00:00,18.6446788186913
2011-04-25 02:00:00,20.6224694869556
2011-04-25 03:00:00,24.6161361314948
2011-04-25 04:00:00,27.6265181514041
2011-04-25 05:00:00,26.8525031742627
2011-04-25 06:00:00,32.3703588718882
2011-04-25 07:00:00,38.3125303611559
2011-04-25 08:00:00,47.3249126436047
2011-04-25 09:00:00,61.9648234149836
2011-04-25 10:00:00,92.7708975938949
2011-04-25 11:00:00,102.611851001136
2011-04-25 12:00:00,117.675216044154
2011-04-25 13:00:00,160.890287806964
2011-04-25 14:00:00,218.892876200785
2011-04-25 15:00:00,253.178174953057
2011-04-25 16:00:00,266.089161157088
2011-04-25 17:00:00,289.542275845175
2011-04-25 18:00:00,298.238034255684
2011-04-25 19:00:00,313.367599884401
2011-04-25 20:00:00,322.576451071664
2011-04-25 21:00:00,300.938802042016
2011-04-25 22:00:00,304.063285544873
2011-04-25 23:00:00,273.291153360368
2011-04-26 00:00:00,36.5202370821243
2011-04-26 01:00:00,36.4494255166103
2011-04-26 02:00:00,29.6043106586261
2011-04-26 03:00:00,28.7631924833087
2011-04-26 04:00:00,35.4847176292725
2011-04-26 05:00:00,34.9021503430503
2011-04-26 06:00:00,39.9687183646067
2011-04-26 07:00:00,50.7548449550119
2011-04-26 08:00:00,56.1388185647151
2011-04-26 09:00:00,87.0162154221654
2011-04-26 10:00:00,106.632910038143
2011-04-26 11:00:00,131.783827700461
2011-04-26 12:00:00,162.816240729315
2011-04-26 13:00:00,220.032243492318
2011-04-26 14:00:00,212.218279846397
2011-04-26 15:00:00,216.747476024011
2011-04-26 16:00:00,252.758119276624
2011-04-26 17:00:00,254.038047687664
2011-04-26 18:00:00,271.308515160319
2011-04-26 19:00:00,242.414608227753
2011-04-26 20:00:00,263.781046394983
2011-04-26 21:00:00,254.131108169179
2011-04-26 22:00:00,273.704928892054
2011-04-26 23:00:00,305.228309077097
2011-04-27 00:00:00,25.6289456505454
2011-04-27 01:00:00,28.5799219334681
2011-04-27 02:00:00,28.1107135340899
2011-04-27 03:00:00,36.7312389334936
2011-04-27 04:00:00,29.8765845642565
2011-04-27 05:00:00,39.0375687063818
2011-04-27 06:00:00,36.8508075618597
2011-04-27 07:00:00,54.9766952834905
2011-04-27 08:00:00,61.5592174238466
2011-04-27 09:00:00,69.778937491258
2011-04-27 10:00:00,87.3496194978011
2011-04-27 11:00:00,108.647994140591
2011-04-27 12:00:00,108.408871282173
2011-04-27 13:00:00,113.905315532646
2011-04-27 14:00:00,151.552507174643
2011-04-27 15:00:00,211.860379498928
2011-04-27 16:00:00,211.382787174887
2011-04-27 17:00:00,135.351144586423
2011-04-27 18:00:00,149.708926412815
2011-04-27 19:00:00,207.723821491868
2011-04-27 20:00:00,206.835857698247
2011-04-27 21:00:00,200.902161757228
2011-04-27 22:00:00,263.584935122472
2011-04-27 23:00:00,293.934716291312
2011-04-28 00:00:00,31.2197939816813
2011-04-28 01:00:00,36.2759511674623
2011-04-28 02:00:00,40.7854760590272
2011-04-28 03:00:00,49.9074369943947
2011-04-28 04:00:00,49.4903623111763
2011-04-28 05:00:00,54.2952530695558
2011-04-28 06:00:00,68.9280176333714
2011-04-28 07:00:00,75.9292804491193
2011-04-28 08:00:00,87.6890192720197
2011-04-28 09:00:00,48.484129192772
2011-04-28 10:00:00,77.6538029131649
2011-04-28 11:00:00,96.6154944425602
2011-04-28 12:00:00,119.193081258149
2011-04-28 13:00:00,118.683562706799
2011-04-28 14:00:00,112.03528485495
2011-04-28 15:00:00,175.095725057882
2011-04-28 16:00:00,152.25535796292
2011-04-28 17:00:00,299.725259981882
2011-04-28 18:00:00,331.51952299922
2011-04-28 19:00:00,382.888574035934
2011-04-28 20:00:00,334.660288237925
2011-04-28 21:00:00,330.806101856156
2011-04-28 22:00:00,358.722419207386
2011-04-28 23:00:00,425.097743145407
2011-04-29 00:00:00,42.2416854185866
2011-04-29 01:00:00,38.8046641398152
2011-04-29 02:00:00,30.2420858823368
2011-04-29 03:00:00,35.359306340771
2011-04-29 04:00:00,44.6029207757869
2011-04-29 05:00:00,52.3633665717177
2011-04-29 06:00:00,67.7466624775106
2011-04-29 07:00:00,79.8316882931842
2011-04-29 08:00:00,99.2087041364833
2011-04-29 09:00:00,110.634854592814
2011-04-29 10:00:00,124.310044083228
2011-04-29 11:00:00,180.410243202062
2011-04-29 12:00:00,159.032769034776
2011-04-29 13:00:00,176.621940321701
2011-04-29 14:00:00,262.698151107515
2011-04-29 15:00:00,242.118971017694
2011-04-29 16:00:00,253.133421066643
2011-04-29 17:00:00,258.542915525132
2011-04-29 18:00:00,231.489654587266
2011-04-29 19:00:00,201.075104688728
2011-04-29 20:00:00,250.467824569212
2011-04-29 21:00:00,251.66466267374
2011-04-29 22:00:00,228.243869039718
2011-04-29 23:00:00,321.189864010798
2011-04-30 00:00:00,36.0835160970963
2011-04-30 01:00:00,38.9447674162069
2011-04-30 02:00:00,43.7860573729845
2011-04-30 03:00:00,46.0060567185383
2011-04-30 04:00:00,51.3047059705768
2011-04-30 05:00:00,50.6584707679754
2011-04-30 06:00:00,49.1476629026008
2011-04-30 07:00:00,59.3740663042991
2011-04-30 08:00:00,64.0803925021317
2011-04-30 09:00:00,82.1103188573449
2011-04-30 10:00:00,110.765440164809
2011-04-30 11:00:00,130.677154741637
2011-04-30 12:00:00,152.15703182376
2011-04-30 13:00:00,179.299648011485
2011-04-30 14:00:00,194.308575927104
2011-04-30 15:00:00,225.520692869286
2011-04-30 16:00:00,264.742270867187
2011-04-30 17:00:00,252.313318782314
2011-04-30 18:00:00,267.361660835291
2011-04-30 19:00:00,295.722857238502
2011-04-30 20:00:00,198.720959503036
2011-04-30 21:00:00,219.800886012665
2011-04-30 22:00:00,223.832190141741
2011-04-30 23:00:00,247.575866352226
2011-05-20 00:00:00,15.5134927025466
2011-05-20 01:00:00,15.3115870651188
2011-05-20 02:00:00,16.6278675201655
2011-05-20 03:00:00,17.9458868743255
2011-05-20 04:00:00,22.2446629563069
2011-05-20 05:00:00,24.7049432452883
2011-05-20 06:00:00,31.1899142248865
2011-05-20 07:00:00,45.0239665033252
2011-05-20 08:00:00,59.3506997180303
2011-05-20 09:00:00,69.7980348490675
2011-05-20 10:00:00,84.8355416037973
2011-05-20 11:00:00,121.846702111587
2011-05-20 12:00:00,180.285069837665
2011-05-20 13:00:00,137.150025371207
2011-05-20 14:00:00,195.242388851334
2011-05-20 15:00:00,240.002678339022
2011-05-20 16:00:00,275.338023542551
2011-05-20 17:00:00,248.484792120929
2011-05-20 18:00:00,274.920628476242
2011-05-20 19:00:00,213.295702553344
2011-05-20 20:00:00,236.886404455512
2011-05-20 21:00:00,250.943374663589
2011-05-20 22:00:00,225.98437192623
2011-05-20 23:00:00,254.164126814791
2011-05-21 00:00:00,24.928345472178
2011-05-21 01:00:00,28.8667360030542
2011-05-21 02:00:00,32.8558800492946
2011-05-21 03:00:00,28.7293398797519
2011-05-21 04:00:00,28.0600236242548
2011-05-21 05:00:00,30.7842984506212
2011-05-21 06:00:00,40.9123363223722
2011-05-21 07:00:00,56.4114153524195
2011-05-21 08:00:00,73.094727051643
2011-05-21 09:00:00,104.701634236361
2011-05-21 10:00:00,117.20500818013
2011-05-21 11:00:00,153.695189025454
2011-05-21 12:00:00,171.348661044344
2011-05-21 13:00:00,213.18898737493
2011-05-21 14:00:00,257.386765825737
2011-05-21 15:00:00,291.836242955829
2011-05-21 16:00:00,413.584497722924
2011-05-21 17:00:00,426.870008293882
2011-05-21 18:00:00,432.559368966773
2011-05-21 19:00:00,396.342570582572
2011-05-21 20:00:00,312.157764360001
2011-05-21 21:00:00,355.295384319967
2011-05-21 22:00:00,336.831501654367
2011-05-21 23:00:00,282.91192762727
2011-05-22 00:00:00,22.4583948698593
2011-05-22 01:00:00,21.5794382254058
2011-05-22 02:00:00,23.6745298444232
2011-05-22 03:00:00,22.9350247623076
2011-05-22 04:00:00,24.6521792018851
2011-05-22 05:00:00,28.0589063732441
2011-05-22 06:00:00,35.4343455605558
2011-05-22 07:00:00,44.7484598509571
2011-05-22 08:00:00,76.4217036341964
2011-05-22 09:00:00,94.0596610526993
2011-05-22 10:00:00,111.32999918713
2011-05-22 11:00:00,167.752340083493
2011-05-22 12:00:00,237.374960158911
2011-05-22 13:00:00,222.454442830818
2011-05-22 14:00:00,127.553734167521
2011-05-22 15:00:00,241.226088170085
2011-05-22 16:00:00,235.820881432478
2011-05-22 17:00:00,294.174912109268
2011-05-22 18:00:00,283.178979739378
2011-05-22 19:00:00,310.663582974196
2011-05-22 20:00:00,307.628287498926
2011-05-22 21:00:00,291.641554049318
2011-05-22 22:00:00,250.877077960574
2011-05-22 23:00:00,311.488094692497
2011-05-23 00:00:00,24.9557004967447
2011-05-23 01:00:00,23.3662746987605
2011-05-23 02:00:00,20.9986636850973
2011-05-23 03:00:00,20.348521745138
2011-05-23 04:00:00,31.5423514174419
2011-05-23 05:00:00,34.8883016960807
2011-05-23 06:00:00,35.2896901258886
2011-05-23 07:00:00,45.8466730099309
2011-05-23 08:00:00,50.6390424773268
2011-05-23 09:00:00,56.4712859618747
2011-05-23 10:00:00,97.3738124971971
2011-05-23 11:00:00,124.160547558694
2011-05-23 12:00:00,137.331252976371
2011-05-23 13:00:00,240.486581978364
2011-05-23 14:00:00,257.886005496637
2011-05-23 15:00:00,279.473289743274
2011-05-23 16:00:00,296.734274855731
2011-05-23 17:00:00,203.679729813153
2011-05-23 18:00:00,247.219744277209
2011-05-23 19:00:00,269.0097074252
2011-05-23 20:00:00,201.000052557258
2011-05-23 21:00:00,203.312549628342
2011-05-23 22:00:00,191.524727261781
2011-05-23 23:00:00,281.009018808267
2011-05-24 00:00:00,22.224201817554
2011-05-24 01:00:00,24.3818918593869
2011-05-24 02:00:00,27.1892794745815
2011-05-24 03:00:00,31.9826862461945
2011-05-24 04:00:00,33.0139077350524
2011-05-24 05:00:00,40.7598828345018
2011-05-24 06:00:00,44.3524613620661
2011-05-24 07:00:00,48.3186958400407
2011-05-24 08:00:00,47.916210516589
2011-05-24 09:00:00,97.4745146479065
2011-05-24 10:00:00,129.861584544711
2011-05-24 11:00:00,169.154366027149
2011-05-24 12:00:00,223.379932966692
2011-05-24 13:00:00,244.976468946895
2011-05-24 14:00:00,273.1911101602
2011-05-24 15:00:00,209.877164194353
2011-05-24 16:00:00,186.670296135004
2011-05-24 17:00:00,247.371380139327
2011-05-24 18:00:00,245.218986267304
2011-05-24 19:00:00,234.468434236659
2011-05-24 20:00:00,252.030081782016
2011-05-24 21:00:00,240.980927111211
2011-05-24 22:00:00,174.736994614268
2011-05-24 23:00:00,278.226411400108
2011-05-25 00:00:00,20.4854822769483
2011-05-25 01:00:00,21.5302324068165
2011-05-25 02:00:00,26.912209095539
2011-05-25 03:00:00,23.0910262589616
2011-05-25 04:00:00,25.3328740348089
2011-05-25 05:00:00,34.8305444992234
2011-05-25 06:00:00,35.2312684349336
2011-05-25 07:00:00,64.0688472699627
2011-05-25 08:00:00,80.4857009065767
2011-05-25 09:00:00,99.2626284638305
2011-05-25 10:00:00,121.640120519848
2011-05-25 11:00:00,163.045574894012
2011-05-25 12:00:00,179.539450838027
2011-05-25 13:00:00,198.584640830614
2011-05-25 14:00:00,221.45620239567
2011-05-25 15:00:00,274.080507279169
2011-05-25 16:00:00,284.651182419664
2011-05-25 17:00:00,309.740354779625
2011-05-25 18:00:00,308.671251310123
2011-05-25 19:00:00,305.116373199227
2011-05-25 20:00:00,340.257499345458
2011-05-25 21:00:00,304.020639940636
2011-05-25 22:00:00,347.448755215507
2011-05-25 23:00:00,335.713872712383
2011-05-26 00:00:00,33.0290994469933
2011-05-26 01:00:00,36.5327610172827
2011-05-26 02:00:00,31.68476599394
2011-05-26 03:00:00,29.7261662633818
2011-05-26 04:00:00,32.0824312752723
2011-05-26 05:00:00,42.612002554956
2011-05-26 06:00:00,34.6381806391783
2011-05-26 07:00:00,49.8659909065044
2011-05-26 08:00:00,75.3120617926381
2011-05-26 09:00:00,106.982973061053
2011-05-26 10:00:00,110.356278532696
2011-05-26 11:00:00,147.440168008316
2011-05-26 12:00:00,211.895823367205
2011-05-26 13:00:00,280.055308843304
2011-05-26 14:00:00,309.763022331664
2011-05-26 15:00:00,420.559831703871
2011-05-26 16:00:00,434.838256475985
2011-05-26 17:00:00,402.903302438963
2011-05-26 18:00:00,451.144105110917
2011-05-26 19:00:00,457.850903942113
2011-05-26 20:00:00,371.506780880476
2011-05-26 21:00:00,395.938366988028
2011-05-26 22:00:00,388.995255953194
2011-05-26 23:00:00,437.351914647647
2011-05-27 00:00:00,39.4779082488714
2011-05-27 01:00:00,54.3577250846568
2011-05-27 02:00:00,53.9682234430809
2011-05-27 03:00:00,51.9183672435302
2011-05-27 04:00:00,52.4708722963672
2011-05-27 05:00:00,64.1713096903115
2011-05-27 06:00:00,63.4122274213959
2011-05-27 07:00:00,67.4455817100634
2011-05-27 08:00:00,79.2680875566172
2011-05-27 09:00:00,109.266677973354
2011-05-27 10:00:00,152.974555276712
2011-05-27 11:00:00,200.577723675566
2011-05-27 12:00:00,229.753532617017
2011-05-27 13:00:00,193.035749388734
2011-05-27 14:00:00,236.964622088896
2011-05-27 15:00:00,301.627032525471
2011-05-27 16:00:00,352.421701777633
2011-05-27 17:00:00,304.696771681603
2011-05-27 18:00:00,363.027261675025
2011-05-27 19:00:00,157.76785398251
2011-05-27 20:00:00,285.325601376759
2011-05-27 21:00:00,206.077150662874
2011-05-27 22:00:00,258.498738093638
2011-05-27 23:00:00,226.032542547541
2011-05-28 00:00:00,24.2772370314979
2011-05-28 01:00:00,27.2951814593799
2011-05-28 02:00:00,26.442580561321
2011-05-28 03:00:00,32.2451035742527
2011-05-28 04:00:00,35.9578796355646
2011-05-28 05:00:00,39.448936792623
2011-05-28 06:00:00,49.4838964301823
2011-05-28 07:00:00,57.131609819725
2011-05-28 08:00:00,72.9938646892142
2011-05-28 09:00:00,92.3148086416663
2011-05-28 10:00:00,129.799608461324
2011-05-28 11:00:00,143.56849431104
2011-05-28 12:00:00,185.53548392553
2011-05-28 13:00:00,200.178080452899
2011-05-28 14:00:00,235.006991113196
2011-05-28 15:00:00,271.816251601865
2011-05-28 16:00:00,319.08935181125
2011-05-28 17:00:00,339.40651707398
2011-05-28 18:00:00,334.110305565836
2011-05-28 19:00:00,318.99863353085
2011-05-28 20:00:00,355.738619339684
2011-05-28 21:00:00,322.245168126583
2011-05-28 22:00:00,315.205392373598
2011-05-28 23:00:00,294.508528165542
2011-05-29 00:00:00,29.2133760451797
2011-05-29 01:00:00,28.2597463897405
2011-05-29 02:00:00,30.7505621383142
2011-05-29 03:00:00,34.0125209756029
2011-05-29 04:00:00,35.8943017552507
2011-05-29 05:00:00,34.0008506222765
2011-05-29 06:00:00,55.2666482182626
2011-05-29 07:00:00,62.1369388045273
2011-05-29 08:00:00,68.1696528335463
2011-05-29 09:00:00,66.6003978833668
2011-05-29 10:00:00,102.244009386347
2011-05-29 11:00:00,114.954135254933
2011-05-29 12:00:00,169.898665713352
2011-05-29 13:00:00,180.617774830673
2011-05-29 14:00:00,208.591408272458
2011-05-29 15:00:00,231.661810877866
2011-05-29 16:00:00,255.192521291664
2011-05-29 17:00:00,282.262839430667
2011-05-29 18:00:00,294.144661633211
2011-05-29 19:00:00,322.693564966604
2011-05-29 20:00:00,299.054269370011
2011-05-29 21:00:00,283.619288123201
2011-05-29 22:00:00,250.04617151034
2011-05-29 23:00:00,278.844704880718
2011-05-30 00:00:00,22.1713773740791
2011-05-30 01:00:00,24.125563910975
2011-05-30 02:00:00,27.1246535965176
2011-05-30 03:00:00,30.0019832241706
2011-05-30 04:00:00,31.5329341137016
2011-05-30 05:00:00,40.2041327160582
2011-05-30 06:00:00,46.2286278335116
2011-05-30 07:00:00,49.8929718106893
2011-05-30 08:00:00,66.6775899779722
2011-05-30 09:00:00,105.949114692859
2011-05-30 10:00:00,193.231818796309
2011-05-30 11:00:00,217.632606971666
2011-05-30 12:00:00,290.846931077876
2011-05-30 13:00:00,320.96675116729
2011-05-30 14:00:00,389.550125330146
2011-05-30 15:00:00,461.875828811498
2011-05-30 16:00:00,508.369945870894
2011-05-30 17:00:00,521.178112398029
2011-05-30 18:00:00,567.114782609768
2011-05-30 19:00:00,287.572250317328
2011-05-30 20:00:00,415.168253985171
2011-05-30 21:00:00,381.69967663614
2011-05-30 22:00:00,401.037963374252
2011-05-30 23:00:00,344.982499940931
2011-05-31 00:00:00,35.441829459427
2011-05-31 01:00:00,30.9905065081932
2011-05-31 02:00:00,33.164808386542
2011-05-31 03:00:00,32.4423336180021
2011-05-31 04:00:00,42.0752531380979
2011-05-31 05:00:00,46.5385128075519
2011-05-31 06:00:00,59.5461568161609
2011-05-31 07:00:00,95.339053487131
2011-05-31 08:00:00,134.243198017121
2011-05-31 09:00:00,164.553345642931
2011-05-31 10:00:00,195.433868923169
2011-05-31 11:00:00,248.693725351092
2011-05-31 12:00:00,285.38082336968
2011-05-31 13:00:00,390.751766707946
2011-05-31 14:00:00,407.820008330959
2011-05-31 15:00:00,471.829311426618
2011-05-31 16:00:00,524.447248091942
2011-05-31 17:00:00,442.785355320984
2011-05-31 18:00:00,485.76093147563
2011-05-31 19:00:00,385.995531492105
2011-05-31 20:00:00,426.941174353568
2011-05-31 21:00:00,426.234398928283
2011-05-31 22:00:00,414.26643855653
2011-05-31 23:00:00,392.613890958851
2011-06-20 00:00:00,28.6917419237735
2011-06-20 01:00:00,26.0900388456312
2011-06-20 02:00:00,28.8576185859598
2011-06-20 03:00:00,24.8945518021648
2011-06-20 04:00:00,27.9988477402689
2011-06-20 05:00:00,34.5515696067199
2011-06-20 06:00:00,41.1719718866273
2011-06-20 07:00:00,35.0481427558343
2011-06-20 08:00:00,41.763693072313
2011-06-20 09:00:00,84.385329016754
2011-06-20 10:00:00,93.3367578877323
2011-06-20 11:00:00,99.1041889766585
2011-06-20 12:00:00,136.609647545597
2011-06-20 13:00:00,136.874995293284
2011-06-20 14:00:00,167.731715161013
2011-06-20 15:00:00,187.044734123366
2011-06-20 16:00:00,237.724272286364
2011-06-20 17:00:00,266.813109186122
2011-06-20 18:00:00,285.024162443448
2011-06-20 19:00:00,270.313312096887
2011-06-20 20:00:00,281.692120302014
2011-06-20 21:00:00,276.664980387547
2011-06-20 22:00:00,364.470542483359
2011-06-20 23:00:00,308.370572888033
2011-06-21 00:00:00,26.3143110326871
2011-06-21 01:00:00,23.2644730274234
2011-06-21 02:00:00,22.8825305512687
2011-06-21 03:00:00,25.3098641530255
2011-06-21 04:00:00,34.3839351264636
2011-06-21 05:00:00,38.3429812165858
2011-06-21 06:00:00,42.410328859366
2011-06-21 07:00:00,37.9392276990471
2011-06-21 08:00:00,53.7186934083252
2011-06-21 09:00:00,61.8952992364782
2011-06-21 10:00:00,75.7601375574481
2011-06-21 11:00:00,77.3103148702713
2011-06-21 12:00:00,116.145871070235
2011-06-21 13:00:00,157.733343739956
2011-06-21 14:00:00,196.478731035645
2011-06-21 15:00:00,249.707559874686
2011-06-21 16:00:00,298.57256120916
2011-06-21 17:00:00,285.050282442368
2011-06-21 18:00:00,321.971785711519
2011-06-21 19:00:00,318.735459010189
2011-06-21 20:00:00,244.546679931442
2011-06-21 21:00:00,316.225693781658
2011-06-21 22:00:00,290.678105632426
2011-06-21 23:00:00,346.374735775498
2011-06-22 00:00:00,27.7004423146066
2011-06-22 01:00:00,30.141960968317
2011-06-22 02:00:00,32.1353527121869
2011-06-22 03:00:00,36.8759340563664
2011-06-22 04:00:00,33.483396079883
2011-06-22 05:00:00,33.8686211302227
2011-06-22 06:00:00,44.6455318646348
2011-06-22 07:00:00,62.2581499975311
2011-06-22 08:00:00,83.2025683712248
2011-06-22 09:00:00,86.8311068226016
2011-06-22 10:00:00,112.546817893749
2011-06-22 11:00:00,121.471245610097
2011-06-22 12:00:00,233.737479099581
2011-06-22 13:00:00,284.588726996088
2011-06-22 14:00:00,322.617720686264
2011-06-22 15:00:00,351.031143467345
2011-06-22 16:00:00,392.353963207257
2011-06-22 17:00:00,411.565996428357
2011-06-22 18:00:00,431.506627315557
2011-06-22 19:00:00,486.053003788858
2011-06-22 20:00:00,293.587280294277
2011-06-22 21:00:00,303.900423472993
2011-06-22 22:00:00,380.413840710227
2011-06-22 23:00:00,424.227191740856
2011-06-23 00:00:00,35.6208625388796
2011-06-23 01:00:00,42.4461512956254
2011-06-23 02:00:00,46.9487551083585
2011-06-23 03:00:00,59.8591293288498
2011-06-23 04:00:00,55.9286880949535
2011-06-23 05:00:00,62.5000560547516
2011-06-23 06:00:00,69.1299384374486
2011-06-23 07:00:00,88.8621914961204
2011-06-23 08:00:00,106.043058497226
2011-06-23 09:00:00,115.389700059009
2011-06-23 10:00:00,147.641442757246
2011-06-23 11:00:00,115.103865612198
2011-06-23 12:00:00,188.16470512908
2011-06-23 13:00:00,211.569110703665
2011-06-23 14:00:00,231.143645325651
2011-06-23 15:00:00,293.742275978278
2011-06-23 16:00:00,263.757515624071
2011-06-23 17:00:00,263.22950913392
2011-06-23 18:00:00,252.580480956899
2011-06-23 19:00:00,274.842939758658
2011-06-23 20:00:00,264.478787769568
2011-06-23 21:00:00,290.148399802785
2011-06-23 22:00:00,379.126278185809
2011-06-23 23:00:00,363.788611704822
2011-06-24 00:00:00,29.7436357239687
2011-06-24 01:00:00,29.5060065098254
2011-06-24 02:00:00,32.6359453465501
2011-06-24 03:00:00,34.5105067000937
2011-06-24 04:00:00,37.3993339406247
2011-06-24 05:00:00,34.7100236090697
2011-06-24 06:00:00,46.3182557601846
2011-06-24 07:00:00,61.5200767005256
2011-06-24 08:00:00,78.879052708219
2011-06-24 09:00:00,106.255730321207
2011-06-24 10:00:00,184.90407747503
2011-06-24 11:00:00,213.628359670358
2011-06-24 12:00:00,223.206634206493
2011-06-24 13:00:00,261.66161704824
2011-06-24 14:00:00,253.929154740869
2011-06-24 15:00:00,360.189946407149
2011-06-24 16:00:00,374.07142579013
2011-06-24 17:00:00,341.943380548079
2011-06-24 18:00:00,382.885271682119
2011-06-24 19:00:00,380.03373812826
2011-06-24 20:00:00,383.847600245794
2011-06-24 21:00:00,402.697830672247
2011-06-24 22:00:00,429.329625855716
2011-06-24 23:00:00,451.351753286249
2011-06-25 00:00:00,51.8774176613903
2011-06-25 01:00:00,52.5539149501062
2011-06-25 02:00:00,68.6683935120405
2011-06-25 03:00:00,58.4028126492668
2011-06-25 04:00:00,64.5980675518245
2011-06-25 05:00:00,63.4452361434093
2011-06-25 06:00:00,79.6796617977403
2011-06-25 07:00:00,89.5847754243864
2011-06-25 08:00:00,122.480553174713
2011-06-25 09:00:00,141.664742399248
2011-06-25 10:00:00,154.151081325268
2011-06-25 11:00:00,176.529064038605
2011-06-25 12:00:00,208.22056389804
2011-06-25 13:00:00,230.308189661023
2011-06-25 14:00:00,247.895963142823
2011-06-25 15:00:00,252.66809027904
2011-06-25 16:00:00,326.142232215617
2011-06-25 17:00:00,343.686431485364
2011-06-25 18:00:00,351.021441800725
2011-06-25 19:00:00,390.856311912447
2011-06-25 20:00:00,404.012995134864
2011-06-25 21:00:00,406.069976325452
2011-06-25 22:00:00,480.628673634084
2011-06-25 23:00:00,587.06687562489
2011-06-26 00:00:00,43.4389993324105
2011-06-26 01:00:00,49.4419095867321
2011-06-26 02:00:00,51.523161161501
2011-06-26 03:00:00,49.1896897086969
2011-06-26 04:00:00,54.1860606664038
2011-06-26 05:00:00,58.481156029498
2011-06-26 06:00:00,64.6847214429445
2011-06-26 07:00:00,74.8163211453696
2011-06-26 08:00:00,91.0928061685636
2011-06-26 09:00:00,108.677452675443
2011-06-26 10:00:00,150.190467203798
2011-06-26 11:00:00,167.737966916146
2011-06-26 12:00:00,201.521640683054
2011-06-26 13:00:00,213.096751362883
2011-06-26 14:00:00,244.5326124553
2011-06-26 15:00:00,260.704396742582
2011-06-26 16:00:00,308.191171963361
2011-06-26 17:00:00,379.430967106044
2011-06-26 18:00:00,411.296639405987
2011-06-26 19:00:00,439.622880828213
2011-06-26 20:00:00,461.924876091747
2011-06-26 21:00:00,467.239302179863
2011-06-26 22:00:00,448.21132721429
2011-06-26 23:00:00,485.866672930912
2011-06-27 00:00:00,24.4459924152814
2011-06-27 01:00:00,33.8253931499004
2011-06-27 02:00:00,25.5224612835232
2011-06-27 03:00:00,28.2298335181731
2011-06-27 04:00:00,39.3035224865469
2011-06-27 05:00:00,45.3907546653307
2011-06-27 06:00:00,56.4583392036414
2011-06-27 07:00:00,71.4024500826379
2011-06-27 08:00:00,68.7508572072983
2011-06-27 09:00:00,129.517922136863
2011-06-27 10:00:00,148.624301672136
2011-06-27 11:00:00,142.979156682181
2011-06-27 12:00:00,175.261755804245
2011-06-27 13:00:00,194.189619899235
2011-06-27 14:00:00,207.032048613784
2011-06-27 15:00:00,243.894289783384
2011-06-27 16:00:00,236.916627047326
2011-06-27 17:00:00,264.195757331479
2011-06-27 18:00:00,286.410606140003
2011-06-27 19:00:00,296.013117932131
2011-06-27 20:00:00,280.327286871636
2011-06-27 21:00:00,301.315502501446
2011-06-27 22:00:00,300.816692817072
2011-06-27 23:00:00,332.726732871787
2011-06-28 00:00:00,31.9306129253894
2011-06-28 01:00:00,32.1886390673871
2011-06-28 02:00:00,41.7166949540376
2011-06-28 03:00:00,46.1419194802017
2011-06-28 04:00:00,43.5571950724934
2011-06-28 05:00:00,43.4850887568676
2011-06-28 06:00:00,46.6991123557494
2011-06-28 07:00:00,56.7565381732971
2011-06-28 08:00:00,72.0298647539413
2011-06-28 09:00:00,94.922973407886
2011-06-28 10:00:00,170.825862299126
2011-06-28 11:00:00,197.227649739254
2011-06-28 12:00:00,238.529630669511
2011-06-28 13:00:00,248.587092742473
2011-06-28 14:00:00,318.619903268041
2011-06-28 15:00:00,346.605899082195
2011-06-28 16:00:00,395.51533541461
2011-06-28 17:00:00,292.961879138018
2011-06-28 18:00:00,303.01337145598
2011-06-28 19:00:00,396.251807526151
2011-06-28 20:00:00,310.471372323389
2011-06-28 21:00:00,365.099757161984
2011-06-28 22:00:00,335.709736121172
2011-06-28 23:00:00,369.808962721471
2011-06-29 00:00:00,35.7168345533552
2011-06-29 01:00:00,33.8539600553812
2011-06-29 02:00:00,31.7151329702344
2011-06-29 03:00:00,39.7806511096283
2011-06-29 04:00:00,37.5522648388382
2011-06-29 05:00:00,39.0562392854947
2011-06-29 06:00:00,62.2994732287578
2011-06-29 07:00:00,92.0064448487236
2011-06-29 08:00:00,113.115657610815
2011-06-29 09:00:00,134.631604727097
2011-06-29 10:00:00,158.001847151068
2011-06-29 11:00:00,190.82458901133
2011-06-29 12:00:00,212.796575063707
2011-06-29 13:00:00,277.901566968977
2011-06-29 14:00:00,296.272040824135
2011-06-29 15:00:00,344.372395123205
2011-06-29 16:00:00,408.310189304981
2011-06-29 17:00:00,479.351929103952
2011-06-29 18:00:00,470.113401711842
2011-06-29 19:00:00,447.147767214732
2011-06-29 20:00:00,448.631766883756
2011-06-29 21:00:00,471.914481594474
2011-06-29 22:00:00,474.304184264769
2011-06-29 23:00:00,486.961466044568
2011-06-30 00:00:00,43.5229642925136
2011-06-30 01:00:00,45.6603175161128
2011-06-30 02:00:00,47.5823834016983
2011-06-30 03:00:00,48.6130311965649
2011-06-30 04:00:00,42.3008981628319
2011-06-30 05:00:00,48.3434098883672
2011-06-30 06:00:00,63.5151008402265
2011-06-30 07:00:00,72.866363206791
2011-06-30 08:00:00,108.209297176643
2011-06-30 09:00:00,128.943205531304
2011-06-30 10:00:00,147.657192159692
2011-06-30 11:00:00,173.096197640634
2011-06-30 12:00:00,207.64387977811
2011-06-30 13:00:00,238.555087146169
2011-06-30 14:00:00,283.753027367933
2011-06-30 15:00:00,334.209022069315
2011-06-30 16:00:00,384.157533789633
2011-06-30 17:00:00,426.29173890846
2011-06-30 18:00:00,426.085702050581
2011-06-30 19:00:00,418.362834295774
2011-06-30 20:00:00,462.741936647984
2011-06-30 21:00:00,470.544418116637
2011-06-30 22:00:00,470.448860759687
2011-06-30 23:00:00,422.922117229917
2011-07-20 00:00:00,29.3614437075493
2011-07-20 01:00:00,31.5597466933686
2011-07-20 02:00:00,34.907542228487
2011-07-20 03:00:00,39.731475708009
2011-07-20 04:00:00,39.7725511360741
2011-07-20 05:00:00,45.2687885891577
2011-07-20 06:00:00,53.652307338279
2011-07-20 07:00:00,69.6785756453636
2011-07-20 08:00:00,84.3983354054595
2011-07-20 09:00:00,97.28115695536
2011-07-20 10:00:00,114.428464804914
2011-07-20 11:00:00,171.008835159426
2011-07-20 12:00:00,204.480654351226
2011-07-20 13:00:00,260.418712872189
2011-07-20 14:00:00,316.993285630225
2011-07-20 15:00:00,345.554797958817
2011-07-20 16:00:00,334.159889396251
2011-07-20 17:00:00,389.074865817244
2011-07-20 18:00:00,433.88573190303
2011-07-20 19:00:00,437.57584147556
2011-07-20 20:00:00,418.247064704641
2011-07-20 21:00:00,477.493372555072
2011-07-20 22:00:00,464.086144572341
2011-07-20 23:00:00,440.761653199794
2011-07-21 00:00:00,49.9863929916497
2011-07-21 01:00:00,46.70254647979
2011-07-21 02:00:00,51.6566602786993
2011-07-21 03:00:00,57.52447349218
2011-07-21 04:00:00,58.5795131315497
2011-07-21 05:00:00,64.7935120719282
2011-07-21 06:00:00,71.6666797347288
2011-07-21 07:00:00,83.4445059734698
2011-07-21 08:00:00,109.260966438328
2011-07-21 09:00:00,156.145239004771
2011-07-21 10:00:00,206.848443382523
2011-07-21 11:00:00,286.711572607014
2011-07-21 12:00:00,302.867918098565
2011-07-21 13:00:00,332.263477645941
2011-07-21 14:00:00,408.495316124566
2011-07-21 15:00:00,457.626625393631
2011-07-21 16:00:00,549.796030469813
2011-07-21 17:00:00,611.704528177276
2011-07-21 18:00:00,599.041489963602
2011-07-21 19:00:00,560.577964500625
2011-07-21 20:00:00,527.309200303001
2011-07-21 21:00:00,549.506221265462
2011-07-21 22:00:00,582.3162867713
2011-07-21 23:00:00,566.162261004804
2011-07-22 00:00:00,64.9674376410546
2011-07-22 01:00:00,60.8840484385576
2011-07-22 02:00:00,57.461412409479
2011-07-22 03:00:00,64.1016509076209
2011-07-22 04:00:00,62.3057084153357
2011-07-22 05:00:00,59.5741876211214
2011-07-22 06:00:00,75.9149127920944
2011-07-22 07:00:00,134.179822653546
2011-07-22 08:00:00,179.518807341798
2011-07-22 09:00:00,188.888167891566
2011-07-22 10:00:00,264.279659056217
2011-07-22 11:00:00,281.613628266132
2011-07-22 12:00:00,387.46599448744
2011-07-22 13:00:00,446.67069147861
2011-07-22 14:00:00,559.637045012622
2011-07-22 15:00:00,566.934882119456
2011-07-22 16:00:00,389.749007882324
2011-07-22 17:00:00,473.994539051183
2011-07-22 18:00:00,567.517603376914
2011-07-22 19:00:00,625.504126241425
2011-07-22 20:00:00,500.146658504102
2011-07-22 21:00:00,519.255958666142
2011-07-22 22:00:00,748.269777589761
2011-07-22 23:00:00,590.018289593433
2011-07-23 00:00:00,66.6969501561187
2011-07-23 01:00:00,77.1702189369877
2011-07-23 02:00:00,82.9479839677276
2011-07-23 03:00:00,73.1218950348711
2011-07-23 04:00:00,74.5123901244042
2011-07-23 05:00:00,84.4670108667369
2011-07-23 06:00:00,118.180577865384
2011-07-23 07:00:00,129.654423274617
2011-07-23 08:00:00,177.768814919609
2011-07-23 09:00:00,191.86503699555
2011-07-23 10:00:00,243.018628654607
2011-07-23 11:00:00,308.407103577479
2011-07-23 12:00:00,378.676557607657
2011-07-23 13:00:00,437.961251864893
2011-07-23 14:00:00,455.448354931255
2011-07-23 15:00:00,512.243658315191
2011-07-23 16:00:00,587.809430131423
2011-07-23 17:00:00,650.163092371302
2011-07-23 18:00:00,715.362581341911
2011-07-23 19:00:00,549.603036571049
2011-07-23 20:00:00,531.705024993879
2011-07-23 21:00:00,588.107242856057
2011-07-23 22:00:00,591.982526315086
2011-07-23 23:00:00,638.923926918942
2011-07-24 00:00:00,62.8603213527281
2011-07-24 01:00:00,60.013392668929
2011-07-24 02:00:00,75.3438004679307
2011-07-24 03:00:00,83.3361218656936
2011-07-24 04:00:00,81.2092442296251
2011-07-24 05:00:00,89.4579547169059
2011-07-24 06:00:00,132.133242140202
2011-07-24 07:00:00,128.357566435974
2011-07-24 08:00:00,161.482191338172
2011-07-24 09:00:00,183.797693931966
2011-07-24 10:00:00,238.352427483889
2011-07-24 11:00:00,236.570821320133
2011-07-24 12:00:00,341.674358455682
2011-07-24 13:00:00,313.910553748691
2011-07-24 14:00:00,352.398406430454
2011-07-24 15:00:00,474.675964013695
2011-07-24 16:00:00,525.028651834442
2011-07-24 17:00:00,558.317207719807
2011-07-24 18:00:00,575.085023544248
2011-07-24 19:00:00,565.482973105037
2011-07-24 20:00:00,581.619873718461
2011-07-24 21:00:00,517.957143863308
2011-07-24 22:00:00,484.528745201791
2011-07-24 23:00:00,556.325217209787
2011-07-25 00:00:00,48.9212960318292
2011-07-25 01:00:00,53.7303656873388
2011-07-25 02:00:00,51.3747932223353
2011-07-25 03:00:00,47.3213299350673
2011-07-25 04:00:00,49.7911291437384
2011-07-25 05:00:00,55.0728736854629
2011-07-25 06:00:00,71.3748185180791
2011-07-25 07:00:00,82.9891870050813
2011-07-25 08:00:00,106.18489602118
2011-07-25 09:00:00,136.146839524338
2011-07-25 10:00:00,167.140116174671
2011-07-25 11:00:00,248.966040235756
2011-07-25 12:00:00,275.375865574198
2011-07-25 13:00:00,169.847206414186
2011-07-25 14:00:00,169.812714133531
2011-07-25 15:00:00,143.978089957721
2011-07-25 16:00:00,152.247982566188
2011-07-25 17:00:00,200.345199907123
2011-07-25 18:00:00,237.054883786964
2011-07-25 19:00:00,266.616092862703
2011-07-25 20:00:00,281.261589515793
2011-07-25 21:00:00,237.05481133876
2011-07-25 22:00:00,262.201117064496
2011-07-25 23:00:00,297.219770205495
2011-07-26 00:00:00,31.6319182172248
2011-07-26 01:00:00,34.9873695649095
2011-07-26 02:00:00,30.5931245859401
2011-07-26 03:00:00,34.1156879525563
2011-07-26 04:00:00,38.6158812651852
2011-07-26 05:00:00,36.2311165484072
2011-07-26 06:00:00,51.7352514240085
2011-07-26 07:00:00,85.2433861249887
2011-07-26 08:00:00,108.38144415787
2011-07-26 09:00:00,151.126802971781
2011-07-26 10:00:00,199.574038290384
2011-07-26 11:00:00,219.965542163732
2011-07-26 12:00:00,261.715733189899
2011-07-26 13:00:00,295.966063446447
2011-07-26 14:00:00,350.607716482105
2011-07-26 15:00:00,422.304145474725
2011-07-26 16:00:00,409.567431415371
2011-07-26 17:00:00,462.364422550535
2011-07-26 18:00:00,472.245210994233
2011-07-26 19:00:00,480.194779362252
2011-07-26 20:00:00,480.660925129714
2011-07-26 21:00:00,482.970947759817
2011-07-26 22:00:00,456.672458833575
2011-07-26 23:00:00,500.108210344902
2011-07-27 00:00:00,64.0813505285382
2011-07-27 01:00:00,63.774830439632
2011-07-27 02:00:00,66.5011343938493
2011-07-27 03:00:00,59.4902644678737
2011-07-27 04:00:00,73.6314867778381
2011-07-27 05:00:00,76.444753963154
2011-07-27 06:00:00,83.1825991809153
2011-07-27 07:00:00,105.908470844034
2011-07-27 08:00:00,128.095598867956
2011-07-27 09:00:00,157.256043188772
2011-07-27 10:00:00,174.495022052752
2011-07-27 11:00:00,207.614757226523
2011-07-27 12:00:00,262.949875370012
2011-07-27 13:00:00,309.943211939845
2011-07-27 14:00:00,340.434014702097
2011-07-27 15:00:00,408.25292282275
2011-07-27 16:00:00,428.462071128735
2011-07-27 17:00:00,454.547548783827
2011-07-27 18:00:00,472.30648227802
2011-07-27 19:00:00,491.067246742716
2011-07-27 20:00:00,425.242603241335
2011-07-27 21:00:00,417.046922365113
2011-07-27 22:00:00,448.271391563346
2011-07-27 23:00:00,531.36513303092
2011-07-28 00:00:00,46.3520970812429
2011-07-28 01:00:00,51.5977923839361
2011-07-28 02:00:00,56.1613670683133
2011-07-28 03:00:00,60.3661909912673
2011-07-28 04:00:00,59.2886633994892
2011-07-28 05:00:00,61.784412958872
2011-07-28 06:00:00,63.1748613538124
2011-07-28 07:00:00,77.7284963626783
2011-07-28 08:00:00,95.2784522210339
2011-07-28 09:00:00,134.157867740942
2011-07-28 10:00:00,168.534170308443
2011-07-28 11:00:00,218.151425245078
2011-07-28 12:00:00,239.68789273926
2011-07-28 13:00:00,289.900929709851
2011-07-28 14:00:00,349.374198169504
2011-07-28 15:00:00,348.386615922439
2011-07-28 16:00:00,382.790718725985
2011-07-28 17:00:00,390.367766299098
2011-07-28 18:00:00,434.667764574289
2011-07-28 19:00:00,436.744785622191
2011-07-28 20:00:00,436.021780908329
2011-07-28 21:00:00,433.676104026303
2011-07-28 22:00:00,411.281669791687
2011-07-28 23:00:00,433.613544333101
2011-07-29 00:00:00,36.5788692748244
2011-07-29 01:00:00,40.1291176362037
2011-07-29 02:00:00,42.7829944648836
2011-07-29 03:00:00,47.3213299350673
2011-07-29 04:00:00,50.4044380615039
2011-07-29 05:00:00,53.737857237244
2011-07-29 06:00:00,69.6446281297133
2011-07-29 07:00:00,85.0508979733279
2011-07-29 08:00:00,112.331218855408
2011-07-29 09:00:00,193.689712728371
2011-07-29 10:00:00,264.803676321632
2011-07-29 11:00:00,330.216115614943
2011-07-29 12:00:00,398.371459179432
2011-07-29 13:00:00,374.079968363291
2011-07-29 14:00:00,486.66308357032
2011-07-29 15:00:00,542.698600480454
2011-07-29 16:00:00,622.774117069811
2011-07-29 17:00:00,672.138735748211
2011-07-29 18:00:00,675.3264271219
2011-07-29 19:00:00,645.498021857401
2011-07-29 20:00:00,627.806800159683
2011-07-29 21:00:00,565.400328964247
2011-07-29 22:00:00,582.215475489298
2011-07-29 23:00:00,546.867018743464
2011-07-30 00:00:00,55.1467390087951
2011-07-30 01:00:00,59.2772207808989
2011-07-30 02:00:00,65.83333620325
2011-07-30 03:00:00,63.8697261225586
2011-07-30 04:00:00,66.5583149975382
2011-07-30 05:00:00,71.6657271227314
2011-07-30 06:00:00,79.5920228001216
2011-07-30 07:00:00,103.331154817587
2011-07-30 08:00:00,133.501964588068
2011-07-30 09:00:00,190.986177492633
2011-07-30 10:00:00,217.964445775786
2011-07-30 11:00:00,252.400309570642
2011-07-30 12:00:00,281.567679154432
2011-07-30 13:00:00,339.331196128883
2011-07-30 14:00:00,409.059539955556
2011-07-30 15:00:00,475.591456132705
2011-07-30 16:00:00,548.18719905323
2011-07-30 17:00:00,569.604584399168
2011-07-30 18:00:00,601.308562770652
2011-07-30 19:00:00,460.479572909463
2011-07-30 20:00:00,554.336424794232
2011-07-30 21:00:00,565.32457038729
2011-07-30 22:00:00,539.755172021847
2011-07-30 23:00:00,544.72163608352
2011-07-31 00:00:00,53.5922598127053
2011-07-31 01:00:00,51.1505485962353
2011-07-31 02:00:00,55.6554535334393
2011-07-31 03:00:00,60.0670213326573
2011-07-31 04:00:00,59.950553309551
2011-07-31 05:00:00,67.3051945000377
2011-07-31 06:00:00,76.5799163533784
2011-07-31 07:00:00,100.637577986369
2011-07-31 08:00:00,124.555345809301
2011-07-31 09:00:00,161.189993385315
2011-07-31 10:00:00,226.339100268559
2011-07-31 11:00:00,282.034570415864
2011-07-31 12:00:00,358.441669526428
2011-07-31 13:00:00,395.888526503789
2011-07-31 14:00:00,441.484141396048
2011-07-31 15:00:00,553.978377692496
2011-07-31 16:00:00,619.406751186676
2011-07-31 17:00:00,673.022207140079
2011-07-31 18:00:00,553.384048177886
2011-07-31 19:00:00,461.518779160266
2011-07-31 20:00:00,510.475778823722
2011-07-31 21:00:00,505.330848115796
2011-07-31 22:00:00,417.053643850531
2011-07-31 23:00:00,479.714615482816
2011-08-20 00:00:00,20.7999453284214
2011-08-20 01:00:00,27.0130146472155
2011-08-20 02:00:00,33.5995723162167
2011-08-20 03:00:00,37.1637485206395
2011-08-20 04:00:00,36.4776424273034
2011-08-20 05:00:00,38.7227276661517
2011-08-20 06:00:00,52.0651849885073
2011-08-20 07:00:00,49.4638177955918
2011-08-20 08:00:00,76.6746716387218
2011-08-20 09:00:00,98.1054560146167
2011-08-20 10:00:00,127.260736648756
2011-08-20 11:00:00,139.092023395207
2011-08-20 12:00:00,166.605368912323
2011-08-20 13:00:00,201.202695670544
2011-08-20 14:00:00,281.411637458875
2011-08-20 15:00:00,326.075940155302
2011-08-20 16:00:00,344.901945882353
2011-08-20 17:00:00,380.802107315096
2011-08-20 18:00:00,343.544084305194
2011-08-20 19:00:00,323.155685445422
2011-08-20 20:00:00,360.37445082349
2011-08-20 21:00:00,353.820311103928
2011-08-20 22:00:00,410.51431124623
2011-08-20 23:00:00,381.233965002594
2011-08-21 00:00:00,38.1258903590116
2011-08-21 01:00:00,36.2107141210436
2011-08-21 02:00:00,39.7252303163567
2011-08-21 03:00:00,38.2959761092308
2011-08-21 04:00:00,46.165323283277
2011-08-21 05:00:00,41.8822484281456
2011-08-21 06:00:00,46.1363767003321
2011-08-21 07:00:00,63.7597201731157
2011-08-21 08:00:00,79.9308455172747
2011-08-21 09:00:00,103.806671922937
2011-08-21 10:00:00,120.832114281844
2011-08-21 11:00:00,196.876804542477
2011-08-21 12:00:00,241.260166114135
2011-08-21 13:00:00,254.020406591728
2011-08-21 14:00:00,122.370029259905
2011-08-21 15:00:00,152.74520683939
2011-08-21 16:00:00,191.989078258531
2011-08-21 17:00:00,210.623030701649
2011-08-21 18:00:00,240.70967632755
2011-08-21 19:00:00,291.578681826589
2011-08-21 20:00:00,270.201714942553
2011-08-21 21:00:00,298.864178670631
2011-08-21 22:00:00,381.048432094012
2011-08-21 23:00:00,384.368700273635
2011-08-22 00:00:00,29.5018682217254
2011-08-22 01:00:00,31.9714291964776
2011-08-22 02:00:00,53.4986902839296
2011-08-22 03:00:00,40.6974675420295
2011-08-22 04:00:00,54.8418190044225
2011-08-22 05:00:00,60.7684380438854
2011-08-22 06:00:00,70.1845260228279
2011-08-22 07:00:00,78.2678787994131
2011-08-22 08:00:00,86.570380645631
2011-08-22 09:00:00,108.719513948974
2011-08-22 10:00:00,138.386667515873
2011-08-22 11:00:00,190.890122011303
2011-08-22 12:00:00,211.446527943389
2011-08-22 13:00:00,257.162521789425
2011-08-22 14:00:00,278.689244206019
2011-08-22 15:00:00,300.77973880578
2011-08-22 16:00:00,340.950816118503
2011-08-22 17:00:00,387.9586214146
2011-08-22 18:00:00,419.319555639872
2011-08-22 19:00:00,429.529062976183
2011-08-22 20:00:00,418.304234431036
2011-08-22 21:00:00,435.91270372195
2011-08-22 22:00:00,496.15223224187
2011-08-22 23:00:00,518.397791302764
2011-08-23 00:00:00,48.702401194649
2011-08-23 01:00:00,39.7317443089797
2011-08-23 02:00:00,40.2498583268442
2011-08-23 03:00:00,45.6254869416355
2011-08-23 04:00:00,44.0845122788371
2011-08-23 05:00:00,49.160505335785
2011-08-23 06:00:00,51.2299112305361
2011-08-23 07:00:00,90.2054898543508
2011-08-23 08:00:00,109.21831294064
2011-08-23 09:00:00,132.098831113161
2011-08-23 10:00:00,144.510951411912
2011-08-23 11:00:00,171.998657835369
2011-08-23 12:00:00,175.86946029615
2011-08-23 13:00:00,233.13200133948
2011-08-23 14:00:00,256.812044204209
2011-08-23 15:00:00,277.649469530234
2011-08-23 16:00:00,308.719788009549
2011-08-23 17:00:00,339.678746845438
2011-08-23 18:00:00,372.647068127403
2011-08-23 19:00:00,300.433898394763
2011-08-23 20:00:00,320.383659308874
2011-08-23 21:00:00,311.459440372844
2011-08-23 22:00:00,357.405686108001
2011-08-23 23:00:00,356.814022499588
2011-08-24 00:00:00,38.8932885355856
2011-08-24 01:00:00,39.0913088070155
2011-08-24 02:00:00,32.5761355743291
2011-08-24 03:00:00,36.0317476325229
2011-08-24 04:00:00,35.1421450649136
2011-08-24 05:00:00,38.8699543368277
2011-08-24 06:00:00,41.780163300951
2011-08-24 07:00:00,67.1651555739553
2011-08-24 08:00:00,69.806918532065
2011-08-24 09:00:00,79.7785536999469
2011-08-24 10:00:00,119.233421122853
2011-08-24 11:00:00,146.752226705804
2011-08-24 12:00:00,168.299984698297
2011-08-24 13:00:00,211.739903479815
2011-08-24 14:00:00,234.200853827843
2011-08-24 15:00:00,261.174436600949
2011-08-24 16:00:00,281.858844732416
2011-08-24 17:00:00,306.701900280471
2011-08-24 18:00:00,305.662546508469
2011-08-24 19:00:00,338.086625142439
2011-08-24 20:00:00,342.592673147084
2011-08-24 21:00:00,352.781464525983
2011-08-24 22:00:00,367.631760251434
2011-08-24 23:00:00,361.070922504875
2011-08-25 00:00:00,32.9740154567591
2011-08-25 01:00:00,40.2682834225265
2011-08-25 02:00:00,44.5398633169603
2011-08-25 03:00:00,43.0859219976629
2011-08-25 04:00:00,43.723690425944
2011-08-25 05:00:00,45.2583780441392
2011-08-25 06:00:00,48.8471523069119
2011-08-25 07:00:00,73.2321865833336
2011-08-25 08:00:00,94.33143324154
2011-08-25 09:00:00,115.597250303441
2011-08-25 10:00:00,141.697416074135
2011-08-25 11:00:00,74.4825809350063
2011-08-25 12:00:00,82.383545867361
2011-08-25 13:00:00,117.311463209408
2011-08-25 14:00:00,173.477504865797
2011-08-25 15:00:00,203.660792191123
2011-08-25 16:00:00,162.900996604981
2011-08-25 17:00:00,180.181212267012
2011-08-25 18:00:00,242.265168637274
2011-08-25 19:00:00,228.677697720879
2011-08-25 20:00:00,208.440654709539
2011-08-25 21:00:00,225.888936376101
2011-08-25 22:00:00,205.576391788742
2011-08-25 23:00:00,233.032447043675
2011-08-26 00:00:00,23.2092251983076
2011-08-26 01:00:00,24.7441312364565
2011-08-26 02:00:00,25.2425881003739
2011-08-26 03:00:00,26.5306750384133
2011-08-26 04:00:00,29.7667357339333
2011-08-26 05:00:00,38.5778917769805
2011-08-26 06:00:00,36.4168802803375
2011-08-26 07:00:00,45.3092413036714
2011-08-26 08:00:00,56.2055482252524
2011-08-26 09:00:00,82.0570426823099
2011-08-26 10:00:00,114.20706970696
2011-08-26 11:00:00,160.010389156003
2011-08-26 12:00:00,179.157614956465
2011-08-26 13:00:00,229.580615952276
2011-08-26 14:00:00,229.53386968579
2011-08-26 15:00:00,313.710616646664
2011-08-26 16:00:00,253.549125778639
2011-08-26 17:00:00,224.172261937493
2011-08-26 18:00:00,281.181811501821
2011-08-26 19:00:00,234.116490753472
2011-08-26 20:00:00,257.896531693923
2011-08-26 21:00:00,291.141755442743
2011-08-26 22:00:00,316.803007299817
2011-08-26 23:00:00,297.219770205495
2011-08-27 00:00:00,32.0537060427022
2011-08-27 01:00:00,36.038356496089
2011-08-27 02:00:00,40.1878965023596
2011-08-27 03:00:00,52.5120512103883
2011-08-27 04:00:00,58.0824257856375
2011-08-27 05:00:00,65.569782162378
2011-08-27 06:00:00,72.5252950216754
2011-08-27 07:00:00,81.5410372046586
2011-08-27 08:00:00,87.6460471401109
2011-08-27 09:00:00,101.402513919384
2011-08-27 10:00:00,122.323895994933
2011-08-27 11:00:00,63.33765043349
2011-08-27 12:00:00,81.6373420341848
2011-08-27 13:00:00,87.7519656593719
2011-08-27 14:00:00,85.1856859782447
2011-08-27 15:00:00,94.2220151333798
2011-08-27 16:00:00,103.369785903448
2011-08-27 17:00:00,124.58233528225
2011-08-28 07:00:00,43.6122878967692
2011-08-28 08:00:00,49.0338052248931
2011-08-28 09:00:00,88.26658271784
2011-08-28 10:00:00,136.188152956893
2011-08-28 11:00:00,148.154304050845
2011-08-28 12:00:00,189.905513438452
2011-08-28 13:00:00,237.7997886398
2011-08-28 14:00:00,287.599155258686
2011-08-28 15:00:00,312.948162122204
2011-08-28 16:00:00,404.32330918292
2011-08-28 17:00:00,377.226050297428
2011-08-28 18:00:00,380.144008663866
2011-08-28 19:00:00,372.14675613515
2011-08-28 20:00:00,412.248144415854
2011-08-28 21:00:00,332.35180332941
2011-08-28 22:00:00,310.066939251215
2011-08-28 23:00:00,309.465729425191
2011-08-29 00:00:00,27.8893994590447
2011-08-29 01:00:00,32.7418658226482
2011-08-29 02:00:00,37.1137370518407
2011-08-29 03:00:00,40.0566799959527
2011-08-29 04:00:00,38.1698914579548
2011-08-29 05:00:00,39.188493207034
2011-08-29 06:00:00,43.3455310901705
2011-08-29 07:00:00,73.9599687241069
2011-08-29 08:00:00,90.0249107949157
2011-08-29 09:00:00,105.68831194345
2011-08-29 10:00:00,126.790273160236
2011-08-29 11:00:00,137.965575471799
2011-08-29 12:00:00,195.22572957623
2011-08-29 13:00:00,222.402833591954
2011-08-29 14:00:00,200.768553680833
2011-08-29 15:00:00,232.280139532709
2011-08-29 16:00:00,268.178928055466
2011-08-29 17:00:00,314.165116368952
2011-08-29 18:00:00,286.362785682636
2011-08-29 19:00:00,316.739583844132
2011-08-29 20:00:00,312.625830638892
2011-08-29 21:00:00,348.622294333635
2011-08-29 22:00:00,357.405686108001
2011-08-29 23:00:00,357.762433436852
2011-08-30 00:00:00,23.6717163860825
2011-08-30 01:00:00,27.9781568356677
2011-08-30 02:00:00,27.5188278627972
2011-08-30 03:00:00,31.1932907796674
2011-08-30 04:00:00,30.8797487727816
2011-08-30 05:00:00,33.4646502409285
2011-08-30 06:00:00,41.1882162948849
2011-08-30 07:00:00,51.6509382285294
2011-08-30 08:00:00,87.128607213938
2011-08-30 09:00:00,109.620379290091
2011-08-30 10:00:00,149.139643169874
2011-08-30 11:00:00,175.94968430247
2011-08-30 12:00:00,184.543645656202
2011-08-30 13:00:00,216.398262247341
2011-08-30 14:00:00,250.656946843742
2011-08-30 15:00:00,273.544019014284
2011-08-30 16:00:00,288.916785030309
2011-08-30 17:00:00,299.05767223254
2011-08-30 18:00:00,300.580286638737
2011-08-30 19:00:00,289.584116756179
2011-08-30 20:00:00,312.538200921157
2011-08-30 21:00:00,271.440774811095
2011-08-30 22:00:00,310.94383800968
2011-08-30 23:00:00,343.928145604902
2011-08-31 00:00:00,28.7665646311033
2011-08-31 01:00:00,31.8180649352212
2011-08-31 02:00:00,27.9143217498645
2011-08-31 03:00:00,28.6592433588266
2011-08-31 04:00:00,34.1506210945661
2011-08-31 05:00:00,31.9535200738231
2011-08-31 06:00:00,37.710720118965
2011-08-31 07:00:00,48.8129340531622
2011-08-31 08:00:00,67.2859319623666
2011-08-31 09:00:00,76.2724028784284
2011-08-31 10:00:00,131.999845857634
2011-08-31 11:00:00,160.671705968459
2011-08-31 12:00:00,182.812424729154
2011-08-31 13:00:00,210.046050405498
2011-08-31 14:00:00,223.993772380056
2011-08-31 15:00:00,247.754588914931
2011-08-31 16:00:00,277.727181430627
2011-08-31 17:00:00,281.348828260985
2011-08-31 18:00:00,291.655734323499
2011-08-31 19:00:00,487.065326055341
2011-08-31 20:00:00,292.139264162234
2011-08-31 21:00:00,300.732520152559
2011-08-31 22:00:00,276.010089537835
2011-08-31 23:00:00,252.079068931053
2011-09-20 00:00:00,27.9645408693819
2011-09-20 01:00:00,23.6985775097711
2011-09-20 02:00:00,26.2124757595482
2011-09-20 03:00:00,31.7499387736291
2011-09-20 04:00:00,27.5932329821636
2011-09-20 05:00:00,35.7610174416749
2011-09-20 06:00:00,39.5544754717954
2011-09-20 07:00:00,43.3947167788197
2011-09-20 08:00:00,30.6862847005984
2011-09-20 09:00:00,33.6655363948947
2011-09-20 10:00:00,41.8133433243108
2011-09-20 11:00:00,46.2488201185182
2011-09-20 12:00:00,68.5764084352169
2011-09-20 13:00:00,75.2322533670878
2011-09-20 14:00:00,96.5736643263971
2011-09-20 15:00:00,137.625529900272
2011-09-20 16:00:00,131.783377530759
2011-09-20 17:00:00,122.383795548971
2011-09-20 18:00:00,135.366026626123
2011-09-20 19:00:00,129.387062174136
2011-09-20 20:00:00,125.345487086202
2011-09-20 21:00:00,138.641888546313
2011-09-20 22:00:00,153.348745986117
2011-09-20 23:00:00,169.615677787449
2011-09-21 00:00:00,14.6200507503304
2011-09-21 01:00:00,17.6828552184594
2011-09-21 02:00:00,19.5586175407515
2011-09-21 03:00:00,25.9778273493968
2011-09-21 04:00:00,26.6003679442515
2011-09-21 05:00:00,29.6640084682385
2011-09-21 06:00:00,33.0795912487313
2011-09-21 07:00:00,36.588608889526
2011-09-21 08:00:00,39.4899116663362
2011-09-21 09:00:00,45.407382432407
2011-09-21 10:00:00,61.1843707380544
2011-09-21 11:00:00,83.1154925761593
2011-09-21 12:00:00,101.290670719673
2011-09-21 13:00:00,132.276871359764
2011-09-21 14:00:00,147.50753732177
2011-09-21 15:00:00,159.204183918099
2011-09-21 16:00:00,176.092248998963
2011-09-21 17:00:00,135.058183659626
2011-09-21 18:00:00,114.83552581183
2011-09-21 19:00:00,94.5776583306924
2011-09-21 20:00:00,104.610269344898
2011-09-21 21:00:00,139.694289173609
2011-09-21 22:00:00,187.60824011538
2011-09-21 23:00:00,167.212539917333
2011-09-22 00:00:00,16.4511509908485
2011-09-22 01:00:00,21.2339748956681
2011-09-22 02:00:00,23.5824721507244
2011-09-22 03:00:00,25.9778273493968
2011-09-22 04:00:00,28.7335039160487
2011-09-22 05:00:00,31.9114560143511
2011-09-22 06:00:00,31.1680050218679
2011-09-22 07:00:00,34.1940256912071
2011-09-22 08:00:00,38.4447429028791
2011-09-22 09:00:00,53.3472634414357
2011-09-22 10:00:00,69.852095023542
2011-09-22 11:00:00,76.6317547236008
2011-09-22 12:00:00,100.194693397626
2011-09-22 13:00:00,111.731342931425
2011-09-22 14:00:00,124.599761545844
2011-09-22 15:00:00,156.840234592048
2011-09-22 16:00:00,185.368075165865
2011-09-22 17:00:00,175.084793645713
2011-09-22 18:00:00,165.608018920726
2011-09-22 19:00:00,166.831137226334
2011-09-22 20:00:00,159.094284700824
2011-09-22 21:00:00,204.102646850797
2011-09-22 22:00:00,161.329794554608
2011-09-22 23:00:00,207.509351322386
2011-09-23 00:00:00,35.270281891544
2011-09-23 01:00:00,30.5909112098862
2011-09-23 02:00:00,34.8183220023318
2011-09-23 03:00:00,37.4251836396996
2011-09-23 04:00:00,28.2386311443594
2011-09-23 05:00:00,56.9744778718981
2011-09-23 06:00:00,64.5837874767644
2011-09-23 07:00:00,49.3310106690278
2011-09-23 08:00:00,54.5639467526165
2011-09-23 09:00:00,50.6403638897454
2011-09-23 10:00:00,55.5569053150214
2011-09-23 11:00:00,61.4502719939657
2011-09-23 12:00:00,81.0035952112891
2011-09-23 13:00:00,71.7088740389977
2011-09-23 14:00:00,79.315609627486
2011-09-23 15:00:00,109.612878966549
2011-09-23 16:00:00,117.819638876466
2011-09-23 17:00:00,153.519881290206
2011-09-23 18:00:00,144.920183039475
2011-09-23 19:00:00,206.934889680903
2011-09-23 20:00:00,202.426941533501
2011-09-23 21:00:00,205.124147112438
2011-09-23 22:00:00,259.042167036392
2011-09-23 23:00:00,331.879586738444
2011-09-24 00:00:00,30.0518014951764
2011-09-24 01:00:00,42.5888131685302
2011-09-24 02:00:00,47.1065502706963
2011-09-24 03:00:00,43.3898506961451
2011-09-24 04:00:00,47.2991584987381
2011-09-24 05:00:00,61.3000308134712
2011-09-24 06:00:00,67.8026168910419
2011-09-24 07:00:00,82.0068191548427
2011-09-24 08:00:00,91.5533792923869
2011-09-24 09:00:00,104.327641969272
2011-09-24 10:00:00,115.394511971988
2011-09-24 11:00:00,149.863549778098
2011-09-24 12:00:00,165.76077885597
2011-09-24 13:00:00,171.697339413344
2011-09-24 14:00:00,267.054876164052
2011-09-24 15:00:00,295.383529455856
2011-09-24 16:00:00,278.997147997815
2011-09-24 17:00:00,305.908646106677
2011-09-24 18:00:00,292.497421850945
2011-09-24 19:00:00,248.54493930243
2011-09-24 20:00:00,309.235237696637
2011-09-24 21:00:00,350.535601513201
2011-09-24 22:00:00,394.079396933026
2011-09-24 23:00:00,427.956943768207
2011-09-25 00:00:00,41.0837548241084
2011-09-25 01:00:00,46.7611897767976
2011-09-25 02:00:00,28.7700668320478
2011-09-25 03:00:00,31.8219386427181
2011-09-25 04:00:00,36.5162853958529
2011-09-25 05:00:00,59.4887472108049
2011-09-25 06:00:00,77.4130839535681
2011-09-25 07:00:00,72.4352469661821
2011-09-25 08:00:00,96.0689499945662
2011-09-25 09:00:00,119.527296231477
2011-09-25 10:00:00,132.206515508373
2011-09-25 11:00:00,178.13034742047
2011-09-25 12:00:00,189.910721107964
2011-09-25 13:00:00,242.99129684114
2011-09-25 14:00:00,232.338408092806
2011-09-25 15:00:00,256.984407086614
2011-09-25 16:00:00,310.907931093654
2011-09-25 17:00:00,310.393241720918
2011-09-25 18:00:00,343.319143150366
2011-09-25 19:00:00,290.053031256926
2011-09-25 20:00:00,316.917608187728
2011-09-25 21:00:00,273.016747112661
2011-09-25 22:00:00,344.682796469305
2011-09-25 23:00:00,392.965657016057
2011-09-26 00:00:00,34.415298243379
2011-09-26 01:00:00,44.7107050097316
2011-09-26 02:00:00,49.4535282033989
2011-09-26 03:00:00,46.5702776661873
2011-09-26 04:00:00,52.7900391169789
2011-09-26 05:00:00,65.0316705625016
2011-09-26 06:00:00,64.5837874767644
2011-09-26 07:00:00,69.7030658061172
2011-09-26 08:00:00,77.0970292227758
2011-09-26 09:00:00,105.590212458173
2011-09-26 10:00:00,116.791013442229
2011-09-26 11:00:00,153.242877708899
2011-09-26 12:00:00,195.38292792494
2011-09-26 13:00:00,253.744988773623
2011-09-26 14:00:00,243.495004172389
2011-09-26 15:00:00,327.984530375161
2011-09-26 16:00:00,320.929548197229
2011-09-26 17:00:00,326.806673040049
2011-09-26 18:00:00,259.670874836125
2011-09-26 19:00:00,290.339658435779
2011-09-26 20:00:00,268.747591289674
2011-09-26 21:00:00,297.25580445548
2011-09-26 22:00:00,280.021262727703
2011-09-26 23:00:00,309.725364671429
2011-09-27 00:00:00,30.4722285925707
2011-09-27 01:00:00,33.9818023912508
2011-09-27 02:00:00,36.9769605003758
2011-09-27 03:00:00,46.5702776661873
2011-09-27 04:00:00,36.0118905177244
2011-09-27 05:00:00,39.8319606677723
2011-09-27 06:00:00,64.8478792556323
2011-09-27 07:00:00,71.7268140817955
2011-09-27 08:00:00,93.1520467384178
2011-09-27 09:00:00,72.0306943202087
2011-09-27 10:00:00,70.2522990209447
2011-09-27 11:00:00,131.575945790893
2011-09-27 12:00:00,146.725905556163
2011-09-27 13:00:00,257.927968820801
2011-09-27 14:00:00,235.156601997473
2011-09-27 15:00:00,244.05750855668
2011-09-27 16:00:00,254.870005672945
2011-09-27 17:00:00,246.908805779535
2011-09-27 18:00:00,263.786133653262
2011-09-27 19:00:00,284.69532294602
2011-09-27 20:00:00,318.539331813398
2011-09-27 21:00:00,300.070796216145
2011-09-27 22:00:00,302.47672009748
2011-09-27 23:00:00,334.562852564201
2011-09-28 00:00:00,32.1179464620317
2011-09-28 01:00:00,35.5249547250401
2011-09-28 02:00:00,42.1206844516168
2011-09-28 03:00:00,43.7914419969308
2011-09-28 04:00:00,48.0718485693244
2011-09-28 05:00:00,52.2761240126949
2011-09-28 06:00:00,41.2585256598428
2011-09-28 07:00:00,45.6351484930866
2011-09-28 08:00:00,55.9194858481351
2011-09-28 09:00:00,61.8513143532047
2011-09-28 10:00:00,94.3211680404339
2011-09-28 11:00:00,150.225761258579
2011-09-28 12:00:00,186.791017953998
2011-09-28 13:00:00,221.932782192341
2011-09-28 14:00:00,306.386429165986
2011-09-28 15:00:00,267.127985636965
2011-09-28 16:00:00,300.335117681622
2011-09-28 17:00:00,334.925572942775
2011-09-28 18:00:00,216.214669667316
2011-09-28 19:00:00,239.150294365832
2011-09-28 20:00:00,235.319675030769
2011-09-28 21:00:00,228.633768442348
2011-09-28 22:00:00,302.47672009748
2011-09-28 23:00:00,284.184115032091
2011-09-29 00:00:00,28.4202705060986
2011-09-29 01:00:00,32.2602384299304
2011-09-29 02:00:00,35.6823407435801
2011-09-29 03:00:00,45.0616419435071
2011-09-29 04:00:00,59.4001439718011
2011-09-29 05:00:00,64.1102930558686
2011-09-29 06:00:00,70.6222025273728
2011-09-29 07:00:00,67.4873395810764
2011-09-29 08:00:00,80.9112308857933
2011-09-29 09:00:00,112.640817063403
2011-09-29 10:00:00,155.323038034418
2011-09-29 11:00:00,182.347636346817
2011-09-29 12:00:00,208.818117220931
2011-09-29 13:00:00,232.861919871488
2011-09-29 14:00:00,321.188738007163
2011-09-29 15:00:00,398.126616553713
2011-09-29 16:00:00,463.584648085979
2011-09-29 17:00:00,441.820570292622
2011-09-29 18:00:00,523.571757019259
2011-09-29 19:00:00,488.158839521086
2011-09-29 20:00:00,516.34270707095
2011-09-29 21:00:00,429.810267541146
2011-09-29 22:00:00,380.782419133154
2011-09-29 23:00:00,347.767278511902
2011-09-30 00:00:00,31.2894849062613
2011-09-30 01:00:00,37.6903054662264
2011-09-30 02:00:00,38.279824702639
2011-09-30 03:00:00,42.3404728272811
2011-09-30 04:00:00,47.9940020423435
2011-09-30 05:00:00,53.0851108941005
2011-09-30 06:00:00,59.1990750804739
2011-09-30 07:00:00,65.4787959275107
2011-09-30 08:00:00,80.685773681135
2011-09-30 09:00:00,100.505308830798
2011-09-30 10:00:00,149.496264766872
2011-09-30 11:00:00,196.33045787706
2011-09-30 12:00:00,261.825971822276
2011-09-30 13:00:00,348.723185570129
2011-09-30 14:00:00,382.569336167173
2011-09-30 15:00:00,343.948376738345
2011-09-30 16:00:00,357.90617353517
2011-09-30 17:00:00,392.643600670331
2011-09-30 18:00:00,388.877353326893
2011-09-30 19:00:00,369.776524333544
2011-09-30 20:00:00,409.001686980858
2011-09-30 21:00:00,404.291332070265
2011-09-30 22:00:00,463.944769981225
2011-09-30 23:00:00,513.159113954747
2011-10-20 00:00:00,30.5270386708493
2011-10-20 01:00:00,37.5309149249428
2011-10-20 02:00:00,42.5434110826066
2011-10-20 03:00:00,45.402623331914
2011-10-20 04:00:00,50.2188438532651
2011-10-20 05:00:00,51.7125559496492
2011-10-20 06:00:00,53.3464785729664
2011-10-20 07:00:00,61.3826885981253
2011-10-20 08:00:00,83.9752514442929
2011-10-20 09:00:00,94.4143570907665
2011-10-20 10:00:00,118.367755862978
2011-10-20 11:00:00,148.088410719658
2011-10-20 12:00:00,181.800137691638
2011-10-20 13:00:00,223.108757638962
2011-10-20 14:00:00,262.743381183868
2011-10-20 15:00:00,270.079056474741
2011-10-20 16:00:00,298.728508835051
2011-10-20 17:00:00,339.915011156931
2011-10-20 18:00:00,336.000307641141
2011-10-20 19:00:00,322.407315140677
2011-10-20 20:00:00,414.44569305892
2011-10-20 21:00:00,371.747999891473
2011-10-20 22:00:00,414.563281227638
2011-10-20 23:00:00,387.662625685812
2011-10-21 00:00:00,34.4251681460438
2011-10-21 01:00:00,37.7674183247868
2011-10-21 02:00:00,37.0828781589021
2011-10-21 03:00:00,33.1933329297588
2011-10-21 04:00:00,37.0163041045533
2011-10-21 05:00:00,36.6965354531515
2011-10-21 06:00:00,45.2860645199796
2011-10-21 07:00:00,50.0899207129993
2011-10-21 08:00:00,75.868450164506
2011-10-21 09:00:00,107.169902201917
2011-10-21 10:00:00,123.383719467671
2011-10-21 11:00:00,165.325295401096
2011-10-21 12:00:00,186.6372393844
2011-10-21 13:00:00,190.679854433495
2011-10-21 14:00:00,249.303782477506
2011-10-21 15:00:00,251.526254919747
2011-10-21 16:00:00,275.938728352524
2011-10-21 17:00:00,300.07182192005
2011-10-21 18:00:00,304.071205314301
2011-10-21 19:00:00,348.937101087637
2011-10-21 20:00:00,368.979541947575
2011-10-21 21:00:00,309.198164844122
2011-10-21 22:00:00,362.995439926984
2011-10-21 23:00:00,347.059623064477
2011-10-22 00:00:00,36.9722558648869
2011-10-22 01:00:00,40.8941996723044
2011-10-22 02:00:00,45.9778268525144
2011-10-22 03:00:00,49.2189421996974
2011-10-22 04:00:00,48.5257853771989
2011-10-22 05:00:00,52.3722151268585
2011-10-22 06:00:00,51.5123988093481
2011-10-22 07:00:00,52.1229406911751
2011-10-22 08:00:00,68.6847426401965
2011-10-22 09:00:00,86.2598580587709
2011-10-22 10:00:00,126.266043870888
2011-10-22 11:00:00,139.660096174763
2011-10-22 12:00:00,152.117261563672
2011-10-22 13:00:00,207.673025034821
2011-10-22 14:00:00,262.170168608392
2011-10-22 15:00:00,236.667513267113
2011-10-22 16:00:00,296.355190609389
2011-10-22 17:00:00,254.931861479382
2011-10-22 18:00:00,270.854399252902
2011-10-22 19:00:00,240.85692868007
2011-10-22 20:00:00,255.14951199082
2011-10-22 21:00:00,236.44333417927
2011-10-22 22:00:00,261.524775616827
2011-10-22 23:00:00,253.355705230268
2011-10-23 00:00:00,22.1657893217754
2011-10-23 01:00:00,24.5170924309162
2011-10-23 02:00:00,25.4997044303361
2011-10-23 03:00:00,28.7270033861894
2011-10-23 04:00:00,31.7743071116601
2011-10-23 05:00:00,33.6693741030509
2011-10-23 06:00:00,36.7028933426358
2011-10-23 07:00:00,42.2147248450949
2011-10-23 08:00:00,47.2679239762973
2011-10-23 09:00:00,70.5176637284166
2011-10-23 10:00:00,89.8909569973995
2011-10-23 11:00:00,108.963827105548
2011-10-23 12:00:00,163.378801049126
2011-10-23 13:00:00,197.019479649932
2011-10-23 14:00:00,219.710777121282
2011-10-23 15:00:00,250.002892417998
2011-10-23 16:00:00,266.60387505752
2011-10-23 17:00:00,246.628973112309
2011-10-23 18:00:00,270.573539656498
2011-10-23 19:00:00,216.615588557164
2011-10-23 20:00:00,253.427755676547
2011-10-23 21:00:00,280.310870968067
2011-10-23 22:00:00,276.75768113663
2011-10-23 23:00:00,311.161896928409
2011-10-24 00:00:00,26.809109389875
2011-10-24 01:00:00,27.3569334174803
2011-10-24 02:00:00,27.8586789774977
2011-10-24 03:00:00,33.0614683442445
2011-10-24 04:00:00,35.6821083692998
2011-10-24 05:00:00,35.086333152919
2011-10-24 06:00:00,41.6968811729868
2011-10-24 07:00:00,46.630847963768
2011-10-24 08:00:00,62.4819769388905
2011-10-24 09:00:00,78.9057111744923
2011-10-24 10:00:00,93.3612181281306
2011-10-24 11:00:00,127.461784485905
2011-10-24 12:00:00,153.706933172522
2011-10-24 13:00:00,194.674833729309
2011-10-24 14:00:00,213.569458499051
2011-10-24 15:00:00,221.546129488836
2011-10-24 16:00:00,222.991935857316
2011-10-24 17:00:00,218.950173313474
2011-10-24 18:00:00,281.39826574902
2011-10-24 19:00:00,153.711499168591
2011-10-24 20:00:00,218.880125754857
2011-10-24 21:00:00,215.225539177925
2011-10-24 22:00:00,302.110759244007
2011-10-24 23:00:00,304.361215380867
2011-10-25 00:00:00,29.0406777372324
2011-10-25 01:00:00,32.1212554177226
2011-10-25 02:00:00,31.5849348702131
2011-10-25 03:00:00,29.9444693693874
2011-10-25 04:00:00,32.909888803417
2011-10-25 05:00:00,36.4009047443172
2011-10-25 06:00:00,43.0230831295139
2011-10-25 07:00:00,55.6801895036201
2011-10-25 08:00:00,67.556444000742
2011-10-25 09:00:00,111.543617677247
2011-10-25 10:00:00,137.809872610748
2011-10-25 11:00:00,167.795984234966
2011-10-25 12:00:00,226.160806570643
2011-10-25 13:00:00,271.222425210539
2011-10-25 14:00:00,276.5135352157
2011-10-25 15:00:00,307.018516587039
2011-10-25 16:00:00,348.013291495919
2011-10-25 17:00:00,375.609091380866
2011-10-25 18:00:00,353.831718284336
2011-10-25 19:00:00,253.577335497732
2011-10-25 20:00:00,262.120225716206
2011-10-25 21:00:00,259.929696274311
2011-10-25 22:00:00,328.637833273459
2011-10-25 23:00:00,318.00022397939
2011-10-26 00:00:00,31.8021026103927
2011-10-26 01:00:00,38.5203908251528
2011-10-26 02:00:00,41.5748747275681
2011-10-26 03:00:00,46.7431177760322
2011-10-26 04:00:00,47.0348009961871
2011-10-26 05:00:00,51.6012876831872
2011-10-26 06:00:00,57.0750502640647
2011-10-26 07:00:00,62.1056486313585
2011-10-26 08:00:00,89.9314465333348
2011-10-26 09:00:00,116.013691019869
2011-10-26 10:00:00,143.115325039813
2011-10-26 11:00:00,144.193070136691
2011-10-26 12:00:00,154.156141499402
2011-10-26 13:00:00,142.399062207827
2011-10-26 14:00:00,159.811748060666
2011-10-26 15:00:00,176.764262344609
2011-10-26 16:00:00,200.372271570778
2011-10-26 17:00:00,222.533630058085
2011-10-26 18:00:00,213.530965787576
2011-10-26 19:00:00,200.732509788948
2011-10-26 20:00:00,203.041928791841
2011-10-26 21:00:00,323.674916686398
2011-10-26 22:00:00,285.765210762857
2011-10-26 23:00:00,316.078619358278
2011-10-27 00:00:00,22.681707359627
2011-10-27 01:00:00,25.087738034245
2011-10-27 02:00:00,22.1800602756331
2011-10-27 03:00:00,24.5328772193453
2011-10-27 04:00:00,30.9814800841242
2011-10-27 05:00:00,35.119256906005
2011-10-27 06:00:00,43.2631606968561
2011-10-27 07:00:00,55.1639040342324
2011-10-27 08:00:00,48.9012965547794
2011-10-27 09:00:00,89.7660720274772
2011-10-27 10:00:00,62.4480252559614
2011-10-27 11:00:00,67.9521979625976
2011-10-27 12:00:00,75.1604327799089
2011-10-27 13:00:00,122.867643029939
2011-10-27 14:00:00,146.147353150587
2011-10-27 15:00:00,166.343708001125
2011-10-27 16:00:00,236.573625681505
2011-10-27 17:00:00,253.279123156274
2011-10-27 18:00:00,289.138864614278
2011-10-27 19:00:00,293.437261018619
2011-10-27 20:00:00,267.469260940134
2011-10-27 21:00:00,307.848742682023
2011-10-27 22:00:00,245.786087746795
2011-10-27 23:00:00,274.832308872305
2011-10-28 00:00:00,25.0533986395422
2011-10-28 01:00:00,26.5400811661169
2011-10-28 02:00:00,29.5967782892855
2011-10-28 03:00:00,29.5477826036523
2011-10-28 04:00:00,35.20941272761
2011-10-28 05:00:00,48.038355209682
2011-10-28 06:00:00,40.9188776755935
2011-10-28 07:00:00,45.2594713221575
2011-10-28 08:00:00,55.9345737483828
2011-10-28 09:00:00,67.4326829852329
2011-10-28 10:00:00,77.8764898452907
2011-10-28 11:00:00,104.197303001154
2011-10-28 12:00:00,175.413422406651
2011-10-28 13:00:00,191.430132531208
2011-10-28 14:00:00,173.923133913102
2011-10-28 15:00:00,195.84062573019
2011-10-28 16:00:00,211.04950802234
2011-10-28 17:00:00,218.139935189415
2011-10-28 18:00:00,232.6314879086
2011-10-28 19:00:00,266.874271171682
2011-10-28 20:00:00,160.731484253136
2011-10-28 21:00:00,152.953399174436
2011-10-28 22:00:00,148.874983694406
2011-10-28 23:00:00,146.005183293078
2011-10-29 00:00:00,13.6268531684058
2011-10-29 01:00:00,15.7328770458986
2011-10-29 02:00:00,17.4017895387829
2011-10-29 03:00:00,21.7469998150363
2011-10-29 04:00:00,24.0538785612557
2011-10-29 05:00:00,19.2411326988798
2011-10-29 06:00:00,23.272023439848
2011-10-29 07:00:00,25.7406736771918
2011-10-29 08:00:00,31.0300622302317
2011-10-29 09:00:00,34.321669884695
2011-10-29 10:00:00,31.5947494975066
2011-10-29 11:00:00,35.5223462859143
2011-10-29 12:00:00,40.5644831088782
2011-10-29 13:00:00,45.2364107509092
2011-10-29 14:00:00,49.0230887263074
2011-10-29 15:00:00,49.0804393367007
2011-10-29 16:00:00,53.0826409595917
2011-10-29 17:00:00,58.7135425673715
2011-10-29 18:00:00,64.9417590853238
2011-10-29 19:00:00,103.414979521304
2011-10-29 20:00:00,114.385036095887
2011-10-29 21:00:00,126.518774583929
2011-10-29 22:00:00,134.885897113389
2011-10-29 23:00:00,154.50624722486
2011-10-30 00:00:00,14.6784349542416
2011-10-30 01:00:00,16.3685440211929
2011-10-30 02:00:00,18.2537560937135
2011-10-30 03:00:00,24.6403420965589
2011-10-30 04:00:00,24.0388135823433
2011-10-30 05:00:00,29.6563224894863
2011-10-30 06:00:00,33.8317550445465
2011-10-30 07:00:00,41.4656154992957
2011-10-30 08:00:00,48.2032828764506
2011-10-30 09:00:00,63.1149165336156
2011-10-30 10:00:00,80.5900317855277
2011-10-30 11:00:00,108.779848064787
2011-10-30 12:00:00,141.967991804163
2011-10-30 13:00:00,183.472157993456
2011-10-30 14:00:00,226.346839733075
2011-10-30 15:00:00,259.671649993727
2011-10-30 16:00:00,297.894678656964
2011-10-30 17:00:00,299.411371828106
2011-10-30 18:00:00,260.913480074768
2011-10-30 19:00:00,442.433629021083
2011-10-30 20:00:00,249.308473395196
2011-10-30 21:00:00,231.030528840772
2011-10-30 22:00:00,214.031822096137
2011-10-30 23:00:00,181.656792844944
2011-10-31 00:00:00,16.3711144025926
2011-10-31 01:00:00,19.8007551881678
2011-10-31 02:00:00,19.1877018251659
2011-10-31 03:00:00,20.0383247404355
2011-10-31 04:00:00,23.4743992914654
2011-10-31 05:00:00,22.7411455504313
2011-10-31 06:00:00,28.7187818070227
2011-10-31 07:00:00,29.049190172438
2011-10-31 08:00:00,44.8679296485877
2011-10-31 09:00:00,61.1530734378765
2011-10-31 10:00:00,97.8371726667153
2011-10-31 11:00:00,120.768322388545
2011-10-31 12:00:00,156.257454998322
2011-10-31 13:00:00,211.445375164164
2011-10-31 14:00:00,223.653181241187
2011-10-31 15:00:00,207.700893085015
2011-10-31 16:00:00,198.237854913292
2011-10-31 17:00:00,217.478297100871
2011-10-31 18:00:00,190.3805515112
2011-10-31 19:00:00,210.575744030172
2011-10-31 20:00:00,232.913202645344
2011-10-31 21:00:00,225.304028543192
2011-10-31 22:00:00,249.203834461456
2011-10-31 23:00:00,275.638884541238
2011-11-20 00:00:00,33.0904559533199
2011-11-20 01:00:00,41.5683395719782
2011-11-20 02:00:00,46.3558842365657
2011-11-20 03:00:00,56.6022440822029
2011-11-20 04:00:00,58.1127316057906
2011-11-20 05:00:00,71.213504877535
2011-11-20 06:00:00,78.1252994193514
2011-11-20 07:00:00,73.1495077605055
2011-11-20 08:00:00,90.7906556003562
2011-11-20 09:00:00,85.3265159497333
2011-11-20 10:00:00,108.790338351398
2011-11-20 11:00:00,156.533211500818
2011-11-20 12:00:00,174.556808761785
2011-11-20 13:00:00,223.734380271941
2011-11-20 14:00:00,196.625073584592
2011-11-20 15:00:00,232.70037851504
2011-11-20 16:00:00,272.790983773597
2011-11-20 17:00:00,306.702092702008
2011-11-20 18:00:00,348.965942064289
2011-11-20 19:00:00,306.666248398947
2011-11-20 20:00:00,375.906995029847
2011-11-20 21:00:00,332.269369553708
2011-11-20 22:00:00,203.823367259981
2011-11-20 23:00:00,225.444547096926
2011-11-21 00:00:00,26.5764677084902
2011-11-21 01:00:00,21.147163260109
2011-11-21 02:00:00,20.4924236084463
2011-11-21 03:00:00,22.298627059334
2011-11-21 04:00:00,24.6640213330527
2011-11-21 05:00:00,38.5461953379234
2011-11-21 06:00:00,40.8335478803596
2011-11-21 07:00:00,56.302570837381
2011-11-21 08:00:00,59.5365088243516
2011-11-21 09:00:00,70.7536670498991
2011-11-21 10:00:00,97.6445259284974
2011-11-21 11:00:00,111.138191413034
2011-11-21 12:00:00,129.79596912026
2011-11-21 13:00:00,143.56446891587
2011-11-21 14:00:00,143.535314088667
2011-11-21 15:00:00,83.78811579226
2011-11-21 16:00:00,92.6761934650839
2011-11-21 17:00:00,100.202144621834
2011-11-21 18:00:00,117.774390972173
2011-11-21 19:00:00,114.127965077057
2011-11-21 20:00:00,141.260792528647
2011-11-21 21:00:00,153.711527288747
2011-11-21 22:00:00,168.630361815367
2011-11-21 23:00:00,188.052003317277
2011-11-22 00:00:00,15.7060475304437
2011-11-22 01:00:00,18.2872065766794
2011-11-22 02:00:00,17.5719794354123
2011-11-22 03:00:00,19.4359802738419
2011-11-22 04:00:00,23.8952140102927
2011-11-22 05:00:00,26.4299710712917
2011-11-22 06:00:00,42.1587329236983
2011-11-22 07:00:00,32.8676897096479
2011-11-22 08:00:00,36.3542292541093
2011-11-22 09:00:00,39.4874675157253
2011-11-22 10:00:00,43.6762200024509
2011-11-22 11:00:00,50.1193007920816
2011-11-22 12:00:00,50.0790656060511
2011-11-22 13:00:00,57.8187621174515
2011-11-22 14:00:00,63.9520620942712
2011-11-22 15:00:00,78.804466934498
2011-11-22 16:00:00,87.1638889892424
2011-11-22 17:00:00,90.3570425609441
2011-11-22 18:00:00,97.5192556791057
2011-11-22 19:00:00,126.692340208788
2011-11-22 20:00:00,194.100370617888
2011-11-22 21:00:00,216.449537767013
2011-11-22 22:00:00,280.695974203192
2011-11-22 23:00:00,302.340343543327
2011-11-23 00:00:00,29.7456557068942
2011-11-23 01:00:00,33.3071909403305
2011-11-23 02:00:00,26.6652389831699
2011-11-23 03:00:00,29.4938348169089
2011-11-23 04:00:00,37.2464529054084
2011-11-23 05:00:00,46.3982108234301
2011-11-23 06:00:00,42.6350995329376
2011-11-23 07:00:00,50.4472209452064
2011-11-23 08:00:00,63.9680615468683
2011-11-23 09:00:00,79.0262595823654
2011-11-23 10:00:00,87.4092089627081
2011-11-23 11:00:00,136.633161604968
2011-11-23 12:00:00,159.175849017747
2011-11-23 13:00:00,196.087692190888
2011-11-23 14:00:00,175.840893988698
2011-11-23 15:00:00,226.962911632438
2011-11-23 16:00:00,214.352779373527
2011-11-23 17:00:00,132.726854316193
2011-11-23 18:00:00,282.930722145655
2011-11-23 19:00:00,246.558509124385
2011-11-23 20:00:00,216.308363436845
2011-11-23 21:00:00,252.030801288924
2011-11-23 22:00:00,250.517721069166
2011-11-23 23:00:00,270.375180513606
2011-11-24 00:00:00,27.9629382630715
2011-11-24 01:00:00,31.2476180546322
2011-11-24 02:00:00,31.3870129800072
2011-11-24 03:00:00,31.3977765715603
2011-11-24 04:00:00,39.6847207373468
2011-11-24 05:00:00,44.0738875408899
2011-11-24 06:00:00,48.5506283580535
2011-11-24 07:00:00,38.4636949442384
2011-11-24 08:00:00,55.9613113980622
2011-11-24 09:00:00,69.8669405451265
2011-11-24 10:00:00,89.3949451107166
2011-11-24 11:00:00,154.924934882581
2011-11-24 12:00:00,197.132827693887
2011-11-24 13:00:00,238.069496776181
2011-11-24 14:00:00,289.020605676977
2011-11-24 15:00:00,315.780911137315
2011-11-24 16:00:00,336.758985223039
2011-11-24 17:00:00,344.861631978975
2011-11-24 18:00:00,259.147854126293
2011-11-24 19:00:00,259.776786565095
2011-11-24 20:00:00,177.174566002234
2011-11-24 21:00:00,211.12286166735
2011-11-24 22:00:00,233.518357439814
2011-11-24 23:00:00,235.861851524247
2011-11-25 00:00:00,21.9862778965856
2011-11-25 01:00:00,25.3386706122027
2011-11-25 02:00:00,21.5908812687296
2011-11-25 03:00:00,26.1140288795008
2011-11-25 04:00:00,31.48013728681
2011-11-25 05:00:00,33.83706770484
2011-11-25 06:00:00,30.9501855442637
2011-11-25 07:00:00,36.2573729601708
2011-11-25 08:00:00,38.1750239570564
2011-11-25 09:00:00,54.3804908368219
2011-11-25 10:00:00,67.7809472806315
2011-11-25 11:00:00,94.3831581268312
2011-11-25 12:00:00,148.500672602129
2011-11-25 13:00:00,202.260387022208
2011-11-25 14:00:00,255.425651720725
2011-11-25 15:00:00,293.023679873908
2011-11-25 16:00:00,294.431931088591
2011-11-25 17:00:00,345.157909276138
2011-11-25 18:00:00,300.578633134338
2011-11-25 19:00:00,211.304202744391
2011-11-25 20:00:00,262.392310639578
2011-11-25 21:00:00,214.090491829205
2011-11-25 22:00:00,222.67095000653
2011-11-25 23:00:00,229.547976983172
2011-11-26 00:00:00,24.654815561123
2011-11-26 01:00:00,26.0114815069309
2011-11-26 02:00:00,25.6890584678871
2011-11-26 03:00:00,28.8224635656647
2011-11-26 04:00:00,31.8798935182479
2011-11-26 05:00:00,38.0122191693927
2011-11-26 06:00:00,49.0634672322028
2011-11-26 07:00:00,34.1768566061651
2011-11-26 08:00:00,52.6823854429626
2011-11-26 09:00:00,60.8417027670845
2011-11-26 10:00:00,66.4291325715599
2011-11-26 11:00:00,109.363864251503
2011-11-26 12:00:00,150.929034830312
2011-11-26 13:00:00,201.940257003465
2011-11-26 14:00:00,255.814925747388
2011-11-26 15:00:00,320.340364403302
2011-11-26 16:00:00,304.240387808032
2011-11-26 17:00:00,336.51360665869
2011-11-26 18:00:00,275.374345763967
2011-11-26 19:00:00,250.024507127541
2011-11-26 20:00:00,341.855741834888
2011-11-26 21:00:00,242.650213182131
2011-11-26 22:00:00,293.483836800701
2011-11-26 23:00:00,246.361876892369
2011-11-27 00:00:00,24.2382325939724
2011-11-27 01:00:00,26.809376388175
2011-11-27 02:00:00,28.4002596051832
2011-11-27 03:00:00,28.7270033861894
2011-11-27 04:00:00,31.3241244297714
2011-11-27 05:00:00,35.506691150799
2011-11-27 06:00:00,47.7422999897258
2011-11-27 07:00:00,49.8243844092472
2011-11-27 08:00:00,63.2702025269239
2011-11-27 09:00:00,92.0264671233346
2011-11-27 10:00:00,101.788452818009
2011-11-27 11:00:00,143.205963495127
2011-11-27 12:00:00,187.785190204448
2011-11-27 13:00:00,190.946283579834
2011-11-27 14:00:00,395.729666222347
2011-11-27 15:00:00,416.755634390342
2011-11-27 16:00:00,308.854028007265
2011-11-27 17:00:00,303.34215067724
2011-11-27 18:00:00,275.033937960904
2011-11-27 19:00:00,279.105058043859
2011-11-27 20:00:00,344.828626639437
2011-11-27 21:00:00,347.088478433605
2011-11-27 22:00:00,353.444647040446
2011-11-27 23:00:00,390.937356432886
2011-11-28 00:00:00,31.5785303065353
2011-11-28 01:00:00,35.0711449539577
2011-11-28 03:00:00,34.1865723973041
2011-11-28 04:00:00,39.8551892234961
2011-11-28 05:00:00,36.6343211372045
2011-11-28 06:00:00,46.6988554620302
2011-11-28 07:00:00,46.0910772936967
2011-11-28 08:00:00,54.6268791718025
2011-11-28 09:00:00,73.3485706017265
2011-11-28 10:00:00,101.639581901093
2011-11-28 11:00:00,138.96572391684
2011-11-28 12:00:00,161.066756564085
2011-11-28 13:00:00,224.808224179548
2011-11-28 14:00:00,263.122023687051
2011-11-28 15:00:00,231.320611903939
2011-11-28 16:00:00,247.055465011616
2011-11-28 17:00:00,302.836969973305
2011-11-28 18:00:00,287.107093409739
2011-11-28 19:00:00,266.057959126177
2011-11-28 20:00:00,347.638661204055
2011-11-28 21:00:00,359.327783768511
2011-11-28 22:00:00,336.904429630116
2011-11-28 23:00:00,375.696387559486
2011-11-29 00:00:00,30.4066624648003
2011-11-29 01:00:00,34.4676686799965
2011-11-29 02:00:00,38.7492683438285
2011-11-29 03:00:00,42.8597141218306
2011-11-29 04:00:00,58.3437810477558
2011-11-29 05:00:00,48.3650714579312
2011-11-29 06:00:00,60.174970411727
2011-11-29 07:00:00,71.600891925158
2011-11-29 08:00:00,84.0534076195366
2011-11-29 09:00:00,85.4153733668186
2011-11-29 10:00:00,94.4760673060379
2011-11-29 11:00:00,71.0778255951107
2011-11-29 12:00:00,74.7800280390837
2011-11-29 13:00:00,85.890536317045
2011-11-29 14:00:00,68.9387266499929
2011-11-29 15:00:00,87.8056541430266
2011-11-29 16:00:00,94.379698444016
2011-11-29 17:00:00,156.186553888977
2011-11-29 18:00:00,186.113351114894
2011-11-29 19:00:00,207.54855854231
2011-11-29 20:00:00,199.950304844747
2011-11-29 21:00:00,221.160637877789
2011-11-29 22:00:00,227.692592230197
2011-11-29 23:00:00,237.605154002122
2011-11-30 00:00:00,29.0337130857231
2011-11-30 01:00:00,27.0886506611441
2011-11-30 02:00:00,28.1782603957434
2011-11-30 03:00:00,31.1673545496611
2011-11-30 04:00:00,29.8443119836074
2011-11-30 05:00:00,28.6762918971702
2011-11-30 06:00:00,28.3038496963104
2011-11-30 07:00:00,34.2333200377969
2011-11-30 08:00:00,38.8043383103553
2011-11-30 09:00:00,50.2216933216593
2011-11-30 10:00:00,68.1051175321725
2011-11-30 11:00:00,113.986913548598
2011-11-30 12:00:00,125.720378953712
2011-11-30 13:00:00,195.665776522944
2011-11-30 14:00:00,216.421615262188
2011-11-30 15:00:00,163.138898169476
2011-11-30 16:00:00,178.243865295444
2011-11-30 17:00:00,205.1940287716
2011-11-30 18:00:00,193.699708195935
2011-11-30 19:00:00,220.115462501591
2011-11-30 20:00:00,243.464875592038
2011-11-30 21:00:00,240.481633296949
2011-11-30 22:00:00,237.712075423803
2011-11-30 23:00:00,266.266438367026
2011-12-20 00:00:00,31.2860396061026
2011-12-20 01:00:00,37.26793738938
2011-12-20 02:00:00,41.0615627084404
2011-12-20 03:00:00,45.4172921011982
2011-12-20 04:00:00,58.2362843059048
2011-12-20 05:00:00,61.5774112815063
2011-12-20 06:00:00,68.1094213307406
2011-12-20 07:00:00,69.9269893941101
2011-12-20 08:00:00,101.58948702076
2011-12-20 09:00:00,80.6005228141125
2011-12-20 10:00:00,120.492374144144
2011-12-20 11:00:00,119.315120104444
2011-12-20 12:00:00,160.715879026439
2011-12-20 13:00:00,177.76430173575
2011-12-20 14:00:00,183.741510091625
2011-12-20 15:00:00,209.62442407468
2011-12-20 16:00:00,197.881926765046
2011-12-20 17:00:00,186.461231020284
2011-12-20 18:00:00,187.62477369535
2011-12-20 19:00:00,196.788984819303
2011-12-20 20:00:00,208.525772913212
2011-12-20 21:00:00,226.387649688091
2011-12-20 22:00:00,298.918491184577
2011-12-20 23:00:00,366.305847991444
2011-12-21 00:00:00,16.0327010920797
2011-12-21 01:00:00,20.652518584999
2011-12-21 02:00:00,21.514495501508
2011-12-21 03:00:00,23.7967106498129
2011-12-21 04:00:00,26.3210186690749
2011-12-21 05:00:00,26.544775423975
2011-12-21 06:00:00,25.3723226852663
2011-12-21 07:00:00,27.6583001074525
2011-12-21 08:00:00,19.3645737760404
2011-12-21 09:00:00,39.7856152892243
2011-12-21 10:00:00,59.3866836090832
2011-12-21 11:00:00,65.6863055979299
2011-12-21 12:00:00,43.0568336694167
2011-12-21 13:00:00,40.7123248149891
2011-12-21 14:00:00,79.967480792806
2011-12-21 15:00:00,89.1775644755371
2011-12-21 16:00:00,50.7951063823112
2011-12-21 17:00:00,56.1833508446248
2011-12-21 18:00:00,90.3530951133773
2011-12-21 19:00:00,125.344925822269
2011-12-21 20:00:00,139.777431487142
2011-12-21 21:00:00,141.366276774742
2011-12-21 22:00:00,155.086913919183
2011-12-21 23:00:00,168.756283851244
2011-12-22 00:00:00,20.757792296732
2011-12-22 01:00:00,14.3461003408031
2011-12-22 02:00:00,20.7636817795368
2011-12-22 03:00:00,26.7829546729836
2011-12-22 04:00:00,20.649821964103
2011-12-22 05:00:00,22.015465847024
2011-12-22 06:00:00,21.6540288383542
2011-12-22 07:00:00,20.9776367630112
2011-12-22 08:00:00,31.0407175957195
2011-12-22 09:00:00,36.7283753527836
2011-12-22 10:00:00,45.6967979887503
2011-12-22 11:00:00,57.9080895335689
2011-12-22 12:00:00,96.8799076368149
2011-12-22 13:00:00,91.0987288766439
2011-12-22 14:00:00,100.762301932263
2011-12-22 15:00:00,123.512953673245
2011-12-22 16:00:00,123.273466027226
2011-12-22 17:00:00,128.730272174395
2011-12-22 18:00:00,150.293895920863
2011-12-22 19:00:00,162.207044939856
2011-12-22 20:00:00,102.511508951603
2011-12-22 21:00:00,113.385727154328
2011-12-22 22:00:00,78.2867246535331
2011-12-22 23:00:00,104.71022998889
2011-12-23 00:00:00,10.8640490443918
2011-12-23 01:00:00,12.0164858886256
2011-12-23 02:00:00,11.2830040102885
2011-12-23 03:00:00,12.479882769024
2011-12-23 04:00:00,14.3798589536742
2011-12-23 05:00:00,17.3234100337672
2011-12-23 06:00:00,26.1029605012902
2011-12-23 07:00:00,28.6372291512223
2011-12-23 08:00:00,36.461052894245
2011-12-23 09:00:00,47.3848938018025
2011-12-23 10:00:00,56.5464229579434
2011-12-23 11:00:00,68.0341232115321
2011-12-23 12:00:00,81.5200214506772
2011-12-23 13:00:00,94.1515735973772
2011-12-23 14:00:00,96.9183811123366
2011-12-23 15:00:00,101.004514435711
2011-12-23 16:00:00,116.655194703487
2011-12-23 17:00:00,106.268354933459
2011-12-23 18:00:00,118.684215689097
2011-12-23 19:00:00,123.500549411291
2011-12-23 20:00:00,115.426830761927
2011-12-23 21:00:00,124.068883558615
2011-12-23 22:00:00,131.91502090425
2011-12-23 23:00:00,149.832442379446
2011-12-24 00:00:00,17.1595851568704
2011-12-24 01:00:00,20.990239587671
2011-12-24 02:00:00,22.7882191263739
2011-12-24 03:00:00,23.747486625129
2011-12-24 04:00:00,27.2601559382435
2011-12-24 05:00:00,30.1518593864165
2011-12-24 06:00:00,27.9333533816608
2011-12-24 07:00:00,27.4873980543166
2011-12-24 08:00:00,29.0662343207383
2011-12-24 09:00:00,49.6074310336353
2011-12-24 10:00:00,56.1032211370992
2011-12-24 11:00:00,68.1687315287847
2011-12-24 12:00:00,80.5146147102416
2011-12-24 13:00:00,85.6411685229827
2011-12-24 14:00:00,94.7258143659674
2011-12-24 15:00:00,102.655182523322
2011-12-24 16:00:00,112.447940356436
2011-12-24 17:00:00,107.361966151605
2011-12-24 18:00:00,133.69195235298
2011-12-24 19:00:00,127.407438014273
2011-12-24 20:00:00,118.111370841785
2011-12-24 21:00:00,126.184814496493
2011-12-24 22:00:00,154.353934806327
2011-12-24 23:00:00,147.586962833524
2011-12-25 00:00:00,13.2371694044125
2011-12-25 01:00:00,12.5965990126992
2011-12-25 02:00:00,13.7177060550011
2011-12-25 03:00:00,16.1601558702779
2011-12-25 05:00:00,17.101494906769
2011-12-25 06:00:00,18.9155876765554
2011-12-25 07:00:00,20.2714254194382
2011-12-25 08:00:00,20.9119263575847
2011-12-25 09:00:00,22.7127335576693
2011-12-25 10:00:00,28.1525939148698
2011-12-25 11:00:00,42.5185553118762
2011-12-25 12:00:00,41.5540502885856
2011-12-25 13:00:00,53.3083849345579
2011-12-25 14:00:00,70.397635938309
2011-12-25 15:00:00,79.9594288661943
2011-12-25 16:00:00,99.8309998137672
2011-12-25 17:00:00,96.2365944124678
2011-12-25 18:00:00,90.6511969364967
2011-12-25 19:00:00,124.965540203226
2011-12-25 20:00:00,153.821211951088
2011-12-25 21:00:00,142.381789741814
2011-12-25 22:00:00,135.229531319384
2011-12-25 23:00:00,139.772707712651
2011-12-26 00:00:00,9.88301860863116
2011-12-26 01:00:00,16.6397409923628
2011-12-26 02:00:00,24.5082408791231
2011-12-26 04:00:00,29.3093868238471
2011-12-26 05:00:00,35.2637413671797
2011-12-26 06:00:00,36.2472961815884
2011-12-26 07:00:00,40.8464344175732
2011-12-26 08:00:00,46.394421115387
2011-12-26 09:00:00,48.5216486931197
2011-12-26 10:00:00,58.0235892917741
2011-12-26 11:00:00,61.4628676710131
2011-12-26 12:00:00,74.9863997421596
2011-12-26 13:00:00,102.808085759624
2011-12-26 14:00:00,114.648787301303
2011-12-26 15:00:00,124.242477444312
2011-12-26 16:00:00,111.544836901529
2011-12-26 17:00:00,111.198413040105
2011-12-26 18:00:00,118.339053768879
2011-12-26 19:00:00,98.8036646574009
2011-12-26 20:00:00,124.964149487072
2011-12-26 21:00:00,104.854940464323
2011-12-26 22:00:00,115.977745248916
2011-12-26 23:00:00,121.119232680237
2011-12-27 00:00:00,11.2935499404032
2011-12-27 01:00:00,12.9326230633405
2011-12-27 02:00:00,14.304490149901
2011-12-27 03:00:00,22.6836972103378
2011-12-27 04:00:00,23.6385648708957
2011-12-27 05:00:00,25.8361199946716
2011-12-27 06:00:00,30.0050391262596
2011-12-27 07:00:00,32.5146707212297
2011-12-27 08:00:00,36.3320584762456
2011-12-27 09:00:00,28.9585018973648
2011-12-27 10:00:00,46.7622769204382
2011-12-27 11:00:00,35.4280800595838
2011-12-27 12:00:00,29.901290703404
2011-12-27 13:00:00,29.3240929713364
2011-12-27 14:00:00,52.8511436134518
2011-12-27 15:00:00,58.4574884404269
2011-12-27 16:00:00,60.7375639674333
2011-12-27 17:00:00,59.3265002140875
2011-12-27 18:00:00,81.9081716441942
2011-12-27 19:00:00,73.8171236175852
2011-12-27 20:00:00,73.1563287023048
2011-12-27 21:00:00,88.4820983762764
2011-12-27 22:00:00,97.8681044415355
2011-12-27 23:00:00,91.9494255347081
2011-12-28 00:00:00,10.4135979676333
2011-12-28 01:00:00,13.5691436761361
2011-12-28 02:00:00,18.4195029571835
2011-12-28 03:00:00,20.3734074152352
2011-12-28 05:00:00,26.080538038652
2011-12-28 06:00:00,29.2616935856819
2011-12-28 07:00:00,32.3657161904239
2011-12-28 08:00:00,35.2918021966365
2011-12-28 09:00:00,40.4149340001238
2011-12-28 10:00:00,45.3573989751257
2011-12-28 11:00:00,64.003066194114
2011-12-28 12:00:00,65.6232778745414
2011-12-28 13:00:00,78.6114046181166
2011-12-28 14:00:00,85.1918576103238
2011-12-28 15:00:00,99.3429975222024
2011-12-28 16:00:00,105.238065919059
2011-12-28 17:00:00,108.016163356155
2011-12-28 18:00:00,107.190390526937
2011-12-28 19:00:00,111.083004271859
2011-12-28 20:00:00,121.867764692139
2011-12-28 21:00:00,125.779059094521
2011-12-28 22:00:00,144.037766719298
2011-12-28 23:00:00,152.276059818769
2011-12-29 00:00:00,17.2433212073926
2011-12-29 01:00:00,15.7177881220286
2011-12-29 02:00:00,16.5518648802752
2011-12-29 03:00:00,16.2189495033512
2011-12-29 04:00:00,18.5733720844595
2011-12-29 05:00:00,21.1021022834498
2011-12-29 06:00:00,23.2905799230591
2011-12-29 07:00:00,21.5351646291803
2011-12-29 08:00:00,30.990260094939
2011-12-29 09:00:00,31.2505769827183
2011-12-29 10:00:00,36.3873474737911
2011-12-29 11:00:00,45.6161263226082
2011-12-29 12:00:00,56.1282808854091
2011-12-29 13:00:00,68.8012245037716
2011-12-29 14:00:00,84.1310005218074
2011-12-29 15:00:00,91.3634311757566
2011-12-29 16:00:00,84.3062389853046
2011-12-29 17:00:00,81.5490407987696
2011-12-29 18:00:00,96.3820843791126
2011-12-29 19:00:00,110.40473712918
2011-12-29 20:00:00,97.9873190708683
2011-12-29 21:00:00,135.893970324651
2011-12-29 22:00:00,120.860931436691
2011-12-29 23:00:00,140.687314062855
2011-12-30 00:00:00,12.2081827494355
2011-12-30 01:00:00,14.370375150657
2011-12-30 02:00:00,13.5925531297915
2011-12-30 03:00:00,15.0344242931091
2011-12-30 04:00:00,16.5615240034098
2011-12-30 05:00:00,17.0034848440863
2011-12-30 06:00:00,20.2615107777696
2011-12-30 07:00:00,20.8022094679914
2011-12-30 08:00:00,26.9598048221128
2011-12-30 09:00:00,28.2505808668555
2011-12-30 10:00:00,37.244204754128
2011-12-30 11:00:00,43.5161890260893
2011-12-30 12:00:00,56.5182992124097
2011-12-30 13:00:00,81.1755101434963
2011-12-30 14:00:00,115.203502756956
2011-12-30 15:00:00,115.826576911175
2011-12-30 16:00:00,129.199332653008
2011-12-30 17:00:00,117.175590918388
2011-12-30 18:00:00,100.301102384844
2011-12-30 19:00:00,149.838534781313
2011-12-30 20:00:00,134.361769558808
2011-12-30 21:00:00,155.127319125976
2011-12-30 22:00:00,148.542222337141
2011-12-30 23:00:00,181.396666644009
2011-12-31 00:00:00,25.0712024246269
2011-12-31 01:00:00,28.6010775409838
2011-12-31 02:00:00,31.6350233017525
2011-12-31 03:00:00,34.9908040306652
2011-12-31 04:00:00,27.2170103959836
2011-12-31 05:00:00,28.7803314635912
2011-12-31 06:00:00,39.2653462033694
2011-12-31 07:00:00,25.7000193337328
2011-12-31 08:00:00,28.8320740287851
2011-12-31 09:00:00,39.3359391963083
2011-12-31 10:00:00,47.517772853844
2011-12-31 11:00:00,59.1039862140253
2011-12-31 12:00:00,135.490495940015
2011-12-31 13:00:00,144.747381471689
2011-12-31 14:00:00,122.821431059173
2011-12-31 15:00:00,150.819377921578
2011-12-31 16:00:00,146.325438692898
2011-12-31 17:00:00,140.559273947528
2011-12-31 18:00:00,152.948176817642
2011-12-31 19:00:00,173.375393957255
2011-12-31 20:00:00,191.766712982367
2011-12-31 21:00:00,189.887882193873
2011-12-31 22:00:00,186.446135626537
2011-12-31 23:00:00,179.415370750027
2012-01-20 00:00:00,17.4815909607015
2012-01-20 01:00:00,17.9480950576068
2012-01-20 02:00:00,19.8519934976523
2012-01-20 03:00:00,19.6580323469386
2012-01-20 04:00:00,18.4849655899294
2012-01-20 05:00:00,20.4458141946422
2012-01-20 06:00:00,21.7929534231231
2012-01-20 07:00:00,20.7383532828403
2012-01-20 08:00:00,24.9145294699204
2012-01-20 09:00:00,35.2842874866221
2012-01-20 10:00:00,48.5059095629069
2012-01-20 11:00:00,60.0775437362807
2012-01-20 12:00:00,63.9755675793869
2012-01-20 13:00:00,67.2571081245762
2012-01-20 14:00:00,83.3559479187827
2012-01-20 15:00:00,93.5497998509772
2012-01-20 16:00:00,95.4101715237725
2012-01-20 17:00:00,126.760070245147
2012-01-20 18:00:00,124.868245887851
2012-01-20 19:00:00,132.617601107144
2012-01-20 20:00:00,152.764885003155
2012-01-20 21:00:00,161.584770943197
2012-01-20 22:00:00,170.130982976295
2012-01-20 23:00:00,75.4494551493988
2012-01-21 00:00:00,8.10371942869274
2012-01-21 01:00:00,6.13698667117544
2012-01-21 02:00:00,7.98080209767705
2012-01-21 03:00:00,7.47868689894595
2012-01-21 04:00:00,9.58624782782107
2012-01-21 05:00:00,10.1966266457346
2012-01-21 06:00:00,9.89530224022977
2012-01-21 07:00:00,10.9449763387056
2012-01-21 08:00:00,17.4181484022736
2012-01-21 09:00:00,19.2658311488342
2012-01-21 10:00:00,14.5367543079825
2012-01-21 11:00:00,29.8300605121869
2012-01-21 12:00:00,36.6740277483205
2012-01-21 13:00:00,39.8256673869605
2012-01-21 14:00:00,29.5625436228918
2012-01-21 15:00:00,32.6984798047958
2012-01-21 16:00:00,52.2515145592199
2012-01-21 17:00:00,59.2300419008527
2012-01-21 18:00:00,70.5790691347167
2012-01-21 19:00:00,66.4869777646655
2012-01-21 20:00:00,74.9229946223273
2012-01-21 21:00:00,74.6798414038709
2012-01-21 22:00:00,100.231539674564
2012-01-21 23:00:00,95.9165513393974
2012-01-22 00:00:00,7.81090529885393
2012-01-22 01:00:00,12.0643345773293
2012-01-22 02:00:00,13.289751758515
2012-01-22 03:00:00,15.8361918723199
2012-01-22 04:00:00,9.30652633652255
2012-01-22 05:00:00,11.5589122448906
2012-01-22 06:00:00,18.7416918316699
2012-01-22 07:00:00,20.7297734485548
2012-01-22 08:00:00,22.9287468328902
2012-01-22 09:00:00,25.3609829664311
2012-01-22 10:00:00,27.316559578146
2012-01-22 11:00:00,19.5145406713988
2012-01-22 12:00:00,31.3838070148047
2012-01-22 13:00:00,36.9156881849763
2012-01-22 14:00:00,39.4390415794213
2012-01-22 15:00:00,42.1217576627484
2012-01-22 16:00:00,46.5899504402372
2012-01-22 17:00:00,54.8036504074661
2012-01-22 18:00:00,37.8156387291046
2012-01-22 19:00:00,41.8270469233772
2012-01-22 20:00:00,45.0523160231091
2012-01-22 21:00:00,51.1715686228997
2012-01-22 22:00:00,77.734011774596
2012-01-22 23:00:00,82.6835180956146
2012-01-23 00:00:00,9.54678645747832
2012-01-23 01:00:00,9.97001146909826
2012-01-23 02:00:00,11.0276105748712
2012-01-23 03:00:00,12.9185716480053
2012-01-23 04:00:00,16.3142898670035
2012-01-23 05:00:00,16.5019850792897
2012-01-23 06:00:00,18.2524830318174
2012-01-23 07:00:00,13.7721471393776
2012-01-23 08:00:00,13.8878325989503
2012-01-23 09:00:00,23.2252106704195
2012-01-23 10:00:00,24.6137414461669
2012-01-23 11:00:00,25.6002270077714
2012-01-23 12:00:00,31.4322861716374
2012-01-23 13:00:00,23.2855368254615
2012-01-23 14:00:00,24.317157615434
2012-01-23 15:00:00,34.3023226262527
2012-01-23 16:00:00,45.1515509807469
2012-01-23 17:00:00,49.0567489922411
2012-01-23 18:00:00,54.788293109898
2012-01-23 19:00:00,63.7940432264098
2012-01-23 20:00:00,63.5738509528023
2012-01-23 21:00:00,69.585066290807
2012-01-23 22:00:00,76.9665125521684
2012-01-23 23:00:00,99.8743132418412
2012-01-24 00:00:00,9.53108090704429
2012-01-24 01:00:00,12.1139470622571
2012-01-24 02:00:00,13.2900587245835
2012-01-24 03:00:00,15.6326370349306
2012-01-24 04:00:00,14.743039334874
2012-01-24 05:00:00,16.3069518002975
2012-01-24 06:00:00,20.5998325060318
2012-01-24 07:00:00,23.3978147130537
2012-01-24 08:00:00,25.8798086399677
2012-01-24 09:00:00,30.920589808292
2012-01-24 10:00:00,26.6928084436061
2012-01-24 11:00:00,32.6824483049603
2012-01-24 12:00:00,36.4465794350271
2012-01-24 13:00:00,40.3127605260356
2012-01-24 14:00:00,51.74843007979
2012-01-24 15:00:00,90.9606778653414
2012-01-24 16:00:00,85.1650698522269
2012-01-24 17:00:00,103.094566178103
2012-01-24 18:00:00,117.690891539633
2012-01-24 19:00:00,167.136560661439
2012-01-24 20:00:00,96.0126138275642
2012-01-24 21:00:00,124.69216157494
2012-01-24 22:00:00,109.031427094716
2012-01-24 23:00:00,129.922863192571
2012-01-25 00:00:00,8.71971458017813
2012-01-25 01:00:00,13.8386644269001
2012-01-25 02:00:00,14.5402993265523
2012-01-25 03:00:00,14.3015852184671
2012-01-25 04:00:00,16.7272786803696
2012-01-25 05:00:00,18.5016753326909
2012-01-25 06:00:00,18.4442148352838
2012-01-25 07:00:00,19.8018919412106
2012-01-25 08:00:00,23.7894886638705
2012-01-25 09:00:00,26.3130305891417
2012-01-25 10:00:00,34.8067340540363
2012-01-25 11:00:00,49.6733001020382
2012-01-25 12:00:00,59.9884419953154
2012-01-25 13:00:00,70.425808974648
2012-01-25 14:00:00,80.3435414141411
2012-01-25 15:00:00,98.8246281861324
2012-01-25 16:00:00,90.524693907667
2012-01-25 17:00:00,104.544934203379
2012-01-25 18:00:00,90.5059314912289
2012-01-25 19:00:00,149.551998116932
2012-01-25 20:00:00,116.163809808087
2012-01-25 21:00:00,119.820123135015
2012-01-25 22:00:00,130.120615535519
2012-01-25 23:00:00,164.549283059705
2012-01-26 00:00:00,13.1698212144414
2012-01-26 01:00:00,15.4281181580597
2012-01-26 02:00:00,15.6856385971131
2012-01-26 03:00:00,18.5264287571111
2012-01-26 04:00:00,17.8175805500452
2012-01-26 05:00:00,23.7621465495059
2012-01-26 06:00:00,23.3573745548053
2012-01-26 07:00:00,25.3581178694279
2012-01-26 08:00:00,28.0480568796201
2012-01-26 09:00:00,32.9919605188146
2012-01-26 10:00:00,34.7369039830753
2012-01-26 11:00:00,36.3885503456751
2012-01-26 12:00:00,46.3169133129512
2012-01-26 13:00:00,68.077150887348
2012-01-26 14:00:00,80.9034349293089
2012-01-26 15:00:00,93.4070235147762
2012-01-26 16:00:00,98.5748716040223
2012-01-26 17:00:00,111.050725238724
2012-01-26 18:00:00,122.830766623023
2012-01-26 19:00:00,124.321904433228
2012-01-26 20:00:00,126.782760818162
2012-01-26 21:00:00,152.096486172896
2012-01-26 22:00:00,125.752178050224
2012-01-26 23:00:00,165.364887278706
2012-01-27 00:00:00,17.4400155241928
2012-01-27 01:00:00,17.7598777771128
2012-01-27 02:00:00,15.3846019536102
2012-01-27 03:00:00,20.7707366775919
2012-01-27 04:00:00,20.2099562808667
2012-01-27 05:00:00,25.7248068793176
2012-01-27 06:00:00,26.0207696903008
2012-01-27 07:00:00,28.5462768146667
2012-01-27 08:00:00,30.4681685874014
2012-01-27 09:00:00,33.7001716751058
2012-01-27 10:00:00,28.9037135369772
2012-01-27 11:00:00,50.8284409250146
2012-01-27 12:00:00,64.6983995710419
2012-01-27 13:00:00,102.089651012574
2012-01-27 14:00:00,122.826331182139
2012-01-27 15:00:00,129.929940093585
2012-01-27 16:00:00,140.196677450155
2012-01-27 17:00:00,151.984525889556
2012-01-27 18:00:00,157.145132738575
2012-01-27 19:00:00,136.196145651498
2012-01-27 20:00:00,131.101693936879
2012-01-27 21:00:00,145.31079607193
2012-01-27 22:00:00,171.638518524568
2012-01-27 23:00:00,183.36576150469
2012-01-28 00:00:00,18.1536294125597
2012-01-28 01:00:00,20.2849578588095
2012-01-28 02:00:00,19.0402326943286
2012-01-28 03:00:00,20.6770510103201
2012-01-28 04:00:00,21.4175909339409
2012-01-28 05:00:00,18.5625989758041
2012-01-28 06:00:00,23.522975148745
2012-01-28 07:00:00,23.1302179309226
2012-01-28 08:00:00,21.3929647125039
2012-01-28 09:00:00,26.2665557105817
2012-01-28 10:00:00,34.9831838857128
2012-01-28 11:00:00,51.9513472976714
2012-01-28 12:00:00,53.2311689607335
2012-01-28 13:00:00,67.5539596701283
2012-01-28 14:00:00,106.681912613386
2012-01-28 15:00:00,126.746107805048
2012-01-28 16:00:00,154.276796564316
2012-01-28 17:00:00,172.045296866865
2012-01-28 18:00:00,190.242181562972
2012-01-28 19:00:00,269.751240668953
2012-01-28 20:00:00,255.035071561492
2012-01-28 21:00:00,246.685075245509
2012-01-28 22:00:00,242.130718412706
2012-01-28 23:00:00,268.298175087787
2012-01-29 00:00:00,23.702020477407
2012-01-29 01:00:00,28.0635937801155
2012-01-29 02:00:00,30.3876386928196
2012-01-29 03:00:00,31.4454184473134
2012-01-29 04:00:00,32.0131738422698
2012-01-29 05:00:00,23.6101874604487
2012-01-29 06:00:00,31.8608017147087
2012-01-29 07:00:00,35.5832577356051
2012-01-29 08:00:00,36.0575144958386
2012-01-29 09:00:00,38.1392963472643
2012-01-29 10:00:00,54.065375006783
2012-01-29 11:00:00,74.1355856497528
2012-01-29 12:00:00,92.0722400888756
2012-01-29 13:00:00,101.839081289241
2012-01-29 14:00:00,113.565069461243
2012-01-29 15:00:00,140.098524795749
2012-01-29 16:00:00,170.636533332401
2012-01-29 17:00:00,188.737319437199
2012-01-29 18:00:00,182.90532875727
2012-01-29 19:00:00,179.789660961509
2012-01-29 20:00:00,162.810678769061
2012-01-29 21:00:00,200.164640915162
2012-01-29 22:00:00,252.86583652349
2012-01-29 23:00:00,237.430998879642
2012-01-30 00:00:00,29.7761519617386
2012-01-30 01:00:00,14.0284817339932
2012-01-30 02:00:00,17.7697682634352
2012-01-30 03:00:00,19.6194608310876
2012-01-30 04:00:00,19.5529742504671
2012-01-30 05:00:00,21.6271151024199
2012-01-30 06:00:00,27.4330222105391
2012-01-30 07:00:00,30.5925619099817
2012-01-30 08:00:00,30.4975508478644
2012-01-30 09:00:00,33.7326707476696
2012-01-30 10:00:00,43.28944433497
2012-01-30 11:00:00,52.7194942620266
2012-01-30 12:00:00,62.2230236575789
2012-01-30 13:00:00,82.2777236875657
2012-01-30 14:00:00,113.046786828895
2012-01-30 15:00:00,121.763785402836
2012-01-30 16:00:00,138.503608582434
2012-01-30 17:00:00,169.775694504474
2012-01-30 18:00:00,173.151927198594
2012-01-30 19:00:00,130.062943566093
2012-01-30 20:00:00,153.146786444401
2012-01-30 21:00:00,161.988721477413
2012-01-30 22:00:00,152.81879926496
2012-01-30 23:00:00,134.320967971657
2012-01-31 00:00:00,15.7963237920944
2012-01-31 01:00:00,20.5289498226592
2012-01-31 02:00:00,23.2289420446212
2012-01-31 03:00:00,24.5700658201352
2012-01-31 04:00:00,25.3955226706172
2012-01-31 05:00:00,28.0894295081697
2012-01-31 06:00:00,28.2244253325402
2012-01-31 07:00:00,26.7652682526473
2012-01-31 08:00:00,30.1535655945911
2012-01-31 09:00:00,40.2047252077699
2012-01-31 10:00:00,52.7124531494323
2012-01-31 11:00:00,88.9320460666773
2012-01-31 12:00:00,90.3230443947968
2012-01-31 13:00:00,123.59538502519
2012-01-31 14:00:00,170.169618490065
2012-01-31 15:00:00,221.706752693453
2012-01-31 16:00:00,245.224966701447
2012-01-31 17:00:00,269.025853756212
2012-01-31 18:00:00,301.59078438256
2012-01-31 19:00:00,278.280096303649
2012-01-31 20:00:00,153.449382501286
2012-01-31 21:00:00,295.508832559458
2012-01-31 22:00:00,303.941618139574
2012-01-31 23:00:00,317.569192053403
2012-02-20 00:00:00,10.3414009371536
2012-02-20 01:00:00,11.438396303455
2012-02-20 02:00:00,12.6517587694366
2012-02-20 03:00:00,14.447583241536
2012-02-20 05:00:00,24.2108093506333
2012-02-20 06:00:00,25.0729080313176
2012-02-20 07:00:00,30.3219839573964
2012-02-20 08:00:00,26.0398052982821
2012-02-20 09:00:00,28.8020563632204
2012-02-20 10:00:00,36.1822288479246
2012-02-20 11:00:00,47.2376226770322
2012-02-20 12:00:00,59.9117848291939
2012-02-20 13:00:00,73.5458250385085
2012-02-20 14:00:00,94.5978173984767
2012-02-20 15:00:00,108.683235271952
2012-02-20 16:00:00,148.884149700483
2012-02-20 17:00:00,184.478920743133
2012-02-20 18:00:00,147.068562604948
2012-02-20 19:00:00,162.669304969226
2012-02-20 20:00:00,186.278080518894
2012-02-20 21:00:00,174.051546021386
2012-02-20 22:00:00,180.103782922498
2012-02-20 23:00:00,221.868558424862
2012-02-21 00:00:00,13.2328002981055
2012-02-21 01:00:00,16.7364807805351
2012-02-21 02:00:00,16.7087745436294
2012-02-21 04:00:00,18.4453738449906
2012-02-21 05:00:00,18.1425485133508
2012-02-21 06:00:00,18.3512777637432
2012-02-21 07:00:00,24.9600098056131
2012-02-21 08:00:00,23.0853254642869
2012-02-21 09:00:00,23.4464062056525
2012-02-21 10:00:00,28.6322626898207
2012-02-21 11:00:00,39.6960369006492
2012-02-21 12:00:00,60.6616603811615
2012-02-21 13:00:00,69.8372971031935
2012-02-21 14:00:00,81.0298171697752
2012-02-21 15:00:00,85.439549382975
2012-02-21 16:00:00,107.703684501495
2012-02-21 17:00:00,156.007130712707
2012-02-21 18:00:00,172.556058710167
2012-02-21 19:00:00,141.05416761724
2012-02-21 20:00:00,133.023633996867
2012-02-21 21:00:00,133.026720495566
2012-02-21 22:00:00,149.759524299247
2012-02-21 23:00:00,140.89198172168
2012-02-22 00:00:00,13.8616114906761
2012-02-22 01:00:00,15.3617455912518
2012-02-22 02:00:00,17.9985027311289
2012-02-22 03:00:00,21.3007340411029
2012-02-22 04:00:00,20.6483171810187
2012-02-22 05:00:00,22.8054731314481
2012-02-22 06:00:00,22.4636982846822
2012-02-22 07:00:00,25.4109322480146
2012-02-22 08:00:00,27.3306006984194
2012-02-22 09:00:00,33.9945950722254
2012-02-22 10:00:00,38.6790836344219
2012-02-22 11:00:00,47.0417309978015
2012-02-22 12:00:00,67.780291533865
2012-02-22 13:00:00,88.5207875235744
2012-02-22 14:00:00,103.071269885839
2012-02-22 15:00:00,187.229396766564
2012-02-22 16:00:00,225.516286984765
2012-02-22 17:00:00,233.712300623743
2012-02-22 18:00:00,239.10259488362
2012-02-22 19:00:00,239.266731462227
2012-02-22 20:00:00,236.578353081333
2012-02-22 21:00:00,360.055856562017
2012-02-22 22:00:00,294.203269467172
2012-02-22 23:00:00,374.484842279048
2012-02-23 00:00:00,32.0155305084924
2012-02-23 01:00:00,30.3065865650027
2012-02-23 02:00:00,31.0701482404055
2012-02-23 03:00:00,21.5833311319679
2012-02-23 04:00:00,24.1624861348369
2012-02-23 05:00:00,26.7255948944063
2012-02-23 06:00:00,20.9525504903046
2012-02-23 07:00:00,25.5503489584862
2012-02-23 08:00:00,24.5503821703295
2012-02-23 09:00:00,30.1830228127999
2012-02-23 10:00:00,52.37851708169
2012-02-23 11:00:00,89.6698332851551
2012-02-23 12:00:00,112.2846146828
2012-02-23 13:00:00,133.402537776106
2012-02-23 14:00:00,161.339324114739
2012-02-23 15:00:00,183.316926384517
2012-02-23 16:00:00,207.066845992391
2012-02-23 17:00:00,229.509225454744
2012-02-23 18:00:00,233.71218644152
2012-02-23 19:00:00,227.358261404964
2012-02-23 20:00:00,216.8144422583
2012-02-23 21:00:00,212.137371276311
2012-02-23 22:00:00,226.223963570065
2012-02-23 23:00:00,233.425472782481
2012-02-24 00:00:00,25.982210790124
2012-02-24 01:00:00,23.7782351482657
2012-02-24 02:00:00,16.5022701438771
2012-02-24 03:00:00,20.3473344062085
2012-02-24 04:00:00,20.0132838013617
2012-02-24 05:00:00,26.3649284189783
2012-02-24 06:00:00,28.9246308537507
2012-02-24 07:00:00,38.310729605453
2012-02-24 08:00:00,41.7624223807621
2012-02-24 09:00:00,24.1256034222843
2012-02-24 10:00:00,27.1874586911832
2012-02-24 11:00:00,45.2674765587496
2012-02-24 12:00:00,61.8859192244069
2012-02-24 13:00:00,76.3498180858414
2012-02-24 14:00:00,97.6898049885065
2012-02-24 15:00:00,49.2921959958094
2012-02-24 16:00:00,54.5210146956004
2012-02-24 17:00:00,55.3405704071392
2012-02-24 18:00:00,87.197853953633
2012-02-24 19:00:00,113.315451454277
2012-02-24 20:00:00,171.688303160778
2012-02-24 21:00:00,302.425483601396
2012-02-24 22:00:00,292.554309753923
2012-02-24 23:00:00,318.912659170986
2012-02-25 00:00:00,24.3009656127253
2012-02-25 01:00:00,24.8282160128346
2012-02-25 02:00:00,25.5207095046152
2012-02-25 03:00:00,26.2198516185483
2012-02-25 04:00:00,30.5760440877395
2012-02-25 05:00:00,39.3035831700765
2012-02-25 06:00:00,43.4728295689579
2012-02-25 07:00:00,37.5106565421237
2012-02-25 08:00:00,36.4876916300575
2012-02-25 09:00:00,19.9593868353256
2012-02-25 10:00:00,37.9475187465092
2012-02-25 11:00:00,67.0477737029686
2012-02-25 12:00:00,90.9540153708323
2012-02-25 13:00:00,97.4738076915818
2012-02-25 14:00:00,108.134367098286
2012-02-25 15:00:00,120.37199985421
2012-02-25 16:00:00,139.476349549197
2012-02-25 17:00:00,130.727626068324
2012-02-25 18:00:00,158.674098882762
2012-02-25 19:00:00,137.988325924152
2012-02-25 20:00:00,164.230853190672
2012-02-25 21:00:00,158.588866547711
2012-02-25 22:00:00,166.723558443749
2012-02-25 23:00:00,174.198801978267
2012-02-26 00:00:00,17.5994239688212
2012-02-26 01:00:00,18.4642132875292
2012-02-26 02:00:00,20.422860529031
2012-02-26 03:00:00,23.7725234309699
2012-02-26 04:00:00,26.2942657178755
2012-02-26 05:00:00,26.8561776301449
2012-02-26 06:00:00,29.2841630045944
2012-02-26 07:00:00,27.7220033782484
2012-02-26 08:00:00,31.6250953896758
2012-02-26 09:00:00,38.4395575366525
2012-02-26 10:00:00,52.0484818589923
2012-02-26 11:00:00,59.4833963782688
2012-02-26 12:00:00,74.0229172174857
2012-02-26 13:00:00,89.9422220062058
2012-02-26 14:00:00,111.904529133098
2012-02-26 15:00:00,127.51834766091
2012-02-26 16:00:00,138.476323339234
2012-02-26 17:00:00,158.623277089
2012-02-26 18:00:00,154.16939655047
2012-02-26 19:00:00,177.479446645682
2012-02-26 20:00:00,166.936007841829
2012-02-26 21:00:00,167.733696628988
2012-02-26 22:00:00,190.478314592598
2012-02-26 23:00:00,154.375586352148
2012-02-27 00:00:00,12.8653633457189
2012-02-27 01:00:00,13.6793457601619
2012-02-27 02:00:00,13.1522248293889
2012-02-27 03:00:00,13.5859333011725
2012-02-27 04:00:00,13.2539058186185
2012-02-27 05:00:00,14.6598539446779
2012-02-27 06:00:00,19.445252225111
2012-02-27 07:00:00,24.7600236565542
2012-02-27 08:00:00,26.8863618308371
2012-02-27 09:00:00,32.7448591723356
2012-02-27 10:00:00,52.3694492510689
2012-02-27 11:00:00,65.0399192574894
2012-02-27 12:00:00,98.7680125826186
2012-02-27 13:00:00,99.4974758355798
2012-02-27 14:00:00,138.959736539522
2012-02-27 15:00:00,213.767634275203
2012-02-27 16:00:00,245.224966701447
2012-02-27 17:00:00,279.440723277405
2012-02-27 18:00:00,280.776005787845
2012-02-27 19:00:00,286.35963855243
2012-02-27 20:00:00,283.554035342535
2012-02-27 21:00:00,281.442270002075
2012-02-27 22:00:00,262.563802463043
2012-02-27 23:00:00,248.20310189978
2012-02-28 00:00:00,22.8191635885608
2012-02-28 01:00:00,20.7256396574879
2012-02-28 02:00:00,26.5277187562037
2012-02-28 03:00:00,43.6509331680055
2012-02-28 04:00:00,29.483236243311
2012-02-28 05:00:00,32.610759655181
2012-02-28 06:00:00,32.7674846745239
2012-02-28 07:00:00,34.4386112512064
2012-02-28 08:00:00,34.745621693223
2012-02-28 09:00:00,42.8270460676112
2012-02-28 10:00:00,50.8672902188741
2012-02-28 11:00:00,69.157702436349
2012-02-28 12:00:00,83.1267144452308
2012-02-28 13:00:00,98.0726481368482
2012-02-28 14:00:00,131.020515416971
2012-02-28 15:00:00,155.209699340968
2012-02-28 16:00:00,166.634672282072
2012-02-28 17:00:00,189.88487987965
2012-02-28 18:00:00,208.070317391699
2012-02-28 19:00:00,226.67546616574
2012-02-28 20:00:00,234.778956920331
2012-02-28 21:00:00,170.856873496106
2012-02-28 22:00:00,188.981032849855
2012-02-28 23:00:00,170.99814438505
2012-02-29 00:00:00,17.7457307810537
2012-02-29 01:00:00,20.8333039587794
2012-02-29 02:00:00,18.856222146071
2012-02-29 03:00:00,17.0340657178799
2012-02-29 05:00:00,18.5316851486405
2012-02-29 06:00:00,25.0696921258698
2012-02-29 07:00:00,23.5535755235024
2012-02-29 08:00:00,29.5029868359157
2012-02-29 09:00:00,21.6000974984665
2012-02-29 10:00:00,23.8913931373723
2012-02-29 11:00:00,23.3414169325785
2012-02-29 12:00:00,25.5686695665996
2012-02-29 13:00:00,45.5534701159836
2012-02-29 14:00:00,50.3856921659623
2012-02-29 15:00:00,79.7792125836345
2012-02-29 16:00:00,59.2200107857037
2012-02-29 17:00:00,87.6821562070311
2012-02-29 18:00:00,63.249966104172
2012-02-29 19:00:00,105.531420418565
2012-02-29 20:00:00,83.2376159046621
2012-02-29 21:00:00,92.0672976377565
2012-02-29 22:00:00,95.43746834562
2012-02-29 23:00:00,105.561286306352
2012-03-20 00:00:00,24.9697694678148
2012-03-20 01:00:00,18.9844636758191
2012-03-20 02:00:00,21.5199614493388
2012-03-20 03:00:00,27.2139369567813
2012-03-20 04:00:00,29.9089500669684
2012-03-20 05:00:00,29.1605014525374
2012-03-20 06:00:00,33.7373817864275
2012-03-20 07:00:00,25.875696013929
2012-03-20 08:00:00,44.4017089783409
2012-03-20 09:00:00,52.123861077898
2012-03-20 10:00:00,49.6072738730355
2012-03-20 11:00:00,63.3804411973521
2012-03-20 12:00:00,85.0487718693377
2012-03-20 13:00:00,92.544975743478
2012-03-20 14:00:00,133.779793643843
2012-03-20 15:00:00,161.325858447572
2012-03-20 16:00:00,164.542857277941
2012-03-20 17:00:00,155.765341307863
2012-03-20 18:00:00,185.881452190735
2012-03-20 19:00:00,164.792563739035
2012-03-20 20:00:00,193.978990286494
2012-03-20 21:00:00,186.116456825708
2012-03-20 22:00:00,185.808352229976
2012-03-20 23:00:00,180.004383928322
2012-03-21 00:00:00,18.8363642402539
2012-03-21 01:00:00,23.0032055049882
2012-03-21 02:00:00,22.8977408809824
2012-03-21 03:00:00,30.1648297838228
2012-03-21 04:00:00,32.8235596974736
2012-03-21 05:00:00,36.3054180174893
2012-03-21 06:00:00,36.0553770373022
2012-03-21 07:00:00,26.9831913293957
2012-03-21 08:00:00,29.1228301488859
2012-03-21 09:00:00,54.7861678667996
2012-03-21 10:00:00,68.1639855163691
2012-03-21 11:00:00,75.3946863386771
2012-03-21 12:00:00,91.0256503310918
2012-03-21 13:00:00,92.0728965735979
2012-03-21 14:00:00,114.522943373409
2012-03-21 15:00:00,126.671310792806
2012-03-21 16:00:00,134.50573468633
2012-03-21 17:00:00,184.105278001094
2012-03-21 18:00:00,198.69850947315
2012-03-21 19:00:00,247.217187279485
2012-03-21 20:00:00,183.418424603016
2012-03-21 21:00:00,181.14487759796
2012-03-21 22:00:00,195.057484659009
2012-03-21 23:00:00,235.49715842408
2012-03-22 00:00:00,20.7970911879463
2012-03-22 01:00:00,23.0032055049882
2012-03-22 02:00:00,25.4433400672593
2012-03-22 03:00:00,28.1423192797118
2012-03-22 04:00:00,25.97805140601
2012-03-22 05:00:00,28.7337517401445
2012-03-22 06:00:00,31.7817713176612
2012-03-22 07:00:00,35.1531187859783
2012-03-22 08:00:00,44.3807034400299
2012-03-22 09:00:00,49.0885207196015
2012-03-22 10:00:00,49.6532820663955
2012-03-22 11:00:00,61.1848984481938
2012-03-22 12:00:00,81.4841386662384
2012-03-22 13:00:00,94.5568032634806
2012-03-22 14:00:00,128.707163233054
2012-03-22 15:00:00,161.682361650289
2012-03-22 16:00:00,189.813416341808
2012-03-22 17:00:00,217.367666605683
2012-03-22 18:00:00,240.425598939927
2012-03-22 19:00:00,269.844980338498
2012-03-22 20:00:00,247.525638805787
2012-03-22 21:00:00,216.198222457451
2012-03-22 22:00:00,214.330574789671
2012-03-22 23:00:00,230.383899941537
2012-03-23 00:00:00,22.1167942206507
2012-03-23 01:00:00,21.7536936621604
2012-03-23 02:00:00,24.6590399910373
2012-03-23 03:00:00,26.2291387357129
2012-03-23 04:00:00,29.7730547372604
2012-03-23 05:00:00,32.0021752048298
2012-03-23 06:00:00,38.7064204144427
2012-03-23 07:00:00,41.2282447057039
2012-03-23 08:00:00,44.9273687128318
2012-03-23 09:00:00,54.4012161577991
2012-03-23 10:00:00,67.8395350619603
2012-03-23 11:00:00,111.446630847038
2012-03-23 12:00:00,165.984335696949
2012-03-23 13:00:00,228.403825482905
2012-03-23 14:00:00,284.273610236308
2012-03-23 15:00:00,317.005533472889
2012-03-23 16:00:00,353.515968242477
2012-03-23 17:00:00,391.016243247026
2012-03-23 18:00:00,338.160879247884
2012-03-23 19:00:00,335.239646268802
2012-03-23 20:00:00,381.460037229411
2012-03-23 21:00:00,382.712394681555
2012-03-23 22:00:00,361.550114429474
2012-03-23 23:00:00,352.613998158905
2012-03-24 00:00:00,31.5222751285373
2012-03-24 01:00:00,31.7659920871611
2012-03-24 02:00:00,31.8430857715432
2012-03-24 03:00:00,35.2209373559085
2012-03-24 04:00:00,33.9818088672584
2012-03-24 05:00:00,44.9497212442592
2012-03-24 06:00:00,49.7178988075464
2012-03-24 07:00:00,48.4890652192243
2012-03-24 08:00:00,49.8554673169299
2012-03-24 09:00:00,66.7288479082418
2012-03-24 10:00:00,69.6389526705232
2012-03-24 11:00:00,67.4636883779913
2012-03-24 12:00:00,53.5866214609849
2012-03-24 13:00:00,59.756709422054
2012-03-24 14:00:00,74.3737784922551
2012-03-24 15:00:00,73.2383683563676
2012-03-24 16:00:00,78.4011612922736
2012-03-24 17:00:00,92.9079280825678
2012-03-24 18:00:00,86.2271072082578
2012-03-24 19:00:00,93.0619581604852
2012-03-24 20:00:00,91.6672825794654
2012-03-24 21:00:00,101.39116668784
2012-03-24 22:00:00,113.995274237023
2012-03-24 23:00:00,203.775914325047
2012-03-25 00:00:00,20.0484266103302
2012-03-25 01:00:00,19.2637891559573
2012-03-25 02:00:00,14.7146559940316
2012-03-25 03:00:00,17.7972796384456
2012-03-25 04:00:00,29.0938958257977
2012-03-25 05:00:00,27.6221805915627
2012-03-25 06:00:00,30.5522868992314
2012-03-25 07:00:00,37.7165847471448
2012-03-25 08:00:00,41.7174854908423
2012-03-25 09:00:00,45.208360874398
2012-03-25 10:00:00,56.6470140323084
2012-03-25 11:00:00,55.3082971659689
2012-03-25 12:00:00,60.6780361111707
2012-03-25 13:00:00,75.3634674463725
2012-03-25 14:00:00,87.0355745533452
2012-03-25 15:00:00,97.0570526031849
2012-03-25 16:00:00,111.547292188666
2012-03-25 17:00:00,142.192641037073
2012-03-25 18:00:00,157.276155281204
2012-03-25 19:00:00,181.956417475434
2012-03-25 20:00:00,177.514434769711
2012-03-25 21:00:00,193.160567740107
2012-03-25 22:00:00,188.386387831636
2012-03-25 23:00:00,217.563204806402
2012-03-26 00:00:00,23.1627432384448
2012-03-26 01:00:00,22.4078268409554
2012-03-26 02:00:00,21.5314389756866
2012-03-26 03:00:00,25.8297460878944
2012-03-26 04:00:00,27.1477947133521
2012-03-26 05:00:00,32.3495648227996
2012-03-26 06:00:00,32.0701102157809
2012-03-26 07:00:00,42.986553570482
2012-03-26 08:00:00,55.6379430511498
2012-03-26 09:00:00,81.6448829880691
2012-03-26 10:00:00,125.823684693883
2012-03-26 11:00:00,143.638042017097
2012-03-26 12:00:00,151.710285814953
2012-03-26 13:00:00,186.29873793635
2012-03-26 14:00:00,181.850006831936
2012-03-26 15:00:00,223.303902819807
2012-03-26 16:00:00,264.312075178457
2012-03-26 17:00:00,269.492738521586
2012-03-26 18:00:00,277.183116029654
2012-03-26 19:00:00,295.178163676062
2012-03-26 20:00:00,317.566407671822
2012-03-26 21:00:00,338.675163889228
2012-03-26 22:00:00,303.97717099274
2012-03-26 23:00:00,309.138840304639
2012-03-27 00:00:00,29.964800695867
2012-03-27 01:00:00,31.2281335048388
2012-03-27 02:00:00,27.3475789211723
2012-03-27 03:00:00,30.4972778723833
2012-03-27 04:00:00,31.6156387325879
2012-03-27 05:00:00,31.8028740429791
2012-03-27 06:00:00,35.838094029941
2012-03-27 07:00:00,39.6397281921632
2012-03-27 08:00:00,43.2111601336898
2012-03-27 09:00:00,47.7785064719267
2012-03-27 10:00:00,60.7240333987528
2012-03-27 11:00:00,79.7861834998614
2012-03-27 12:00:00,92.1432699108554
2012-03-27 13:00:00,112.713057695681
2012-03-27 14:00:00,160.656023287808
2012-03-27 15:00:00,189.76402699988
2012-03-27 16:00:00,209.89381981757
2012-03-27 17:00:00,257.284769663715
2012-03-27 18:00:00,275.193039370528
2012-03-27 19:00:00,297.006404889624
2012-03-27 20:00:00,336.673529080124
2012-03-27 21:00:00,227.55936662606
2012-03-27 22:00:00,249.645677233718
2012-03-27 23:00:00,280.679553929604
2012-03-28 00:00:00,25.9200942480393
2012-03-28 01:00:00,26.3255139966943
2012-03-28 02:00:00,25.5491687338582
2012-03-28 03:00:00,31.6232381901854
2012-03-28 04:00:00,37.2514363492238
2012-03-28 05:00:00,41.2029950704756
2012-03-28 06:00:00,44.3002971957679
2012-03-28 07:00:00,48.6012980098465
2012-03-28 08:00:00,64.3772046381797
2012-03-28 09:00:00,79.6772452833741
2012-03-28 10:00:00,102.448753157023
2012-03-28 11:00:00,120.685544849109
2012-03-28 12:00:00,176.854172002628
2012-03-28 13:00:00,162.848338933367
2012-03-28 14:00:00,253.275205951858
2012-03-28 15:00:00,308.809120108422
2012-03-28 16:00:00,213.591095179215
2012-03-28 17:00:00,228.043249766936
2012-03-28 18:00:00,252.233626857132
2012-03-28 19:00:00,306.575627686182
2012-03-28 20:00:00,348.941842549455
2012-03-28 21:00:00,289.701577851884
2012-03-28 22:00:00,279.837577222136
2012-03-28 23:00:00,279.374322950744
2012-03-29 00:00:00,27.9392598344975
2012-03-29 01:00:00,35.7506137298592
2012-03-29 02:00:00,82.6289037421406
2012-03-29 03:00:00,76.0037654272126
2012-03-29 04:00:00,65.5747639119892
2012-03-29 05:00:00,60.2561219644947
2012-03-29 06:00:00,50.0471967432682
2012-03-29 07:00:00,64.1729756093853
2012-03-29 08:00:00,76.5803599023799
2012-03-29 09:00:00,87.1332086505237
2012-03-29 10:00:00,94.4594383179582
2012-03-29 11:00:00,116.356571594446
2012-03-29 12:00:00,137.359526446399
2012-03-29 13:00:00,129.362855806947
2012-03-29 14:00:00,161.978031254554
2012-03-29 15:00:00,195.614443523574
2012-03-29 16:00:00,224.414554991238
2012-03-29 17:00:00,244.905477668144
2012-03-29 18:00:00,249.40610442437
2012-03-29 19:00:00,263.2047762126
2012-03-29 20:00:00,284.165438429873
2012-03-29 21:00:00,274.245932539625
2012-03-29 22:00:00,290.519837799223
2012-03-29 23:00:00,308.549573104223
2012-03-30 00:00:00,29.0820880857874
2012-03-30 01:00:00,29.341346644527
2012-03-30 02:00:00,26.2346485414315
2012-03-30 03:00:00,24.6248385803696
2012-03-30 04:00:00,31.6482365188388
2012-03-30 05:00:00,29.75967038348
2012-03-30 06:00:00,35.367892392748
2012-03-30 07:00:00,37.785446980283
2012-03-30 08:00:00,36.5496906810415
2012-03-30 09:00:00,48.2528422265705
2012-03-30 10:00:00,67.0511434573914
2012-03-30 11:00:00,79.8713371112969
2012-03-30 12:00:00,90.8518766529826
2012-03-30 13:00:00,75.9700245890515
2012-03-30 14:00:00,79.1679741551748
2012-03-30 15:00:00,91.4033480777548
2012-03-30 16:00:00,92.9173069739593
2012-03-30 17:00:00,148.213402055495
2012-03-30 18:00:00,163.184573479257
2012-03-30 19:00:00,154.752433595276
2012-03-30 20:00:00,168.392322411445
2012-03-30 21:00:00,166.695147214319
2012-03-30 22:00:00,151.674734386673
2012-03-30 23:00:00,174.801580917618
2012-03-31 00:00:00,17.5432374709626
2012-03-31 01:00:00,25.9588192036474
2012-03-31 02:00:00,30.014343281019
2012-03-31 03:00:00,25.1952203740102
2012-03-31 04:00:00,32.7800401525103
2012-03-31 05:00:00,30.5734995961265
2012-03-31 06:00:00,30.4613674854946
2012-03-31 07:00:00,33.6926491257545
2012-03-31 08:00:00,37.57209894139
2012-03-31 09:00:00,58.1528548315686
2012-03-31 10:00:00,63.2784509583467
2012-03-31 11:00:00,72.1277473730448
2012-03-31 12:00:00,86.4992267531954
2012-03-31 13:00:00,125.367999460177
2012-03-31 14:00:00,147.26064481105
2012-03-31 15:00:00,181.994202689362
2012-03-31 16:00:00,182.38407753611
2012-03-31 17:00:00,160.563856060883
2012-03-31 18:00:00,179.414966077784
2012-03-31 19:00:00,163.972156043579
2012-03-31 20:00:00,197.037391203028
2012-03-31 21:00:00,217.938728115833
2012-03-31 22:00:00,226.195980979097
2012-03-31 23:00:00,197.11741943974
2012-04-20 00:00:00,24.3171057116476
2012-04-20 01:00:00,21.1129349893291
2012-04-20 02:00:00,20.4592550829293
2012-04-20 03:00:00,22.0815767667844
2012-04-20 04:00:00,21.3918296694832
2012-04-20 05:00:00,22.9934444777657
2012-04-20 06:00:00,27.8104198554049
2012-04-20 07:00:00,28.130377555132
2012-04-20 08:00:00,32.4871407310928
2012-04-20 09:00:00,42.0338531695491
2012-04-20 10:00:00,61.4250582886014
2012-04-20 11:00:00,84.0066677039125
2012-04-20 12:00:00,127.663103902433
2012-04-20 13:00:00,203.202088035658
2012-04-20 14:00:00,223.254763572922
2012-04-20 15:00:00,234.218499530782
2012-04-20 16:00:00,270.904258195471
2012-04-20 17:00:00,293.663597103429
2012-04-20 18:00:00,310.618275078941
2012-04-20 19:00:00,320.58743733988
2012-04-20 20:00:00,271.267707362419
2012-04-20 21:00:00,238.364606863695
2012-04-20 22:00:00,260.977251310101
2012-04-20 23:00:00,252.091280476386
2012-04-21 00:00:00,25.7570062136682
2012-04-21 01:00:00,28.4892585108089
2012-04-21 02:00:00,30.7474791790561
2012-04-21 03:00:00,30.9852057416315
2012-04-21 04:00:00,34.5529142424723
2012-04-21 05:00:00,38.2182190736603
2012-04-21 06:00:00,41.92872671703
2012-04-21 07:00:00,47.1409577052464
2012-04-21 08:00:00,54.8084506393028
2012-04-21 09:00:00,65.556604854708
2012-04-21 10:00:00,117.717271609914
2012-04-21 11:00:00,137.83627293878
2012-04-21 12:00:00,164.143969383077
2012-04-21 13:00:00,189.853919959634
2012-04-21 14:00:00,254.849087311911
2012-04-21 15:00:00,319.122167653439
2012-04-21 16:00:00,330.059456014757
2012-04-21 17:00:00,542.703629847493
2012-04-21 18:00:00,459.362806555733
2012-04-21 19:00:00,174.078125355844
2012-04-21 20:00:00,140.314012430559
2012-04-21 21:00:00,159.053855292934
2012-04-21 22:00:00,205.745482765188
2012-04-21 23:00:00,254.340285637056
2012-04-22 00:00:00,24.4166009902764
2012-04-22 01:00:00,28.0192856773599
2012-04-22 02:00:00,30.3241653883799
2012-04-22 03:00:00,31.3957709630078
2012-04-22 04:00:00,37.4114928543375
2012-04-22 05:00:00,42.0621788550552
2012-04-22 06:00:00,51.5769091515614
2012-04-22 07:00:00,35.1671917040951
2012-04-22 08:00:00,33.3397570182033
2012-04-22 09:00:00,36.8763725294718
2012-04-22 10:00:00,39.8720823259659
2012-04-22 11:00:00,40.6022525670336
2012-04-22 12:00:00,45.2785302256816
2012-04-22 13:00:00,54.3964730601754
2012-04-22 14:00:00,55.3941429532895
2012-04-22 15:00:00,62.2802826258674
2012-04-22 16:00:00,70.0224499768632
2012-04-22 17:00:00,57.1247825594835
2012-04-22 18:00:00,63.1844665568025
2012-04-22 19:00:00,77.9986463268378
2012-04-22 20:00:00,80.0298917752219
2012-04-22 21:00:00,96.0088362901829
2012-04-22 22:00:00,96.8428096765437
2012-04-22 23:00:00,125.587640829208
2012-04-23 00:00:00,11.6700204106565
2012-04-23 01:00:00,10.6552021353639
2012-04-23 02:00:00,17.1359814791903
2012-04-23 03:00:00,20.4731089880195
2012-04-23 04:00:00,14.7991472031158
2012-04-23 05:00:00,16.3690114802762
2012-04-23 06:00:00,25.5232739118723
2012-04-23 07:00:00,19.8626664958436
2012-04-23 08:00:00,34.4256448966609
2012-04-23 09:00:00,38.7051550838097
2012-04-23 10:00:00,49.4514133572904
2012-04-23 11:00:00,52.8301930457694
2012-04-23 12:00:00,40.9938853948041
2012-04-23 13:00:00,49.2503587268579
2012-04-23 14:00:00,61.3655723457711
2012-04-23 15:00:00,102.174485641694
2012-04-23 16:00:00,48.505268770168
2012-04-23 17:00:00,52.4276654259352
2012-04-23 18:00:00,66.2953094335591
2012-04-23 19:00:00,113.69813348289
2012-04-23 20:00:00,123.719493814893
2012-04-23 21:00:00,123.659240098166
2012-04-23 22:00:00,130.236489242194
2012-04-23 23:00:00,142.880811779762
2012-04-24 00:00:00,17.0527038062247
2012-04-24 01:00:00,17.507772271449
2012-04-24 02:00:00,16.0941962215859
2012-04-24 03:00:00,17.1894237997558
2012-04-24 04:00:00,21.2828466017607
2012-04-24 05:00:00,23.5404888927539
2012-04-24 06:00:00,26.2517143869822
2012-04-24 07:00:00,32.7001470200742
2012-04-24 08:00:00,40.3531394004151
2012-04-24 09:00:00,73.2484466151177
2012-04-24 10:00:00,83.1974522811143
2012-04-24 11:00:00,130.450020518461
2012-04-24 12:00:00,155.209868003842
2012-04-24 13:00:00,179.197481578228
2012-04-24 14:00:00,210.37598554988
2012-04-24 15:00:00,241.693911806802
2012-04-24 16:00:00,251.431615318051
2012-04-24 17:00:00,310.822530978976
2012-04-24 18:00:00,314.242105280174
2012-04-24 19:00:00,372.585768521426
2012-04-24 20:00:00,385.355417272582
2012-04-24 21:00:00,412.003196064184
2012-04-24 22:00:00,330.255217739511
2012-04-24 23:00:00,333.199349244609
2012-04-25 00:00:00,33.3982999911331
2012-04-25 01:00:00,33.833823970742
2012-04-25 02:00:00,24.0586330791189
2012-04-25 03:00:00,21.273060180578
2012-04-25 04:00:00,26.0762055469736
2012-04-25 05:00:00,29.376467758415
2012-04-25 06:00:00,32.4926653804902
2012-04-25 07:00:00,33.3597646706537
2012-04-25 08:00:00,35.1008805796547
2012-04-25 09:00:00,62.4499466670937
2012-04-25 10:00:00,115.402293797636
2012-04-25 11:00:00,136.431184290568
2012-04-25 12:00:00,174.215356219706
2012-04-25 13:00:00,203.86247418749
2012-04-25 14:00:00,248.299444427661
2012-04-25 15:00:00,284.344865759537
2012-04-25 16:00:00,368.719356742163
2012-04-25 17:00:00,404.506282856461
2012-04-25 18:00:00,445.593418307869
2012-04-25 19:00:00,480.913687049717
2012-04-25 20:00:00,422.417533818921
2012-04-25 21:00:00,277.574003745135
2012-04-25 22:00:00,287.680097268759
2012-04-25 23:00:00,382.097757325354
2012-04-26 00:00:00,29.3888258838261
2012-04-26 01:00:00,41.6552515441539
2012-04-26 02:00:00,41.6812197757741
2012-04-26 03:00:00,45.9149288559241
2012-04-26 04:00:00,47.8477125769728
2012-04-26 05:00:00,50.4760367223007
2012-04-26 06:00:00,57.6863338318085
2012-04-26 07:00:00,32.3228217553173
2012-04-26 08:00:00,34.17939774405
2012-04-26 09:00:00,34.291610870713
2012-04-26 10:00:00,50.846605533834
2012-04-26 11:00:00,57.1674331324793
2012-04-26 12:00:00,82.7122953008223
2012-04-26 13:00:00,89.6668110483708
2012-04-26 14:00:00,117.438494817981
2012-04-26 15:00:00,118.035981720658
2012-04-26 16:00:00,126.87338268892
2012-04-26 17:00:00,134.524602084051
2012-04-26 18:00:00,175.773552203071
2012-04-26 19:00:00,196.017895390468
2012-04-26 20:00:00,183.528510835522
2012-04-26 21:00:00,179.257700171152
2012-04-26 22:00:00,195.057484659009
2012-04-26 23:00:00,191.80065874708
2012-04-27 00:00:00,30.8191517024163
2012-04-27 01:00:00,34.7468123150431
2012-04-27 02:00:00,36.518883686753
2012-04-27 03:00:00,45.2308770552115
2012-04-27 04:00:00,46.9327092180208
2012-04-27 05:00:00,53.4184212684304
2012-04-27 06:00:00,55.8328718460693
2012-04-27 07:00:00,53.7272512252455
2012-04-27 08:00:00,57.4113815615109
2012-04-27 09:00:00,82.9484542245709
2012-04-27 10:00:00,102.633406087985
2012-04-27 11:00:00,110.771747367252
2012-04-27 12:00:00,132.838928179479
2012-04-27 13:00:00,154.908921060046
2012-04-27 14:00:00,168.562602690784
2012-04-27 15:00:00,235.543627921768
2012-04-27 16:00:00,244.035645642079
2012-04-27 17:00:00,315.009323952772
2012-04-27 18:00:00,326.086600174499
2012-04-27 19:00:00,338.053728841845
2012-04-27 20:00:00,314.113325469146
2012-04-27 21:00:00,324.398123328693
2012-04-27 22:00:00,315.091807445699
2012-04-27 23:00:00,324.083422441526
2012-04-28 00:00:00,31.1086071760154
2012-04-28 01:00:00,27.0769164366
2012-04-28 02:00:00,33.4540198396654
2012-04-28 03:00:00,31.5602413294969
2012-04-28 04:00:00,35.8469263626589
2012-04-28 05:00:00,41.1235058193765
2012-04-28 06:00:00,44.2148325968588
2012-04-28 07:00:00,48.5075358749669
2012-04-28 08:00:00,72.2801620755374
2012-04-28 09:00:00,94.4193648642856
2012-04-28 10:00:00,104.464466043396
2012-04-28 11:00:00,113.671970371237
2012-04-28 12:00:00,116.842439793577
2012-04-28 13:00:00,147.55512323645
2012-04-28 14:00:00,147.402682177248
2012-04-28 15:00:00,161.095794695982
2012-04-28 16:00:00,226.096631522779
2012-04-28 17:00:00,225.330433509022
2012-04-28 18:00:00,143.575653220124
2012-04-28 19:00:00,97.0098471619866
2012-04-28 20:00:00,185.816962824784
2012-04-28 21:00:00,120.63916175693
2012-04-28 22:00:00,192.432832670547
2012-04-28 23:00:00,222.025979277871
2012-04-29 00:00:00,12.3080732455038
2012-04-29 01:00:00,19.9563861133056
2012-04-29 02:00:00,20.8993215471074
2012-04-29 03:00:00,22.695337263204
2012-04-29 04:00:00,24.6957056562799
2012-04-29 05:00:00,23.455154705972
2012-04-29 06:00:00,24.6956968945476
2012-04-29 07:00:00,32.0057909832858
2012-04-29 08:00:00,42.2778245377512
2012-04-29 09:00:00,52.6013249632896
2012-04-29 10:00:00,63.6752930150033
2012-04-29 11:00:00,95.0583540619711
2012-04-29 12:00:00,125.38432654347
2012-04-29 13:00:00,142.621893927621
2012-04-29 14:00:00,196.883129207769
2012-04-29 15:00:00,225.520692869286
2012-04-29 16:00:00,359.586898482516
2012-04-29 17:00:00,415.421441453671
2012-04-29 18:00:00,464.485358608951
2012-04-29 19:00:00,347.75124977268
2012-04-29 20:00:00,397.325587624883
2012-04-29 21:00:00,321.6311709398
2012-04-29 22:00:00,343.422233344706
2012-04-29 23:00:00,295.401446796691
2012-04-30 00:00:00,20.7103188592165
2012-04-30 01:00:00,20.2815897145867
2012-04-30 02:00:00,24.8326064598936
2012-04-30 03:00:00,24.6257556856871
2012-04-30 04:00:00,32.9340702581177
2012-04-30 05:00:00,36.4276513199253
2012-04-30 06:00:00,51.7500179293929
2012-04-30 07:00:00,54.7378070114384
2012-04-30 08:00:00,67.1986471004569
2012-04-30 09:00:00,87.0899032588812
2012-04-30 10:00:00,102.748406400783
2012-04-30 11:00:00,111.635207931291
2012-04-30 12:00:00,119.04813876142
2012-04-30 13:00:00,133.564193749238
2012-04-30 14:00:00,147.075699619264
2012-04-30 15:00:00,168.473778702322
2012-04-30 16:00:00,164.881114692008
2012-04-30 17:00:00,180.888993948048
2012-04-30 18:00:00,238.297993700404
2012-04-30 19:00:00,239.853122457033
2012-04-30 20:00:00,269.294903012241
2012-04-30 21:00:00,297.861173923533
2012-04-30 22:00:00,346.843550841975
2012-04-30 23:00:00,389.960259726608
2012-05-20 00:00:00,40.5594058934155
2012-05-20 01:00:00,42.3806044833737
2012-05-20 02:00:00,46.8762552198503
2012-05-20 03:00:00,47.9612793460376
2012-05-20 04:00:00,42.4904041464223
2012-05-20 05:00:00,42.5814286931389
2012-05-20 06:00:00,54.2971642243272
2012-05-20 07:00:00,59.1651429145511
2012-05-20 08:00:00,84.590115112537
2012-05-20 09:00:00,177.481377796341
2012-05-20 10:00:00,192.898123188119
2012-05-20 11:00:00,208.800216888267
2012-05-20 12:00:00,241.138677127152
2012-05-20 13:00:00,259.569891836766
2012-05-20 14:00:00,299.334861969205
2012-05-20 15:00:00,374.698801662876
2012-05-20 16:00:00,347.346976860202
2012-05-20 17:00:00,364.414692031242
2012-05-20 18:00:00,368.607267591599
2012-05-20 19:00:00,330.310162294686
2012-05-20 20:00:00,365.348811282535
2012-05-20 21:00:00,340.851430738789
2012-05-20 22:00:00,334.673447035125
2012-05-20 23:00:00,265.272405448694
2012-05-21 00:00:00,18.5927869183623
2012-05-21 01:00:00,20.9040877309822
2012-05-21 02:00:00,19.6797423871279
2012-05-21 03:00:00,35.3230079663494
2012-05-21 04:00:00,26.6524648876516
2012-05-21 05:00:00,29.4797056705926
2012-05-21 06:00:00,32.6068545662886
2012-05-21 07:00:00,36.0657252344176
2012-05-21 08:00:00,39.4050367055184
2012-05-21 09:00:00,43.2307693907931
2012-05-21 10:00:00,50.7492767703046
2012-05-21 11:00:00,89.5559999541057
2012-05-21 12:00:00,101.514002033819
2012-05-21 13:00:00,76.5959223344978
2012-05-21 14:00:00,83.3470915416126
2012-05-21 15:00:00,178.486618218111
2012-05-21 16:00:00,200.674591841467
2012-05-21 17:00:00,245.914116063952
2012-05-21 18:00:00,201.13883798694
2012-05-21 19:00:00,245.479223070315
2012-05-21 20:00:00,263.324032123914
2012-05-21 21:00:00,287.712981579353
2012-05-21 22:00:00,343.408708197987
2012-05-21 23:00:00,334.948070104364
2012-05-22 00:00:00,24.7541755151131
2012-05-22 01:00:00,31.0494431979026
2012-05-22 02:00:00,34.0639530076386
2012-05-22 03:00:00,37.6773897977196
2012-05-22 04:00:00,37.6590402013715
2012-05-22 05:00:00,28.6479455501677
2012-05-22 06:00:00,30.919591466676
2012-05-22 07:00:00,34.1994806009437
2012-05-22 08:00:00,55.9056718575007
2012-05-22 09:00:00,72.0148726289339
2012-05-22 10:00:00,89.2347438104056
2012-05-22 11:00:00,96.3079971462882
2012-05-22 12:00:00,114.420695712661
2012-05-22 13:00:00,138.343568894356
2012-05-22 14:00:00,157.461505336224
2012-05-22 15:00:00,201.375048557843
2012-05-22 16:00:00,214.257917696194
2012-05-22 17:00:00,278.584743607703
2012-05-22 18:00:00,264.273089068998
2012-05-22 19:00:00,254.676536779909
2012-05-22 20:00:00,256.338551637169
2012-05-22 21:00:00,243.949242032972
2012-05-22 22:00:00,287.155115358536
2012-05-22 23:00:00,318.914736602719
2012-05-23 00:00:00,29.3628660731682
2012-05-23 01:00:00,27.8878824635415
2012-05-23 02:00:00,36.1428851716921
2012-05-23 03:00:00,37.7558620226371
2012-05-23 04:00:00,29.1343952422638
2012-05-23 05:00:00,29.120206244687
2012-05-23 06:00:00,38.6828349229645
2012-05-23 07:00:00,46.7705724463792
2012-05-23 08:00:00,51.7319023053359
2012-05-23 09:00:00,82.1708224118085
2012-05-23 10:00:00,79.4949013688541
2012-05-23 11:00:00,96.5085817105057
2012-05-23 12:00:00,142.015554043846
2012-05-23 13:00:00,148.815025840129
2012-05-23 14:00:00,166.35328817715
2012-05-23 15:00:00,230.234170390632
2012-05-23 16:00:00,178.035608827096
2012-05-23 17:00:00,154.278044179143
2012-05-23 18:00:00,170.643554095553
2012-05-23 19:00:00,209.474401862304
2012-05-23 20:00:00,227.009217086912
2012-05-23 21:00:00,245.003258796133
2012-05-23 22:00:00,283.45769342745
2012-05-23 23:00:00,254.182649480601
2012-05-24 00:00:00,24.7033894286234
2012-05-24 01:00:00,24.2978236667572
2012-05-24 02:00:00,26.2238073695931
2012-05-24 03:00:00,34.9729836804754
2012-05-24 04:00:00,39.3205344782848
2012-05-24 05:00:00,43.4915790384279
2012-05-24 06:00:00,48.1050797592904
2012-05-24 07:00:00,50.237631391369
2012-05-24 08:00:00,70.8651439232444
2012-05-24 09:00:00,79.0268854117993
2012-05-24 10:00:00,101.979143994759
2012-05-24 11:00:00,117.73997370394
2012-05-24 12:00:00,156.253412003822
2012-05-24 13:00:00,194.690562799194
2012-05-24 14:00:00,225.106902574704
2012-05-24 15:00:00,251.026233774582
2012-05-24 16:00:00,285.715982065005
2012-05-24 17:00:00,309.632875526387
2012-05-24 18:00:00,337.135388103616
2012-05-24 19:00:00,319.150947441088
2012-05-24 20:00:00,335.503594954205
2012-05-24 21:00:00,196.594496022739
2012-05-24 22:00:00,313.590008469376
2012-05-24 23:00:00,349.697489837224
2012-05-25 00:00:00,26.1110004501219
2012-05-25 01:00:00,28.5293891747381
2012-05-25 02:00:00,36.0779920653927
2012-05-25 03:00:00,36.5056002854965
2012-05-25 04:00:00,39.2387891200122
2012-05-25 05:00:00,44.4793829101925
2012-05-25 06:00:00,49.3988437828949
2012-05-25 07:00:00,55.5396976677491
2012-05-25 08:00:00,62.1682799097369
2012-05-25 09:00:00,69.3264799412637
2012-05-25 10:00:00,90.9640988164089
2012-05-25 11:00:00,99.7928337983721
2012-05-25 12:00:00,151.1643869235
2012-05-25 13:00:00,178.919750347466
2012-05-25 14:00:00,210.049931964333
2012-05-25 15:00:00,242.497769551785
2012-05-25 16:00:00,313.867383441918
2012-05-25 17:00:00,304.044161493642
2012-05-25 18:00:00,328.144431049072
2012-05-25 19:00:00,338.512563116044
2012-05-25 20:00:00,320.574672680692
2012-05-25 21:00:00,351.688803022814
2012-05-25 22:00:00,309.59659408418
2012-05-25 23:00:00,319.358557646644
2012-05-26 00:00:00,28.7396043574237
2012-05-26 01:00:00,31.5289943877726
2012-05-26 02:00:00,31.89173412962
2012-05-26 03:00:00,34.0125209756029
2012-05-26 04:00:00,37.9288015784017
2012-05-26 05:00:00,48.7590348302958
2012-05-26 06:00:00,47.1673645792146
2012-05-26 07:00:00,60.6323435752872
2012-05-26 08:00:00,71.8100772893547
2012-05-26 09:00:00,71.7954942214784
2012-05-26 10:00:00,100.941982259027
2012-05-26 11:00:00,130.024819754641
2012-05-26 12:00:00,178.033784593832
2012-05-26 13:00:00,212.867192581093
2012-05-26 14:00:00,237.383716517361
2012-05-26 15:00:00,266.893288121576
2012-05-26 16:00:00,344.931499915215
2012-05-26 17:00:00,447.712112413323
2012-05-26 18:00:00,466.720454009828
2012-05-26 19:00:00,422.497635021338
2012-05-26 20:00:00,522.961023159623
2012-05-26 21:00:00,521.155964711
2012-05-26 22:00:00,400.655049383254
2012-05-26 23:00:00,443.155744920513
2012-05-27 00:00:00,49.2754947555957
2012-05-27 01:00:00,42.033728733911
2012-05-27 02:00:00,45.2091660659935
2012-05-27 03:00:00,49.1939046855142
2012-05-27 04:00:00,43.3678980212594
2012-05-27 05:00:00,47.96827890434
2012-05-27 06:00:00,52.6253945373525
2012-05-27 07:00:00,51.7467215202449
2012-05-27 08:00:00,64.9099726507237
2012-05-27 09:00:00,78.8915689166102
2012-05-27 10:00:00,109.638853839481
2012-05-27 11:00:00,154.158151979202
2012-05-27 12:00:00,179.492769600906
2012-05-27 13:00:00,229.675972495927
2012-05-27 14:00:00,258.227381394442
2012-05-27 15:00:00,314.892437954848
2012-05-27 16:00:00,348.29560522581
2012-05-27 17:00:00,404.496621956393
2012-05-27 18:00:00,391.267739184002
2012-05-27 19:00:00,420.562110668938
2012-05-27 20:00:00,442.693628655833
2012-05-27 21:00:00,286.715992457536
2012-05-27 22:00:00,201.814518116301
2012-05-27 23:00:00,231.586033249038
2012-05-28 00:00:00,27.4957227019618
2012-05-28 01:00:00,40.8997432016644
2012-05-28 02:00:00,32.2171041036233
2012-05-28 03:00:00,44.3449857926449
2012-05-28 04:00:00,43.2612358823345
2012-05-28 05:00:00,47.8503022565907
2012-05-28 06:00:00,60.0069854650732
2012-05-28 07:00:00,60.6091908634145
2012-05-28 08:00:00,81.1891855201356
2012-05-28 09:00:00,110.259982465244
2012-05-28 10:00:00,121.956143419442
2012-05-28 11:00:00,141.576930528295
2012-05-28 12:00:00,181.148077113039
2012-05-28 13:00:00,255.042371638822
2012-05-28 14:00:00,282.096762199499
2012-05-28 15:00:00,347.731076000824
2012-05-28 16:00:00,387.780259460181
2012-05-28 17:00:00,425.417186407819
2012-05-28 18:00:00,430.964755777144
2012-05-28 19:00:00,484.70690631327
2012-05-28 20:00:00,462.623226804666
2012-05-28 21:00:00,459.976476314333
2012-05-28 22:00:00,425.661121071269
2012-05-28 23:00:00,443.579277670649
2012-05-29 00:00:00,36.4698433322994
2012-05-29 01:00:00,40.3384922115374
2012-05-29 02:00:00,37.9445133710228
2012-05-29 03:00:00,46.4057297318583
2012-05-29 04:00:00,47.0271928847206
2012-05-29 05:00:00,52.0157445324338
2012-05-29 06:00:00,57.5334718764917
2012-05-29 07:00:00,63.6365088285737
2012-05-29 08:00:00,88.0173171842798
2012-05-29 09:00:00,109.637761930919
2012-05-29 10:00:00,128.181333928954
2012-05-29 11:00:00,166.722554505613
2012-05-29 12:00:00,234.828638568673
2012-05-29 13:00:00,288.186392344605
2012-05-29 14:00:00,321.368842394082
2012-05-29 15:00:00,368.68364347148
2012-05-29 16:00:00,419.62117948005
2012-05-29 17:00:00,455.566726629339
2012-05-29 18:00:00,471.033670318425
2012-05-29 19:00:00,440.633662323638
2012-05-29 20:00:00,300.00531058505
2012-05-29 21:00:00,160.91772280481
2012-05-29 22:00:00,246.897520832843
2012-05-29 23:00:00,159.255514651505
2012-05-30 00:00:00,18.9311363065186
2012-05-30 01:00:00,21.4589241425172
2012-05-30 02:00:00,19.6449462223157
2012-05-30 03:00:00,25.1071817453015
2012-05-30 04:00:00,40.7089398260782
2012-05-30 05:00:00,56.9572189611797
2012-05-30 06:00:00,59.8636503254763
2012-05-30 07:00:00,46.2901294009666
2012-05-30 08:00:00,83.7164141853828
2012-05-30 09:00:00,103.459310514665
2012-05-30 10:00:00,117.276969835426
2012-05-30 11:00:00,140.231769369812
2012-05-30 12:00:00,161.167825855807
2012-05-30 13:00:00,186.411621609361
2012-05-30 14:00:00,244.601752621241
2012-05-30 15:00:00,247.040906180362
2012-05-30 16:00:00,275.49331453963
2012-05-30 17:00:00,312.199691721769
2012-05-30 18:00:00,352.445089895331
2012-05-30 19:00:00,356.499955691292
2012-05-30 20:00:00,272.525854647086
2012-05-30 21:00:00,376.481980638993
2012-05-30 22:00:00,333.537214380373
2012-05-30 23:00:00,391.569231748388
2012-05-31 00:00:00,35.0570389403794
2012-05-31 01:00:00,38.3040055916112
2012-05-31 02:00:00,44.9685054492551
2012-05-31 03:00:00,46.8614495843736
2012-05-31 04:00:00,50.5759546128322
2012-05-31 05:00:00,59.9661235763613
2012-05-31 06:00:00,59.3633690012156
2012-05-31 07:00:00,79.6860049712779
2012-05-31 08:00:00,101.280437679567
2012-05-31 09:00:00,130.01922671903
2012-05-31 10:00:00,175.503828201402
2012-05-31 11:00:00,202.865761204891
2012-05-31 12:00:00,218.946055279894
2012-05-31 13:00:00,245.448947108139
2012-05-31 14:00:00,305.827521064207
2012-05-31 15:00:00,337.872417444676
2012-05-31 16:00:00,372.191315244763
2012-05-31 17:00:00,410.477464964514
2012-05-31 18:00:00,444.978550359577
2012-05-31 19:00:00,459.940663019004
2012-05-31 20:00:00,419.918023099145
2012-05-31 21:00:00,464.462096804985
2012-05-31 22:00:00,449.954012239232
2012-05-31 23:00:00,476.624494448881
2012-06-20 00:00:00,36.4698433322994
2012-06-20 01:00:00,37.0120113443912
2012-06-20 02:00:00,35.1017236156427
2012-06-20 03:00:00,38.5086041239419
2012-06-20 04:00:00,42.0752531380979
2012-06-20 05:00:00,46.5385128075519
2012-06-20 06:00:00,50.6086855259073
2012-06-20 07:00:00,57.0138326287327
2012-06-20 08:00:00,93.4105696116714
2012-06-20 09:00:00,117.890068602722
2012-06-20 10:00:00,198.668111155066
2012-06-20 11:00:00,243.878732463028
2012-06-20 12:00:00,287.727396379484
2012-06-20 13:00:00,313.652013560658
2012-06-20 14:00:00,399.81057221084
2012-06-20 15:00:00,464.72233079654
2012-06-20 16:00:00,528.943111381358
2012-06-20 17:00:00,551.85606387861
2012-06-20 18:00:00,610.395864106759
2012-06-20 19:00:00,664.043445929565
2012-06-20 20:00:00,677.248900332253
2012-06-20 21:00:00,642.073793559594
2012-06-20 22:00:00,692.155582312033
2012-06-20 23:00:00,604.135288043831
2012-06-21 00:00:00,39.2605932266825
2012-06-21 01:00:00,38.4443747048972
2012-06-21 02:00:00,42.1768392112144
2012-06-21 03:00:00,48.8402924418801
2012-06-21 04:00:00,43.7671423794178
2012-06-21 05:00:00,48.6078287909237
2012-06-21 06:00:00,62.7395260583024
2012-06-21 07:00:00,69.3948109455401
2012-06-21 08:00:00,85.8194190964701
2012-06-21 09:00:00,148.677349719567
2012-06-21 10:00:00,191.240467782891
2012-06-21 11:00:00,240.25204455571
2012-06-21 12:00:00,321.920431708962
2012-06-21 13:00:00,337.644084525114
2012-06-21 14:00:00,347.903909976843
2012-06-21 15:00:00,464.651511978731
2012-06-21 16:00:00,474.013412590685
2012-06-21 17:00:00,450.076124169456
2012-06-21 18:00:00,494.61627128328
2012-06-21 19:00:00,593.166546760357
2012-06-21 20:00:00,578.670112037015
2012-06-21 21:00:00,544.138747975486
2012-06-21 22:00:00,529.096850299999
2012-06-21 23:00:00,582.875822303087
2012-06-22 00:00:00,50.3416695454383
2012-06-22 01:00:00,46.8027651636322
2012-06-22 02:00:00,42.7829944648836
2012-06-22 03:00:00,47.3213299350673
2012-06-22 04:00:00,77.7176223281063
2012-06-22 05:00:00,80.832439816402
2012-06-22 06:00:00,87.2396787478397
2012-06-22 07:00:00,92.9428020956882
2012-06-22 08:00:00,111.327930242023
2012-06-22 09:00:00,125.969448092384
2012-06-22 10:00:00,172.274067263569
2012-06-22 11:00:00,188.946732046409
2012-06-22 12:00:00,235.882574233021
2012-06-22 13:00:00,323.938129525128
2012-06-22 14:00:00,358.300845874391
2012-06-22 15:00:00,455.655331144465
2012-06-22 16:00:00,493.828734641344
2012-06-22 17:00:00,457.52469640432
2012-06-22 18:00:00,431.656411184575
2012-06-22 19:00:00,439.775731272278
2012-06-22 20:00:00,486.426271402123
2012-06-22 21:00:00,249.369119967253
2012-06-22 22:00:00,312.087322804884
2012-06-22 23:00:00,346.585925529175
2012-06-23 00:00:00,24.422340997547
2012-06-23 01:00:00,32.9057918967595
2012-06-23 02:00:00,36.9194729042116
2012-06-23 03:00:00,39.6847354130646
2012-06-23 04:00:00,44.800461086281
2012-06-23 05:00:00,49.9588901505216
2012-06-23 06:00:00,45.8309926450831
2012-06-23 07:00:00,51.7390271390274
2012-06-23 08:00:00,85.1204044884769
2012-06-23 09:00:00,117.910958109426
2012-06-23 10:00:00,144.752910207315
2012-06-23 11:00:00,179.166524198581
2012-06-23 12:00:00,240.969160864221
2012-06-23 13:00:00,304.7711473499
2012-06-23 14:00:00,305.634983052207
2012-06-23 15:00:00,410.591509768549
2012-06-23 16:00:00,457.896824697924
2012-06-23 17:00:00,500.293313590243
2012-06-23 18:00:00,560.194910010295
2012-06-23 19:00:00,568.327704839642
2012-06-23 20:00:00,567.225735692668
2012-06-23 21:00:00,573.950803424452
2012-06-23 22:00:00,568.18168826342
2012-06-23 23:00:00,550.24482068868
2012-06-24 00:00:00,48.7748604788437
2012-06-24 01:00:00,59.350587830243
2012-06-24 02:00:00,66.9826412554024
2012-06-24 03:00:00,59.031050965848
2012-06-24 04:00:00,63.7101878169828
2012-06-24 05:00:00,56.3173254076396
2012-06-24 06:00:00,66.6596013729562
2012-06-24 07:00:00,68.3390619349976
2012-06-24 08:00:00,98.445250805862
2012-06-24 09:00:00,126.188003916838
2012-06-24 10:00:00,171.631308493287
2012-06-24 11:00:00,196.950220857733
2012-06-24 12:00:00,258.724267590363
2012-06-24 13:00:00,290.886719220223
2012-06-24 14:00:00,368.186425186713
2012-06-24 15:00:00,429.087993355743
2012-06-24 16:00:00,444.949376195149
2012-06-24 17:00:00,477.702062430453
2012-06-24 18:00:00,512.865671150472
2012-06-24 19:00:00,518.190475787886
2012-06-24 20:00:00,481.462744750787
2012-06-24 21:00:00,461.931197694049
2012-06-24 22:00:00,473.599204636828
2012-06-24 23:00:00,500.942471161102
2012-06-25 00:00:00,44.3080277614039
2012-06-25 01:00:00,42.6518427617578
2012-06-25 02:00:00,43.79004986634
2012-06-25 03:00:00,47.4841374479078
2012-06-25 04:00:00,42.1435116635352
2012-06-25 05:00:00,50.3937054065557
2012-06-25 06:00:00,48.1844141920507
2012-06-25 07:00:00,62.6684254838699
2012-06-25 08:00:00,74.067253443202
2012-06-25 09:00:00,94.7692571679158
2012-06-25 10:00:00,137.319461193019
2012-06-25 11:00:00,207.043188921167
2012-06-25 12:00:00,227.010219498197
2012-06-25 13:00:00,187.74358216314
2012-06-25 14:00:00,251.858224727199
2012-06-25 15:00:00,304.36813273364
2012-06-25 16:00:00,382.251544975779
2012-06-25 17:00:00,458.717650239281
2012-06-25 18:00:00,462.938461530138
2012-06-25 19:00:00,492.414836018954
2012-06-25 20:00:00,518.723294472636
2012-06-25 21:00:00,509.498151141973
2012-06-25 22:00:00,581.43204565939
2012-06-25 23:00:00,596.080980997731
2012-06-26 00:00:00,58.6452321459553
2012-06-26 01:00:00,64.0000315141108
2012-06-26 02:00:00,47.1680987077957
2012-06-26 03:00:00,48.5141108021873
2012-06-26 04:00:00,53.8798163099995
2012-06-26 05:00:00,55.93842365054
2012-06-26 06:00:00,56.8800664938268
2012-06-26 07:00:00,63.9509238368548
2012-06-26 08:00:00,79.9602050811612
2012-06-26 09:00:00,98.9610285632694
2012-06-26 10:00:00,143.83940585824
2012-06-26 11:00:00,174.225905676642
2012-06-26 12:00:00,200.16777995375
2012-06-26 13:00:00,246.366053631082
2012-06-26 14:00:00,272.500077530715
2012-06-26 15:00:00,324.129419675545
2012-06-26 16:00:00,356.74770664692
2012-06-26 17:00:00,391.706953937784
2012-06-26 18:00:00,426.232028446175
2012-06-26 19:00:00,454.42022122403
2012-06-26 20:00:00,475.092656791002
2012-06-26 21:00:00,483.09015781034
2012-06-26 22:00:00,520.193296633797
2012-06-26 23:00:00,501.719770007729
2012-06-27 00:00:00,50.1752590227187
2012-06-27 01:00:00,53.4307908544316
2012-06-27 02:00:00,41.4068569403859
2012-06-27 03:00:00,49.3969649853143
2012-06-27 04:00:00,77.4824357573467
2012-06-27 05:00:00,82.6297775387289
2012-06-27 06:00:00,70.4908447849381
2012-06-27 07:00:00,103.17663066775
2012-06-27 08:00:00,113.193781806372
2012-06-27 09:00:00,130.044538332066
2012-06-27 10:00:00,154.9090832016
2012-06-27 11:00:00,202.61050263946
2012-06-27 12:00:00,235.565170363166
2012-06-27 13:00:00,294.964325941098
2012-06-27 14:00:00,329.426476042682
2012-06-27 15:00:00,380.00108841093
2012-06-27 16:00:00,431.258418197454
2012-06-27 17:00:00,469.269561147454
2012-06-27 18:00:00,488.313027029005
2012-06-27 19:00:00,502.105130614185
2012-06-27 20:00:00,497.769490803345
2012-06-27 21:00:00,488.747343542004
2012-06-27 22:00:00,503.123812414451
2012-06-27 23:00:00,479.064105764015
2012-06-28 00:00:00,42.8171250147418
2012-06-28 01:00:00,43.360582438792
2012-06-28 02:00:00,52.1695105340022
2012-06-28 03:00:00,57.7035490715086
2012-06-28 04:00:00,52.1156161170759
2012-06-28 05:00:00,63.6043296376271
2012-06-28 06:00:00,70.3513511788294
2012-06-28 07:00:00,70.5220886407276
2012-06-28 08:00:00,96.7048251299811
2012-06-28 09:00:00,110.735995013882
2012-06-28 10:00:00,140.989582133705
2012-06-28 11:00:00,218.944166904555
2012-06-28 12:00:00,279.094621850296
2012-06-28 13:00:00,330.988756537938
2012-06-28 14:00:00,366.329152156535
2012-06-28 15:00:00,405.188624378821
2012-06-28 16:00:00,464.539850439148
2012-06-28 17:00:00,521.528881066126
2012-06-28 18:00:00,532.825343176741
2012-06-28 19:00:00,558.336146677576
2012-06-28 20:00:00,565.422842104302
2012-06-28 21:00:00,419.681689452315
2012-06-28 22:00:00,481.470988951089
2012-06-28 23:00:00,514.400026123771
2012-06-29 00:00:00,50.6090781447511
2012-06-29 01:00:00,53.9711591106558
2012-06-29 02:00:00,54.2256380816765
2012-06-29 03:00:00,59.9777865644438
2012-06-29 04:00:00,56.7798348922295
2012-06-29 05:00:00,65.5778875982896
2012-06-29 06:00:00,86.3904359502999
2012-06-29 07:00:00,80.2285511938727
2012-06-29 08:00:00,123.917016942875
2012-06-29 09:00:00,124.14988666217
2012-06-29 10:00:00,266.290078729923
2012-06-29 11:00:00,343.187363861232
2012-06-29 12:00:00,422.743410129266
2012-06-29 13:00:00,404.463540891868
2012-06-29 14:00:00,506.451422861001
2012-06-29 15:00:00,526.856048537352
2012-06-29 16:00:00,582.743896563523
2012-06-29 17:00:00,730.978686881971
2012-06-29 18:00:00,674.947889173761
2012-06-29 19:00:00,647.690217730785
2012-06-29 20:00:00,818.896466384615
2012-06-29 21:00:00,746.131701089032
2012-06-29 22:00:00,485.063891838269
2012-06-29 23:00:00,536.518510505551
2012-06-30 00:00:00,18.6730654910788
2012-06-30 01:00:00,20.9943458689554
2012-06-30 02:00:00,32.0156692757836
2012-06-30 03:00:00,35.4118281770785
2012-06-30 04:00:00,33.358692052478
2012-06-30 05:00:00,38.6748808278112
2012-06-30 06:00:00,42.7774357251794
2012-06-30 07:00:00,47.3151815352451
2012-06-30 08:00:00,52.334282449648
2012-06-30 09:00:00,57.8857996662094
2012-06-30 10:00:00,276.439313578992
2012-06-30 11:00:00,305.763449438594
2012-06-30 12:00:00,338.198231655904
2012-06-30 13:00:00,374.073631446755
2012-06-30 14:00:00,413.75462272119
2012-06-30 15:00:00,457.644895100076
2012-06-30 16:00:00,523.466238605695
2012-06-30 17:00:00,525.967575221983
2012-06-30 18:00:00,559.901757958908
2012-06-30 19:00:00,532.684576106949
2012-06-30 20:00:00,532.696935792229
2012-06-30 21:00:00,589.204373590872
2012-06-30 22:00:00,515.203144220508
2012-06-30 23:00:00,558.330093655516
2012-07-20 00:00:00,17.4931634601653
2012-07-20 01:00:00,24.5050428995415
2012-07-20 02:00:00,31.3722699632101
2012-07-20 03:00:00,34.8420720259654
2012-07-20 04:00:00,39.1733489744171
2012-07-20 05:00:00,42.9754106773435
2012-07-20 06:00:00,47.9250117491041
2012-07-20 07:00:00,53.4432088282489
2012-07-20 08:00:00,72.9589612090332
2012-07-20 09:00:00,92.589864534539
2012-07-20 10:00:00,103.253704286417
2012-07-20 11:00:00,92.226339981956
2012-07-20 12:00:00,74.4930287607515
2012-07-20 13:00:00,81.0588488016417
2012-07-20 14:00:00,97.8575883518259
2012-07-20 15:00:00,164.611635519095
2012-07-20 16:00:00,170.96033992238
2012-07-20 17:00:00,155.733393593163
2012-07-20 18:00:00,206.746443712788
2012-07-20 19:00:00,192.384472657747
2012-07-20 20:00:00,149.375502214005
2012-07-20 21:00:00,162.541467974434
2012-07-20 22:00:00,254.021171077804
2012-07-20 23:00:00,287.94733958553
2012-07-21 00:00:00,21.0977089111966
2012-07-21 01:00:00,33.9289713281682
2012-07-21 02:00:00,21.9827350326163
2012-07-21 03:00:00,24.1163211870111
2012-07-21 04:00:00,26.8938669349819
2012-07-21 05:00:00,29.5041145700225
2012-07-21 06:00:00,32.6338527135133
2012-07-21 07:00:00,52.9127307032825
2012-07-21 08:00:00,63.0513023216325
2012-07-21 09:00:00,68.608647905166
2012-07-21 10:00:00,48.8440202032272
2012-07-21 11:00:00,89.0590709145943
2012-07-21 12:00:00,66.652021536709
2012-07-21 13:00:00,72.5267347286922
2012-07-21 14:00:00,107.166862948858
2012-07-21 15:00:00,80.8612067971456
2012-07-21 16:00:00,87.9883184336506
2012-07-21 17:00:00,96.5308757790377
2012-07-21 18:00:00,157.798404262056
2012-07-21 19:00:00,173.118641555097
2012-07-21 20:00:00,130.624167676794
2012-07-21 21:00:00,211.794833674682
2012-07-21 22:00:00,230.462443068904
2012-07-21 23:00:00,247.717257980724
2012-07-22 00:00:00,25.0791821263478
2012-07-22 01:00:00,28.1968177063707
2012-07-22 02:00:00,30.6820869170026
2012-07-22 03:00:00,33.9367820381912
2012-07-22 04:00:00,31.1318727447325
2012-07-22 05:00:00,34.434280257293
2012-07-22 06:00:00,53.7008028878886
2012-07-22 07:00:00,57.9574339594515
2012-07-22 08:00:00,72.0891399577157
2012-07-22 09:00:00,99.3708954503246
2012-07-22 10:00:00,102.022707233042
2012-07-22 11:00:00,112.845074315831
2012-07-22 12:00:00,148.577656335454
2012-07-22 13:00:00,176.325499337725
2012-07-22 14:00:00,179.456414963397
2012-07-22 15:00:00,198.492796674567
2012-07-22 16:00:00,229.234869209868
2012-07-22 17:00:00,261.980140475035
2012-07-22 18:00:00,285.071085832763
2012-07-22 19:00:00,284.518342162858
2012-07-22 20:00:00,284.047339166747
2012-07-22 21:00:00,286.897921306559
2012-07-22 22:00:00,350.353763214787
2012-07-22 23:00:00,327.357969182849
2012-07-23 00:00:00,21.8853200288664
2012-07-23 01:00:00,24.9090079433418
2012-07-23 02:00:00,29.120432475108
2012-07-23 03:00:00,32.2094703805157
2012-07-23 04:00:00,36.0650176650368
2012-07-23 05:00:00,39.8907234378383
2012-07-23 06:00:00,53.4338093172491
2012-07-23 07:00:00,59.9545688002483
2012-07-23 08:00:00,77.2304578805138
2012-07-23 09:00:00,113.478962109593
2012-07-23 10:00:00,157.666487502144
2012-07-23 11:00:00,211.715193799478
2012-07-23 12:00:00,234.173522993468
2012-07-23 13:00:00,254.813591411876
2012-07-23 14:00:00,258.120170917445
2012-07-23 15:00:00,272.244672906887
2012-07-23 16:00:00,323.355217295039
2012-07-23 17:00:00,357.656099467361
2012-07-23 18:00:00,411.052981862755
2012-07-23 19:00:00,414.822320036331
2012-07-23 20:00:00,353.939603658212
2012-07-23 21:00:00,394.693031061115
2012-07-23 22:00:00,400.560616893253
2012-07-23 23:00:00,414.029205597233
2012-07-24 00:00:00,34.3572335362034
2012-07-24 01:00:00,32.6313680770299
2012-07-24 02:00:00,31.2007887174005
2012-07-24 03:00:00,34.5105067000937
2012-07-24 04:00:00,37.3993339406247
2012-07-24 05:00:00,41.5357348515256
2012-07-24 06:00:00,46.3182557601846
2012-07-24 07:00:00,70.1576379797022
2012-07-24 08:00:00,90.5025320421158
2012-07-24 09:00:00,165.239047943413
2012-07-24 10:00:00,181.705295582665
2012-07-24 11:00:00,259.159405520568
2012-07-24 12:00:00,255.20395170847
2012-07-24 13:00:00,314.472064933104
2012-07-24 14:00:00,340.796090698924
2012-07-24 15:00:00,319.766974431796
2012-07-24 16:00:00,309.866633904912
2012-07-24 17:00:00,346.079373063884
2012-07-24 18:00:00,302.613471902337
2012-07-24 19:00:00,319.995150706679
2012-07-24 20:00:00,319.465417988648
2012-07-24 21:00:00,359.178704837103
2012-07-24 22:00:00,400.535374508866
2012-07-24 23:00:00,487.886272547517
2012-07-25 00:00:00,45.6102870153312
2012-07-25 01:00:00,46.9535834203341
2012-07-25 02:00:00,47.970611230915
2012-07-25 03:00:00,47.8775977580757
2012-07-25 04:00:00,50.733088983095
2012-07-25 05:00:00,55.2047065011757
2012-07-25 06:00:00,61.5611045290912
2012-07-25 07:00:00,92.203930447432
2012-07-25 08:00:00,117.532299759864
2012-07-25 09:00:00,147.99485787894
2012-07-25 10:00:00,150.84383641151
2012-07-25 11:00:00,184.902165009234
2012-07-25 12:00:00,204.516221118933
2012-07-25 13:00:00,254.454540971799
2012-07-25 14:00:00,300.281761112082
2012-07-25 15:00:00,305.006082913712
2012-07-25 16:00:00,370.3880019359
2012-07-25 17:00:00,380.165585264927
2012-07-25 18:00:00,463.032267159594
2012-07-25 19:00:00,429.736554944705
2012-07-25 20:00:00,413.529934692247
2012-07-25 21:00:00,421.102833685443
2012-07-25 22:00:00,383.768042854173
2012-07-25 23:00:00,431.745689975699
2012-07-26 00:00:00,35.0928494031479
2012-07-26 01:00:00,39.1345933278551
2012-07-26 02:00:00,41.1161673274315
2012-07-26 03:00:00,45.10802924126
2012-07-26 04:00:00,45.9340844323563
2012-07-26 05:00:00,50.8066812965353
2012-07-26 06:00:00,51.558734305368
2012-07-26 07:00:00,71.8986039588243
2012-07-26 08:00:00,93.1810792836639
2012-07-26 09:00:00,110.513893338512
2012-07-26 10:00:00,111.631994860677
2012-07-26 11:00:00,177.096785903361
2012-07-26 12:00:00,239.324625930697
2012-07-26 13:00:00,292.507853883023
2012-07-26 14:00:00,397.685251801189
2012-07-26 15:00:00,500.759131244072
2012-07-26 16:00:00,577.196545516621
2012-07-26 17:00:00,555.413566641673
2012-07-26 18:00:00,679.828819459801
2012-07-26 19:00:00,663.044247434757
2012-07-26 20:00:00,586.261321481887
2012-07-26 21:00:00,585.394045310591
2012-07-26 22:00:00,647.491488303929
2012-07-26 23:00:00,386.897612451485
2012-07-27 00:00:00,36.6901340895912
2012-07-27 01:00:00,41.7604070135467
2012-07-27 02:00:00,39.0158964967501
2012-07-27 03:00:00,46.8739881572302
2012-07-27 04:00:00,46.0085897620004
2012-07-27 05:00:00,47.2363750192852
2012-07-27 06:00:00,56.2873040633716
2012-07-27 07:00:00,78.3654805793216
2012-07-27 08:00:00,101.741570327654
2012-07-27 09:00:00,173.91889229494
2012-07-27 10:00:00,183.374617347842
2012-07-27 11:00:00,221.914782508598
2012-07-27 12:00:00,250.799950967762
2012-07-27 13:00:00,268.181652801593
2012-07-27 14:00:00,324.611624459412
2012-07-27 15:00:00,368.5254952707
2012-07-27 16:00:00,357.01411665272
2012-07-27 17:00:00,458.289628693859
2012-07-27 18:00:00,417.829180398834
2012-07-27 19:00:00,444.772704001362
2012-07-27 20:00:00,396.838723866607
2012-07-27 21:00:00,438.934591137996
2012-07-27 22:00:00,489.474538659209
2012-07-27 23:00:00,450.430191118223
2012-07-28 00:00:00,46.814601926455
2012-07-28 01:00:00,45.403914701525
2012-07-28 02:00:00,49.0028872251312
2012-07-28 03:00:00,54.2010166224965
2012-07-28 04:00:00,52.9681646296452
2012-07-28 05:00:00,53.3186541834019
2012-07-28 06:00:00,69.2496222252789
2012-07-28 07:00:00,84.1636731202567
2012-07-28 08:00:00,104.014895524753
2012-07-28 09:00:00,142.912919735936
2012-07-28 10:00:00,197.571150955591
2012-07-28 11:00:00,243.353411366562
2012-07-28 12:00:00,272.793562881571
2012-07-28 13:00:00,334.270321949962
2012-07-28 14:00:00,361.839719097333
2012-07-28 15:00:00,447.863636695189
2012-07-28 16:00:00,439.079569119247
2012-07-28 17:00:00,415.775009553868
2012-07-28 18:00:00,472.019833268569
2012-07-28 19:00:00,197.002048310295
2012-07-28 20:00:00,212.574476996086
2012-07-28 21:00:00,244.157916428791
2012-07-28 22:00:00,270.057705499526
2012-07-28 23:00:00,277.264465609838
2012-07-29 00:00:00,24.1863619350017
2012-07-29 01:00:00,30.2956091343766
2012-07-29 02:00:00,40.3239824903626
2012-07-29 03:00:00,49.2441558346535
2012-07-29 04:00:00,51.7555850267014
2012-07-29 05:00:00,47.9475254742244
2012-07-29 06:00:00,59.1705648880982
2012-07-29 07:00:00,74.3091485122902
2012-07-29 08:00:00,94.3059264992144
2012-07-29 09:00:00,119.854717422661
2012-07-29 10:00:00,123.670117162147
2012-07-29 11:00:00,168.546470180977
2012-07-29 12:00:00,191.838197654639
2012-07-29 13:00:00,256.514972303694
2012-07-29 14:00:00,281.918851866687
2012-07-29 15:00:00,320.787761607739
2012-07-29 16:00:00,354.816293156652
2012-07-29 17:00:00,425.511992963739
2012-07-29 18:00:00,448.017305149209
2012-07-29 19:00:00,371.453798542983
2012-07-29 20:00:00,343.102381482971
2012-07-29 21:00:00,345.243385597273
2012-07-29 22:00:00,347.527855920183
2012-07-29 23:00:00,373.547404922411
2012-07-30 00:00:00,33.939183092078
2012-07-30 01:00:00,36.6293957802347
2012-07-30 02:00:00,37.1739357310468
2012-07-30 03:00:00,32.992916756244
2012-07-30 04:00:00,36.4927401382326
2012-07-30 05:00:00,41.5357348515256
2012-07-30 06:00:00,46.6991123557494
2012-07-30 07:00:00,63.8048371666052
2012-07-30 08:00:00,97.4895909078366
2012-07-30 09:00:00,111.222550294381
2012-07-30 10:00:00,138.831718444775
2012-07-30 11:00:00,192.379997341149
2012-07-30 12:00:00,193.304562089817
2012-07-30 13:00:00,231.15905559141
2012-07-30 14:00:00,259.894829059841
2012-07-30 15:00:00,289.819722852479
2012-07-30 16:00:00,323.199089989143
2012-07-30 17:00:00,290.912952615635
2012-07-30 18:00:00,329.163942572342
2012-07-30 19:00:00,441.157423518831
2012-07-30 20:00:00,293.019250435713
2012-07-30 21:00:00,321.458924333123
2012-07-30 22:00:00,379.126278185809
2012-07-30 23:00:00,354.970045543295
2012-07-31 00:00:00,29.2612644815915
2012-07-31 01:00:00,27.9784325480604
2012-07-31 02:00:00,30.9463293589587
2012-07-31 03:00:00,33.8125639995244
2012-07-31 04:00:00,37.3993339406247
2012-07-31 05:00:00,42.2204504432248
2012-07-31 06:00:00,39.1844633916871
2012-07-31 07:00:00,57.2232246136639
2012-07-31 08:00:00,71.4424221306171
2012-07-31 09:00:00,93.5515158726782
2012-07-31 10:00:00,106.729734758054
2012-07-31 11:00:00,144.945642791608
2012-07-31 12:00:00,200.159675572608
2012-07-31 13:00:00,228.057971545101
2012-07-31 14:00:00,252.249910292419
2012-07-31 15:00:00,212.052752771849
2012-07-31 16:00:00,255.132373627851
2012-07-31 17:00:00,308.580927757808
2012-07-31 18:00:00,317.848469742964
2012-07-31 19:00:00,247.489646088994
2012-07-31 20:00:00,213.146498281078
2012-07-31 21:00:00,247.112709368568
2012-07-31 22:00:00,299.315999931052
2012-07-31 23:00:00,303.730298306194
2012-08-20 00:00:00,25.8337503075583
2012-08-20 01:00:00,24.7886382460403
2012-08-20 02:00:00,27.4181679836536
2012-08-20 03:00:00,26.5306750384133
2012-08-20 04:00:00,38.5086455273492
2012-08-20 05:00:00,41.5610597979091
2012-08-20 06:00:00,53.6469283186408
2012-08-20 07:00:00,61.9380363680882
2012-08-20 08:00:00,73.2060179894055
2012-08-20 09:00:00,87.2030250330192
2012-08-20 10:00:00,98.8495524035569
2012-08-20 11:00:00,103.804583424654
2012-08-20 12:00:00,142.7914839227
2012-08-20 13:00:00,154.880569839559
2012-08-20 14:00:00,191.411397499934
2012-08-20 15:00:00,216.969683829805
2012-08-20 16:00:00,239.985398938003
2012-08-20 17:00:00,241.489553280673
2012-08-20 18:00:00,194.000458685647
2012-08-20 19:00:00,211.09967079677
2012-08-20 20:00:00,212.792237170161
2012-08-20 21:00:00,178.007094108602
2012-08-20 22:00:00,230.698403527938
2012-08-20 23:00:00,255.17043407982
2012-08-21 00:00:00,25.7285428412253
2012-08-21 01:00:00,28.8083082740086
2012-08-21 02:00:00,29.5180010716562
2012-08-21 03:00:00,24.6926939842189
2012-08-21 04:00:00,27.3120461442216
2012-08-21 05:00:00,33.3538151101702
2012-08-21 06:00:00,37.0427778981911
2012-08-21 07:00:00,50.2301614014637
2012-08-21 08:00:00,56.0137787614679
2012-08-21 09:00:00,74.4234905995916
2012-08-21 10:00:00,99.6114507082118
2012-08-21 11:00:00,129.517876185499
2012-08-21 12:00:00,163.810636953742
2012-08-21 13:00:00,195.198279445987
2012-08-21 14:00:00,241.589570061678
2012-08-21 15:00:00,260.739333476519
2012-08-21 16:00:00,288.398046485957
2012-08-21 17:00:00,279.856814031368
2012-08-21 18:00:00,291.213705956543
2012-08-21 19:00:00,151.385443539976
2012-08-21 20:00:00,212.556765628385
2012-08-21 21:00:00,235.104367098184
2012-08-21 22:00:00,231.178888431668
2012-08-21 23:00:00,227.38352900194
2012-08-22 00:00:00,23.0205718521844
2012-08-22 01:00:00,27.8257668824627
2012-08-22 02:00:00,30.7774692213769
2012-08-22 03:00:00,34.0422823088412
2012-08-22 04:00:00,31.6141992751134
2012-08-22 05:00:00,39.8991263714291
2012-08-22 06:00:00,49.6276924059969
2012-08-22 07:00:00,50.9520570388697
2012-08-22 08:00:00,64.9685489244862
2012-08-22 09:00:00,86.0925374371319
2012-08-22 10:00:00,108.121975474947
2012-08-22 11:00:00,130.574621147007
2012-08-22 12:00:00,156.413601771501
2012-08-22 13:00:00,194.323633954534
2012-08-22 14:00:00,224.760640221686
2012-08-22 15:00:00,239.685457491918
2012-08-22 16:00:00,195.664898354958
2012-08-22 17:00:00,216.42064393988
2012-08-22 18:00:00,184.294660135853
2012-08-22 19:00:00,231.562307918881
2012-08-22 20:00:00,224.155857666981
2012-08-22 21:00:00,235.104367098184
2012-08-22 22:00:00,260.043773554939
2012-08-22 23:00:00,227.38352900194
2012-08-23 00:00:00,25.1571465161073
2012-08-23 01:00:00,24.7441312364565
2012-08-23 02:00:00,27.3689397584843
2012-08-23 03:00:00,31.0242384809666
2012-08-23 04:00:00,33.483396079883
2012-08-23 05:00:00,37.0352485388378
2012-08-23 06:00:00,41.8942903140482
2012-08-23 07:00:00,54.4083679076657
2012-08-23 08:00:00,78.2855967741877
2012-08-23 09:00:00,97.7385089576602
2012-08-23 10:00:00,123.225281842638
2012-08-23 11:00:00,158.191021133854
2012-08-23 12:00:00,198.155643481435
2012-08-23 13:00:00,255.609353401409
2012-08-23 14:00:00,238.892617648991
2012-08-23 15:00:00,257.828605276116
2012-08-23 16:00:00,267.290717769578
2012-08-23 17:00:00,314.253033259606
2012-08-23 18:00:00,318.441425074504
2012-08-23 19:00:00,324.662592953062
2012-08-23 20:00:00,297.538981578393
2012-08-23 21:00:00,331.798310458125
2012-08-23 22:00:00,408.611048128122
2012-08-23 23:00:00,373.386872960923
2012-08-24 00:00:00,36.7355452415098
2012-08-24 01:00:00,36.6747317567236
2012-08-24 02:00:00,38.3562818660922
2012-08-24 03:00:00,38.292785349343
2012-08-24 04:00:00,49.6277100132974
2012-08-24 05:00:00,41.6476206995475
2012-08-24 06:00:00,47.9979337618848
2012-08-24 07:00:00,59.7012242995864
2012-08-24 08:00:00,76.3878828479257
2012-08-24 09:00:00,122.025717508591
2012-08-24 10:00:00,163.515974998434
2012-08-24 11:00:00,186.112529664718
2012-08-24 12:00:00,214.386770342095
2012-08-24 13:00:00,275.430154204648
2012-08-24 14:00:00,241.774044181543
2012-08-24 15:00:00,280.842739050902
2012-08-24 16:00:00,310.633981578922
2012-08-24 17:00:00,322.594112464995
2012-08-24 18:00:00,313.578811261273
2012-08-24 19:00:00,349.815966030465
2012-08-24 20:00:00,339.382009665812
2012-08-24 21:00:00,391.969355405648
2012-08-24 22:00:00,414.483506523826
2012-08-24 23:00:00,399.54583157712
2012-08-25 00:00:00,49.2403697044469
2012-08-25 01:00:00,46.3151700012137
2012-08-25 02:00:00,46.6732593943432
2012-08-25 03:00:00,47.4657668424754
2012-08-25 04:00:00,61.7675033645632
2012-08-25 05:00:00,62.6818011609944
2012-08-25 06:00:00,61.6352188440717
2012-08-25 07:00:00,68.7320409873476
2012-08-25 08:00:00,89.3925735363718
2012-08-25 09:00:00,112.135189487518
2012-08-25 10:00:00,137.976542948466
2012-08-25 11:00:00,173.222620132694
2012-08-25 12:00:00,145.159061741789
2012-08-25 13:00:00,244.111603203673
2012-08-25 14:00:00,127.684029206305
2012-08-25 15:00:00,179.692406431612
2012-08-25 16:00:00,202.729170427327
2012-08-25 17:00:00,226.078069330421
2012-08-25 18:00:00,279.49015684065
2012-08-25 19:00:00,237.147232227977
2012-08-25 20:00:00,157.17885918986
2012-08-25 21:00:00,223.817532530522
2012-08-25 22:00:00,247.559653890588
2012-08-25 23:00:00,311.786627797943
2012-08-26 00:00:00,23.9411863217421
2012-08-26 01:00:00,26.0513639258617
2012-08-26 02:00:00,34.0403622890536
2012-08-26 03:00:00,37.9598486052984
2012-08-26 04:00:00,41.3056319472846
2012-08-26 05:00:00,38.9918210726466
2012-08-26 06:00:00,43.1428073855357
2012-08-26 07:00:00,47.7029289542218
2012-08-26 08:00:00,74.5484119903185
2012-08-26 09:00:00,81.7838838012039
2012-08-26 10:00:00,135.300266593517
2012-08-26 11:00:00,148.432152824303
2012-08-26 12:00:00,116.485590469644
2012-08-26 13:00:00,95.3124232528587
2012-08-26 14:00:00,94.2757268958789
2012-08-26 15:00:00,87.539487060049
2012-08-26 16:00:00,96.8255027804401
2012-08-26 17:00:00,131.813261924165
2012-08-26 18:00:00,164.661546748794
2012-08-26 19:00:00,185.887927454787
2012-08-26 20:00:00,175.475073620285
2012-08-26 21:00:00,210.505048059474
2012-08-26 22:00:00,204.471690555758
2012-08-26 23:00:00,254.400077542134
2012-08-27 00:00:00,22.3710540506847
2012-08-27 01:00:00,22.5440176211188
2012-08-27 02:00:00,25.2425881003739
2012-08-27 03:00:00,27.5805448768172
2012-08-27 04:00:00,33.483396079883
2012-08-27 05:00:00,32.9243322112855
2012-08-27 06:00:00,36.4168802803375
2012-08-27 07:00:00,49.3814416199186
2012-08-27 08:00:00,55.9766521783279
2012-08-27 09:00:00,62.1677216617368
2012-08-27 10:00:00,102.624911127514
2012-08-27 11:00:00,129.98598159699
2012-08-27 12:00:00,151.047113180544
2012-08-27 13:00:00,188.268186951517
2012-08-27 14:00:00,250.509063474257
2012-08-27 15:00:00,280.148983585135
2012-08-27 16:00:00,306.087869006752
2012-08-27 17:00:00,352.31975345986
2012-08-27 18:00:00,344.111651947245
2012-08-27 19:00:00,276.605336821578
2012-08-27 20:00:00,303.451919651175
2012-08-27 21:00:00,316.225693781658
2012-08-27 22:00:00,276.509270843854
2012-08-27 23:00:00,303.35483790053
2012-08-28 00:00:00,30.5860834344081
2012-08-28 01:00:00,28.3454640172751
2012-08-28 02:00:00,34.8488174700105
2012-08-28 03:00:00,29.9796800533903
2012-08-28 04:00:00,37.8600052573578
2012-08-28 05:00:00,48.4697909165711
2012-08-28 06:00:00,47.1477816998629
2012-08-28 07:00:00,59.5408376557276
2012-08-28 08:00:00,66.7249509686746
2012-08-28 09:00:00,93.3511941660563
2012-08-28 10:00:00,121.433930412839
2012-08-28 11:00:00,169.644712119331
2012-08-28 12:00:00,215.937006330825
2012-08-28 13:00:00,262.242365966037
2012-08-28 14:00:00,315.059928397133
2012-08-28 15:00:00,351.458615158975
2012-08-28 16:00:00,381.00953579109
2012-08-28 17:00:00,398.342380394324
2012-08-28 18:00:00,394.192234696599
2012-08-28 19:00:00,362.34580013519
2012-08-28 20:00:00,377.050184253617
2012-08-28 21:00:00,415.348506551627
2012-08-28 22:00:00,392.620625262957
2012-08-28 23:00:00,397.853507173928
2012-08-29 00:00:00,31.3519801052448
2012-08-29 01:00:00,34.4665746470141
2012-08-29 02:00:00,34.3997450669331
2012-08-29 03:00:00,37.7395269849448
2012-08-29 04:00:00,43.1304653391346
2012-08-29 05:00:00,47.3165942964115
2012-08-29 06:00:00,52.3358450737258
2012-08-29 07:00:00,66.1720212342011
2012-08-29 08:00:00,82.7634722091724
2012-08-29 09:00:00,116.746056835356
2012-08-29 10:00:00,139.843565573015
2012-08-29 11:00:00,148.100435547724
2012-08-29 12:00:00,192.33893029724
2012-08-29 13:00:00,197.827608736587
2012-08-29 14:00:00,241.154914096314
2012-08-29 15:00:00,274.473010350223
2012-08-29 16:00:00,299.203389901947
2012-08-29 17:00:00,364.733558930118
2012-08-29 18:00:00,342.567645242307
2012-08-29 19:00:00,305.978548361347
2012-08-29 20:00:00,294.012571810505
2012-08-29 21:00:00,335.150624777535
2012-08-29 22:00:00,360.243485553936
2012-08-29 23:00:00,381.042155700961
2012-08-30 00:00:00,30.0357282169371
2012-08-30 01:00:00,35.2616335324335
2012-08-30 02:00:00,33.1574427688456
2012-08-30 03:00:00,36.6747187449803
2012-08-30 04:00:00,40.5651004029537
2012-08-30 05:00:00,44.8681660558593
2012-08-30 06:00:00,41.0375557763826
2012-08-30 07:00:00,57.3139064412904
2012-08-30 08:00:00,74.5468985046129
2012-08-30 09:00:00,99.7423713718027
2012-08-30 10:00:00,122.262737732876
2012-08-30 11:00:00,178.212772338846
2012-08-30 12:00:00,185.222298284311
2012-08-30 13:00:00,194.323633954534
2012-08-30 14:00:00,216.698508162399
2012-08-30 15:00:00,283.31169528643
2012-08-30 16:00:00,327.686945324253
2012-08-30 17:00:00,421.281597516459
2012-08-30 18:00:00,410.272298940521
2012-08-30 19:00:00,358.744075697418
2012-08-30 20:00:00,344.691587584162
2012-08-30 21:00:00,335.662652026427
2012-08-30 22:00:00,309.356408203541
2012-08-30 23:00:00,346.374735775498
2012-08-31 00:00:00,27.7952778905438
2012-08-31 01:00:00,30.7437460174724
2012-08-31 02:00:00,27.1044894034707
2012-08-31 03:00:00,29.7359938937081
2012-08-31 04:00:00,31.7677128146393
2012-08-31 05:00:00,35.4264912397077
2012-08-31 06:00:00,45.9129733706614
2012-08-31 07:00:00,49.7562854761478
2012-08-31 08:00:00,86.9263838024701
2012-08-31 09:00:00,94.922973407886
2012-08-31 10:00:00,126.531394983365
2012-08-31 11:00:00,268.025242098912
2012-08-31 12:00:00,301.697709392816
2012-08-31 13:00:00,350.367200173529
2012-08-31 14:00:00,404.991215820451
2012-08-31 15:00:00,463.35677168268
2012-08-31 16:00:00,506.258794942581
2012-08-31 17:00:00,485.751954992669
2012-08-31 18:00:00,496.981831038802
2012-08-31 19:00:00,419.825739777847
2012-08-31 20:00:00,464.360024251409
2012-08-31 21:00:00,418.926618983718
2012-08-31 22:00:00,463.365526501015
2012-08-31 23:00:00,432.323169921222
2012-09-20 00:00:00,23.2715151383079
2012-09-20 01:00:00,21.2537950279365
2012-09-20 02:00:00,23.4126182457187
2012-09-20 03:00:00,22.4700180802579
2012-09-20 04:00:00,25.5751886417752
2012-09-20 05:00:00,28.2881540903457
2012-09-20 06:00:00,30.4060994550055
2012-09-20 07:00:00,33.5316420594929
2012-09-20 08:00:00,49.5929606724165
2012-09-20 09:00:00,70.3217930878283
2012-09-20 10:00:00,90.1391040092461
2012-09-20 11:00:00,139.996961749066
2012-09-20 12:00:00,160.649200766121
2012-09-20 13:00:00,175.063137607765
2012-09-20 14:00:00,188.222943763736
2012-09-20 15:00:00,208.189261518481
2012-09-20 16:00:00,228.401816285697
2012-09-20 17:00:00,245.571185400547
2012-09-20 18:00:00,250.432077954469
2012-09-20 19:00:00,208.77184510297
2012-09-20 20:00:00,203.31603694392
2012-09-20 21:00:00,228.59059763622
2012-09-20 22:00:00,206.702246715115
2012-09-20 23:00:00,246.308320794845
2012-09-21 00:00:00,23.549238465168
2012-09-21 01:00:00,23.5035772489324
2012-09-21 02:00:00,25.9967902565583
2012-09-21 03:00:00,26.1977864926952
2012-09-21 04:00:00,28.2743720555551
2012-09-21 05:00:00,29.0289019672167
2012-09-21 06:00:00,35.4504610878687
2012-09-21 07:00:00,39.948495099998
2012-09-21 08:00:00,50.8029634121877
2012-09-21 09:00:00,65.9781154761109
2012-09-21 10:00:00,98.6016957652939
2012-09-21 11:00:00,120.830188984187
2012-09-21 12:00:00,137.28099535605
2012-09-21 13:00:00,165.741729153628
2012-09-21 14:00:00,190.191815518474
2012-09-21 15:00:00,206.112511855115
2012-09-21 16:00:00,226.117247430061
2012-09-21 17:00:00,234.82328744898
2012-09-21 18:00:00,232.456574682869
2012-09-21 19:00:00,232.071756810289
2012-09-21 20:00:00,237.918706913484
2012-09-21 21:00:00,241.371869565892
2012-09-21 22:00:00,262.646400684673
2012-09-21 23:00:00,301.400040728227
2012-09-22 00:00:00,31.9773815123414
2012-09-22 01:00:00,26.8968177163155
2012-09-22 02:00:00,26.1252032589109
2012-09-22 03:00:00,31.3870134514384
2012-09-22 04:00:00,34.7164857857491
2012-09-22 05:00:00,38.8731931895256
2012-09-22 06:00:00,42.6461225653847
2012-09-22 07:00:00,52.4125036651412
2012-09-22 08:00:00,71.9285444530544
2012-09-22 09:00:00,87.0937524149242
2012-09-22 10:00:00,108.933936772108
2012-09-22 11:00:00,143.97417948801
2012-09-22 12:00:00,177.203096489503
2012-09-22 13:00:00,208.337240587705
2012-09-22 14:00:00,246.442225676595
2012-09-22 15:00:00,268.722318094435
2012-09-22 16:00:00,279.627360142612
2012-09-22 17:00:00,309.289677678864
2012-09-22 18:00:00,323.157038026395
2012-09-22 19:00:00,314.712016122942
2012-09-22 20:00:00,375.559325891282
2012-09-22 21:00:00,364.483997842371
2012-09-22 22:00:00,396.609639361166
2012-09-22 23:00:00,486.896217572273
2012-09-23 00:00:00,98.1491911040193
2012-09-23 01:00:00,67.1072855378084
2012-09-23 02:00:00,73.3253437933284
2012-09-23 03:00:00,67.8741214501737
2012-09-23 04:00:00,70.4476625396613
2012-09-23 05:00:00,74.0147688910683
2012-09-23 06:00:00,75.0012441813446
2012-09-23 07:00:00,89.8142772004777
2012-09-23 08:00:00,114.217855443275
2012-09-23 09:00:00,138.829109348968
2012-09-23 10:00:00,179.349121305655
2012-09-23 11:00:00,204.005652540622
2012-09-23 12:00:00,226.511562153854
2012-09-23 13:00:00,355.186252892818
2012-09-23 14:00:00,396.083222381869
2012-09-23 15:00:00,475.857328480246
2012-09-23 16:00:00,541.616873603949
2012-09-23 17:00:00,445.503733360352
2012-09-23 18:00:00,445.288410892152
2012-09-23 19:00:00,434.294503027998
2012-09-23 20:00:00,480.363605302165
2012-09-23 21:00:00,560.091088381322
2012-09-23 22:00:00,513.798994534114
2012-09-23 23:00:00,557.075621193889
2012-09-24 00:00:00,37.958519471797
2012-09-24 01:00:00,38.9148683717805
2012-09-24 02:00:00,53.5305052834821
2012-09-24 03:00:00,50.9473993457841
2012-09-24 04:00:00,50.0381807829259
2012-09-24 05:00:00,59.5885643111191
2012-09-24 06:00:00,69.956356719118
2012-09-24 07:00:00,71.2574284588262
2012-09-24 08:00:00,104.406933949076
2012-09-24 09:00:00,126.088112852506
2012-09-24 10:00:00,153.523681544755
2012-09-24 11:00:00,210.21660341357
2012-09-24 12:00:00,246.502704075664
2012-09-24 13:00:00,374.642353005945
2012-09-24 14:00:00,382.542666316896
2012-09-24 15:00:00,422.360775897446
2012-09-24 16:00:00,409.953248942864
2012-09-24 17:00:00,423.003511401056
2012-09-24 18:00:00,404.572178309481
2012-09-24 19:00:00,412.606374585472
2012-09-24 20:00:00,372.968403878912
2012-09-24 21:00:00,404.316811161146
2012-09-24 22:00:00,458.315933390837
2012-09-24 23:00:00,379.560365609688
2012-09-25 00:00:00,35.4720454090956
2012-09-25 01:00:00,34.6051418495728
2012-09-25 02:00:00,34.0273484731294
2012-09-25 03:00:00,40.6550797588416
2012-09-25 04:00:00,45.5215858054921
2012-09-25 05:00:00,45.4850416110532
2012-09-25 06:00:00,54.4977685766082
2012-09-25 07:00:00,59.7871779384524
2012-09-25 08:00:00,83.6502104810404
2012-09-25 09:00:00,126.080167077317
2012-09-25 10:00:00,156.410729989168
2012-09-25 11:00:00,244.906875044341
2012-09-25 12:00:00,282.113160623407
2012-09-25 13:00:00,291.591044921824
2012-09-25 14:00:00,370.853231864013
2012-09-25 15:00:00,428.940155789488
2012-09-25 16:00:00,450.004819918201
2012-09-25 17:00:00,495.713402883096
2012-09-25 18:00:00,523.571757019259
2012-09-25 19:00:00,510.598915506976
2012-09-25 20:00:00,522.849383533699
2012-09-25 21:00:00,578.312212457523
2012-09-25 22:00:00,637.053431601645
2012-09-25 23:00:00,713.329720972696
2012-09-26 00:00:00,49.8337512770725
2012-09-26 01:00:00,55.573247068811
2012-09-26 02:00:00,71.1449952528067
2012-09-26 03:00:00,78.691915694453
2012-09-26 04:00:00,61.7107962349151
2012-09-26 05:00:00,67.7021371884733
2012-09-26 06:00:00,71.1549149002096
2012-09-26 07:00:00,72.9476329919621
2012-09-26 08:00:00,93.5045834244733
2012-09-26 09:00:00,142.534415078873
2012-09-26 10:00:00,135.3275151704
2012-09-26 11:00:00,193.476361370466
2012-09-26 12:00:00,221.625283945879
2012-09-26 13:00:00,267.572053146065
2012-09-26 14:00:00,364.564091555023
2012-09-26 15:00:00,404.885217133999
2012-09-26 16:00:00,466.395434079532
2012-09-26 17:00:00,495.340053791615
2012-09-26 18:00:00,536.804291136916
2012-09-26 19:00:00,511.602744018503
2012-09-26 20:00:00,418.641058552805
2012-09-26 21:00:00,491.48026249601
2012-09-26 22:00:00,392.194943470888
2012-09-26 23:00:00,518.670065927548
2012-09-27 00:00:00,41.6368996133057
2012-09-27 01:00:00,46.0536596074815
2012-09-27 02:00:00,50.9389407698359
2012-09-27 03:00:00,54.9766509412472
2012-09-27 04:00:00,43.6814559419219
2012-09-27 05:00:00,57.2828621206687
2012-09-27 06:00:00,57.7257490912438
2012-09-27 07:00:00,82.2851249852001
2012-09-27 08:00:00,112.831103645828
2012-09-27 09:00:00,138.995827323397
2012-09-27 10:00:00,261.392614566124
2012-09-27 11:00:00,292.164411457709
2012-09-27 12:00:00,335.17029474838
2012-09-27 13:00:00,357.33626129064
2012-09-27 14:00:00,442.136051515276
2012-09-27 15:00:00,477.182269700638
2012-09-27 16:00:00,455.82630307006
2012-09-27 17:00:00,373.023081927861
2012-09-27 18:00:00,404.248333118308
2012-09-27 19:00:00,395.215156119336
2012-09-27 20:00:00,473.797707868078
2012-09-27 21:00:00,271.765403238427
2012-09-27 22:00:00,300.593739929495
2012-09-27 23:00:00,320.473039755549
2012-09-28 00:00:00,26.8530640078457
2012-09-28 01:00:00,28.3954650469092
2012-09-28 02:00:00,34.0831376857042
2012-09-28 03:00:00,59.4122093018164
2012-09-28 04:00:00,37.8691686282776
2012-09-28 05:00:00,50.9244586409719
2012-09-28 06:00:00,61.8547911724724
2012-09-28 07:00:00,66.7577537330036
2012-09-28 08:00:00,82.9213189248696
2012-09-28 09:00:00,112.666787818188
2012-09-28 10:00:00,141.286654812647
2012-09-28 11:00:00,187.722490051503
2012-09-28 12:00:00,303.318944695683
2012-09-28 13:00:00,350.827940039032
2012-09-28 14:00:00,371.083003338823
2012-09-28 15:00:00,396.448196353887
2012-09-28 16:00:00,438.530272381238
2012-09-28 17:00:00,466.423125648566
2012-09-28 18:00:00,536.501703490655
2012-09-28 19:00:00,408.12701298247
2012-09-28 20:00:00,421.237213618917
2012-09-28 21:00:00,469.739444019778
2012-09-28 22:00:00,619.333435954955
2012-09-28 23:00:00,622.292865401966
2012-09-29 00:00:00,51.9102017352835
2012-09-29 01:00:00,57.4167333080793
2012-09-29 02:00:00,78.9812962064968
2012-09-29 03:00:00,79.3587012684343
2012-09-29 04:00:00,76.1482213770273
2012-09-29 05:00:00,74.7680233543563
2012-09-29 06:00:00,84.0625628924952
2012-09-29 07:00:00,84.6134711376322
2012-09-29 08:00:00,96.2459490601113
2012-09-29 09:00:00,111.907437817273
2012-09-29 10:00:00,152.241615091834
2012-09-29 11:00:00,188.096572762971
2012-09-29 12:00:00,318.592616626732
2012-09-29 13:00:00,352.388291535896
2012-09-29 14:00:00,390.794246699102
2012-09-29 15:00:00,413.356766101644
2012-09-29 16:00:00,471.03162147303
2012-09-29 17:00:00,560.627453489319
2012-09-29 18:00:00,406.482244389335
2012-09-29 19:00:00,357.832030297729
2012-09-29 20:00:00,399.033640737611
2012-09-29 21:00:00,434.204489861747
2012-09-29 22:00:00,404.975151216765
2012-09-29 23:00:00,473.500422159611
2012-09-30 00:00:00,45.4559168542282
2012-09-30 01:00:00,50.2777906470642
2012-09-30 02:00:00,50.1945587898399
2012-09-30 03:00:00,51.3418051135016
2012-09-30 04:00:00,56.788042296388
2012-09-30 05:00:00,54.5017359335976
2012-09-30 06:00:00,61.7807948773913
2012-09-30 07:00:00,61.8918891079444
2012-09-30 08:00:00,89.1091668172274
2012-09-30 09:00:00,114.015427244057
2012-09-30 10:00:00,187.914851107411
2012-09-30 11:00:00,273.928653641498
2012-09-30 12:00:00,318.592616626732
2012-09-30 13:00:00,348.09098307839
2012-09-30 14:00:00,385.015786382012
2012-09-30 15:00:00,458.788394080508
2012-09-30 16:00:00,503.330967863028
2012-09-30 17:00:00,574.394143791059
2012-09-30 18:00:00,329.4181345178
2012-09-30 19:00:00,210.913535827026
2012-09-30 20:00:00,233.286826728188
2012-09-30 21:00:00,330.266732197482
2012-09-30 22:00:00,329.719995494329
2012-09-30 23:00:00,373.756231057077
2012-10-20 00:00:00,30.7175290145042
2012-10-20 01:00:00,39.4337688569345
2012-10-20 02:00:00,38.4710981156973
2012-10-20 03:00:00,41.087972905882
2012-10-20 04:00:00,49.2747661566823
2012-10-20 05:00:00,43.0860930307363
2012-10-20 06:00:00,58.6024209528054
2012-10-20 07:00:00,52.7118964495365
2012-10-20 08:00:00,86.0432393717398
2012-10-20 09:00:00,116.852090627611
2012-10-20 10:00:00,149.782056006806
2012-10-20 11:00:00,177.277292198966
2012-10-20 12:00:00,216.611495826873
2012-10-20 13:00:00,254.669597846554
2012-10-20 14:00:00,281.605488521926
2012-10-20 15:00:00,297.863991179797
2012-10-20 16:00:00,346.241512250784
2012-10-20 17:00:00,405.893464174339
2012-10-20 18:00:00,417.357677481324
2012-10-20 19:00:00,394.519854306121
2012-10-20 20:00:00,489.02354339291
2012-10-20 21:00:00,440.536158370039
2012-10-20 22:00:00,425.657302195569
2012-10-20 23:00:00,394.801372029717
2012-10-21 00:00:00,45.0262093484018
2012-10-21 01:00:00,45.6797217456339
2012-10-21 02:00:00,44.8645113229106
2012-10-21 03:00:00,43.8719370323182
2012-10-21 04:00:00,40.4104696748802
2012-10-21 05:00:00,53.6733047537734
2012-10-21 06:00:00,64.1970941183681
2012-10-21 07:00:00,71.0069949437826
2012-10-21 08:00:00,76.09665778692
2012-10-21 09:00:00,114.734609046424
2012-10-21 10:00:00,159.264413033701
2012-10-21 11:00:00,196.829233662859
2012-10-21 12:00:00,244.891467226049
2012-10-21 13:00:00,285.391049733339
2012-10-21 14:00:00,319.93694785497
2012-10-21 15:00:00,367.143843824166
2012-10-21 16:00:00,366.966394539868
2012-10-21 17:00:00,380.423361236407
2012-10-21 18:00:00,413.95389920461
2012-10-21 19:00:00,415.943332555623
2012-10-21 20:00:00,431.318818561575
2012-10-21 21:00:00,358.27478967578
2012-10-21 22:00:00,378.853573821409
2012-10-21 23:00:00,437.529476633995
2012-10-22 00:00:00,32.1144099395745
2012-10-22 01:00:00,31.0641223936851
2012-10-22 02:00:00,32.907484590987
2012-10-22 03:00:00,43.4567493036174
2012-10-22 04:00:00,43.3724880639268
2012-10-22 05:00:00,42.3605164821573
2012-10-22 06:00:00,42.9902564238142
2012-10-22 07:00:00,60.1490841763426
2012-10-22 08:00:00,72.7804781318896
2012-10-22 09:00:00,91.4036141329612
2012-10-22 10:00:00,121.122746342658
2012-10-22 11:00:00,208.507883484069
2012-10-22 12:00:00,237.173975417133
2012-10-22 13:00:00,372.033395741772
2012-10-22 14:00:00,409.472428821176
2012-10-22 15:00:00,455.148853207
2012-10-22 16:00:00,474.308292545191
2012-10-22 17:00:00,516.113854012634
2012-10-22 18:00:00,266.204373055801
2012-10-22 19:00:00,337.199000548445
2012-10-22 20:00:00,321.835912955218
2012-10-22 21:00:00,301.483948462717
2012-10-22 22:00:00,258.566481407414
2012-10-22 23:00:00,283.670029632209
2012-10-23 00:00:00,25.9432341306148
2012-10-23 01:00:00,33.8045959173853
2012-10-23 02:00:00,30.1586851540257
2012-10-23 03:00:00,39.2974198937056
2012-10-23 04:00:00,41.2909714365358
2012-10-23 05:00:00,47.4918143784371
2012-10-23 06:00:00,44.7382948697689
2012-10-23 07:00:00,68.3571694318296
2012-10-23 08:00:00,84.678371806642
2012-10-23 09:00:00,102.496138500079
2012-10-23 10:00:00,122.568230741624
2012-10-23 11:00:00,203.333429013639
2012-10-23 12:00:00,299.751129768478
2012-10-23 13:00:00,333.294730922115
2012-10-23 14:00:00,359.32080141984
2012-10-23 15:00:00,403.988578443236
2012-10-23 16:00:00,411.881021353034
2012-10-23 17:00:00,464.845921528357
2012-10-23 18:00:00,422.052542425587
2012-10-23 19:00:00,439.818796316278
2012-10-23 20:00:00,357.855932436285
2012-10-23 21:00:00,344.263615423587
2012-10-23 22:00:00,391.837998327802
2012-10-23 23:00:00,385.405031840386
2012-10-24 00:00:00,37.7635277323373
2012-10-24 01:00:00,43.9085454789168
2012-10-24 02:00:00,48.5662771754373
2012-10-24 03:00:00,44.1622323611862
2012-10-24 04:00:00,48.8468746606348
2012-10-24 05:00:00,48.9347111147646
2012-10-24 06:00:00,53.3587495809159
2012-10-24 07:00:00,56.1084408905335
2012-10-24 08:00:00,82.1307966236664
2012-10-24 09:00:00,98.9321116088767
2012-10-24 10:00:00,118.329849623009
2012-10-24 11:00:00,139.207346854027
2012-10-24 12:00:00,196.005444617159
2012-10-24 13:00:00,245.081588526328
2012-10-24 14:00:00,452.814721776348
2012-10-24 15:00:00,402.815717642444
2012-10-24 16:00:00,512.72118559009
2012-10-24 17:00:00,407.137505975794
2012-10-24 18:00:00,470.907653583663
2012-10-24 19:00:00,546.982962842407
2012-10-24 20:00:00,514.488600793868
2012-10-24 21:00:00,571.391515705416
2012-10-24 22:00:00,609.333719256948
2012-10-24 23:00:00,528.070279793775
2012-10-25 00:00:00,65.7694007518311
2012-10-25 01:00:00,47.8548572608074
2012-10-25 02:00:00,42.4725359566683
2012-10-25 03:00:00,46.4273216846236
2012-10-25 04:00:00,50.9348297827889
2012-10-25 05:00:00,57.2666246871532
2012-10-25 06:00:00,63.8604367603873
2012-10-25 07:00:00,70.6346256388441
2012-10-25 08:00:00,83.4847208339378
2012-10-25 09:00:00,93.0973453455565
2012-10-25 10:00:00,105.772376435797
2012-10-25 11:00:00,116.04154179031
2012-10-25 12:00:00,144.335840556422
2012-10-25 13:00:00,155.142322431642
2012-10-25 14:00:00,194.433369934676
2012-10-25 15:00:00,252.966917599981
2012-10-25 16:00:00,254.552436091287
2012-10-25 17:00:00,281.554855257693
2012-10-25 18:00:00,209.372253325515
2012-10-25 19:00:00,227.364983694278
2012-10-25 20:00:00,257.710199037309
2012-10-25 21:00:00,285.047587454082
2012-10-25 22:00:00,350.335880632963
2012-10-25 23:00:00,392.271886946864
2012-10-26 00:00:00,40.6778678810664
2012-10-26 01:00:00,37.4873984167732
2012-10-26 02:00:00,41.6335393401551
2012-10-26 03:00:00,46.8090750859076
2012-10-26 04:00:00,51.7744892287451
2012-10-26 05:00:00,56.3378958271898
2012-10-26 06:00:00,62.0603353911767
2012-10-26 07:00:00,68.9242658625169
2012-10-26 08:00:00,80.2513990569983
2012-10-26 09:00:00,88.7643088106901
2012-10-26 10:00:00,97.3822050466632
2012-10-26 11:00:00,132.644542585202
2012-10-26 12:00:00,166.386456543043
2012-10-26 13:00:00,195.052218894634
2012-10-26 14:00:00,272.000126196564
2012-10-26 15:00:00,312.04642243407
2012-10-26 16:00:00,247.011112219574
2012-10-26 17:00:00,252.282862542416
2012-10-26 18:00:00,266.460783264986
2012-10-26 19:00:00,264.241216849232
2012-10-26 20:00:00,292.271402723568
2012-10-26 21:00:00,350.61735212529
2012-10-26 22:00:00,339.665357915545
2012-10-26 23:00:00,323.274860605356
2012-10-27 00:00:00,30.6157923664178
2012-10-27 01:00:00,39.6782749420441
2012-10-27 02:00:00,44.6107484609189
2012-10-27 03:00:00,41.7694948371059
2012-10-27 04:00:00,54.1335491337765
2012-10-27 05:00:00,66.0107317645329
2012-10-27 06:00:00,73.0130196858626
2012-10-27 07:00:00,65.0531191494879
2012-10-27 08:00:00,83.4832617109773
2012-10-27 09:00:00,92.33900106556
2012-10-27 10:00:00,119.153332581767
2012-10-27 11:00:00,157.306035993907
2012-10-27 12:00:00,263.191291369736
2012-10-27 13:00:00,337.873028267727
2012-10-27 14:00:00,357.380139286573
2012-10-27 15:00:00,292.81171891725
2012-10-27 16:00:00,305.13759500499
2012-10-27 17:00:00,337.505987821309
2012-10-27 18:00:00,373.307955754762
2012-10-27 19:00:00,330.840046820905
2012-10-27 20:00:00,365.934904911705
2012-10-27 21:00:00,404.752556165692
2012-10-27 22:00:00,451.356704849112
2012-10-27 23:00:00,549.756344061272
2012-10-28 00:00:00,36.00263093405
2012-10-28 01:00:00,52.4596191433464
2012-10-28 02:00:00,61.8388867140758
2012-10-28 03:00:00,74.2936983066205
2012-10-28 04:00:00,82.8480471535379
2012-10-28 05:00:00,90.1502790187015
2012-10-28 06:00:00,106.705736104297
2012-10-28 07:00:00,117.062312790903
2012-10-28 08:00:00,138.796650872763
2012-10-28 09:00:00,157.061251301138
2012-10-28 10:00:00,176.64709746992
2012-10-28 11:00:00,202.290060048015
2012-10-28 12:00:00,195.791695357243
2012-10-28 13:00:00,212.181149964011
2012-10-28 14:00:00,246.987969796021
2012-10-28 15:00:00,260.555273427854
2012-10-28 16:00:00,176.006912959851
2012-10-28 17:00:00,163.293930124134
2012-10-28 18:00:00,127.596506287006
2012-10-28 19:00:00,136.034902927706
2012-10-28 20:00:00,154.833800836965
2012-10-28 21:00:00,193.148239744002
2012-10-28 22:00:00,210.172337226289
2012-10-28 23:00:00,203.607327803914
2012-10-29 00:00:00,20.9501876882978
2012-10-30 13:00:00,53.7100029047438
2012-10-30 14:00:00,59.4074538273609
2012-10-30 15:00:00,60.971862216902
2012-10-30 16:00:00,67.4396368185431
2012-10-30 17:00:00,73.9871760274996
2012-10-30 18:00:00,83.3511565627414
2012-10-30 19:00:00,305.554816391574
2012-10-30 20:00:00,159.177295744428
2012-10-30 21:00:00,171.230298365397
2012-10-30 22:00:00,170.669917470967
2012-10-30 23:00:00,188.774244899183
2012-10-31 00:00:00,22.5370637017571
2012-10-31 01:00:00,24.8262330626189
2012-10-31 02:00:00,26.6233822852634
2012-10-31 03:00:00,30.4968246083207
2012-10-31 04:00:00,29.0062217090269
2012-10-31 05:00:00,36.0263710827001
2012-10-31 06:00:00,34.2879243304302
2012-10-31 07:00:00,40.3064265895453
2012-10-31 08:00:00,45.3454031016014
2012-10-31 09:00:00,54.0340043285273
2012-10-31 10:00:00,67.0748015956314
2012-10-31 11:00:00,96.197547402378
2012-10-31 12:00:00,120.526560716371
2012-10-31 13:00:00,158.055190384066
2012-10-31 14:00:00,204.840600727194
2012-10-31 15:00:00,179.225923301889
2012-10-31 16:00:00,236.107111935229
2012-10-31 17:00:00,231.893492167567
2012-10-31 18:00:00,256.492295359632
2012-10-31 19:00:00,322.226770763272
2012-10-31 20:00:00,356.40794955846
2012-10-31 21:00:00,394.215000223516
2012-10-31 22:00:00,277.686718688429
2012-10-31 23:00:00,316.702053038862
2012-11-20 00:00:00,23.8458622788655
2012-11-20 01:00:00,28.9923169361097
2012-11-20 02:00:00,30.8795898577242
2012-11-20 03:00:00,38.5769459400792
2012-11-20 04:00:00,45.1187503133556
2012-11-20 05:00:00,49.0955196829939
2012-11-20 06:00:00,50.8201486363214
2012-11-20 07:00:00,43.6293582058604
2012-11-20 08:00:00,52.6295325865796
2012-11-20 09:00:00,74.8151818411356
2012-11-20 10:00:00,99.5767596442044
2012-11-20 11:00:00,113.266358269334
2012-11-20 12:00:00,122.244494052119
2012-11-20 13:00:00,161.432828968808
2012-11-20 14:00:00,183.741510091625
2012-11-20 15:00:00,221.834315237157
2012-11-20 16:00:00,202.012329503152
2012-11-20 17:00:00,191.066012893563
2012-11-20 18:00:00,223.071504245224
2012-11-20 19:00:00,223.47263144295
2012-11-20 20:00:00,219.741364950086
2012-11-20 21:00:00,214.090491829205
2012-11-20 22:00:00,236.800787942187
2012-11-20 23:00:00,204.068128358769
2012-11-21 00:00:00,21.2642436415252
2012-11-21 01:00:00,22.2069231287389
2012-11-21 02:00:00,19.7447946593738
2012-11-21 03:00:00,21.8392834410715
2012-11-21 04:00:00,24.1559514518945
2012-11-21 05:00:00,26.7183670252166
2012-11-21 06:00:00,30.7220517415754
2012-11-21 07:00:00,32.5543606557765
2012-11-21 08:00:00,48.1571753698607
2012-11-21 09:00:00,53.3765317330223
2012-11-21 10:00:00,80.7570795989029
2012-11-21 11:00:00,122.759185283312
2012-11-21 12:00:00,169.21675266913
2012-11-21 13:00:00,206.349440957975
2012-11-21 14:00:00,243.443783429144
2012-11-21 15:00:00,250.240622758726
2012-11-21 16:00:00,280.700019279369
2012-11-21 17:00:00,258.773791095557
2012-11-21 18:00:00,302.810650291284
2012-11-21 19:00:00,292.332641316012
2012-11-21 20:00:00,212.109709360342
2012-11-21 21:00:00,292.724785567867
2012-11-21 22:00:00,314.749260978915
2012-11-21 23:00:00,278.925472930801
2012-11-22 00:00:00,25.6896957824829
2012-11-22 01:00:00,26.462896299327
2012-11-22 02:00:00,22.1678262511697
2012-11-22 03:00:00,24.6196083295246
2012-11-22 04:00:00,23.3822521860726
2012-11-22 05:00:00,30.1198403848841
2012-11-22 06:00:00,37.4639324185586
2012-11-22 07:00:00,34.0872333036405
2012-11-22 08:00:00,39.3553995022446
2012-11-22 09:00:00,63.0438986624186
2012-11-22 10:00:00,88.1033571349084
2012-11-22 11:00:00,146.309961324009
2012-11-22 12:00:00,180.289393832984
2012-11-22 13:00:00,220.93333547263
2012-11-22 14:00:00,262.867216885587
2012-11-22 15:00:00,290.751651560199
2012-11-22 16:00:00,290.187893455988
2012-11-22 17:00:00,298.468838097355
2012-11-22 18:00:00,268.875225140099
2012-11-22 19:00:00,166.90216263352
2012-11-22 20:00:00,190.478378355934
2012-11-22 21:00:00,240.081269313214
2012-11-22 22:00:00,259.111476231952
2012-11-22 23:00:00,240.046636529871
2012-11-23 00:00:00,23.7224833237151
2012-11-23 01:00:00,20.2926678773295
2012-11-23 02:00:00,23.5134226008208
2012-11-23 03:00:00,28.5377120458074
2012-11-23 04:00:00,26.5022452750664
2012-11-23 05:00:00,28.3921315390721
2012-11-23 06:00:00,31.4039127210475
2012-11-23 07:00:00,34.7351776964683
2012-11-23 08:00:00,33.0383203163883
2012-11-23 09:00:00,47.8176754158608
2012-11-23 10:00:00,75.344874663591
2012-11-23 11:00:00,122.759185283312
2012-11-23 12:00:00,179.867705398925
2012-11-23 13:00:00,209.37373275564
2012-11-23 14:00:00,257.909745804052
2012-11-23 15:00:00,253.67553483264
2012-11-23 16:00:00,315.601748389594
2012-11-23 17:00:00,358.172423558071
2012-11-23 18:00:00,343.65465201592
2012-11-23 19:00:00,380.21543332528
2012-11-23 20:00:00,384.537329164146
2012-11-23 21:00:00,406.841504234749
2012-11-23 22:00:00,571.63555732648
2012-11-23 23:00:00,550.723335272385
2012-11-24 00:00:00,57.049015419918
2012-11-24 01:00:00,42.3692842877295
2012-11-24 02:00:00,48.495062969247
2012-11-24 03:00:00,46.53086320332
2012-11-24 04:00:00,46.3507884474298
2012-11-24 05:00:00,51.8073199957163
2012-11-24 06:00:00,51.8428841277367
2012-11-24 07:00:00,74.2649971228322
2012-11-24 08:00:00,78.0521891012603
2012-11-24 09:00:00,89.90988822566
2012-11-24 10:00:00,95.3182708683357
2012-11-24 11:00:00,120.156637610696
2012-11-24 12:00:00,156.012264437373
2012-11-24 13:00:00,155.026561197296
2012-11-24 14:00:00,178.216593067351
2012-11-24 15:00:00,180.540591590199
2012-11-24 16:00:00,177.121847502526
2012-11-24 17:00:00,176.571761671046
2012-11-24 18:00:00,204.228283460059
2012-11-24 19:00:00,217.336913811949
2012-11-24 20:00:00,212.661973649996
2012-11-24 21:00:00,239.645001831019
2012-11-24 22:00:00,269.435677640104
2012-11-24 23:00:00,293.183754492529
2012-11-25 00:00:00,26.8540177456419
2012-11-25 01:00:00,31.9045857428762
2012-11-25 02:00:00,33.8682318028867
2012-11-25 03:00:00,42.1068991858665
2012-11-25 04:00:00,46.5735158055031
2012-11-25 05:00:00,53.0718552666797
2012-11-25 06:00:00,60.2803656604574
2012-11-25 07:00:00,62.817860814005
2012-11-25 08:00:00,68.2162114264506
2012-11-25 09:00:00,79.5497212729533
2012-11-25 10:00:00,75.708988706985
2012-11-25 11:00:00,117.726582066333
2012-11-25 12:00:00,130.214785144631
2012-11-25 13:00:00,141.691924148721
2012-11-25 14:00:00,172.458144741102
2012-11-25 15:00:00,162.797584863187
2012-11-25 16:00:00,186.76610429494
2012-11-25 17:00:00,188.926746113078
2012-11-25 18:00:00,191.444778250517
2012-11-25 19:00:00,240.830407808374
2012-11-25 20:00:00,192.285886087985
2012-11-25 21:00:00,265.457790577586
2012-11-25 22:00:00,235.244205338988
2012-11-25 23:00:00,213.972763230949
2012-11-26 00:00:00,19.6405891921874
2012-11-26 01:00:00,20.8119831784916
2012-11-26 02:00:00,23.0196772084488
2012-11-26 03:00:00,25.4615590564582
2012-11-26 04:00:00,29.3966312751435
2012-11-26 05:00:00,29.8957993180284
2012-11-26 06:00:00,35.9640913051728
2012-11-26 07:00:00,44.0842562951996
2012-11-26 08:00:00,48.7606270477283
2012-11-26 09:00:00,65.9729446313492
2012-11-26 10:00:00,89.9308608723404
2012-11-26 11:00:00,153.316458185821
2012-11-26 12:00:00,172.928048317968
2012-11-26 13:00:00,191.271913802074
2012-11-26 14:00:00,205.592518177069
2012-11-26 15:00:00,233.050727215349
2012-11-26 16:00:00,282.928776095913
2012-11-26 17:00:00,290.919926794645
2012-11-26 18:00:00,207.613627640984
2012-11-26 19:00:00,219.143670163554
2012-11-26 20:00:00,257.272396808487
2012-11-26 21:00:00,284.563344030368
2012-11-26 22:00:00,252.175223749795
2012-11-26 23:00:00,298.979262067082
2012-11-27 00:00:00,29.2951848618829
2012-11-27 01:00:00,30.9043995467117
2012-11-27 02:00:00,33.0168543141462
2012-11-27 03:00:00,25.7920447610627
2012-11-27 04:00:00,21.6372890663115
2012-11-27 05:00:00,35.3713065612605
2012-11-27 06:00:00,40.1756313715979
2012-11-27 07:00:00,30.0667150688104
2012-11-27 08:00:00,35.0088898905544
2012-11-27 09:00:00,58.7679505429596
2012-11-27 10:00:00,43.1811695723279
2012-11-27 11:00:00,39.4970752767295
2012-11-27 12:00:00,42.8924926163666
2012-11-27 13:00:00,47.7317951008147
2012-11-27 14:00:00,52.047081587113
2012-11-27 15:00:00,103.621422209207
2012-11-27 16:00:00,114.613377815983
2012-11-27 17:00:00,129.920734885973
2012-11-27 18:00:00,97.7833149733991
2012-11-27 19:00:00,130.642212475628
2012-11-27 20:00:00,129.750636107168
2012-11-27 21:00:00,124.164844617775
2012-11-27 22:00:00,144.863661834042
2012-11-27 23:00:00,192.403175867823
2012-11-28 00:00:00,20.699384347545
2012-11-28 01:00:00,23.710942778924
2012-11-28 02:00:00,26.2261527120065
2012-11-28 03:00:00,31.2513276370264
2012-11-28 04:00:00,34.2844988895517
2012-11-28 05:00:00,38.9412075225729
2012-11-28 06:00:00,45.5589687312645
2012-11-28 07:00:00,57.1517904312267
2012-11-28 08:00:00,45.776843548764
2012-11-28 09:00:00,66.112740372453
2012-11-28 10:00:00,84.9105075786746
2012-11-28 11:00:00,101.327344853831
2012-11-28 12:00:00,119.344586208218
2012-11-28 13:00:00,136.420113601459
2012-11-28 14:00:00,159.967987052435
2012-11-28 15:00:00,200.970479741178
2012-11-28 16:00:00,227.741292205723
2012-11-28 17:00:00,236.639024627742
2012-11-28 18:00:00,242.836667048644
2012-11-28 19:00:00,259.560971110361
2012-11-28 20:00:00,297.231979230533
2012-11-28 21:00:00,290.838487702795
2012-11-28 22:00:00,269.924881299143
2012-11-28 23:00:00,283.180522879457
2012-11-29 00:00:00,23.4040068183362
2012-11-29 01:00:00,22.9783575240134
2012-11-29 02:00:00,25.8865492423554
2012-11-29 04:00:00,24.2177296806354
2012-11-29 05:00:00,31.1498901390375
2012-11-29 06:00:00,35.9640913051728
2012-11-29 07:00:00,41.0559559638317
2012-11-29 08:00:00,39.7984808940273
2012-11-29 09:00:00,58.103616965434
2012-11-29 10:00:00,63.8153287124414
2012-11-29 11:00:00,126.462451911005
2012-11-29 12:00:00,131.594434864206
2012-11-29 13:00:00,185.02381761621
2012-11-29 14:00:00,156.49524273753
2012-11-29 15:00:00,168.514665246198
2012-11-29 16:00:00,200.208052188091
2012-11-29 17:00:00,213.515955241765
2012-11-29 18:00:00,193.351928108805
2012-11-29 19:00:00,189.187726018974
2012-11-29 20:00:00,216.651147994335
2012-11-29 21:00:00,179.683514906573
2012-11-29 22:00:00,190.273907900522
2012-11-29 23:00:00,255.924111248803
2012-11-30 00:00:00,19.3904863842262
2012-11-30 01:00:00,21.0136374367649
2012-11-30 02:00:00,22.9434358936572
2012-11-30 03:00:00,25.3772302137237
2012-11-30 04:00:00,26.8831290849475
2012-11-30 05:00:00,26.4417776355772
2012-11-30 06:00:00,26.7459891646716
2012-11-30 07:00:00,33.7667283678116
2012-11-30 08:00:00,42.9661902364056
2012-11-30 09:00:00,43.6957520073657
2012-11-30 10:00:00,79.5181206072072
2012-11-30 11:00:00,112.536893893103
2012-11-30 12:00:00,153.360829800445
2012-11-30 13:00:00,202.581018640039
2012-11-30 14:00:00,220.436521822257
2012-11-30 15:00:00,262.201620421522
2012-11-30 16:00:00,221.906090461695
2012-11-30 17:00:00,189.240736009226
2012-11-30 18:00:00,206.066638203079
2012-11-30 19:00:00,172.98044180568
2012-11-30 20:00:00,191.32986508738
2012-11-30 21:00:00,174.029281028867
2012-11-30 22:00:00,196.054811500672
2012-11-30 23:00:00,249.468300154612
2012-12-20 00:00:00,27.2671440693868
2012-12-20 01:00:00,28.1743083272168
2012-12-20 02:00:00,31.1629832535185
2012-12-20 03:00:00,35.7806499595775
2012-12-20 04:00:00,39.5761905683834
2012-12-20 05:00:00,43.9533538348989
2012-12-20 06:00:00,53.1279494430216
2012-12-20 07:00:00,54.545721937535
2012-12-20 08:00:00,60.331824282921
2012-12-20 09:00:00,66.7317049258904
2012-12-20 10:00:00,78.3423297446255
2012-12-20 11:00:00,100.928460012426
2012-12-20 12:00:00,127.043929691141
2012-12-20 13:00:00,133.476779159409
2012-12-20 14:00:00,156.7003549178
2012-12-20 15:00:00,156.396517967799
2012-12-20 16:00:00,174.783510079115
2012-12-20 17:00:00,167.329296348441
2012-12-20 18:00:00,171.794646063162
2012-12-20 19:00:00,126.230261132701
2012-12-20 20:00:00,132.002583496588
2012-12-20 21:00:00,146.005156582729
2012-12-20 22:00:00,138.207821613511
2012-12-20 23:00:00,210.184304853346
2012-12-21 00:00:00,11.496841988255
2012-12-21 01:00:00,13.6072976353363
2012-12-21 02:00:00,14.3670204175993
2012-12-21 03:00:00,15.8910455396736
2012-12-21 04:00:00,25.3588014818796
2012-12-21 05:00:00,24.4310969666199
2012-12-21 06:00:00,35.9381249033749
2012-12-21 07:00:00,38.9543478628431
2012-12-21 08:00:00,42.2910949308493
2012-12-21 09:00:00,55.2384653349303
2012-12-21 10:00:00,55.5545191109697
2012-12-21 11:00:00,71.121019679271
2012-12-21 12:00:00,80.9266657944602
2012-12-21 13:00:00,90.986796598661
2012-12-21 14:00:00,101.466006427323
2012-12-21 15:00:00,101.122157639905
2012-12-21 16:00:00,115.064141271367
2012-12-21 17:00:00,86.8437087854589
2012-12-21 18:00:00,95.2725296026151
2012-12-21 19:00:00,115.471495200112
2012-12-21 20:00:00,139.777466160157
2012-12-21 21:00:00,142.150950508398
2012-12-21 22:00:00,145.520684694544
2012-12-21 23:00:00,167.326618443255
2012-12-22 00:00:00,17.8945659371132
2012-12-22 01:00:00,19.0779952447375
2012-12-22 02:00:00,21.53732347387
2012-12-22 03:00:00,21.9900270881748
2012-12-22 04:00:00,25.8196677555359
2012-12-22 05:00:00,27.8606360513609
2012-12-22 06:00:00,32.7080978802309
2012-12-22 07:00:00,36.1777082389434
2012-12-22 08:00:00,40.415858587648
2012-12-22 09:00:00,41.3608585769186
2012-12-22 10:00:00,45.0064071426098
2012-12-22 11:00:00,60.7112240670493
2012-12-22 12:00:00,78.5068759211848
2012-12-22 13:00:00,89.3764305959308
2012-12-22 14:00:00,99.2615464516574
2012-12-22 15:00:00,113.612845402537
2012-12-22 16:00:00,110.769770786655
2012-12-22 17:00:00,109.366069653605
2012-12-22 18:00:00,106.331754351984
2012-12-22 19:00:00,107.681372788416
2012-12-22 20:00:00,123.091527704725
2012-12-22 21:00:00,123.43263632257
2012-12-22 22:00:00,136.52612635541
2012-12-22 23:00:00,153.848867472056
2012-12-23 00:00:00,15.7691205971366
2012-12-23 01:00:00,17.7699419859326
2012-12-23 02:00:00,17.5913259074987
2012-12-23 03:00:00,19.2986935002025
2012-12-23 04:00:00,22.6564660907793
2012-12-23 05:00:00,25.89717428838
2012-12-23 06:00:00,20.3627517931161
2012-12-23 07:00:00,22.5227922458502
2012-12-23 08:00:00,21.3037062027555
2012-12-23 09:00:00,32.4856171793879
2012-12-23 10:00:00,34.1801733661967
2012-12-23 11:00:00,45.2059416058526
2012-12-23 12:00:00,68.9336822083822
2012-12-23 13:00:00,83.9091560388346
2012-12-23 14:00:00,106.714969466755
2012-12-23 15:00:00,117.61117360225
2012-12-23 16:00:00,132.231617665512
2012-12-23 17:00:00,112.059813716435
2012-12-23 18:00:00,124.973938814035
2012-12-23 19:00:00,150.612301348142
2012-12-23 20:00:00,108.509526317718
2012-12-23 21:00:00,106.728080543326
2012-12-23 22:00:00,129.363987715512
2012-12-23 23:00:00,151.5466956897
2012-12-24 00:00:00,11.4392166604625
2012-12-24 01:00:00,12.6526661482936
2012-12-24 02:00:00,12.2609255576223
2012-12-24 03:00:00,13.5615403007327
2012-12-24 05:00:00,13.4509410431644
2012-12-24 06:00:00,18.3512777637432
2012-12-24 07:00:00,22.1957497488627
2012-12-24 08:00:00,25.626092644047
2012-12-24 09:00:00,34.7512971877781
2012-12-24 10:00:00,42.4943222003
2012-12-24 11:00:00,46.5577124855373
2012-12-24 12:00:00,60.9237247946524
2012-12-24 13:00:00,27.9572221406755
2012-12-24 14:00:00,28.2788687944619
2012-12-24 15:00:00,29.6532807803207
2012-12-24 16:00:00,32.7988421804959
2012-12-24 17:00:00,34.0684498976925
2012-12-24 18:00:00,38.7068062337057
2012-12-24 19:00:00,60.6001269256813
2012-12-24 20:00:00,45.7249494893703
2012-12-24 21:00:00,52.1641771169601
2012-12-24 22:00:00,89.946396275346
2012-12-24 23:00:00,67.8677526778933
2012-12-25 00:00:00,6.45142370750923
2012-12-25 01:00:00,11.6745021842846
2012-12-25 02:00:00,12.9129102953196
2012-12-25 04:00:00,15.4782703941923
2012-12-25 05:00:00,14.542205339913
2012-12-25 06:00:00,16.0848137322029
2012-12-25 07:00:00,17.9373477751167
2012-12-25 08:00:00,24.6368434254089
2012-12-25 09:00:00,25.0030996854774
2012-12-25 10:00:00,30.6570100796739
2012-12-25 11:00:00,38.0006216046138
2012-12-25 12:00:00,43.22486528488
2012-12-25 13:00:00,93.2475911081634
2012-12-25 14:00:00,103.990888421505
2012-12-25 15:00:00,90.1197354378577
2012-12-25 16:00:00,116.79578949359
2012-12-25 17:00:00,106.794430318029
2012-12-25 18:00:00,103.301765799377
2012-12-25 19:00:00,113.331065982973
2012-12-25 20:00:00,127.419442623424
2012-12-25 21:00:00,133.723238784951
2012-12-25 22:00:00,142.143433321671
2012-12-25 23:00:00,159.268251365185
2012-12-26 00:00:00,15.250090562661
2012-12-26 01:00:00,15.0100831922418
2012-12-26 02:00:00,16.6023231421049
2012-12-26 03:00:00,16.5942374989716
2012-12-26 04:00:00,15.2322607360015
2012-12-26 05:00:00,20.1894840836778
2012-12-26 06:00:00,21.9689864266096
2012-12-26 07:00:00,12.1495107363185
2012-12-26 08:00:00,13.4383068154539
2012-12-26 09:00:00,14.8638158346939
2012-12-26 10:00:00,16.3064585094713
2012-12-26 11:00:00,18.0737898647291
2012-12-26 12:00:00,20.6903647197903
2012-12-26 13:00:00,22.8851577040901
2012-12-26 14:00:00,23.6735620113097
2012-12-26 15:00:00,30.764293445442
2012-12-26 16:00:00,34.0277088726439
2012-12-26 17:00:00,34.4191962185552
2012-12-26 18:00:00,40.8190128562407
2012-12-26 19:00:00,52.2893595349912
2012-12-26 20:00:00,56.1188950031959
2012-12-26 21:00:00,92.4209454330987
2012-12-26 22:00:00,53.5808944739666
2012-12-26 23:00:00,67.8003736745725
2012-12-27 00:00:00,6.67051756469807
2012-12-27 01:00:00,6.44924581609068
2012-12-27 02:00:00,11.4345348945194
2012-12-27 03:00:00,12.9643173416673
2012-12-27 04:00:00,14.1323671534536
2012-12-27 05:00:00,16.6211475436133
2012-12-27 06:00:00,19.0476087765653
2012-12-27 07:00:00,21.3331412674932
2012-12-27 08:00:00,26.3732038070494
2012-12-27 09:00:00,31.2263200948089
2012-12-27 10:00:00,38.5915003690864
2012-12-27 11:00:00,51.1508105047998
2012-12-27 12:00:00,58.6480236473649
2012-12-27 13:00:00,64.8692900478148
2012-12-27 14:00:00,64.8195581895205
2012-12-27 15:00:00,70.2455146103969
2012-12-27 16:00:00,85.9269130431812
2012-12-27 17:00:00,95.0418700999472
2012-12-27 18:00:00,88.6666910640565
2012-12-27 19:00:00,80.8222642763693
2012-12-27 20:00:00,94.2956856816893
2012-12-27 21:00:00,119.982468069692
2012-12-27 22:00:00,128.147405673135
2012-12-27 23:00:00,146.787582437278
2012-12-28 00:00:00,14.7095054884627
2012-12-28 01:00:00,13.4115831473686
2012-12-28 02:00:00,15.0787997493305
2012-12-28 03:00:00,19.9046874470077
2012-12-28 04:00:00,22.6146737661224
2012-12-28 05:00:00,24.9117262560284
2012-12-28 06:00:00,20.5322995784149
2012-12-28 07:00:00,22.9494135944053
2012-12-28 08:00:00,32.6834391713287
2012-12-28 09:00:00,34.5537268490661
2012-12-28 10:00:00,43.8510202873117
2012-12-28 11:00:00,55.651439680362
2012-12-28 12:00:00,68.452706186869
2012-12-28 13:00:00,75.7140339270983
2012-12-28 14:00:00,83.7456289582523
2012-12-28 15:00:00,93.2231732358588
2012-12-28 16:00:00,87.440404879203
2012-12-28 17:00:00,69.1159216825144
2012-12-28 18:00:00,76.4476020113345
2012-12-28 19:00:00,89.5565134671984
2012-12-28 20:00:00,105.34511862303
2012-12-28 21:00:00,104.435085400407
2012-12-28 22:00:00,119.142182832113
2012-12-28 23:00:00,141.970933821806
2012-12-29 00:00:00,13.227325647725
2012-12-29 01:00:00,13.917687445722
2012-12-29 02:00:00,16.1824238588955
2012-12-29 03:00:00,16.6142680328609
2012-12-29 04:00:00,18.8332108655539
2012-12-29 05:00:00,20.8310006406186
2012-12-29 06:00:00,24.9239164052173
2012-12-29 07:00:00,27.7937139845718
2012-12-29 08:00:00,25.1531442410384
2012-12-29 09:00:00,27.8213400539671
2012-12-29 10:00:00,21.7786993977225
2012-12-29 11:00:00,19.9005649864949
2012-12-29 12:00:00,19.3511332863251
2012-12-29 13:00:00,21.4038632478445
2012-12-29 14:00:00,43.1664671642774
2012-12-29 15:00:00,46.5880868701255
2012-12-29 16:00:00,54.1133325243774
2012-12-29 17:00:00,56.3912271177241
2012-12-29 18:00:00,73.0919298563122
2012-12-29 19:00:00,110.10430318831
2012-12-29 20:00:00,142.37803637836
2012-12-29 21:00:00,154.927245078654
2012-12-29 22:00:00,160.136572343997
2012-12-29 23:00:00,156.041762519641
2012-12-30 00:00:00,16.7667574441928
2012-12-30 01:00:00,19.3603182641824
2012-12-30 02:00:00,21.5452168358297
2012-12-30 03:00:00,23.6855797262389
2012-12-30 04:00:00,27.0751952503753
2012-12-30 05:00:00,31.5944365286985
2012-12-30 06:00:00,31.2135261324186
2012-12-30 07:00:00,28.5071911236718
2012-12-30 08:00:00,32.9929797679195
2012-12-30 09:00:00,37.3216539377401
2012-12-30 10:00:00,51.2846829380622
2012-12-30 11:00:00,56.6230134924418
2012-12-30 12:00:00,70.5760730243895
2012-12-30 13:00:00,86.8347301095792
2012-12-30 14:00:00,95.0672369506492
2012-12-30 15:00:00,94.2489197971405
2012-12-30 16:00:00,102.319280627129
2012-12-30 17:00:00,101.172401721765
2012-12-30 18:00:00,119.111548311258
2012-12-30 19:00:00,123.684293152637
2012-12-30 20:00:00,114.874762806794
2012-12-30 21:00:00,119.461531175851
2012-12-30 22:00:00,120.241135147994
2012-12-30 23:00:00,142.322563786201
2012-12-31 00:00:00,11.4792963154208
2012-12-31 01:00:00,12.6969973738118
2012-12-31 02:00:00,12.5729431209468
2012-12-31 03:00:00,14.2806691974576
2012-12-31 04:00:00,13.0380087260984
2012-12-31 05:00:00,15.2489691954857
2012-12-31 06:00:00,17.467545409128
2012-12-31 07:00:00,20.0026724820922
2012-12-31 08:00:00,18.8429410709893
2012-12-31 09:00:00,30.9965604929088
2012-12-31 10:00:00,32.0845299010647
2012-12-31 11:00:00,43.0684452754864
2012-12-31 12:00:00,50.5619082429803
2012-12-31 13:00:00,72.2898218087687
2012-12-31 14:00:00,83.5835987172799
2012-12-31 15:00:00,94.1888731861963
2012-12-31 16:00:00,92.9181341731512
2012-12-31 17:00:00,108.854265537568
2012-12-31 18:00:00,116.734130283821
2012-12-31 19:00:00,104.29842259855
2012-12-31 20:00:00,115.362193068187
2012-12-31 21:00:00,108.899967839823
2012-12-31 22:00:00,132.361717236096
2012-12-31 23:00:00,128.032885928681
