datetime,count
2011-01-20 00:00:00,16.5406025586644
2011-01-20 01:00:00,6.13515172505003
2011-01-20 02:00:00,3.14750372263006
2011-01-20 03:00:00,2.19558764403024
2011-01-20 04:00:00,2.23311246120679
2011-01-20 05:00:00,11.2130000554152
2011-01-20 06:00:00,48.9833492529736
2011-01-20 07:00:00,142.946146782247
2011-01-20 08:00:00,274.23011662708
2011-01-20 09:00:00,174.616388870743
2011-01-20 10:00:00,85.2583886754601
2011-01-20 11:00:00,91.9058695826783
2011-01-20 12:00:00,109.181638878527
2011-01-20 13:00:00,104.358332680627
2011-01-20 14:00:00,104.210152268011
2011-01-20 15:00:00,104.599281542757
2011-01-20 16:00:00,141.697966796024
2011-01-20 17:00:00,255.628693416859
2011-01-20 18:00:00,199.398448981356
2011-01-20 19:00:00,134.530985117047
2011-01-20 20:00:00,103.926214240377
2011-01-20 21:00:00,74.3024320513324
2011-01-20 22:00:00,47.3745260034978
2011-01-20 23:00:00,30.3752622549179
2011-01-21 00:00:00,16.741278022642
2011-01-21 01:00:00,7.21708753898274
2011-01-21 02:00:00,4.1263558556581
2011-01-21 03:00:00,2.02763691262212
2011-01-21 04:00:00,2.11220680216957
2011-01-21 05:00:00,7.82691504483616
2011-01-21 06:00:00,49.477828293409
2011-01-21 07:00:00,106.455419508115
2011-01-21 08:00:00,208.900835632001
2011-01-21 09:00:00,115.325626259207
2011-01-21 10:00:00,60.92203592874
2011-01-21 11:00:00,59.850854476903
2011-01-21 12:00:00,66.5868052613854
2011-01-21 13:00:00,56.3400850636777
2011-01-21 14:00:00,56.3287340637435
2011-01-21 15:00:00,56.3859864845362
2011-01-21 16:00:00,74.1482817461736
2011-01-21 17:00:00,132.738699601526
2011-01-21 18:00:00,148.538096389898
2011-01-21 19:00:00,82.5626144711142
2011-01-21 20:00:00,70.9416263504742
2011-01-21 21:00:00,48.8289854023886
2011-01-21 22:00:00,39.8956780412867
2011-01-21 23:00:00,25.7495439857711
2011-01-22 00:00:00,27.8250302935614
2011-01-22 01:00:00,20.6037559033202
2011-01-22 02:00:00,15.1358197354609
2011-01-22 03:00:00,6.82673771431409
2011-01-22 04:00:00,1.79544859096633
2011-01-22 06:00:00,3.57559306296954
2011-01-22 07:00:00,9.05652099821138
2011-01-22 08:00:00,25.983428576216
2011-01-22 09:00:00,54.954302697553
2011-01-22 10:00:00,71.8109274998506
2011-01-22 11:00:00,87.9167372364916
2011-01-22 12:00:00,123.290519812632
2011-01-22 13:00:00,119.860248139187
2011-01-22 14:00:00,126.1425795432
2011-01-22 15:00:00,104.646295958951
2011-01-22 16:00:00,109.761278911709
2011-01-22 17:00:00,79.7189353724092
2011-01-22 18:00:00,63.5889154249088
2011-01-22 19:00:00,68.191178642533
2011-01-22 20:00:00,42.9243163302963
2011-01-22 21:00:00,42.3708806058594
2011-01-22 22:00:00,29.3178609574429
2011-01-22 23:00:00,18.7333169794883
2011-01-23 00:00:00,27.5783421426445
2011-01-23 01:00:00,21.7893057334184
2011-01-23 02:00:00,13.3782026987479
2011-01-23 03:00:00,6.30289290317939
2011-01-23 05:00:00,1.7017578483612
2011-01-23 06:00:00,3.3177884807057
2011-01-23 07:00:00,13.6755274134454
2011-01-23 08:00:00,24.365796893291
2011-01-23 09:00:00,42.4905119961118
2011-01-23 10:00:00,76.048916292418
2011-01-23 11:00:00,122.231643688665
2011-01-23 12:00:00,113.587660348278
2011-01-23 13:00:00,107.289224860657
2011-01-23 14:00:00,101.881161881912
2011-01-23 15:00:00,104.354632938796
2011-01-23 16:00:00,92.7581447563419
2011-01-23 17:00:00,76.8957360118913
2011-01-23 18:00:00,76.3913518728278
2011-01-23 19:00:00,50.4821431761113
2011-01-23 20:00:00,52.1471323352597
2011-01-23 21:00:00,44.2063690772079
2011-01-23 22:00:00,27.5685203770403
2011-01-23 23:00:00,21.585274758343
2011-01-24 00:00:00,11.9476594054316
2011-01-24 01:00:00,5.16914799366756
2011-01-24 03:00:00,1.61330479937588
2011-01-24 04:00:00,1.64256373814226
2011-01-24 05:00:00,8.09542449847353
2011-01-24 06:00:00,39.9259888767576
2011-01-24 07:00:00,91.7994558085481
2011-01-24 08:00:00,187.291974983058
2011-01-24 09:00:00,112.99301281102
2011-01-24 10:00:00,55.6087573611833
2011-01-24 11:00:00,54.7246405900417
2011-01-24 12:00:00,68.3174104358206
2011-01-24 13:00:00,67.5284077733428
2011-01-24 14:00:00,55.0602872693038
2011-01-24 15:00:00,67.67821969539
2011-01-24 16:00:00,90.8083249876362
2011-01-24 17:00:00,161.999825361876
2011-01-24 18:00:00,148.487937616075
2011-01-24 19:00:00,103.774259322519
2011-01-24 20:00:00,74.5026797786909
2011-01-24 21:00:00,47.7227882041304
2011-01-24 22:00:00,34.0677637387392
2011-01-24 23:00:00,21.5107410655918
2011-01-25 00:00:00,8.64507617616747
2011-01-25 01:00:00,3.83050787160924
2011-01-25 02:00:00,2.40075711639024
2011-01-25 04:00:00,1.55211443289439
2011-01-25 05:00:00,7.65552765003577
2011-01-25 06:00:00,39.2272480417542
2011-01-25 07:00:00,118.994231917504
2011-01-25 08:00:00,200.132746690265
2011-01-25 09:00:00,137.110309436221
2011-01-25 10:00:00,83.7639329290048
2011-01-25 11:00:00,78.2450935116699
2011-01-25 12:00:00,91.7800335356087
2011-01-25 13:00:00,93.8589649621943
2011-01-25 14:00:00,93.1434167886895
2011-01-25 15:00:00,117.637580762247
2011-01-25 16:00:00,162.279066162334
2011-01-25 17:00:00,258.116309920747
2011-01-25 18:00:00,230.635125396867
2011-01-25 19:00:00,128.525069313472
2011-01-25 20:00:00,92.9794844068122
2011-01-25 21:00:00,68.9858760186197
2011-01-25 22:00:00,51.5182016224155
2011-01-25 23:00:00,33.0124860735546
2011-01-26 00:00:00,14.7443219232134
2011-01-26 01:00:00,6.20329117442774
2011-01-26 02:00:00,3.8009407693461
2011-01-26 05:00:00,5.50930311390775
2011-01-26 06:00:00,23.9571827691853
2011-01-26 07:00:00,88.3891984920408
2011-01-26 08:00:00,172.031687839988
2011-01-26 09:00:00,89.7039201386476
2011-01-26 10:00:00,39.7932097505623
2011-01-26 11:00:00,19.8231340589285
2011-01-26 12:00:00,22.7450468595457
2011-01-26 13:00:00,22.0887195209452
2011-01-26 14:00:00,19.1869115165902
2011-01-26 15:00:00,19.4400297086547
2011-01-26 16:00:00,30.6628875398403
2011-01-26 17:00:00,51.109999210814
2011-01-27 16:00:00,103.505969849164
2011-01-27 17:00:00,204.1565750391
2011-01-27 18:00:00,183.913578892362
2011-01-27 19:00:00,127.290134846313
2011-01-27 20:00:00,81.0027660837146
2011-01-27 21:00:00,61.2466408740335
2011-01-27 22:00:00,48.4286476000266
2011-01-27 23:00:00,27.7977146564751
2011-01-28 00:00:00,13.1886824823799
2011-01-28 01:00:00,5.55062927857114
2011-01-28 02:00:00,2.96995541961033
2011-01-28 03:00:00,2.16083796959708
2011-01-28 05:00:00,10.1471932881793
2011-01-28 06:00:00,41.4634382606637
2011-01-28 07:00:00,114.591446363615
2011-01-28 08:00:00,226.986310545945
2011-01-28 09:00:00,108.610505952437
2011-01-28 10:00:00,54.7448927002216
2011-01-28 11:00:00,33.804521530369
2011-01-28 12:00:00,40.227298385524
2011-01-28 13:00:00,36.8983529508932
2011-01-28 14:00:00,42.6535481638633
2011-01-28 15:00:00,49.4983214881236
2011-01-28 16:00:00,82.9196305141735
2011-01-28 17:00:00,205.973072303474
2011-01-28 18:00:00,179.493127852334
2011-01-28 19:00:00,138.768262888092
2011-01-28 20:00:00,98.5322815286714
2011-01-28 21:00:00,70.3439851911544
2011-01-28 22:00:00,50.8583068154818
2011-01-28 23:00:00,37.1437061671952
2011-01-29 00:00:00,24.5543892685177
2011-01-29 01:00:00,27.8363260843678
2011-01-29 02:00:00,20.2642038712071
2011-01-29 03:00:00,8.28775383121493
2011-01-29 04:00:00,2.21389096369816
2011-01-29 06:00:00,3.71048141752624
2011-01-29 07:00:00,13.7303145151538
2011-01-29 08:00:00,34.2807046992498
2011-01-29 09:00:00,67.5133297566255
2011-01-29 10:00:00,81.5960187595537
2011-01-29 11:00:00,82.4046587675881
2011-01-29 12:00:00,110.735100313182
2011-01-29 13:00:00,143.013588595591
2011-01-29 14:00:00,133.065077804662
2011-01-29 15:00:00,123.090390247792
2011-01-29 16:00:00,130.413031811473
2011-01-29 17:00:00,107.217533228431
2011-01-29 18:00:00,98.4925054156804
2011-01-29 19:00:00,66.5446445295708
2011-01-29 20:00:00,52.452132594848
2011-01-29 21:00:00,43.4369844700705
2011-01-29 22:00:00,35.9064512214208
2011-01-29 23:00:00,26.0048703160503
2011-01-30 00:00:00,31.7659862888656
2011-01-30 01:00:00,26.6607715974652
2011-01-30 02:00:00,23.3996987130391
2011-01-30 03:00:00,9.31565508600277
2011-01-30 04:00:00,2.53356790113934
2011-01-30 05:00:00,2.57685200789258
2011-01-30 07:00:00,14.330488080294
2011-01-30 08:00:00,39.3845157965982
2011-01-30 09:00:00,83.1756617039831
2011-01-30 10:00:00,121.398399868321
2011-01-30 11:00:00,110.761212080321
2011-01-30 12:00:00,196.619459929432
2011-01-30 13:00:00,168.991851764677
2011-01-30 14:00:00,173.457465431089
2011-01-30 15:00:00,163.997642544828
2011-01-30 16:00:00,144.711481234989
2011-01-30 17:00:00,132.024256918546
2011-01-30 18:00:00,92.4381163755873
2011-01-30 19:00:00,82.5545398325413
2011-01-30 20:00:00,66.6004916035183
2011-01-30 21:00:00,55.8103116787357
2011-01-30 22:00:00,43.5115934827258
2011-01-30 23:00:00,23.4609559734905
2011-01-31 00:00:00,14.1072022636505
2011-01-31 01:00:00,5.38911231434594
2011-01-31 02:00:00,3.1065857181923
2011-01-31 03:00:00,1.89953684326216
2011-01-31 04:00:00,1.82338215420091
2011-01-31 05:00:00,5.41778564747249
2011-01-31 06:00:00,25.7909334240083
2011-01-31 07:00:00,87.3361979006646
2011-01-31 08:00:00,212.460254648235
2011-01-31 09:00:00,119.377568064746
2011-01-31 10:00:00,55.4778379267668
2011-01-31 11:00:00,50.6379695225223
2011-01-31 12:00:00,68.6481473884654
2011-01-31 13:00:00,64.0921415352947
2011-01-31 14:00:00,49.6003830549026
2011-01-31 15:00:00,53.6197854555151
2011-01-31 16:00:00,77.5544257177728
2011-01-31 17:00:00,139.144889439805
2011-01-31 18:00:00,134.933708380092
2011-01-31 19:00:00,174.048452174059
2011-01-31 20:00:00,71.1882418601459
2011-01-31 21:00:00,50.0482187969579
2011-01-31 22:00:00,40.2654931264928
2011-01-31 23:00:00,21.2778764447535
2011-02-20 00:00:00,37.2694457652031
2011-02-20 01:00:00,22.1015931993417
2011-02-20 02:00:00,18.0819109675091
2011-02-20 03:00:00,8.95011058070775
2011-02-20 04:00:00,2.36278467672758
2011-02-20 06:00:00,4.46093392543731
2011-02-20 07:00:00,14.1566939374206
2011-02-20 08:00:00,42.1114614615723
2011-02-20 09:00:00,75.7626082610506
2011-02-20 10:00:00,132.561219096685
2011-02-20 11:00:00,189.964819993416
2011-02-20 12:00:00,221.300718554747
2011-02-20 13:00:00,187.855749583996
2011-02-20 14:00:00,224.913404571742
2011-02-20 15:00:00,247.125476272152
2011-02-20 16:00:00,218.252136452484
2011-02-20 17:00:00,210.386874673724
2011-02-20 18:00:00,145.399651908531
2011-02-20 19:00:00,119.300630139208
2011-02-20 20:00:00,92.1168374123088
2011-02-20 21:00:00,69.8105073100792
2011-02-20 22:00:00,51.2861671023719
2011-02-20 23:00:00,38.392073429558
2011-02-21 00:00:00,21.7310467805279
2011-02-21 01:00:00,16.9180733085973
2011-02-21 02:00:00,12.1356085299408
2011-02-21 03:00:00,5.41224042838197
2011-02-21 04:00:00,4.04278492300581
2011-02-21 05:00:00,5.55069051400431
2011-02-21 06:00:00,13.5346890723873
2011-02-21 07:00:00,39.4539784702663
2011-02-21 08:00:00,84.1991321384874
2011-02-21 09:00:00,113.010500373177
2011-02-21 10:00:00,118.929091509375
2011-02-21 11:00:00,151.051974973441
2011-02-21 12:00:00,167.723568747354
2011-02-21 13:00:00,90.2903433839632
2011-02-21 14:00:00,120.69935087512
2011-02-21 15:00:00,139.075790956996
2011-02-21 16:00:00,100.957350490427
2011-02-21 17:00:00,112.486080422799
2011-02-21 18:00:00,77.707925880042
2011-02-21 19:00:00,64.7711165081783
2011-02-21 20:00:00,54.478272354269
2011-02-21 21:00:00,30.2579959199614
2011-02-21 22:00:00,23.2770163040114
2011-02-21 23:00:00,15.7854260239711
2011-02-22 06:00:00,32.7112791413637
2011-02-22 07:00:00,98.6395466057142
2011-02-22 08:00:00,204.623180041748
2011-02-22 09:00:00,102.74250433097
2011-02-22 10:00:00,44.7875929421352
2011-02-22 11:00:00,50.3790604846491
2011-02-22 12:00:00,81.5273736125009
2011-02-22 13:00:00,77.8062554729683
2011-02-22 14:00:00,73.6813428248866
2011-02-22 15:00:00,78.3117611947053
2011-02-22 16:00:00,101.492717467239
2011-02-22 17:00:00,179.470315628209
2011-02-22 18:00:00,180.433582960645
2011-02-22 19:00:00,89.5767877025486
2011-02-22 20:00:00,79.1163438546275
2011-02-22 21:00:00,58.9790238585065
2011-02-22 22:00:00,50.0358497210556
2011-02-22 23:00:00,30.5400536922832
2011-02-23 00:00:00,11.2215358656796
2011-02-23 01:00:00,4.75261081001706
2011-02-23 02:00:00,2.44580828434826
2011-02-23 03:00:00,1.53219324068843
2011-02-23 05:00:00,7.67757367559413
2011-02-23 06:00:00,39.5875353244494
2011-02-23 07:00:00,129.6369401113
2011-02-23 08:00:00,248.383628106612
2011-02-23 09:00:00,137.279555771535
2011-02-23 10:00:00,72.8611093289431
2011-02-23 11:00:00,81.7241748977276
2011-02-23 12:00:00,100.629887720023
2011-02-23 13:00:00,105.661474051833
2011-02-23 14:00:00,105.593001005958
2011-02-23 15:00:00,134.482761343407
2011-02-23 16:00:00,159.946119519916
2011-02-23 17:00:00,336.409169120782
2011-02-23 18:00:00,270.297553383694
2011-02-23 19:00:00,169.631870137059
2011-02-23 20:00:00,98.9626321110379
2011-02-23 21:00:00,65.95200072318
2011-02-23 22:00:00,52.2130533148984
2011-02-23 23:00:00,34.9042852019707
2011-02-24 00:00:00,15.8377630924125
2011-02-24 01:00:00,6.6906711959729
2011-02-24 02:00:00,3.011687045124
2011-02-24 03:00:00,1.63890853742805
2011-02-24 05:00:00,9.18001222359548
2011-02-24 06:00:00,42.9062275392147
2011-02-24 07:00:00,130.382383020889
2011-02-24 08:00:00,347.998886985219
2011-02-24 09:00:00,148.285339296217
2011-02-24 10:00:00,91.9607349402717
2011-02-24 11:00:00,90.8488385360879
2011-02-24 12:00:00,119.755090866896
2011-02-24 13:00:00,105.84103075833
2011-02-24 14:00:00,101.722272084474
2011-02-24 15:00:00,106.2472180692
2011-02-24 16:00:00,128.834652703984
2011-02-24 17:00:00,240.333480143349
2011-02-24 18:00:00,148.333171867691
2011-02-24 19:00:00,48.9304522329142
2011-02-24 20:00:00,62.265779513367
2011-02-24 21:00:00,56.9678388383687
2011-02-24 22:00:00,33.4391340871873
2011-02-24 23:00:00,39.7760569552517
2011-02-25 00:00:00,10.2258844896444
2011-02-25 01:00:00,5.17596737445356
2011-02-25 02:00:00,2.97171190042524
2011-02-25 03:00:00,2.51191230221774
2011-02-25 05:00:00,12.181251503555
2011-02-25 06:00:00,41.2435883789683
2011-02-25 07:00:00,69.5503463181945
2011-02-25 08:00:00,204.31509197447
2011-02-25 09:00:00,53.685276986382
2011-02-25 10:00:00,31.86454586704
2011-02-25 11:00:00,124.184204287568
2011-02-25 12:00:00,130.387917780233
2011-02-25 13:00:00,126.611603264226
2011-02-25 14:00:00,105.597455803961
2011-02-25 15:00:00,148.86539239894
2011-02-25 16:00:00,133.81578399452
2011-02-25 17:00:00,205.208288915126
2011-02-25 18:00:00,220.277721164341
2011-02-25 19:00:00,159.38964159405
2011-02-25 20:00:00,99.6084340178559
2011-02-25 21:00:00,81.4730707919368
2011-02-25 22:00:00,54.2386295063049
2011-02-25 23:00:00,36.484464818058
2011-02-26 00:00:00,40.2958407506434
2011-02-26 01:00:00,28.0672085841835
2011-02-26 02:00:00,16.2084709967086
2011-02-26 03:00:00,10.2722312616207
2011-02-26 04:00:00,2.94017572422353
2011-02-26 05:00:00,2.6835241623659
2011-02-26 06:00:00,5.03894342866631
2011-02-26 07:00:00,16.3027731944765
2011-02-26 08:00:00,40.6587491067706
2011-02-26 09:00:00,79.5386453809086
2011-02-26 10:00:00,140.130750193085
2011-02-26 11:00:00,179.529832715943
2011-02-26 12:00:00,202.013058545584
2011-02-26 13:00:00,206.20714546637
2011-02-26 14:00:00,181.391955790398
2011-02-26 15:00:00,210.719357012312
2011-02-26 16:00:00,176.609831472025
2011-02-26 17:00:00,175.93038107279
2011-02-26 18:00:00,145.000448227542
2011-02-26 19:00:00,101.291104678089
2011-02-26 20:00:00,79.2184844163888
2011-02-26 21:00:00,55.0606297272975
2011-02-26 22:00:00,37.0353281652135
2011-02-26 23:00:00,24.729382537935
2011-02-27 00:00:00,45.0926956690071
2011-02-27 01:00:00,38.7459746242238
2011-02-27 02:00:00,24.8103056619795
2011-02-27 03:00:00,12.2351595135379
2011-02-27 04:00:00,4.53941241726398
2011-02-27 06:00:00,5.14505209909634
2011-02-27 07:00:00,24.1034835965024
2011-02-27 08:00:00,46.3371560946033
2011-02-27 09:00:00,100.496803242401
2011-02-27 10:00:00,142.767519278542
2011-02-27 11:00:00,192.319689825143
2011-02-27 12:00:00,283.774888522219
2011-02-27 13:00:00,341.662651448377
2011-02-27 14:00:00,318.058105878738
2011-02-27 15:00:00,371.363367534891
2011-02-27 16:00:00,353.65570328957
2011-02-27 17:00:00,225.256340778344
2011-02-27 18:00:00,150.353623157937
2011-02-27 19:00:00,148.341253069248
2011-02-27 20:00:00,114.258725166303
2011-02-27 21:00:00,87.1296597756463
2011-02-27 22:00:00,60.571179636701
2011-02-27 23:00:00,45.8378669165118
2011-02-28 00:00:00,20.1287879824699
2011-02-28 01:00:00,4.29421090501211
2011-02-28 03:00:00,1.40379004776026
2011-02-28 05:00:00,11.1089951778146
2011-02-28 06:00:00,65.1713540193131
2011-02-28 07:00:00,185.056974435312
2011-02-28 08:00:00,202.256972136668
2011-02-28 09:00:00,212.265778608697
2011-02-28 10:00:00,100.679027413638
2011-02-28 11:00:00,117.55425329609
2011-02-28 12:00:00,149.747506799852
2011-02-28 13:00:00,42.8459995683413
2011-02-28 14:00:00,22.1091564930251
2011-02-28 15:00:00,23.5332615631763
2011-02-28 16:00:00,57.679316485815
2011-02-28 17:00:00,63.8305992825234
2011-02-28 18:00:00,118.196197912179
2011-02-28 19:00:00,64.0187645633327
2011-02-28 20:00:00,45.8125560973183
2011-02-28 21:00:00,57.205745492875
2011-02-28 22:00:00,23.963408797449
2011-02-28 23:00:00,33.2082506774614
2011-03-20 00:00:00,47.7883975143439
2011-03-20 01:00:00,37.4185598626204
2011-03-20 02:00:00,27.3364429981611
2011-03-20 03:00:00,12.3060032671853
2011-03-20 04:00:00,3.01404691045401
2011-03-20 05:00:00,2.94839769520671
2011-03-20 06:00:00,5.6498194923189
2011-03-20 07:00:00,15.5687677465721
2011-03-20 08:00:00,49.9129097371148
2011-03-20 09:00:00,104.625475467569
2011-03-20 10:00:00,156.41296599269
2011-03-20 11:00:00,241.217415470478
2011-03-20 12:00:00,273.563932042377
2011-03-20 13:00:00,278.479721063031
2011-03-20 14:00:00,259.727645819274
2011-03-20 15:00:00,284.661098808783
2011-03-20 16:00:00,310.806069515494
2011-03-20 17:00:00,187.983028384497
2011-03-20 18:00:00,149.217179556249
2011-03-20 19:00:00,120.36333143307
2011-03-20 20:00:00,88.8589221139454
2011-03-20 21:00:00,57.8941644239687
2011-03-20 22:00:00,51.6504288598653
2011-03-20 23:00:00,32.6277987676301
2011-03-21 00:00:00,16.0675765351401
2011-03-21 01:00:00,7.91758187514465
2011-03-21 02:00:00,4.31337362765303
2011-03-21 03:00:00,2.25025580617756
2011-03-21 05:00:00,13.5422797451764
2011-03-21 06:00:00,41.3376783037562
2011-03-21 07:00:00,77.7439870602731
2011-03-21 08:00:00,230.647803979595
2011-03-21 09:00:00,151.135214204143
2011-03-21 10:00:00,68.3942918987724
2011-03-21 11:00:00,93.1541716960854
2011-03-21 12:00:00,124.047934144193
2011-03-21 13:00:00,147.510954556075
2011-03-21 14:00:00,160.858608156646
2011-03-21 15:00:00,170.23178475607
2011-03-21 16:00:00,249.800222487053
2011-03-21 17:00:00,485.787965668478
2011-03-21 18:00:00,373.241135253867
2011-03-21 19:00:00,415.304739431915
2011-03-21 20:00:00,294.742776026174
2011-03-21 21:00:00,111.26757661035
2011-03-21 22:00:00,96.2169100940127
2011-03-21 23:00:00,76.4113489452214
2011-03-22 00:00:00,31.5258204069427
2011-03-22 01:00:00,10.546367781169
2011-03-22 02:00:00,7.32123157787913
2011-03-22 03:00:00,3.98379992746849
2011-03-22 04:00:00,4.41523911874876
2011-03-22 05:00:00,18.0608643103394
2011-03-22 06:00:00,75.1404309514192
2011-03-22 07:00:00,249.280576456627
2011-03-22 08:00:00,360.228761267699
2011-03-22 09:00:00,164.263911684696
2011-03-22 10:00:00,101.554011663693
2011-03-22 11:00:00,135.375814216831
2011-03-22 12:00:00,188.792151593238
2011-03-22 13:00:00,214.535439133696
2011-03-22 14:00:00,201.936391689188
2011-03-22 15:00:00,212.826327671785
2011-03-22 16:00:00,324.460577783015
2011-03-22 17:00:00,606.720549958946
2011-03-22 18:00:00,580.033647790434
2011-03-22 19:00:00,248.761824626945
2011-03-22 20:00:00,162.929158200422
2011-03-22 21:00:00,130.631843766586
2011-03-22 22:00:00,82.9861889783564
2011-03-22 23:00:00,52.3796871684191
2011-03-23 00:00:00,24.607235927811
2011-03-23 01:00:00,8.80703600258119
2011-03-23 02:00:00,4.56033180153074
2011-03-23 03:00:00,2.51269177476823
2011-03-23 05:00:00,10.8242906154346
2011-03-23 06:00:00,61.054774375391
2011-03-23 07:00:00,119.043282615866
2011-03-23 08:00:00,297.155092539646
2011-03-23 09:00:00,163.406878820605
2011-03-23 10:00:00,69.6019608031922
2011-03-23 11:00:00,78.0139740179779
2011-03-23 12:00:00,74.4039068525598
2011-03-23 13:00:00,56.1210615871319
2011-03-23 14:00:00,81.6961993556317
2011-03-23 15:00:00,81.8339720427795
2011-03-23 16:00:00,124.835101442415
2011-03-23 17:00:00,235.370849305901
2011-03-23 18:00:00,195.547376718412
2011-03-23 19:00:00,143.398157741326
2011-03-23 20:00:00,26.376895872798
2011-03-23 21:00:00,21.5323014272919
2011-03-23 22:00:00,46.2357838130252
2011-03-23 23:00:00,24.1249439361921
2011-03-24 00:00:00,13.436726089617
2011-03-24 01:00:00,5.18558407234652
2011-03-24 02:00:00,3.06073365772811
2011-03-24 03:00:00,2.22631949977076
2011-03-24 04:00:00,2.32210509920371
2011-03-24 05:00:00,10.7372447160131
2011-03-24 06:00:00,51.9998626900436
2011-03-24 07:00:00,70.867015550113
2011-03-24 08:00:00,109.122801608529
2011-03-24 09:00:00,131.027760343912
2011-03-24 10:00:00,41.9482063833815
2011-03-24 11:00:00,75.9099795375567
2011-03-24 12:00:00,94.5088111732247
2011-03-24 13:00:00,104.194233081411
2011-03-24 14:00:00,95.6803772637032
2011-03-24 15:00:00,89.0581655925438
2011-03-24 16:00:00,128.662330061564
2011-03-24 17:00:00,226.634098051649
2011-03-24 18:00:00,230.985360297624
2011-03-24 19:00:00,170.306121705453
2011-03-24 20:00:00,104.951925403796
2011-03-24 21:00:00,79.0460024908796
2011-03-24 22:00:00,55.9947695714305
2011-03-24 23:00:00,38.5729810097871
2011-03-25 00:00:00,21.7881215374441
2011-03-25 01:00:00,6.68288109823601
2011-03-25 02:00:00,3.39244295852312
2011-03-25 03:00:00,2.08324774894845
2011-03-25 04:00:00,2.02595263607119
2011-03-25 05:00:00,10.4619798887663
2011-03-25 06:00:00,49.5400810850014
2011-03-25 07:00:00,119.763194164414
2011-03-25 08:00:00,303.446128665765
2011-03-25 09:00:00,174.348839890566
2011-03-25 10:00:00,71.9711311462608
2011-03-25 11:00:00,107.208065177773
2011-03-25 12:00:00,148.688417745668
2011-03-25 13:00:00,153.000936419452
2011-03-25 14:00:00,133.961793333246
2011-03-25 15:00:00,123.565905255633
2011-03-25 16:00:00,171.982488200917
2011-03-25 17:00:00,293.978833471722
2011-03-25 18:00:00,278.110786311837
2011-03-25 19:00:00,197.823171229693
2011-03-25 20:00:00,140.353754017265
2011-03-25 21:00:00,105.653957780504
2011-03-25 22:00:00,76.76486195312
2011-03-25 23:00:00,47.4020500344843
2011-03-26 00:00:00,52.2474313926709
2011-03-26 01:00:00,39.9218113641785
2011-03-26 02:00:00,25.4873410702495
2011-03-26 03:00:00,12.1089883974858
2011-03-26 04:00:00,4.36585394704005
2011-03-26 05:00:00,4.41219913302778
2011-03-26 06:00:00,9.14636668263191
2011-03-26 07:00:00,21.9340073583361
2011-03-26 08:00:00,72.6765698014318
2011-03-26 09:00:00,109.873954987982
2011-03-26 10:00:00,147.553598112906
2011-03-26 11:00:00,197.806250292193
2011-03-26 12:00:00,280.314599634762
2011-03-26 13:00:00,280.246095617582
2011-03-26 14:00:00,239.68394088723
2011-03-26 15:00:00,304.893029367537
2011-03-26 16:00:00,282.909852401574
2011-03-26 17:00:00,221.477301929844
2011-03-26 18:00:00,148.523398921565
2011-03-26 19:00:00,124.650329491516
2011-03-26 20:00:00,96.4459098076671
2011-03-26 21:00:00,77.9192272095222
2011-03-26 22:00:00,68.3117933211196
2011-03-26 23:00:00,44.472880971754
2011-03-27 00:00:00,48.1785724220692
2011-03-27 01:00:00,36.532498212386
2011-03-27 02:00:00,32.2879589522386
2011-03-27 03:00:00,9.86249707970887
2011-03-27 04:00:00,3.48428216544005
2011-03-27 06:00:00,5.69591735976042
2011-03-27 07:00:00,15.0203582513698
2011-03-27 08:00:00,51.2777123990337
2011-03-27 09:00:00,80.6965745917675
2011-03-27 10:00:00,107.909288833341
2011-03-27 11:00:00,165.573049355856
2011-03-27 12:00:00,226.94458288676
2011-03-27 13:00:00,241.278702464804
2011-03-27 14:00:00,221.241402682481
2011-03-27 15:00:00,251.168487029425
2011-03-27 16:00:00,193.947601096736
2011-03-27 17:00:00,212.106339078253
2011-03-27 18:00:00,171.550169813017
2011-03-27 19:00:00,126.351151801744
2011-03-27 20:00:00,90.6965471570723
2011-03-27 21:00:00,65.5474591697639
2011-03-27 22:00:00,55.731515486801
2011-03-27 23:00:00,48.5783433809935
2011-03-28 00:00:00,21.8401900159875
2011-03-28 01:00:00,9.69172087404663
2011-03-28 02:00:00,4.31495911163886
2011-03-28 03:00:00,2.2794315924815
2011-03-28 05:00:00,13.0340793940065
2011-03-28 06:00:00,44.264957390993
2011-03-28 07:00:00,122.986853774223
2011-03-28 08:00:00,288.435290528311
2011-03-28 09:00:00,175.495498767765
2011-03-28 10:00:00,107.526947295409
2011-03-28 11:00:00,94.4535904777827
2011-03-28 12:00:00,93.979537370062
2011-03-28 13:00:00,123.769358921556
2011-03-28 14:00:00,130.492525486048
2011-03-28 15:00:00,132.773138141216
2011-03-28 16:00:00,180.358877371993
2011-03-28 17:00:00,340.679631572127
2011-03-28 18:00:00,320.236335011723
2011-03-28 19:00:00,211.353401434721
2011-03-28 20:00:00,161.316933245626
2011-03-28 21:00:00,127.08658187251
2011-03-28 22:00:00,85.4018670482736
2011-03-28 23:00:00,48.9167287546449
2011-03-29 00:00:00,19.3766101265028
2011-03-29 01:00:00,7.40237752622918
2011-03-29 02:00:00,3.91181196827384
2011-03-29 03:00:00,2.02938897034934
2011-03-29 04:00:00,2.08810311378629
2011-03-29 05:00:00,12.520921355955
2011-03-29 06:00:00,67.2726888272776
2011-03-29 07:00:00,129.455756826433
2011-03-29 08:00:00,349.108208109847
2011-03-29 09:00:00,231.379077631586
2011-03-29 10:00:00,124.251435565206
2011-03-29 11:00:00,118.017335687026
2011-03-29 12:00:00,149.76767089857
2011-03-29 13:00:00,142.794794596733
2011-03-29 14:00:00,141.49536133117
2011-03-29 15:00:00,149.050686237608
2011-03-29 16:00:00,231.793198471658
2011-03-29 17:00:00,467.030581789976
2011-03-29 18:00:00,388.515107141484
2011-03-29 19:00:00,272.609292554622
2011-03-29 20:00:00,191.264553701737
2011-03-29 21:00:00,128.574097444933
2011-03-29 22:00:00,87.6456884134025
2011-03-29 23:00:00,47.7206398614143
2011-03-30 00:00:00,25.6596538484431
2011-03-30 01:00:00,11.981174658521
2011-03-30 02:00:00,5.80679275269339
2011-03-30 03:00:00,3.04646184835087
2011-03-30 04:00:00,3.09475193833312
2011-03-30 05:00:00,17.5482868454302
2011-03-30 06:00:00,67.0498072239046
2011-03-30 07:00:00,241.068854991545
2011-03-30 08:00:00,332.101251781583
2011-03-30 09:00:00,214.613079225977
2011-03-30 10:00:00,89.7097254112956
2011-03-30 11:00:00,104.877238478793
2011-03-30 12:00:00,128.437423449729
2011-03-30 13:00:00,125.145183686753
2011-03-30 14:00:00,117.357997925144
2011-03-30 15:00:00,56.4358879565576
2011-03-30 16:00:00,74.7524272961268
2011-03-30 17:00:00,108.10831059937
2011-03-30 18:00:00,132.718757626291
2011-03-30 19:00:00,94.3903042766092
2011-03-30 20:00:00,41.9017900035765
2011-03-30 21:00:00,55.9903345702515
2011-03-30 22:00:00,36.6940706670514
2011-03-30 23:00:00,24.9604828127356
2011-03-31 00:00:00,13.6868433449496
2011-03-31 01:00:00,7.85405110008879
2011-03-31 02:00:00,4.44722385116931
2011-03-31 03:00:00,2.29012553094452
2011-03-31 04:00:00,2.3243070077237
2011-03-31 05:00:00,9.43323931361365
2011-03-31 06:00:00,25.9313235654116
2011-03-31 07:00:00,98.2756763276034
2011-03-31 08:00:00,224.476921095914
2011-03-31 09:00:00,104.492960066126
2011-03-31 10:00:00,51.4076438334814
2011-03-31 11:00:00,42.8763999320617
2011-03-31 12:00:00,49.0060932947875
2011-03-31 13:00:00,51.788969382382
2011-03-31 14:00:00,46.6214133280951
2011-03-31 15:00:00,42.7905408507041
2011-03-31 16:00:00,86.6114769089974
2011-03-31 17:00:00,166.702064744964
2011-03-31 18:00:00,178.255545647658
2011-03-31 19:00:00,126.213585482067
2011-03-31 20:00:00,51.4182052375735
2011-03-31 21:00:00,54.4947441170271
2011-03-31 22:00:00,34.9674050642494
2011-03-31 23:00:00,18.6614577009554
2011-04-20 00:00:00,33.0363770847328
2011-04-20 01:00:00,13.0090309492836
2011-04-20 02:00:00,7.37160833159615
2011-04-20 03:00:00,4.04243463417856
2011-04-20 04:00:00,3.24239962883854
2011-04-20 05:00:00,15.0295916358729
2011-04-20 06:00:00,98.3473564244233
2011-04-20 07:00:00,245.464303838096
2011-04-20 08:00:00,499.510153196486
2011-04-20 09:00:00,291.513647174098
2011-04-20 10:00:00,158.362969246053
2011-04-20 11:00:00,179.320814064715
2011-04-20 12:00:00,236.93535485209
2011-04-20 13:00:00,230.540214923264
2011-04-20 14:00:00,208.097927174174
2011-04-20 15:00:00,230.036992211267
2011-04-20 16:00:00,343.213777574442
2011-04-20 17:00:00,708.011480984665
2011-04-20 18:00:00,658.16420324472
2011-04-20 19:00:00,491.066265264274
2011-04-20 20:00:00,354.218671870221
2011-04-20 21:00:00,258.342593024542
2011-04-20 22:00:00,207.980861850195
2011-04-20 23:00:00,132.719233619323
2011-04-21 00:00:00,43.9295468066852
2011-04-21 01:00:00,19.7774761786607
2011-04-21 02:00:00,8.90092092319923
2011-04-21 03:00:00,3.31367690406289
2011-04-21 04:00:00,3.37157748320852
2011-04-21 05:00:00,21.3797609636051
2011-04-21 06:00:00,77.9518335662177
2011-04-21 07:00:00,241.465995998499
2011-04-21 08:00:00,340.035180186084
2011-04-21 09:00:00,227.700194238918
2011-04-21 10:00:00,143.429780558869
2011-04-21 11:00:00,156.295804102775
2011-04-21 12:00:00,240.418968009302
2011-04-21 13:00:00,210.635311425538
2011-04-21 14:00:00,192.408846236282
2011-04-21 15:00:00,233.68190139201
2011-04-21 16:00:00,313.642380916274
2011-04-21 17:00:00,606.743274206405
2011-04-21 18:00:00,513.519469133565
2011-04-21 19:00:00,327.335694225352
2011-04-21 20:00:00,264.048330612786
2011-04-21 21:00:00,180.228930819397
2011-04-21 22:00:00,155.509375120475
2011-04-21 23:00:00,81.5881332937615
2011-04-22 00:00:00,29.0222963791537
2011-04-22 01:00:00,13.6833464678469
2011-04-22 02:00:00,6.84204176914084
2011-04-22 03:00:00,3.64899238488158
2011-04-22 04:00:00,3.31701585149909
2011-04-22 05:00:00,19.439066962263
2011-04-22 06:00:00,89.1675836463098
2011-04-22 07:00:00,222.1515689584
2011-04-22 08:00:00,382.010553784821
2011-04-22 09:00:00,129.834634025079
2011-04-22 10:00:00,90.7208814413621
2011-04-22 11:00:00,79.8094312806141
2011-04-22 12:00:00,75.8527678744451
2011-04-22 13:00:00,58.4223609667862
2011-04-22 14:00:00,41.7594896307648
2011-04-22 15:00:00,56.666484131243
2011-04-22 16:00:00,77.0082311100812
2011-04-22 17:00:00,102.275110919917
2011-04-22 18:00:00,97.9940716705854
2011-04-22 19:00:00,73.3312197795175
2011-04-22 20:00:00,64.2807980943313
2011-04-22 21:00:00,42.2385924420185
2011-04-22 22:00:00,27.1314497611983
2011-04-22 23:00:00,27.3958565731055
2011-04-23 00:00:00,36.6104550909908
2011-04-23 01:00:00,29.4848256760691
2011-04-23 02:00:00,23.5868878175759
2011-04-23 03:00:00,10.9590332553704
2011-04-23 04:00:00,5.11647272656812
2011-04-23 05:00:00,3.74844420241474
2011-04-23 06:00:00,8.32248877484248
2011-04-23 07:00:00,13.3584813032693
2011-04-23 08:00:00,42.5167861403548
2011-04-23 09:00:00,51.8190752367597
2011-04-23 10:00:00,148.615317791829
2011-04-23 11:00:00,168.256652431827
2011-04-23 12:00:00,310.927556365627
2011-04-23 13:00:00,295.604485371734
2011-04-23 14:00:00,371.986154880212
2011-04-23 15:00:00,405.721412976664
2011-04-23 16:00:00,426.641594263736
2011-04-23 17:00:00,386.420094090576
2011-04-23 18:00:00,348.58030502027
2011-04-23 19:00:00,230.717758543805
2011-04-23 20:00:00,138.672927494208
2011-04-23 21:00:00,125.679537647194
2011-04-23 22:00:00,131.661187157617
2011-04-23 23:00:00,83.9920301445704
2011-04-24 00:00:00,111.804660042118
2011-04-24 01:00:00,68.2208879938317
2011-04-24 02:00:00,50.8764535192186
2011-04-24 03:00:00,28.6340089567129
2011-04-24 04:00:00,10.3450397802329
2011-04-24 05:00:00,9.62844895916644
2011-04-24 06:00:00,13.4782981068328
2011-04-24 07:00:00,33.6271833805447
2011-04-24 08:00:00,110.393622598382
2011-04-24 09:00:00,194.869362911222
2011-04-24 10:00:00,373.518328863062
2011-04-24 11:00:00,439.834330474971
2011-04-24 12:00:00,546.60959340292
2011-04-24 13:00:00,508.775387279782
2011-04-24 14:00:00,509.6289924702
2011-04-24 15:00:00,525.701929366706
2011-04-24 16:00:00,429.999085382156
2011-04-24 17:00:00,458.157045315909
2011-04-24 18:00:00,372.09554232179
2011-04-24 19:00:00,161.394527151878
2011-04-24 20:00:00,124.727791498224
2011-04-24 21:00:00,85.6492795511613
2011-04-24 22:00:00,54.2204212312386
2011-04-24 23:00:00,46.6672302450456
2011-04-25 00:00:00,17.2140585720172
2011-04-25 01:00:00,12.5805736756849
2011-04-25 02:00:00,7.19848867159029
2011-04-25 03:00:00,3.68827922367814
2011-04-25 04:00:00,3.79153990409141
2011-04-25 05:00:00,15.0449287063346
2011-04-25 06:00:00,77.5581849345216
2011-04-25 07:00:00,210.58255179552
2011-04-25 08:00:00,640.031504499283
2011-04-25 09:00:00,349.946457556154
2011-04-25 10:00:00,171.017991690751
2011-04-25 11:00:00,178.403286069132
2011-04-25 12:00:00,221.244338149475
2011-04-25 13:00:00,233.925503157157
2011-04-25 14:00:00,224.013488190946
2011-04-25 15:00:00,204.014522636721
2011-04-25 16:00:00,367.231763678378
2011-04-25 17:00:00,697.298352471072
2011-04-25 18:00:00,627.65184485933
2011-04-25 19:00:00,451.554834052099
2011-04-25 20:00:00,313.940775030626
2011-04-25 21:00:00,234.403417689985
2011-04-25 22:00:00,175.661331672719
2011-04-25 23:00:00,107.415513887222
2011-04-26 00:00:00,38.548703900963
2011-04-26 01:00:00,17.6069558721637
2011-04-26 02:00:00,7.76435103765163
2011-04-26 03:00:00,4.23945214330646
2011-04-26 04:00:00,5.40315730758852
2011-04-26 05:00:00,25.6245170926792
2011-04-26 06:00:00,125.418283955903
2011-04-26 07:00:00,350.136240358556
2011-04-26 08:00:00,595.273339372291
2011-04-26 09:00:00,278.176985782946
2011-04-26 10:00:00,149.401583141732
2011-04-26 11:00:00,191.945694598442
2011-04-26 12:00:00,239.954243799313
2011-04-26 13:00:00,193.193432334972
2011-04-26 14:00:00,205.881221050045
2011-04-26 15:00:00,224.032751091248
2011-04-26 16:00:00,345.231408529821
2011-04-26 17:00:00,648.784411551693
2011-04-26 18:00:00,535.891673749761
2011-04-26 19:00:00,391.236017831435
2011-04-26 20:00:00,275.648107960694
2011-04-26 21:00:00,222.514166042029
2011-04-26 22:00:00,134.828465636834
2011-04-26 23:00:00,85.4422402095035
2011-04-27 00:00:00,36.8362516729759
2011-04-27 01:00:00,15.7656784843914
2011-04-27 02:00:00,7.58703490684235
2011-04-27 03:00:00,3.69023963922872
2011-04-27 04:00:00,4.6054703516498
2011-04-27 05:00:00,17.9973098477839
2011-04-27 06:00:00,101.143297600364
2011-04-27 07:00:00,255.408619115457
2011-04-27 08:00:00,363.413427877809
2011-04-27 09:00:00,171.195522210495
2011-04-27 10:00:00,132.973040533948
2011-04-27 11:00:00,159.280365917206
2011-04-27 12:00:00,199.538884313359
2011-04-27 13:00:00,197.654424523204
2011-04-27 14:00:00,194.339355159015
2011-04-27 15:00:00,200.940945977282
2011-04-27 16:00:00,315.34803375957
2011-04-27 17:00:00,311.217088944354
2011-04-27 18:00:00,312.967538209957
2011-04-27 19:00:00,404.672736842015
2011-04-27 20:00:00,216.530791254341
2011-04-27 21:00:00,155.616314905763
2011-04-27 22:00:00,90.2839723854316
2011-04-27 23:00:00,53.8100072980218
2011-04-28 00:00:00,38.8330260726086
2011-04-28 01:00:00,13.1238433231314
2011-04-28 02:00:00,6.30201366434608
2011-04-28 03:00:00,4.58736427491136
2011-04-28 04:00:00,4.39967347004656
2011-04-28 05:00:00,24.6822636008932
2011-04-28 06:00:00,114.729590575436
2011-04-28 07:00:00,299.566574220233
2011-04-28 08:00:00,505.00412438891
2011-04-28 09:00:00,116.603207609954
2011-04-28 10:00:00,114.64237569474
2011-04-28 11:00:00,133.570578676686
2011-04-28 12:00:00,208.482029928243
2011-04-28 13:00:00,148.972770971313
2011-04-28 14:00:00,141.78387727961
2011-04-28 15:00:00,207.094076080903
2011-04-28 16:00:00,310.765016603149
2011-04-28 17:00:00,643.446058004981
2011-04-28 18:00:00,609.935214528539
2011-04-28 19:00:00,482.007202663287
2011-04-28 20:00:00,325.328520644206
2011-04-28 21:00:00,233.725501791595
2011-04-28 22:00:00,194.603887387505
2011-04-28 23:00:00,126.571420469887
2011-04-29 00:00:00,45.1119914961524
2011-04-29 01:00:00,19.0694958219517
2011-04-29 02:00:00,9.39666555382838
2011-04-29 03:00:00,4.85310428431578
2011-04-29 04:00:00,5.15067794571932
2011-04-29 05:00:00,27.5254753598578
2011-04-29 06:00:00,128.617283413628
2011-04-29 07:00:00,414.657251540996
2011-04-29 08:00:00,658.467488462289
2011-04-29 09:00:00,351.425838173682
2011-04-29 10:00:00,175.73770838807
2011-04-29 11:00:00,218.139722612543
2011-04-29 12:00:00,251.556568774364
2011-04-29 13:00:00,242.404387484114
2011-04-29 14:00:00,236.458382218406
2011-04-29 15:00:00,205.193992440534
2011-04-29 16:00:00,302.507510430807
2011-04-29 17:00:00,498.19208078412
2011-04-29 18:00:00,519.00860970452
2011-04-29 19:00:00,288.501713157089
2011-04-29 20:00:00,234.505692767361
2011-04-29 21:00:00,191.569028683352
2011-04-29 22:00:00,138.470360226794
2011-04-29 23:00:00,74.7106050730183
2011-04-30 00:00:00,69.7503164831509
2011-04-30 01:00:00,62.6104608107052
2011-04-30 02:00:00,41.6957747938344
2011-04-30 03:00:00,23.2418625308925
2011-04-30 04:00:00,7.85577158185165
2011-04-30 05:00:00,9.23807287934268
2011-04-30 06:00:00,15.7004694201609
2011-04-30 07:00:00,39.1216684043192
2011-04-30 08:00:00,98.0960150608702
2011-04-30 09:00:00,143.249572556876
2011-04-30 10:00:00,253.584081421182
2011-04-30 11:00:00,338.315936232332
2011-04-30 12:00:00,535.785434025489
2011-04-30 13:00:00,565.02282323421
2011-04-30 14:00:00,535.781366771396
2011-04-30 15:00:00,572.456312523533
2011-04-30 16:00:00,546.395423883445
2011-04-30 17:00:00,514.888788732891
2011-04-30 18:00:00,436.719294171133
2011-04-30 19:00:00,363.191909130746
2011-04-30 20:00:00,151.636283317156
2011-04-30 21:00:00,128.731338346842
2011-04-30 22:00:00,94.4371459488797
2011-04-30 23:00:00,68.5042143634897
2011-05-20 00:00:00,32.0752665406509
2011-05-20 01:00:00,11.3679528484436
2011-05-20 02:00:00,6.25642765848384
2011-05-20 03:00:00,3.69672007599212
2011-05-20 04:00:00,4.69142081615362
2011-05-20 05:00:00,20.5163832984109
2011-05-20 06:00:00,132.610840773064
2011-05-20 07:00:00,436.080096002948
2011-05-20 08:00:00,639.23285342881
2011-05-20 09:00:00,295.129333316607
2011-05-20 10:00:00,153.477818537336
2011-05-20 11:00:00,154.224359678133
2011-05-20 12:00:00,241.998407459515
2011-05-20 13:00:00,180.011689545374
2011-05-20 14:00:00,240.911307650427
2011-05-20 15:00:00,225.603752741431
2011-05-20 16:00:00,368.668088811613
2011-05-20 17:00:00,667.3169468811
2011-05-20 18:00:00,662.794673965025
2011-05-20 19:00:00,415.488239579458
2011-05-20 20:00:00,298.413146146627
2011-05-20 21:00:00,221.507994616963
2011-05-20 22:00:00,180.591350739974
2011-05-20 23:00:00,105.946754471395
2011-05-21 00:00:00,142.060850713481
2011-05-21 01:00:00,105.650446974574
2011-05-21 02:00:00,80.7873090070854
2011-05-21 03:00:00,30.8119035506148
2011-05-21 04:00:00,9.67073265070362
2011-05-21 05:00:00,10.6897956094419
2011-05-21 06:00:00,27.4138710757008
2011-05-21 07:00:00,83.6204003921682
2011-05-21 08:00:00,150.747514595461
2011-05-21 09:00:00,219.033032707456
2011-05-21 10:00:00,355.130382090787
2011-05-21 11:00:00,465.779317878883
2011-05-21 12:00:00,503.210006551267
2011-05-21 13:00:00,551.740051948054
2011-05-21 14:00:00,522.234565302876
2011-05-21 15:00:00,574.849544315276
2011-05-21 16:00:00,562.736240321526
2011-05-21 17:00:00,526.716320181862
2011-05-21 18:00:00,443.154797337257
2011-05-21 19:00:00,359.968995042095
2011-05-21 20:00:00,242.259827461434
2011-05-21 21:00:00,219.365527716375
2011-05-21 22:00:00,163.58560766362
2011-05-21 23:00:00,130.053817834547
2011-05-22 00:00:00,114.041392450313
2011-05-22 01:00:00,84.5581871314366
2011-05-22 02:00:00,66.5316712648099
2011-05-22 03:00:00,25.2623235031611
2011-05-22 04:00:00,8.96795926440567
2011-05-22 05:00:00,8.18610660847516
2011-05-22 06:00:00,21.420922525154
2011-05-22 07:00:00,69.3157196203787
2011-05-22 08:00:00,156.182474693509
2011-05-22 09:00:00,206.988470011923
2011-05-22 10:00:00,359.699397887003
2011-05-22 11:00:00,475.488272568604
2011-05-22 12:00:00,481.730637924432
2011-05-22 13:00:00,564.702514886498
2011-05-22 14:00:00,352.941007668647
2011-05-22 15:00:00,514.482732546261
2011-05-22 16:00:00,533.22967731426
2011-05-22 17:00:00,479.801273360258
2011-05-22 18:00:00,417.396096094017
2011-05-22 19:00:00,342.913979218105
2011-05-22 20:00:00,259.241078468743
2011-05-22 21:00:00,200.186572467793
2011-05-22 22:00:00,154.575083876949
2011-05-22 23:00:00,99.9804561106874
2011-05-23 00:00:00,32.3197784239886
2011-05-23 01:00:00,16.313363422151
2011-05-23 02:00:00,7.15304324582019
2011-05-23 03:00:00,3.89753758001567
2011-05-23 04:00:00,4.34930512617688
2011-05-23 05:00:00,19.2457128961169
2011-05-23 06:00:00,80.5242832661793
2011-05-23 07:00:00,253.454398268925
2011-05-23 08:00:00,559.093920926126
2011-05-23 09:00:00,268.409916243738
2011-05-23 10:00:00,169.240705198891
2011-05-23 11:00:00,176.929257773697
2011-05-23 12:00:00,214.758701113564
2011-05-23 13:00:00,206.493075188848
2011-05-23 14:00:00,174.301750139598
2011-05-23 15:00:00,184.155090117535
2011-05-23 16:00:00,308.313985753366
2011-05-23 17:00:00,417.264408699572
2011-05-23 18:00:00,544.924594929
2011-05-23 19:00:00,409.269348586905
2011-05-23 20:00:00,244.232629897357
2011-05-23 21:00:00,163.475620113806
2011-05-23 22:00:00,115.836535216111
2011-05-23 23:00:00,76.3904334317319
2011-05-24 00:00:00,25.6914574203305
2011-05-24 01:00:00,12.8287317921774
2011-05-24 02:00:00,6.35227959628923
2011-05-24 03:00:00,4.43626953271156
2011-05-24 04:00:00,5.31889834755066
2011-05-24 05:00:00,18.0401028144046
2011-05-24 06:00:00,86.343403272425
2011-05-24 07:00:00,254.003297490678
2011-05-24 08:00:00,380.927144255749
2011-05-24 09:00:00,290.444914311828
2011-05-24 10:00:00,169.386654143307
2011-05-24 11:00:00,173.952737918472
2011-05-24 12:00:00,229.417346636997
2011-05-24 13:00:00,208.128177934083
2011-05-24 14:00:00,189.713196281897
2011-05-24 15:00:00,162.734138944498
2011-05-24 16:00:00,334.751908956499
2011-05-24 17:00:00,664.901962372067
2011-05-24 18:00:00,620.464301352507
2011-05-24 19:00:00,431.934586407438
2011-05-24 20:00:00,307.897799229718
2011-05-24 21:00:00,220.222048629338
2011-05-24 22:00:00,84.7633219556791
2011-05-24 23:00:00,92.1203280674548
2011-05-25 00:00:00,28.6549566281238
2011-05-25 01:00:00,14.2599363682548
2011-05-25 02:00:00,6.85753524689358
2011-05-25 03:00:00,4.44613035652883
2011-05-25 04:00:00,4.57306336408603
2011-05-25 05:00:00,29.6837451570171
2011-05-25 06:00:00,114.929091333125
2011-05-25 07:00:00,366.532244632052
2011-05-25 08:00:00,582.508404386646
2011-05-25 09:00:00,294.647452110564
2011-05-25 10:00:00,171.493734876149
2011-05-25 11:00:00,171.49342350864
2011-05-25 12:00:00,229.887869018805
2011-05-25 13:00:00,217.226839377934
2011-05-25 14:00:00,206.32898128558
2011-05-25 15:00:00,202.595189315481
2011-05-25 16:00:00,303.760493716413
2011-05-25 17:00:00,592.798250026266
2011-05-25 18:00:00,619.452492594087
2011-05-25 19:00:00,456.291259879195
2011-05-25 20:00:00,334.922941956795
2011-05-25 21:00:00,230.273955975684
2011-05-25 22:00:00,182.921911958499
2011-05-25 23:00:00,115.67830494673
2011-05-26 00:00:00,43.9041169062998
2011-05-26 01:00:00,19.022332285071
2011-05-26 02:00:00,9.36428469688721
2011-05-26 03:00:00,5.09354721675309
2011-05-26 04:00:00,5.06270639703099
2011-05-26 05:00:00,25.172033998252
2011-05-26 06:00:00,79.8029177500457
2011-05-26 07:00:00,220.607885391235
2011-05-26 08:00:00,555.429624523763
2011-05-26 09:00:00,290.742921949355
2011-05-26 10:00:00,161.210375903915
2011-05-26 11:00:00,182.050443541862
2011-05-26 12:00:00,206.446583383107
2011-05-26 13:00:00,172.924115548922
2011-05-26 14:00:00,159.15831933925
2011-05-26 15:00:00,174.138499005636
2011-05-26 16:00:00,289.003915271884
2011-05-26 17:00:00,553.392311212659
2011-05-26 18:00:00,537.466928433669
2011-05-26 19:00:00,395.627146517899
2011-05-26 20:00:00,317.43453262239
2011-05-26 21:00:00,232.156296946504
2011-05-26 22:00:00,193.708593018267
2011-05-26 23:00:00,126.618392557472
2011-05-27 00:00:00,41.784619874539
2011-05-27 01:00:00,17.7221025117193
2011-05-27 02:00:00,9.39100900588961
2011-05-27 03:00:00,5.05219371234656
2011-05-27 04:00:00,4.88626897924207
2011-05-27 05:00:00,27.7241838339022
2011-05-27 06:00:00,126.397732402691
2011-05-27 07:00:00,364.400194349546
2011-05-27 08:00:00,616.279467918247
2011-05-27 09:00:00,279.179178628177
2011-05-27 10:00:00,166.471372641681
2011-05-27 11:00:00,171.733611513301
2011-05-27 12:00:00,217.984395646586
2011-05-27 13:00:00,217.753013263041
2011-05-27 14:00:00,205.75446605512
2011-05-27 15:00:00,198.159267499563
2011-05-27 16:00:00,323.097444063417
2011-05-27 17:00:00,603.273396075584
2011-05-27 18:00:00,554.060537888882
2011-05-27 19:00:00,272.618142079886
2011-05-27 20:00:00,288.944504937733
2011-05-27 21:00:00,209.291648607159
2011-05-27 22:00:00,190.545917860076
2011-05-27 23:00:00,97.4664994273233
2011-05-28 00:00:00,115.888421755645
2011-05-28 01:00:00,80.2117447416545
2011-05-28 02:00:00,59.9038865178655
2011-05-28 03:00:00,29.8526956810907
2011-05-28 04:00:00,10.6479402913016
2011-05-28 05:00:00,12.2709066680194
2011-05-28 06:00:00,27.3610477744775
2011-05-28 07:00:00,65.8515049205698
2011-05-28 08:00:00,158.733697567511
2011-05-28 09:00:00,223.416893217514
2011-05-28 10:00:00,367.650897935153
2011-05-28 11:00:00,437.834654764368
2011-05-28 12:00:00,520.211196405761
2011-05-28 13:00:00,478.534718901838
2011-05-28 14:00:00,440.464505872344
2011-05-28 15:00:00,466.065067758069
2011-05-28 16:00:00,461.491263915109
2011-05-28 17:00:00,411.251382484684
2011-05-28 18:00:00,364.375710638577
2011-05-28 19:00:00,340.275995305437
2011-05-28 20:00:00,259.955034923743
2011-05-28 21:00:00,194.854664667759
2011-05-28 22:00:00,166.344318485737
2011-05-28 23:00:00,100.112022200234
2011-05-29 00:00:00,109.663349802482
2011-05-29 01:00:00,89.6179966173945
2011-05-29 02:00:00,64.0132638963189
2011-05-29 03:00:00,32.3110547682342
2011-05-29 04:00:00,12.0708969276689
2011-05-29 05:00:00,11.1861025944553
2011-05-29 06:00:00,21.6680067929972
2011-05-29 07:00:00,53.6903703734703
2011-05-29 08:00:00,126.83900827828
2011-05-29 09:00:00,132.635229209793
2011-05-29 10:00:00,336.098570358814
2011-05-29 11:00:00,335.090740048343
2011-05-29 12:00:00,429.174872148498
2011-05-29 13:00:00,438.140104965126
2011-05-29 14:00:00,406.9068399285
2011-05-29 15:00:00,423.578863088743
2011-05-29 16:00:00,420.855730431314
2011-05-29 17:00:00,391.406404775466
2011-05-29 18:00:00,329.370630868994
2011-05-29 19:00:00,288.630972471609
2011-05-29 20:00:00,204.396869774794
2011-05-29 21:00:00,180.112262882077
2011-05-29 22:00:00,132.150691891094
2011-05-29 23:00:00,97.4985988322362
2011-05-30 00:00:00,29.8553241267269
2011-05-30 01:00:00,26.0942265401862
2011-05-30 02:00:00,17.659145681439
2011-05-30 03:00:00,8.55246862690895
2011-05-30 04:00:00,8.37351766646709
2011-05-30 05:00:00,12.4402617453938
2011-05-30 06:00:00,30.1890188398449
2011-05-30 07:00:00,71.9269127320514
2011-05-30 08:00:00,187.502236092059
2011-05-30 09:00:00,335.90418272361
2011-05-30 10:00:00,298.382398510462
2011-05-30 11:00:00,284.40157355329
2011-05-30 12:00:00,389.412456128289
2011-05-30 13:00:00,405.344965090672
2011-05-30 14:00:00,335.675541728028
2011-05-30 15:00:00,380.244764349294
2011-05-30 16:00:00,433.725217345077
2011-05-30 17:00:00,445.820878381443
2011-05-30 18:00:00,422.690204584961
2011-05-30 19:00:00,202.478898877365
2011-05-30 20:00:00,320.179117357187
2011-05-30 21:00:00,308.814753666404
2011-05-30 22:00:00,238.901833787725
2011-05-30 23:00:00,100.8173990552
2011-05-31 00:00:00,38.3952786085429
2011-05-31 01:00:00,13.640033754859
2011-05-31 02:00:00,6.75598100803681
2011-05-31 03:00:00,4.5590737862725
2011-05-31 04:00:00,4.89423349350618
2011-05-31 05:00:00,27.344609582345
2011-05-31 06:00:00,133.836925240985
2011-05-31 07:00:00,341.570337324457
2011-05-31 08:00:00,535.121368611725
2011-05-31 09:00:00,245.218347240186
2011-05-31 10:00:00,128.775878738965
2011-05-31 11:00:00,131.452635518885
2011-05-31 12:00:00,177.09519551263
2011-05-31 13:00:00,155.356080397987
2011-05-31 14:00:00,151.514902546866
2011-05-31 15:00:00,175.782409578123
2011-05-31 16:00:00,237.841733987348
2011-05-31 17:00:00,518.039559153708
2011-05-31 18:00:00,502.997958209482
2011-05-31 19:00:00,423.923052252949
2011-05-31 20:00:00,291.126360975359
2011-05-31 21:00:00,233.522219218221
2011-05-31 22:00:00,182.555751910913
2011-05-31 23:00:00,96.0471761311238
2011-06-20 00:00:00,36.482358520361
2011-06-20 01:00:00,15.8192748841371
2011-06-20 02:00:00,8.21735184465288
2011-06-20 03:00:00,4.44782270708357
2011-06-20 04:00:00,4.53110167771243
2011-06-20 05:00:00,26.0139506699805
2011-06-20 06:00:00,111.533718457365
2011-06-20 07:00:00,178.6179705504
2011-06-20 08:00:00,342.899202159284
2011-06-20 09:00:00,285.411826368548
2011-06-20 10:00:00,145.567896580686
2011-06-20 11:00:00,170.075357737894
2011-06-20 12:00:00,211.812974299999
2011-06-20 13:00:00,232.579404700703
2011-06-20 14:00:00,225.616837746412
2011-06-20 15:00:00,232.81116134502
2011-06-20 16:00:00,372.886429310673
2011-06-20 17:00:00,680.156726635422
2011-06-20 18:00:00,660.700694096327
2011-06-20 19:00:00,467.376332615975
2011-06-20 20:00:00,310.458582551262
2011-06-20 21:00:00,229.403861035436
2011-06-20 22:00:00,174.127434838648
2011-06-20 23:00:00,117.461666811876
2011-06-21 00:00:00,46.116350302267
2011-06-21 01:00:00,19.4424647736451
2011-06-21 02:00:00,7.36820283299526
2011-06-21 03:00:00,4.74889063073923
2011-06-21 04:00:00,5.55193813304643
2011-06-21 05:00:00,26.7706168039965
2011-06-21 06:00:00,112.934631744963
2011-06-21 07:00:00,223.32798367338
2011-06-21 08:00:00,526.265310204
2011-06-21 09:00:00,250.209499417056
2011-06-21 10:00:00,134.586509472574
2011-06-21 11:00:00,155.980760488816
2011-06-21 12:00:00,204.864206223945
2011-06-21 13:00:00,231.350947692448
2011-06-21 14:00:00,214.427303329202
2011-06-21 15:00:00,221.614192971093
2011-06-21 16:00:00,343.663347128229
2011-06-21 17:00:00,668.291132633407
2011-06-21 18:00:00,625.454600205616
2011-06-21 19:00:00,432.647168527385
2011-06-21 20:00:00,247.351477355601
2011-06-21 21:00:00,253.195614312646
2011-06-21 22:00:00,167.793722870362
2011-06-21 23:00:00,123.529432506767
2011-06-22 00:00:00,47.2278873752484
2011-06-22 01:00:00,20.095829740073
2011-06-22 02:00:00,9.91163567873765
2011-06-22 03:00:00,6.1983298018782
2011-06-22 04:00:00,5.8883106211937
2011-06-22 05:00:00,28.1323879975463
2011-06-22 06:00:00,127.90891106821
2011-06-22 07:00:00,342.000095405453
2011-06-22 08:00:00,594.120539771216
2011-06-22 09:00:00,273.141181634382
2011-06-22 10:00:00,163.61147832788
2011-06-22 11:00:00,175.070781730886
2011-06-22 12:00:00,234.923046474294
2011-06-22 13:00:00,228.313170770637
2011-06-22 14:00:00,227.318653718695
2011-06-22 15:00:00,214.929732366329
2011-06-22 16:00:00,317.431211436849
2011-06-22 17:00:00,659.239737968377
2011-06-22 18:00:00,628.011790261982
2011-06-22 19:00:00,482.712719165399
2011-06-22 20:00:00,321.069311189116
2011-06-22 21:00:00,220.69210733489
2011-06-22 22:00:00,171.908196151965
2011-06-22 23:00:00,109.342815331567
2011-06-23 00:00:00,43.7750916805741
2011-06-23 01:00:00,19.7994607006205
2011-06-23 02:00:00,10.1776046305423
2011-06-23 03:00:00,6.21103766711796
2011-06-23 04:00:00,6.41966756138617
2011-06-23 05:00:00,32.1847664843707
2011-06-23 06:00:00,141.455839653965
2011-06-23 07:00:00,369.090898215889
2011-06-23 08:00:00,611.66449273255
2011-06-23 09:00:00,299.657733582983
2011-06-23 10:00:00,170.622369012474
2011-06-23 11:00:00,140.361672558963
2011-06-23 12:00:00,222.543504696672
2011-06-23 13:00:00,219.672260307677
2011-06-23 14:00:00,205.923235281284
2011-06-23 15:00:00,233.263556924289
2011-06-23 16:00:00,325.239380180528
2011-06-23 17:00:00,556.575431970801
2011-06-23 18:00:00,544.333199975861
2011-06-23 19:00:00,411.470626037722
2011-06-23 20:00:00,322.081507430982
2011-06-23 21:00:00,243.703483792772
2011-06-23 22:00:00,184.806866637271
2011-06-23 23:00:00,117.978901734769
2011-06-24 00:00:00,46.2769888714658
2011-06-24 01:00:00,15.0027588972678
2011-06-24 02:00:00,7.87902709878763
2011-06-24 03:00:00,6.17331563548979
2011-06-24 04:00:00,6.31736158967571
2011-06-24 05:00:00,29.3778262142861
2011-06-24 06:00:00,133.299033777189
2011-06-24 07:00:00,356.490533225883
2011-06-24 08:00:00,580.011483844716
2011-06-24 09:00:00,280.043131781345
2011-06-24 10:00:00,156.58555912436
2011-06-24 11:00:00,179.446481348056
2011-06-24 12:00:00,231.48429869995
2011-06-24 13:00:00,237.996476534224
2011-06-24 14:00:00,209.656389202891
2011-06-24 15:00:00,232.074257537914
2011-06-24 16:00:00,352.912996090418
2011-06-24 17:00:00,728.115412920312
2011-06-24 18:00:00,638.444407167377
2011-06-24 19:00:00,514.285637103288
2011-06-24 20:00:00,384.838016762476
2011-06-24 21:00:00,277.211340019771
2011-06-24 22:00:00,213.857061560314
2011-06-24 23:00:00,136.830386245841
2011-06-25 00:00:00,168.087462919332
2011-06-25 01:00:00,123.68716126327
2011-06-25 02:00:00,86.7235310799284
2011-06-25 03:00:00,37.4991634234783
2011-06-25 04:00:00,10.3440626786922
2011-06-25 05:00:00,10.4874153408525
2011-06-25 06:00:00,19.5821374726892
2011-06-25 07:00:00,48.6617221709493
2011-06-25 08:00:00,119.980759307195
2011-06-25 09:00:00,243.129079264595
2011-06-25 10:00:00,394.86031433657
2011-06-25 11:00:00,463.784476755118
2011-06-25 12:00:00,586.116828800012
2011-06-25 13:00:00,564.411333773806
2011-06-25 14:00:00,489.305332891457
2011-06-25 15:00:00,545.364890716408
2011-06-25 16:00:00,502.964284031584
2011-06-25 17:00:00,496.624017001532
2011-06-25 18:00:00,449.431223045362
2011-06-25 19:00:00,310.405024858954
2011-06-25 20:00:00,285.798921449546
2011-06-25 21:00:00,234.422847045963
2011-06-25 22:00:00,209.702107426814
2011-06-25 23:00:00,134.158991649895
2011-06-26 00:00:00,158.031504974149
2011-06-26 01:00:00,126.347107293632
2011-06-26 02:00:00,86.1244538345833
2011-06-26 03:00:00,38.2109767275139
2011-06-26 04:00:00,10.8626945350668
2011-06-26 05:00:00,10.0403613987928
2011-06-26 06:00:00,19.8735302472623
2011-06-26 07:00:00,52.0323009536856
2011-06-26 08:00:00,113.576520646382
2011-06-26 09:00:00,231.804782786699
2011-06-26 10:00:00,342.479666083372
2011-06-26 11:00:00,496.39676113665
2011-06-26 12:00:00,626.434247756463
2011-06-26 13:00:00,610.683099568774
2011-06-26 14:00:00,587.565123910327
2011-06-26 15:00:00,613.37606160031
2011-06-26 16:00:00,578.118004726393
2011-06-26 17:00:00,568.476464891329
2011-06-26 18:00:00,465.125933566271
2011-06-26 19:00:00,354.419874013215
2011-06-26 20:00:00,295.064894918161
2011-06-26 21:00:00,249.351118304099
2011-06-26 22:00:00,193.264120042405
2011-06-26 23:00:00,159.143909846978
2011-06-27 00:00:00,36.0385702108437
2011-06-27 01:00:00,19.3530861012531
2011-06-27 02:00:00,9.80886878163977
2011-06-27 03:00:00,5.43054720752335
2011-06-27 04:00:00,5.96796533103541
2011-06-27 05:00:00,30.8486666586725
2011-06-27 06:00:00,133.935037440328
2011-06-27 07:00:00,364.006120685898
2011-06-27 08:00:00,593.076656937964
2011-06-27 09:00:00,317.128780905109
2011-06-27 10:00:00,182.459490680125
2011-06-27 11:00:00,192.500490280999
2011-06-27 12:00:00,258.671672230257
2011-06-27 13:00:00,233.616121858803
2011-06-27 14:00:00,224.379481279347
2011-06-27 15:00:00,228.000447153078
2011-06-27 16:00:00,330.045935955122
2011-06-27 17:00:00,632.611792621009
2011-06-27 18:00:00,631.208672286886
2011-06-27 19:00:00,471.978525499267
2011-06-27 20:00:00,349.182393199186
2011-06-27 21:00:00,261.547755838175
2011-06-27 22:00:00,194.664101902941
2011-06-27 23:00:00,121.962127330865
2011-06-28 00:00:00,46.6933171671819
2011-06-28 01:00:00,19.7992111394657
2011-06-28 02:00:00,10.4111244250703
2011-06-28 03:00:00,6.42746554136209
2011-06-28 04:00:00,6.35540169097672
2011-06-28 05:00:00,31.0853214277052
2011-06-28 06:00:00,132.789551435899
2011-06-28 07:00:00,355.693277235954
2011-06-28 08:00:00,576.727161746212
2011-06-28 09:00:00,285.452973154604
2011-06-28 10:00:00,165.789851395916
2011-06-28 11:00:00,180.45290634176
2011-06-28 12:00:00,229.18446594249
2011-06-28 13:00:00,239.559923754733
2011-06-28 14:00:00,215.278800793166
2011-06-28 15:00:00,227.913051865669
2011-06-28 16:00:00,311.378113560317
2011-06-28 17:00:00,488.470234570999
2011-06-28 18:00:00,463.546173610268
2011-06-28 19:00:00,446.468832705424
2011-06-28 20:00:00,343.144580162991
2011-06-28 21:00:00,252.308709335092
2011-06-28 22:00:00,188.23110535496
2011-06-28 23:00:00,120.051305180358
2011-06-29 00:00:00,43.2131244115915
2011-06-29 01:00:00,18.276896420406
2011-06-29 02:00:00,8.61802593792693
2011-06-29 03:00:00,6.20911919872984
2011-06-29 04:00:00,6.41125047709752
2011-06-29 05:00:00,30.4715524619146
2011-06-29 06:00:00,122.729837737005
2011-06-29 07:00:00,383.102038910797
2011-06-29 08:00:00,536.939920424615
2011-06-29 09:00:00,298.616036569824
2011-06-29 10:00:00,166.342351057808
2011-06-29 11:00:00,198.44017308627
2011-06-29 12:00:00,254.686988839741
2011-06-29 13:00:00,218.828311935911
2011-06-29 14:00:00,218.455721387263
2011-06-29 15:00:00,222.309110842176
2011-06-29 16:00:00,331.876456444886
2011-06-29 17:00:00,628.574594154374
2011-06-29 18:00:00,564.779323308971
2011-06-29 19:00:00,483.097916754909
2011-06-29 20:00:00,365.029706774137
2011-06-29 21:00:00,293.353670611906
2011-06-29 22:00:00,228.599873956664
2011-06-29 23:00:00,137.731068027679
2011-06-30 00:00:00,45.8692259412927
2011-06-30 01:00:00,21.8397684364699
2011-06-30 02:00:00,10.6320602131379
2011-06-30 03:00:00,6.60896569920059
2011-06-30 04:00:00,7.06162547787546
2011-06-30 05:00:00,33.4588636692892
2011-06-30 06:00:00,133.947431677115
2011-06-30 07:00:00,349.681480283409
2011-06-30 08:00:00,565.490724392052
2011-06-30 09:00:00,315.495515361497
2011-06-30 10:00:00,180.237968565015
2011-06-30 11:00:00,224.514874546183
2011-06-30 12:00:00,262.612362390664
2011-06-30 13:00:00,244.245933056496
2011-06-30 14:00:00,223.666246843315
2011-06-30 15:00:00,237.833212796842
2011-06-30 16:00:00,346.26861744846
2011-06-30 17:00:00,617.214074368884
2011-06-30 18:00:00,646.342482508474
2011-06-30 19:00:00,501.236959037101
2011-06-30 20:00:00,377.349476499532
2011-06-30 21:00:00,300.947855259739
2011-06-30 22:00:00,232.786755900612
2011-06-30 23:00:00,139.15230181247
2011-07-20 00:00:00,39.4496725781043
2011-07-20 01:00:00,16.0358599931867
2011-07-20 02:00:00,8.36326102689088
2011-07-20 03:00:00,6.06097956275232
2011-07-20 04:00:00,6.34863983537616
2011-07-20 05:00:00,32.0653377546818
2011-07-20 06:00:00,131.210768597918
2011-07-20 07:00:00,352.30491537839
2011-07-20 08:00:00,583.381459741977
2011-07-20 09:00:00,299.859081399852
2011-07-20 10:00:00,168.920720231496
2011-07-20 11:00:00,184.957830466207
2011-07-20 12:00:00,219.763829819113
2011-07-20 13:00:00,199.743634221743
2011-07-20 14:00:00,179.245526940786
2011-07-20 15:00:00,217.818876435792
2011-07-20 16:00:00,313.378317268582
2011-07-20 17:00:00,545.887993176865
2011-07-20 18:00:00,531.938371044688
2011-07-20 19:00:00,352.467569426572
2011-07-20 20:00:00,279.033920453134
2011-07-20 21:00:00,266.287873708725
2011-07-20 22:00:00,207.844614650323
2011-07-20 23:00:00,120.665340051935
2011-07-21 00:00:00,44.8759850750322
2011-07-21 01:00:00,16.2930019544999
2011-07-21 02:00:00,8.63444655427441
2011-07-21 03:00:00,6.14907708916455
2011-07-21 04:00:00,6.46966108766676
2011-07-21 05:00:00,31.0486021107451
2011-07-21 06:00:00,135.370994077781
2011-07-21 07:00:00,355.368859714975
2011-07-21 08:00:00,580.78808273606
2011-07-21 09:00:00,263.41314478055
2011-07-21 10:00:00,142.109049476547
2011-07-21 11:00:00,162.072681094916
2011-07-21 12:00:00,162.716789518452
2011-07-21 13:00:00,158.704794989247
2011-07-21 14:00:00,159.497575744229
2011-07-21 15:00:00,179.844113498462
2011-07-21 16:00:00,253.893874823355
2011-07-21 17:00:00,486.395498549716
2011-07-21 18:00:00,465.959696885717
2011-07-21 19:00:00,313.683176811387
2011-07-21 20:00:00,246.756787210908
2011-07-21 21:00:00,197.252188497619
2011-07-21 22:00:00,154.58453207555
2011-07-21 23:00:00,117.895175266224
2011-07-22 00:00:00,47.0805171953111
2011-07-22 01:00:00,19.5452445535425
2011-07-22 02:00:00,9.23433787029947
2011-07-22 03:00:00,5.99601091852746
2011-07-22 04:00:00,6.53563091897674
2011-07-22 05:00:00,31.8037905180964
2011-07-22 06:00:00,134.437332051953
2011-07-22 07:00:00,359.091626661666
2011-07-22 08:00:00,553.829306814114
2011-07-22 09:00:00,259.906049051063
2011-07-22 10:00:00,148.382565696213
2011-07-22 11:00:00,169.941529014128
2011-07-22 12:00:00,188.591269601884
2011-07-22 13:00:00,177.957001093505
2011-07-22 14:00:00,154.137283018458
2011-07-22 15:00:00,160.792661936817
2011-07-22 16:00:00,222.700653491315
2011-07-22 17:00:00,546.875480887814
2011-07-22 18:00:00,621.297474820879
2011-07-22 19:00:00,524.011798548318
2011-07-22 20:00:00,328.678197044206
2011-07-22 21:00:00,263.070091288569
2011-07-22 22:00:00,230.109266977286
2011-07-22 23:00:00,135.320712296508
2011-07-23 00:00:00,132.425684194079
2011-07-23 01:00:00,113.083562079301
2011-07-23 02:00:00,82.7251582552726
2011-07-23 03:00:00,38.2744705316486
2011-07-23 04:00:00,10.6992752926067
2011-07-23 05:00:00,10.4660546633431
2011-07-23 06:00:00,20.1484296736523
2011-07-23 07:00:00,50.86421916966
2011-07-23 08:00:00,109.123013750771
2011-07-23 09:00:00,201.840734335489
2011-07-23 10:00:00,332.971787044229
2011-07-23 11:00:00,392.75871302632
2011-07-23 12:00:00,433.776373414451
2011-07-23 13:00:00,418.484226601993
2011-07-23 14:00:00,378.995552331631
2011-07-23 15:00:00,412.335761391762
2011-07-23 16:00:00,428.227253537695
2011-07-23 17:00:00,384.592870434462
2011-07-23 18:00:00,312.523463953966
2011-07-23 19:00:00,325.541196510437
2011-07-23 20:00:00,254.870950613379
2011-07-23 21:00:00,212.620747477923
2011-07-23 22:00:00,193.284999504083
2011-07-23 23:00:00,146.106519714694
2011-07-24 00:00:00,146.307007767639
2011-07-24 01:00:00,111.844086430139
2011-07-24 02:00:00,81.6659337716826
2011-07-24 03:00:00,37.300169725982
2011-07-24 04:00:00,10.8738813152958
2011-07-24 05:00:00,10.1965227266016
2011-07-24 06:00:00,19.3506747750934
2011-07-24 07:00:00,50.4262729627772
2011-07-24 08:00:00,97.2192980052482
2011-07-24 09:00:00,181.283474796833
2011-07-24 10:00:00,286.512408223217
2011-07-24 11:00:00,379.156689668569
2011-07-24 12:00:00,421.732103983016
2011-07-24 13:00:00,493.025798825005
2011-07-24 14:00:00,402.551660445091
2011-07-24 15:00:00,412.249205052819
2011-07-24 16:00:00,409.468078225438
2011-07-24 17:00:00,413.058266134416
2011-07-24 18:00:00,382.37448432942
2011-07-24 19:00:00,348.776489847421
2011-07-24 20:00:00,273.167326236005
2011-07-24 21:00:00,227.380007519363
2011-07-24 22:00:00,194.116963712329
2011-07-24 23:00:00,130.975983501776
2011-07-25 00:00:00,48.3855546128477
2011-07-25 01:00:00,18.7177898922107
2011-07-25 02:00:00,9.9667304292787
2011-07-25 03:00:00,5.91801984267834
2011-07-25 04:00:00,6.48809111995004
2011-07-25 05:00:00,30.9191425943386
2011-07-25 06:00:00,132.008586895052
2011-07-25 07:00:00,351.705690521008
2011-07-25 08:00:00,569.852926601303
2011-07-25 09:00:00,262.246430135171
2011-07-25 10:00:00,151.468243768451
2011-07-25 11:00:00,178.150108821375
2011-07-25 12:00:00,199.690033260215
2011-07-25 13:00:00,201.69882619764
2011-07-25 14:00:00,166.720625015389
2011-07-25 15:00:00,153.511974379776
2011-07-25 16:00:00,261.483363272792
2011-07-25 17:00:00,577.509082700025
2011-07-25 18:00:00,564.8517503396
2011-07-25 19:00:00,438.340580661682
2011-07-25 20:00:00,321.630397720611
2011-07-25 21:00:00,207.614407343864
2011-07-25 22:00:00,165.293543779076
2011-07-25 23:00:00,108.514042511973
2011-07-26 00:00:00,45.7170281865991
2011-07-26 01:00:00,19.5585547225335
2011-07-26 02:00:00,8.52997208140177
2011-07-26 03:00:00,6.00792906306186
2011-07-26 04:00:00,6.06045896744051
2011-07-26 05:00:00,28.7067331817844
2011-07-26 06:00:00,135.727904372524
2011-07-26 07:00:00,329.172530392689
2011-07-26 08:00:00,532.675535397314
2011-07-26 09:00:00,297.434402092345
2011-07-26 10:00:00,157.137900243142
2011-07-26 11:00:00,176.715657419207
2011-07-26 12:00:00,223.935945042744
2011-07-26 13:00:00,221.054812640956
2011-07-26 14:00:00,194.947496289132
2011-07-26 15:00:00,207.527289549797
2011-07-26 16:00:00,355.729888549482
2011-07-26 17:00:00,660.250780838144
2011-07-26 18:00:00,623.308242822992
2011-07-26 19:00:00,447.481133450381
2011-07-26 20:00:00,323.614559085077
2011-07-26 21:00:00,257.810366177381
2011-07-26 22:00:00,215.359394586801
2011-07-26 23:00:00,141.837866967976
2011-07-27 00:00:00,48.7247567157383
2011-07-27 01:00:00,17.7087153749533
2011-07-27 02:00:00,9.01760697000088
2011-07-27 03:00:00,6.45859475818689
2011-07-27 04:00:00,6.24941422731981
2011-07-27 05:00:00,32.5266416567147
2011-07-27 06:00:00,142.552552488027
2011-07-27 07:00:00,344.022448204129
2011-07-27 08:00:00,576.160465162761
2011-07-27 09:00:00,295.985847034529
2011-07-27 10:00:00,172.995742829633
2011-07-27 11:00:00,189.646972230553
2011-07-27 12:00:00,211.653587203163
2011-07-27 13:00:00,209.724822058033
2011-07-27 14:00:00,206.403130762843
2011-07-27 15:00:00,216.481600526455
2011-07-27 16:00:00,363.224311386506
2011-07-27 17:00:00,653.608308238063
2011-07-27 18:00:00,638.246546680182
2011-07-27 19:00:00,451.517200026703
2011-07-27 20:00:00,353.070531513295
2011-07-27 21:00:00,271.587175275887
2011-07-27 22:00:00,211.484262791165
2011-07-27 23:00:00,142.497691179997
2011-07-28 00:00:00,49.7563151800247
2011-07-28 01:00:00,19.334611535575
2011-07-28 02:00:00,10.9450896681306
2011-07-28 03:00:00,6.67374562266895
2011-07-28 04:00:00,6.72121448293941
2011-07-28 05:00:00,32.7482455965999
2011-07-28 06:00:00,142.733038456397
2011-07-28 07:00:00,372.676276310419
2011-07-28 08:00:00,590.716658832019
2011-07-28 09:00:00,275.898507511661
2011-07-28 10:00:00,147.354882456148
2011-07-28 11:00:00,155.483107267871
2011-07-28 12:00:00,225.330765046929
2011-07-28 13:00:00,209.866578946893
2011-07-28 14:00:00,221.316102951023
2011-07-28 15:00:00,209.116029290293
2011-07-28 16:00:00,346.275977803221
2011-07-28 17:00:00,642.833445878268
2011-07-28 18:00:00,562.250354386642
2011-07-28 19:00:00,443.011897389225
2011-07-28 20:00:00,347.088997131844
2011-07-28 21:00:00,253.658428343953
2011-07-28 22:00:00,207.752961349915
2011-07-28 23:00:00,123.973963467974
2011-07-29 00:00:00,44.3781699372241
2011-07-29 01:00:00,19.4009941966428
2011-07-29 02:00:00,9.61089322604816
2011-07-29 03:00:00,5.82230190714231
2011-07-29 04:00:00,6.43927115428995
2011-07-29 05:00:00,29.8791512432624
2011-07-29 06:00:00,134.579298930014
2011-07-29 07:00:00,359.632292180053
2011-07-29 08:00:00,598.29209501023
2011-07-29 09:00:00,256.26620969099
2011-07-29 10:00:00,141.612778674491
2011-07-29 11:00:00,159.82868687844
2011-07-29 12:00:00,171.60382843441
2011-07-29 13:00:00,190.017549860241
2011-07-29 14:00:00,158.469781721945
2011-07-29 15:00:00,169.460557345625
2011-07-29 16:00:00,252.369092854362
2011-07-29 17:00:00,460.029455903561
2011-07-29 18:00:00,473.86840357098
2011-07-29 19:00:00,382.617976459142
2011-07-29 20:00:00,319.248056724453
2011-07-29 21:00:00,263.082513800926
2011-07-29 22:00:00,210.690077701874
2011-07-29 23:00:00,141.162574130134
2011-07-30 00:00:00,132.537496219459
2011-07-30 01:00:00,109.338665114376
2011-07-30 02:00:00,79.2000539413206
2011-07-30 03:00:00,36.853287339954
2011-07-30 04:00:00,10.2080708251964
2011-07-30 05:00:00,9.68377801897917
2011-07-30 06:00:00,19.2817227495648
2011-07-30 07:00:00,49.7016808151471
2011-07-30 08:00:00,110.941906514591
2011-07-30 09:00:00,196.043609469035
2011-07-30 10:00:00,323.219339715988
2011-07-30 11:00:00,424.018608491115
2011-07-30 12:00:00,548.185475148505
2011-07-30 13:00:00,499.915382846914
2011-07-30 14:00:00,457.285931330213
2011-07-30 15:00:00,491.198405154281
2011-07-30 16:00:00,479.169314938959
2011-07-30 17:00:00,432.107712920941
2011-07-30 18:00:00,378.353213345095
2011-07-30 19:00:00,387.727831131075
2011-07-30 20:00:00,290.335471567384
2011-07-30 21:00:00,225.99585281974
2011-07-30 22:00:00,188.169690584114
2011-07-30 23:00:00,135.715294867664
2011-07-31 00:00:00,136.884751265539
2011-07-31 01:00:00,110.754075568517
2011-07-31 02:00:00,82.1393017474442
2011-07-31 03:00:00,36.1252327780048
2011-07-31 04:00:00,10.649916732845
2011-07-31 05:00:00,9.10500727982596
2011-07-31 06:00:00,20.1814349059043
2011-07-31 07:00:00,50.4948294458816
2011-07-31 08:00:00,102.968535428111
2011-07-31 09:00:00,198.875083253394
2011-07-31 10:00:00,358.199482735515
2011-07-31 11:00:00,403.291695018738
2011-07-31 12:00:00,513.475602042151
2011-07-31 13:00:00,521.95091905288
2011-07-31 14:00:00,488.818740812096
2011-07-31 15:00:00,411.070141671505
2011-07-31 16:00:00,398.779644049506
2011-07-31 17:00:00,370.579408257285
2011-07-31 18:00:00,372.807372617953
2011-07-31 19:00:00,295.808178084588
2011-07-31 20:00:00,241.998818957605
2011-07-31 21:00:00,206.444913990746
2011-07-31 22:00:00,169.821381650708
2011-07-31 23:00:00,131.573053620114
2011-08-20 00:00:00,123.557907639225
2011-08-20 01:00:00,94.9688402103179
2011-08-20 02:00:00,77.1715169575672
2011-08-20 03:00:00,36.4480683706988
2011-08-20 04:00:00,8.58628026469138
2011-08-20 05:00:00,9.46891668045986
2011-08-20 06:00:00,17.4972168309672
2011-08-20 07:00:00,46.4347506539768
2011-08-20 08:00:00,110.83458768188
2011-08-20 09:00:00,209.97261937842
2011-08-20 10:00:00,332.993843191445
2011-08-20 11:00:00,405.302447263375
2011-08-20 12:00:00,493.245422614534
2011-08-20 13:00:00,454.232812195317
2011-08-20 14:00:00,455.869056847132
2011-08-20 15:00:00,522.627878125952
2011-08-20 16:00:00,496.028022209146
2011-08-20 17:00:00,440.022798771521
2011-08-20 18:00:00,377.644116160457
2011-08-20 19:00:00,326.58824154635
2011-08-20 20:00:00,249.639933442388
2011-08-20 21:00:00,204.031141078118
2011-08-20 22:00:00,162.537158995594
2011-08-20 23:00:00,126.874700050066
2011-08-21 00:00:00,147.13505247808
2011-08-21 01:00:00,114.016150127837
2011-08-21 02:00:00,83.5561630569081
2011-08-21 03:00:00,37.007894265897
2011-08-21 04:00:00,10.6640580095572
2011-08-21 05:00:00,7.71425940079288
2011-08-21 06:00:00,17.6069259575314
2011-08-21 07:00:00,48.0522936689074
2011-08-21 08:00:00,113.432065413601
2011-08-21 09:00:00,198.115344301645
2011-08-21 10:00:00,323.206194038508
2011-08-21 11:00:00,367.365607220218
2011-08-21 12:00:00,432.581503035275
2011-08-21 13:00:00,457.963740476644
2011-08-21 14:00:00,284.137072752938
2011-08-21 15:00:00,353.777975297345
2011-08-21 16:00:00,370.654559390948
2011-08-21 17:00:00,351.29433121561
2011-08-21 18:00:00,302.947371588097
2011-08-21 19:00:00,305.934791158691
2011-08-21 20:00:00,218.442311085967
2011-08-21 21:00:00,181.43715062637
2011-08-21 22:00:00,147.819182496783
2011-08-21 23:00:00,123.934664842824
2011-08-22 00:00:00,47.9510132493438
2011-08-22 01:00:00,19.511536260117
2011-08-22 02:00:00,10.3414977568152
2011-08-22 03:00:00,6.13051649618664
2011-08-22 04:00:00,6.51407861708668
2011-08-22 05:00:00,30.715716396011
2011-08-22 06:00:00,127.517038953915
2011-08-22 07:00:00,341.269020787992
2011-08-22 08:00:00,541.784847556017
2011-08-22 09:00:00,300.367746443968
2011-08-22 10:00:00,155.287883286548
2011-08-22 11:00:00,199.221414655298
2011-08-22 12:00:00,250.653130031756
2011-08-22 13:00:00,237.46623100677
2011-08-22 14:00:00,217.352486427953
2011-08-22 15:00:00,222.061202370634
2011-08-22 16:00:00,365.360919396234
2011-08-22 17:00:00,663.319900478819
2011-08-22 18:00:00,620.085073908758
2011-08-22 19:00:00,455.776660469113
2011-08-22 20:00:00,382.390396106268
2011-08-22 21:00:00,288.215387144084
2011-08-22 22:00:00,217.3098135191
2011-08-22 23:00:00,146.555713467004
2011-08-23 00:00:00,46.2167639100427
2011-08-23 01:00:00,19.7573838150743
2011-08-23 02:00:00,11.9957107298359
2011-08-23 03:00:00,6.88022334409643
2011-08-23 04:00:00,6.8144735166743
2011-08-23 05:00:00,32.1866252557099
2011-08-23 06:00:00,140.667574225834
2011-08-23 07:00:00,346.536340100364
2011-08-23 08:00:00,593.267672171491
2011-08-23 09:00:00,330.736253708022
2011-08-23 10:00:00,186.62747629415
2011-08-23 11:00:00,216.470933838743
2011-08-23 12:00:00,276.794665198714
2011-08-23 13:00:00,243.88881269629
2011-08-23 14:00:00,229.795556822335
2011-08-23 15:00:00,246.011234854329
2011-08-23 16:00:00,398.592429844929
2011-08-23 17:00:00,756.672149617365
2011-08-23 18:00:00,710.273506298516
2011-08-23 19:00:00,466.393966832041
2011-08-23 20:00:00,372.015634711701
2011-08-23 21:00:00,265.062686894247
2011-08-23 22:00:00,214.863825725636
2011-08-23 23:00:00,133.654487600116
2011-08-24 00:00:00,47.2511113647126
2011-08-24 01:00:00,19.8655899827464
2011-08-24 02:00:00,9.72360605198524
2011-08-24 03:00:00,6.26253181405181
2011-08-24 04:00:00,6.81936279021975
2011-08-24 05:00:00,32.6066817632986
2011-08-24 06:00:00,137.980105977136
2011-08-24 07:00:00,362.970773910419
2011-08-24 08:00:00,559.152800853551
2011-08-24 09:00:00,266.142086953601
2011-08-24 10:00:00,151.668427654296
2011-08-24 11:00:00,178.140119449406
2011-08-24 12:00:00,207.580739781847
2011-08-24 13:00:00,217.928235086017
2011-08-24 14:00:00,207.373792294296
2011-08-24 15:00:00,222.127304913137
2011-08-24 16:00:00,340.201180476169
2011-08-24 17:00:00,621.471546171845
2011-08-24 18:00:00,559.696701683239
2011-08-24 19:00:00,414.013445738535
2011-08-24 20:00:00,323.094912336938
2011-08-24 21:00:00,254.105148561235
2011-08-24 22:00:00,202.673840202483
2011-08-24 23:00:00,118.22476736534
2011-08-25 00:00:00,45.2496662994317
2011-08-25 01:00:00,17.6977537822578
2011-08-25 02:00:00,9.45703175300896
2011-08-25 03:00:00,5.88686107460002
2011-08-25 04:00:00,6.1392136549006
2011-08-25 05:00:00,28.6327075098254
2011-08-25 06:00:00,119.638395939507
2011-08-25 07:00:00,330.256744282348
2011-08-25 08:00:00,555.181843538559
2011-08-25 09:00:00,270.928899842721
2011-08-25 10:00:00,152.803320403164
2011-08-25 11:00:00,104.373602961652
2011-08-25 12:00:00,121.49559796638
2011-08-25 13:00:00,173.664583709092
2011-08-25 14:00:00,195.456198184021
2011-08-25 15:00:00,213.253588969646
2011-08-25 16:00:00,257.708111907023
2011-08-25 17:00:00,500.116566452015
2011-08-25 18:00:00,514.412689557075
2011-08-25 19:00:00,385.84113256502
2011-08-25 20:00:00,284.679707478554
2011-08-25 21:00:00,226.335271866719
2011-08-25 22:00:00,138.291625236397
2011-08-25 23:00:00,92.9988044181799
2011-08-26 00:00:00,38.4476856687934
2011-08-26 01:00:00,15.9919527360794
2011-08-26 02:00:00,7.82823560219241
2011-08-26 03:00:00,6.02844057324989
2011-08-26 04:00:00,5.75236299423163
2011-08-26 05:00:00,27.8387804751045
2011-08-26 06:00:00,118.01247536773
2011-08-26 07:00:00,341.614085519815
2011-08-26 08:00:00,576.948485381934
2011-08-26 09:00:00,278.460436418133
2011-08-26 10:00:00,163.385610605178
2011-08-26 11:00:00,198.394511409527
2011-08-26 12:00:00,239.141730371215
2011-08-26 13:00:00,237.366291305139
2011-08-26 14:00:00,208.660975003672
2011-08-26 15:00:00,229.411143747429
2011-08-26 16:00:00,356.398620608575
2011-08-26 17:00:00,586.931325680337
2011-08-26 18:00:00,599.055788287961
2011-08-26 19:00:00,374.356123562437
2011-08-26 20:00:00,276.212306819699
2011-08-26 21:00:00,216.05582085662
2011-08-26 22:00:00,174.308513061921
2011-08-26 23:00:00,109.584882382982
2011-08-27 00:00:00,133.431065493647
2011-08-27 01:00:00,101.140610399674
2011-08-27 02:00:00,76.6127158987721
2011-08-27 03:00:00,36.2638599629239
2011-08-27 04:00:00,9.94419722146964
2011-08-27 05:00:00,9.37756211243778
2011-08-27 06:00:00,18.0743767915709
2011-08-27 07:00:00,43.150128378724
2011-08-27 08:00:00,110.392846746201
2011-08-27 09:00:00,179.303114763192
2011-08-27 10:00:00,291.287251808312
2011-08-27 11:00:00,177.720618810483
2011-08-27 12:00:00,268.045803744266
2011-08-27 13:00:00,270.918974055311
2011-08-27 14:00:00,127.108368579722
2011-08-27 15:00:00,134.940495019436
2011-08-27 16:00:00,145.30995504235
2011-08-27 17:00:00,96.4981575678801
2011-08-28 07:00:00,33.4464661678665
2011-08-28 08:00:00,72.6423254086925
2011-08-28 09:00:00,195.476112368663
2011-08-28 10:00:00,302.0744898888
2011-08-28 11:00:00,397.070897200223
2011-08-28 12:00:00,489.208956646519
2011-08-28 13:00:00,496.869243900622
2011-08-28 14:00:00,482.338684354218
2011-08-28 15:00:00,500.076049901938
2011-08-28 16:00:00,523.247466003034
2011-08-28 17:00:00,466.035303912312
2011-08-28 18:00:00,435.937407125529
2011-08-28 19:00:00,339.131850597005
2011-08-28 20:00:00,318.867457191877
2011-08-28 21:00:00,235.734357228899
2011-08-28 22:00:00,173.721930592187
2011-08-28 23:00:00,123.160643198702
2011-08-29 00:00:00,47.4448521451939
2011-08-29 01:00:00,18.3478767578659
2011-08-29 02:00:00,9.54836249104455
2011-08-29 03:00:00,5.86828966178264
2011-08-29 04:00:00,6.19870395026779
2011-08-29 05:00:00,33.6659349575016
2011-08-29 06:00:00,140.326051438776
2011-08-29 07:00:00,351.306464352901
2011-08-29 08:00:00,570.641105738322
2011-08-29 09:00:00,300.652200226709
2011-08-29 10:00:00,168.766989449198
2011-08-29 11:00:00,200.027836169807
2011-08-29 12:00:00,287.492291372104
2011-08-29 13:00:00,285.138260235659
2011-08-29 14:00:00,243.342321238821
2011-08-29 15:00:00,262.399668409078
2011-08-29 16:00:00,399.161868199339
2011-08-29 17:00:00,707.145169365318
2011-08-29 18:00:00,665.967593817676
2011-08-29 19:00:00,470.789695781984
2011-08-29 20:00:00,387.628049853572
2011-08-29 21:00:00,286.228242295786
2011-08-29 22:00:00,213.88696851106
2011-08-29 23:00:00,135.461216123207
2011-08-30 00:00:00,49.0803307294347
2011-08-30 01:00:00,19.3895624707998
2011-08-30 02:00:00,10.5847679895166
2011-08-30 03:00:00,6.56648293515846
2011-08-30 04:00:00,8.04114208695458
2011-08-30 05:00:00,38.5383060573427
2011-08-30 06:00:00,139.821607102706
2011-08-30 07:00:00,346.569858622919
2011-08-30 08:00:00,592.017574797185
2011-08-30 09:00:00,289.276549720141
2011-08-30 10:00:00,180.4700523314
2011-08-30 11:00:00,208.789548372162
2011-08-30 12:00:00,268.39696029189
2011-08-30 13:00:00,263.383995275662
2011-08-30 14:00:00,242.900426653734
2011-08-30 15:00:00,248.633832034725
2011-08-30 16:00:00,405.111574213595
2011-08-30 17:00:00,753.361190390835
2011-08-30 18:00:00,701.973730367608
2011-08-30 19:00:00,481.225031132962
2011-08-30 20:00:00,354.513325228495
2011-08-30 21:00:00,260.907546698044
2011-08-30 22:00:00,208.129336078824
2011-08-30 23:00:00,135.719187616843
2011-08-31 00:00:00,42.210343529101
2011-08-31 01:00:00,17.9094552032964
2011-08-31 02:00:00,10.0758423720669
2011-08-31 03:00:00,6.17826800505232
2011-08-31 04:00:00,6.58946061258068
2011-08-31 05:00:00,31.9399928416079
2011-08-31 06:00:00,134.808663418294
2011-08-31 07:00:00,346.495127908374
2011-08-31 08:00:00,541.812299579363
2011-08-31 09:00:00,267.632390323656
2011-08-31 10:00:00,186.271165769629
2011-08-31 11:00:00,215.482464254835
2011-08-31 12:00:00,260.172148959247
2011-08-31 13:00:00,270.426116251935
2011-08-31 14:00:00,248.327621280643
2011-08-31 15:00:00,266.690136795163
2011-08-31 16:00:00,388.280959277688
2011-08-31 17:00:00,756.214878425508
2011-08-31 18:00:00,642.32836686567
2011-08-31 19:00:00,477.812045253637
2011-08-31 20:00:00,352.98346335873
2011-08-31 21:00:00,275.729935791848
2011-08-31 22:00:00,188.525106173256
2011-08-31 23:00:00,106.399357647374
2011-09-20 00:00:00,41.0113333011257
2011-09-20 01:00:00,14.0248715684641
2011-09-20 02:00:00,7.19303053733956
2011-09-20 03:00:00,5.51799200928934
2011-09-20 04:00:00,6.31863870884469
2011-09-20 05:00:00,26.287077770274
2011-09-20 06:00:00,112.361667440198
2011-09-20 07:00:00,299.185134310619
2011-09-20 08:00:00,164.781780393716
2011-09-20 09:00:00,79.6391871065142
2011-09-20 10:00:00,56.8262518362677
2011-09-20 11:00:00,59.7109905469122
2011-09-20 12:00:00,97.1787001435854
2011-09-20 13:00:00,95.3926896287641
2011-09-20 14:00:00,129.98927387903
2011-09-20 15:00:00,191.647118017711
2011-09-20 16:00:00,222.177076911121
2011-09-20 17:00:00,445.250344251989
2011-09-20 18:00:00,451.520098516574
2011-09-20 19:00:00,306.597347778115
2011-09-20 20:00:00,171.502733277411
2011-09-20 21:00:00,134.601348567692
2011-09-20 22:00:00,105.103383226664
2011-09-20 23:00:00,83.9679237599362
2011-09-21 00:00:00,22.6783089797633
2011-09-21 01:00:00,11.2183521140251
2011-09-21 02:00:00,6.29403006725192
2011-09-21 03:00:00,4.05019749954772
2011-09-21 04:00:00,3.65352029643358
2011-09-21 05:00:00,16.5870693406263
2011-09-21 06:00:00,70.5121017287886
2011-09-21 07:00:00,194.377897459948
2011-09-21 08:00:00,302.513070706432
2011-09-21 09:00:00,145.139465590399
2011-09-21 10:00:00,113.800794944582
2011-09-21 11:00:00,132.608474842244
2011-09-21 12:00:00,196.708936056646
2011-09-21 13:00:00,203.812925714598
2011-09-21 14:00:00,188.441497800826
2011-09-21 15:00:00,203.668121862434
2011-09-21 16:00:00,317.956269965222
2011-09-21 17:00:00,447.815326042055
2011-09-21 18:00:00,276.810075457418
2011-09-21 19:00:00,114.715861742954
2011-09-21 20:00:00,85.2540309653062
2011-09-21 21:00:00,105.007813066557
2011-09-21 22:00:00,101.307130872448
2011-09-21 23:00:00,86.7276445536881
2011-09-22 00:00:00,27.6408510547801
2011-09-22 01:00:00,10.3301893647046
2011-09-22 02:00:00,5.76453155568849
2011-09-22 03:00:00,4.17177326065399
2011-09-22 04:00:00,4.23988833452521
2011-09-22 05:00:00,19.8580084729446
2011-09-22 06:00:00,83.2288999492571
2011-09-22 07:00:00,225.940532490601
2011-09-22 08:00:00,351.569370762393
2011-09-22 09:00:00,181.523997355644
2011-09-22 10:00:00,130.298272501494
2011-09-22 11:00:00,132.072362055287
2011-09-22 12:00:00,180.978055975431
2011-09-22 13:00:00,172.262461688918
2011-09-22 14:00:00,163.429312497942
2011-09-22 15:00:00,174.489443665707
2011-09-22 16:00:00,313.720371042832
2011-09-22 17:00:00,577.23036381197
2011-09-22 18:00:00,430.609209575503
2011-09-22 19:00:00,304.778280315272
2011-09-22 20:00:00,167.795016540466
2011-09-22 21:00:00,178.773704942289
2011-09-22 22:00:00,82.2947660170504
2011-09-22 23:00:00,75.8966309036885
2011-09-23 00:00:00,31.3471045902033
2011-09-23 01:00:00,10.6211901550594
2011-09-23 02:00:00,5.47240801868018
2011-09-23 03:00:00,4.12806628226198
2011-09-23 04:00:00,3.44305664811984
2011-09-23 05:00:00,31.797651708281
2011-09-23 06:00:00,133.747715064024
2011-09-23 07:00:00,197.802323117459
2011-09-23 08:00:00,328.149885722047
2011-09-23 09:00:00,107.598843180914
2011-09-23 10:00:00,55.8546647541853
2011-09-23 11:00:00,59.1734729231087
2011-09-23 12:00:00,103.707260125602
2011-09-23 13:00:00,63.3655196885102
2011-09-23 14:00:00,58.8893299837911
2011-09-23 15:00:00,101.09561589389
2011-09-23 16:00:00,160.796487462252
2011-09-23 17:00:00,341.908958374093
2011-09-23 18:00:00,329.836364852931
2011-09-23 19:00:00,363.276335491066
2011-09-23 20:00:00,242.196480452289
2011-09-23 21:00:00,139.009678767831
2011-09-23 22:00:00,149.375228919854
2011-09-23 23:00:00,95.0723886746805
2011-09-24 00:00:00,124.65065424241
2011-09-24 01:00:00,106.863978559977
2011-09-24 02:00:00,79.4003227504119
2011-09-24 03:00:00,41.8978936415183
2011-09-24 04:00:00,14.555124793703
2011-09-24 05:00:00,11.5373797440622
2011-09-24 06:00:00,23.6548313183651
2011-09-24 07:00:00,63.7325894472658
2011-09-24 08:00:00,165.638541474751
2011-09-24 09:00:00,277.929417253021
2011-09-24 10:00:00,398.632830474981
2011-09-24 11:00:00,466.961943910763
2011-09-24 12:00:00,542.893424662872
2011-09-24 13:00:00,518.06549898976
2011-09-24 14:00:00,513.664553276033
2011-09-24 15:00:00,541.36135973191
2011-09-24 16:00:00,531.010693108958
2011-09-24 17:00:00,478.260534959642
2011-09-24 18:00:00,390.369113568063
2011-09-24 19:00:00,321.615610187433
2011-09-24 20:00:00,244.939263058216
2011-09-24 21:00:00,203.286357075459
2011-09-24 22:00:00,188.004539149407
2011-09-24 23:00:00,124.520595753488
2011-09-25 00:00:00,157.555637612793
2011-09-25 01:00:00,123.185804971571
2011-09-25 02:00:00,58.1296636034822
2011-09-25 03:00:00,25.4287002033432
2011-09-25 04:00:00,8.93216652183585
2011-09-25 05:00:00,15.0639189801109
2011-09-25 06:00:00,27.6024315033824
2011-09-25 07:00:00,58.5818946183117
2011-09-25 08:00:00,169.620357576012
2011-09-25 09:00:00,298.187051793985
2011-09-25 10:00:00,434.947579873974
2011-09-25 11:00:00,454.474217007626
2011-09-25 12:00:00,573.01230808897
2011-09-25 13:00:00,575.479922587904
2011-09-25 14:00:00,524.244127197568
2011-09-25 15:00:00,557.151970227152
2011-09-25 16:00:00,570.18945453243
2011-09-25 17:00:00,481.470976887882
2011-09-25 18:00:00,411.229028242963
2011-09-25 19:00:00,314.471215106655
2011-09-25 20:00:00,247.737094008252
2011-09-25 21:00:00,207.578933220874
2011-09-25 22:00:00,178.193476863467
2011-09-25 23:00:00,146.802189944602
2011-09-26 00:00:00,32.7635017549606
2011-09-26 01:00:00,16.8767624933173
2011-09-26 02:00:00,8.12046325493352
2011-09-26 03:00:00,5.36035874302266
2011-09-26 04:00:00,6.89888974428766
2011-09-26 05:00:00,36.7590163817252
2011-09-26 06:00:00,132.48683109188
2011-09-26 07:00:00,341.871976892775
2011-09-26 08:00:00,578.487834601957
2011-09-26 09:00:00,306.621994985658
2011-09-26 10:00:00,167.040887825609
2011-09-26 11:00:00,178.454524636079
2011-09-26 12:00:00,201.630443275093
2011-09-26 13:00:00,255.332126380385
2011-09-26 14:00:00,236.681325195491
2011-09-26 15:00:00,258.653382639393
2011-09-26 16:00:00,410.518833768028
2011-09-26 17:00:00,722.437953322845
2011-09-26 18:00:00,483.625381336156
2011-09-26 19:00:00,339.955776138056
2011-09-26 20:00:00,270.082958869733
2011-09-26 21:00:00,211.340369478586
2011-09-26 22:00:00,160.082418794559
2011-09-26 23:00:00,122.514300541718
2011-09-27 00:00:00,33.9716478247774
2011-09-27 01:00:00,15.0216880058693
2011-09-27 02:00:00,7.84491138137195
2011-09-27 03:00:00,5.3782115407538
2011-09-27 04:00:00,5.4934718080434
2011-09-27 05:00:00,21.4790883164025
2011-09-27 06:00:00,133.783864533771
2011-09-27 07:00:00,328.931458821094
2011-09-27 08:00:00,710.28110547344
2011-09-27 09:00:00,202.025981391072
2011-09-27 10:00:00,85.4743893100774
2011-09-27 11:00:00,176.733924558721
2011-09-27 12:00:00,206.349365579463
2011-09-27 13:00:00,261.699587992699
2011-09-27 14:00:00,178.275855189674
2011-09-27 15:00:00,187.424358501211
2011-09-27 16:00:00,301.30839048576
2011-09-27 17:00:00,590.306618518928
2011-09-27 18:00:00,529.912909021647
2011-09-27 19:00:00,415.710503181534
2011-09-27 20:00:00,305.542113009762
2011-09-27 21:00:00,202.353300264837
2011-09-27 22:00:00,166.541560768071
2011-09-27 23:00:00,107.791812399898
2011-09-28 00:00:00,39.3812758188828
2011-09-28 01:00:00,16.7260631575015
2011-09-28 02:00:00,7.57240396444224
2011-09-28 03:00:00,4.69685158748294
2011-09-28 04:00:00,7.88959024085317
2011-09-28 05:00:00,28.6869173561115
2011-09-28 06:00:00,61.5085446108503
2011-09-28 07:00:00,170.443604449628
2011-09-28 08:00:00,288.165719705888
2011-09-28 09:00:00,141.350620683153
2011-09-28 10:00:00,147.530178470361
2011-09-28 11:00:00,169.189045672204
2011-09-28 12:00:00,204.554501645863
2011-09-28 13:00:00,243.436465265073
2011-09-28 14:00:00,260.976980651899
2011-09-28 15:00:00,246.365509564384
2011-09-28 16:00:00,416.924838357609
2011-09-28 17:00:00,780.233654890907
2011-09-28 18:00:00,435.05972922055
2011-09-28 19:00:00,319.224517592007
2011-09-28 20:00:00,176.184785882419
2011-09-28 21:00:00,128.191433917401
2011-09-28 22:00:00,164.386971658797
2011-09-28 23:00:00,112.219798659833
2011-09-29 00:00:00,28.5702282697548
2011-09-29 01:00:00,9.3875032148419
2011-09-29 02:00:00,5.07142919513313
2011-09-29 03:00:00,4.44839421680396
2011-09-29 04:00:00,6.60791035948793
2011-09-29 05:00:00,33.80454455808
2011-09-29 06:00:00,143.389692616984
2011-09-29 07:00:00,389.151696434882
2011-09-29 08:00:00,644.596894436153
2011-09-29 09:00:00,308.0670857449
2011-09-29 10:00:00,194.112543205624
2011-09-29 11:00:00,228.294954620456
2011-09-29 12:00:00,274.329457908799
2011-09-29 13:00:00,273.318138437423
2011-09-29 14:00:00,223.838382081459
2011-09-29 15:00:00,251.807642838937
2011-09-29 16:00:00,381.660032761978
2011-09-29 17:00:00,666.340908404789
2011-09-29 18:00:00,719.707161672947
2011-09-29 19:00:00,444.443020060486
2011-09-29 20:00:00,367.054696809405
2011-09-29 21:00:00,252.769659520388
2011-09-29 22:00:00,193.23504110778
2011-09-29 23:00:00,111.805403976249
2011-09-30 00:00:00,35.746992732966
2011-09-30 01:00:00,19.9202964234142
2011-09-30 02:00:00,7.39040382459453
2011-09-30 03:00:00,5.25455877445997
2011-09-30 04:00:00,6.47269899163902
2011-09-30 05:00:00,30.2891043166775
2011-09-30 06:00:00,129.688535462209
2011-09-30 07:00:00,355.186626987465
2011-09-30 08:00:00,723.850179674489
2011-09-30 09:00:00,314.662226907796
2011-09-30 10:00:00,181.694699653109
2011-09-30 11:00:00,217.438559226492
2011-09-30 12:00:00,303.022309482338
2011-09-30 13:00:00,256.527122222063
2011-09-30 14:00:00,239.627496363444
2011-09-30 15:00:00,234.611059675693
2011-09-30 16:00:00,419.575036932865
2011-09-30 17:00:00,799.295435330881
2011-09-30 18:00:00,596.511581010378
2011-09-30 19:00:00,429.690190411806
2011-09-30 20:00:00,308.374114571178
2011-09-30 21:00:00,220.980635940716
2011-09-30 22:00:00,167.646181199095
2011-09-30 23:00:00,103.831689733749
2011-10-20 00:00:00,22.4920340159629
2011-10-20 01:00:00,10.3527472739554
2011-10-20 02:00:00,5.21868949344772
2011-10-20 03:00:00,4.60412028795359
2011-10-20 04:00:00,5.91444439307005
2011-10-20 05:00:00,27.5718183529209
2011-10-20 06:00:00,113.67619672241
2011-10-20 07:00:00,349.365096788692
2011-10-20 08:00:00,521.937693485375
2011-10-20 09:00:00,246.915318926096
2011-10-20 10:00:00,168.301903475351
2011-10-20 11:00:00,176.498902481116
2011-10-20 12:00:00,221.0567660856
2011-10-20 13:00:00,212.955263947967
2011-10-20 14:00:00,194.701531522584
2011-10-20 15:00:00,209.060123434319
2011-10-20 16:00:00,288.807466244038
2011-10-20 17:00:00,557.767556055211
2011-10-20 18:00:00,498.433514025605
2011-10-20 19:00:00,369.314462390947
2011-10-20 20:00:00,244.587653730713
2011-10-20 21:00:00,196.160290076319
2011-10-20 22:00:00,157.330323864831
2011-10-20 23:00:00,110.022282323179
2011-10-21 00:00:00,41.0033496788657
2011-10-21 01:00:00,17.5405072353827
2011-10-21 02:00:00,7.60146557587743
2011-10-21 03:00:00,5.29989936962477
2011-10-21 04:00:00,6.90874796271663
2011-10-21 05:00:00,29.4953690107089
2011-10-21 06:00:00,140.521838043766
2011-10-21 07:00:00,377.973912232665
2011-10-21 08:00:00,625.83957376083
2011-10-21 09:00:00,290.884233188388
2011-10-21 10:00:00,155.686906232932
2011-10-21 11:00:00,204.499437968244
2011-10-21 12:00:00,232.26139806055
2011-10-21 13:00:00,225.116355740154
2011-10-21 14:00:00,220.843807316895
2011-10-21 15:00:00,230.273193787075
2011-10-21 16:00:00,328.071207996888
2011-10-21 17:00:00,531.29235294031
2011-10-21 18:00:00,504.716920927026
2011-10-21 19:00:00,351.250687545013
2011-10-21 20:00:00,262.594058545249
2011-10-21 21:00:00,203.491978763093
2011-10-21 22:00:00,162.734330765824
2011-10-21 23:00:00,103.883203492698
2011-10-22 00:00:00,113.160184620776
2011-10-22 01:00:00,87.0641777093789
2011-10-22 02:00:00,57.8264665431436
2011-10-22 03:00:00,26.6816696420656
2011-10-22 04:00:00,9.06835611527667
2011-10-22 05:00:00,8.3397553049773
2011-10-22 06:00:00,19.0693002286984
2011-10-22 07:00:00,46.1602830213582
2011-10-22 08:00:00,122.560076518712
2011-10-22 09:00:00,178.024105308049
2011-10-22 10:00:00,251.426866306739
2011-10-22 11:00:00,320.57844560263
2011-10-22 12:00:00,438.760984115766
2011-10-22 13:00:00,467.341967298063
2011-10-22 14:00:00,383.272250846521
2011-10-22 15:00:00,416.65656545395
2011-10-22 16:00:00,429.409861845484
2011-10-22 17:00:00,339.47205965082
2011-10-22 18:00:00,282.438394276387
2011-10-22 19:00:00,205.513261062217
2011-10-22 20:00:00,154.76476255436
2011-10-22 21:00:00,140.356382992472
2011-10-22 22:00:00,116.554079063208
2011-10-22 23:00:00,80.0627588396854
2011-10-23 00:00:00,106.295301686919
2011-10-23 01:00:00,83.8351995653323
2011-10-23 02:00:00,57.048642575562
2011-10-23 03:00:00,23.9851393634858
2011-10-23 04:00:00,8.44905956085315
2011-10-23 05:00:00,7.83254732485537
2011-10-23 06:00:00,19.2967020234197
2011-10-23 07:00:00,50.0881539760412
2011-10-23 08:00:00,114.355518384149
2011-10-23 09:00:00,214.939202250464
2011-10-23 10:00:00,303.433538439607
2011-10-23 11:00:00,354.646280421381
2011-10-23 12:00:00,456.13916445377
2011-10-23 13:00:00,540.320858770355
2011-10-23 14:00:00,486.889916317665
2011-10-23 15:00:00,529.889622482738
2011-10-23 16:00:00,461.418949473449
2011-10-23 17:00:00,363.688518364366
2011-10-23 18:00:00,304.696668744022
2011-10-23 19:00:00,242.179989237828
2011-10-23 20:00:00,185.132619763056
2011-10-23 21:00:00,146.780881148827
2011-10-23 22:00:00,124.046942854834
2011-10-23 23:00:00,92.9933736978373
2011-10-24 00:00:00,42.9837298544454
2011-10-24 01:00:00,14.3483766453391
2011-10-24 02:00:00,6.73675649409742
2011-10-24 03:00:00,4.95493292103996
2011-10-24 04:00:00,6.43206658941691
2011-10-24 05:00:00,27.3406170762203
2011-10-24 06:00:00,130.449460897868
2011-10-24 07:00:00,298.415786860078
2011-10-24 08:00:00,556.898783037414
2011-10-24 09:00:00,269.878241081003
2011-10-24 10:00:00,128.027617652351
2011-10-24 11:00:00,172.078288337858
2011-10-24 12:00:00,223.52140922767
2011-10-24 13:00:00,210.667497489458
2011-10-24 14:00:00,197.585809384736
2011-10-24 15:00:00,222.418119916822
2011-10-24 16:00:00,360.586741455075
2011-10-24 17:00:00,612.403568235373
2011-10-24 18:00:00,599.29262808205
2011-10-24 19:00:00,200.469739679417
2011-10-24 20:00:00,232.302085841018
2011-10-24 21:00:00,165.173060699143
2011-10-24 22:00:00,168.984320741095
2011-10-24 23:00:00,105.750572401644
2011-10-25 00:00:00,44.2430741769868
2011-10-25 01:00:00,18.7706723939766
2011-10-25 02:00:00,6.70968548486785
2011-10-25 03:00:00,4.77208936363698
2011-10-25 04:00:00,5.96705229219078
2011-10-25 05:00:00,27.8225351498813
2011-10-25 06:00:00,125.852020316598
2011-10-25 07:00:00,359.831073222778
2011-10-25 08:00:00,675.911697921971
2011-10-25 09:00:00,332.060869573157
2011-10-25 10:00:00,166.447862871012
2011-10-25 11:00:00,184.091645889989
2011-10-25 12:00:00,244.749270876304
2011-10-25 13:00:00,232.77130611236
2011-10-25 14:00:00,224.722852711745
2011-10-25 15:00:00,229.814762331203
2011-10-25 16:00:00,376.425690356934
2011-10-25 17:00:00,666.651606368081
2011-10-25 18:00:00,589.87922070896
2011-10-25 19:00:00,371.863588558057
2011-10-25 20:00:00,246.887541482578
2011-10-25 21:00:00,209.374668732026
2011-10-25 22:00:00,152.68710390526
2011-10-25 23:00:00,102.769226326876
2011-10-26 00:00:00,40.2881922712673
2011-10-26 01:00:00,15.7251560862071
2011-10-26 02:00:00,7.51526027546883
2011-10-26 03:00:00,4.93241700844832
2011-10-26 04:00:00,6.84281646055821
2011-10-26 05:00:00,31.8846948897428
2011-10-26 06:00:00,139.806645557739
2011-10-26 07:00:00,405.667321267449
2011-10-26 08:00:00,519.174554075457
2011-10-26 09:00:00,301.260298714854
2011-10-26 10:00:00,150.432489510308
2011-10-26 11:00:00,174.573721134606
2011-10-26 12:00:00,198.640622981715
2011-10-26 13:00:00,165.619915554941
2011-10-26 14:00:00,188.916876567727
2011-10-26 15:00:00,201.715614858059
2011-10-26 16:00:00,266.218728203986
2011-10-26 17:00:00,517.139476505972
2011-10-26 18:00:00,558.346382930292
2011-10-26 19:00:00,318.867459910232
2011-10-26 20:00:00,230.308958327607
2011-10-26 21:00:00,194.845852111646
2011-10-26 22:00:00,126.442295052172
2011-10-26 23:00:00,79.4494109592473
2011-10-27 00:00:00,29.4338770600402
2011-10-27 01:00:00,12.5853428467698
2011-10-27 02:00:00,4.72781990509447
2011-10-27 03:00:00,2.98272324634144
2011-10-27 04:00:00,4.93238602640893
2011-10-27 05:00:00,19.7394968647841
2011-10-27 06:00:00,75.9448907635769
2011-10-27 07:00:00,317.886153839239
2011-10-27 08:00:00,280.613830354156
2011-10-27 09:00:00,277.797554013933
2011-10-27 10:00:00,74.8562026364776
2011-10-27 11:00:00,87.4014117581902
2011-10-27 12:00:00,101.261827512774
2011-10-27 13:00:00,168.091696806157
2011-10-27 14:00:00,153.691706471529
2011-10-27 15:00:00,161.150007486459
2011-10-27 16:00:00,305.008028877128
2011-10-27 17:00:00,444.148950759454
2011-10-27 18:00:00,441.210127806654
2011-10-27 19:00:00,294.75387898917
2011-10-27 20:00:00,217.315248514018
2011-10-27 21:00:00,164.449488227177
2011-10-27 22:00:00,119.617913094179
2011-10-27 23:00:00,83.2449972047388
2011-10-28 00:00:00,34.7200117734337
2011-10-28 01:00:00,14.8362749928716
2011-10-28 02:00:00,6.85467949958918
2011-10-28 03:00:00,4.69002190912185
2011-10-28 04:00:00,5.73939401342061
2011-10-28 05:00:00,33.922281731487
2011-10-28 06:00:00,117.050775941369
2011-10-28 07:00:00,317.522904237306
2011-10-28 08:00:00,604.507583507983
2011-10-28 09:00:00,288.235577492235
2011-10-28 10:00:00,150.122944510785
2011-10-28 11:00:00,192.106629336353
2011-10-28 12:00:00,220.073717008664
2011-10-28 13:00:00,223.042947902634
2011-10-28 14:00:00,199.498391775395
2011-10-28 15:00:00,226.74975889072
2011-10-28 16:00:00,273.908353609042
2011-10-28 17:00:00,512.1628107318
2011-10-28 18:00:00,489.184315069956
2011-10-28 19:00:00,328.872171654396
2011-10-28 20:00:00,156.92114659745
2011-10-28 21:00:00,108.905163623333
2011-10-28 22:00:00,56.8794913698919
2011-10-28 23:00:00,34.2704708454327
2011-10-29 00:00:00,42.543668854229
2011-10-29 01:00:00,30.2376385887601
2011-10-29 02:00:00,21.4705352452078
2011-10-29 03:00:00,12.0522016830391
2011-10-29 04:00:00,4.14931600087462
2011-10-29 05:00:00,2.64063948358723
2011-10-29 06:00:00,5.83613758733128
2011-10-29 07:00:00,15.6643037875914
2011-10-29 08:00:00,37.0137509049972
2011-10-29 09:00:00,67.7586899037958
2011-10-29 10:00:00,77.5051140982552
2011-10-29 11:00:00,77.0373623510906
2011-10-29 12:00:00,62.7609476286934
2011-10-29 13:00:00,45.1322715658992
2011-10-29 14:00:00,54.8315256621261
2011-10-29 15:00:00,101.818947802371
2011-10-29 16:00:00,52.61865649328
2011-10-29 17:00:00,49.34763327054
2011-10-29 18:00:00,42.6166890928672
2011-10-29 19:00:00,75.2461319228881
2011-10-29 20:00:00,58.4500296046123
2011-10-29 21:00:00,48.3357351663517
2011-10-29 22:00:00,65.9424627627689
2011-10-29 23:00:00,69.0988769918697
2011-10-30 00:00:00,66.9330846647486
2011-10-30 01:00:00,52.4753539819748
2011-10-30 02:00:00,36.168029585471
2011-10-30 03:00:00,11.1932672153329
2011-10-30 04:00:00,3.66550218436435
2011-10-30 05:00:00,4.4002999709938
2011-10-30 06:00:00,9.72135564908772
2011-10-30 07:00:00,30.6542520018334
2011-10-30 08:00:00,84.8490071217612
2011-10-30 09:00:00,141.100382701443
2011-10-30 10:00:00,289.399834934338
2011-10-30 11:00:00,342.292085172863
2011-10-30 12:00:00,423.978474468911
2011-10-30 13:00:00,423.053029431618
2011-10-30 14:00:00,404.67993271569
2011-10-30 15:00:00,419.328064897283
2011-10-30 16:00:00,366.444309196446
2011-10-30 17:00:00,336.709695274813
2011-10-30 18:00:00,258.378750863096
2011-10-30 19:00:00,311.861121659231
2011-10-30 20:00:00,142.901350647421
2011-10-30 21:00:00,107.225911464188
2011-10-30 22:00:00,91.9083999641505
2011-10-30 23:00:00,53.3496173471709
2011-10-31 00:00:00,21.5349140761817
2011-10-31 01:00:00,9.58514868580797
2011-10-31 02:00:00,4.3348083452375
2011-10-31 03:00:00,3.525870704229
2011-10-31 04:00:00,4.1134872299779
2011-10-31 05:00:00,17.8634408090764
2011-10-31 06:00:00,85.7135734538025
2011-10-31 07:00:00,216.686921583848
2011-10-31 08:00:00,427.599901462213
2011-10-31 09:00:00,269.009918147131
2011-10-31 10:00:00,151.422290274754
2011-10-31 11:00:00,189.4868462753
2011-10-31 12:00:00,240.665459726924
2011-10-31 13:00:00,220.499198256486
2011-10-31 14:00:00,202.682974363801
2011-10-31 15:00:00,215.238188427425
2011-10-31 16:00:00,299.857847271577
2011-10-31 17:00:00,556.5745234065
2011-10-31 18:00:00,491.129997962882
2011-10-31 19:00:00,341.911879206032
2011-10-31 20:00:00,248.442716322345
2011-10-31 21:00:00,157.453683475671
2011-10-31 22:00:00,118.711590923409
2011-10-31 23:00:00,75.6016805091867
2011-11-20 00:00:00,104.900550901152
2011-11-20 01:00:00,81.6138275389091
2011-11-20 02:00:00,54.6458627032053
2011-11-20 03:00:00,23.0229974062468
2011-11-20 04:00:00,8.23648974590516
2011-11-20 05:00:00,6.82303690504577
2011-11-20 06:00:00,14.5617906872419
2011-11-20 07:00:00,42.1602319045634
2011-11-20 08:00:00,94.3438124232993
2011-11-20 09:00:00,222.528564256313
2011-11-20 10:00:00,286.134649713313
2011-11-20 11:00:00,350.221729525102
2011-11-20 12:00:00,436.184888790592
2011-11-20 13:00:00,490.442859906097
2011-11-20 14:00:00,502.657930322812
2011-11-20 15:00:00,461.905033077352
2011-11-20 16:00:00,419.280928894558
2011-11-20 17:00:00,402.23219009106
2011-11-20 18:00:00,368.202804558096
2011-11-20 19:00:00,247.033651313318
2011-11-20 20:00:00,222.241710488121
2011-11-20 21:00:00,147.938461877284
2011-11-20 22:00:00,73.8433455458643
2011-11-20 23:00:00,55.0170426296155
2011-11-21 00:00:00,27.5984273349468
2011-11-21 01:00:00,8.10049644427527
2011-11-21 02:00:00,3.35603351713152
2011-11-21 03:00:00,2.4019148566926
2011-11-21 04:00:00,3.15961788273559
2011-11-21 05:00:00,22.8793697930693
2011-11-21 06:00:00,97.3031361754998
2011-11-21 07:00:00,316.967981973764
2011-11-21 08:00:00,542.942734220811
2011-11-21 09:00:00,262.484559788516
2011-11-21 10:00:00,143.837314788474
2011-11-21 11:00:00,143.385262045774
2011-11-21 12:00:00,206.61220774586
2011-11-21 13:00:00,200.875795011066
2011-11-21 14:00:00,140.249678259765
2011-11-21 15:00:00,68.3191122644234
2011-11-21 16:00:00,97.6907065730307
2011-11-21 17:00:00,142.99581781257
2011-11-21 18:00:00,214.266848399228
2011-11-21 19:00:00,131.214387348867
2011-11-21 20:00:00,116.625818133537
2011-11-21 21:00:00,96.3652233485791
2011-11-21 22:00:00,75.2583336139883
2011-11-21 23:00:00,48.0952753881468
2011-11-22 00:00:00,18.5794336187143
2011-11-22 01:00:00,8.76465913554634
2011-11-22 02:00:00,4.10929163237878
2011-11-22 03:00:00,2.64851129335127
2011-11-22 04:00:00,4.17398793136786
2011-11-22 05:00:00,16.3936561188453
2011-11-22 06:00:00,106.355506974646
2011-11-22 07:00:00,151.747295094247
2011-11-22 08:00:00,244.342233353615
2011-11-22 09:00:00,118.464388142047
2011-11-22 10:00:00,63.2806734863565
2011-11-22 11:00:00,68.3951810336439
2011-11-22 12:00:00,60.90770281716
2011-11-22 13:00:00,55.9294331476887
2011-11-22 14:00:00,52.487086664283
2011-11-22 15:00:00,75.4308710575355
2011-11-22 16:00:00,103.928667936854
2011-11-22 17:00:00,163.81690311626
2011-11-22 18:00:00,160.05195386858
2011-11-22 19:00:00,153.197308030531
2011-11-22 20:00:00,154.102677753082
2011-11-22 21:00:00,116.787643136539
2011-11-22 22:00:00,114.047990578862
2011-11-22 23:00:00,84.2702897868053
2011-11-23 00:00:00,26.0121605557101
2011-11-23 01:00:00,9.02491879143488
2011-11-23 02:00:00,3.95645599166976
2011-11-23 03:00:00,2.56018848652066
2011-11-23 04:00:00,3.90194624472265
2011-11-23 05:00:00,24.7064345835488
2011-11-23 06:00:00,101.111862862412
2011-11-23 07:00:00,268.15299011073
2011-11-23 08:00:00,547.439006924644
2011-11-23 09:00:00,237.609749360422
2011-11-23 10:00:00,120.004564696978
2011-11-23 11:00:00,148.435708881859
2011-11-23 12:00:00,242.618167994951
2011-11-23 13:00:00,214.009882572246
2011-11-23 14:00:00,210.604117790426
2011-11-23 15:00:00,206.851640839319
2011-11-23 16:00:00,276.162877500064
2011-11-23 17:00:00,414.754443163679
2011-11-23 18:00:00,405.10713162395
2011-11-23 19:00:00,355.971274672591
2011-11-23 20:00:00,233.815235226356
2011-11-23 21:00:00,160.033620416658
2011-11-23 22:00:00,126.459205596896
2011-11-23 23:00:00,81.2651285032687
2011-11-24 00:00:00,47.1132768332404
2011-11-24 01:00:00,27.3963388064366
2011-11-24 02:00:00,20.9866886756565
2011-11-24 03:00:00,7.89449567217136
2011-11-24 04:00:00,8.16215305145396
2011-11-24 05:00:00,12.5825289850727
2011-11-24 06:00:00,30.7318352995072
2011-11-24 07:00:00,81.0790169678642
2011-11-24 08:00:00,183.366137031878
2011-11-24 09:00:00,216.146141259234
2011-11-24 10:00:00,263.03920571651
2011-11-24 11:00:00,313.59239074808
2011-11-24 12:00:00,368.914824088989
2011-11-24 13:00:00,331.839150010786
2011-11-24 14:00:00,297.903353455003
2011-11-24 15:00:00,330.93430130345
2011-11-24 16:00:00,326.233449995105
2011-11-24 17:00:00,325.798834809838
2011-11-24 18:00:00,303.858455836048
2011-11-24 19:00:00,289.703970119079
2011-11-24 20:00:00,206.511086648811
2011-11-24 21:00:00,185.496446862001
2011-11-24 22:00:00,145.798547565977
2011-11-24 23:00:00,96.2287799458348
2011-11-25 00:00:00,39.2790662551614
2011-11-25 01:00:00,13.3734527392263
2011-11-25 02:00:00,5.73514496808763
2011-11-25 03:00:00,4.60788884111872
2011-11-25 04:00:00,6.17852669434777
2011-11-25 05:00:00,23.466277685112
2011-11-25 06:00:00,108.461104300434
2011-11-25 07:00:00,250.135608170708
2011-11-25 08:00:00,504.100602671747
2011-11-25 09:00:00,234.438589774955
2011-11-25 10:00:00,154.522265666649
2011-11-25 11:00:00,174.368730399539
2011-11-25 12:00:00,225.358340590348
2011-11-25 13:00:00,248.022128204086
2011-11-25 14:00:00,232.576435421399
2011-11-25 15:00:00,240.475889800575
2011-11-25 16:00:00,330.787350526237
2011-11-25 17:00:00,608.777520267606
2011-11-25 18:00:00,552.463674607504
2011-11-25 19:00:00,317.494265778965
2011-11-25 20:00:00,263.010636941504
2011-11-25 21:00:00,184.610306517892
2011-11-25 22:00:00,141.529541446222
2011-11-25 23:00:00,83.7104724182951
2011-11-26 00:00:00,109.145229887571
2011-11-26 01:00:00,88.8265776327528
2011-11-26 02:00:00,54.4125893626264
2011-11-26 03:00:00,25.2525538060735
2011-11-26 04:00:00,9.17339804092095
2011-11-26 05:00:00,8.52239613231479
2011-11-26 06:00:00,16.9443351753699
2011-11-26 07:00:00,36.7840174343028
2011-11-26 08:00:00,112.80142876446
2011-11-26 09:00:00,196.413604213896
2011-11-26 10:00:00,289.430351141738
2011-11-26 11:00:00,340.763486141822
2011-11-26 12:00:00,411.682744301726
2011-11-26 13:00:00,458.918379136247
2011-11-26 14:00:00,383.267773682545
2011-11-26 15:00:00,430.53620332364
2011-11-26 16:00:00,358.076704449176
2011-11-26 17:00:00,323.771888691581
2011-11-26 18:00:00,256.865400152292
2011-11-26 19:00:00,212.364216033248
2011-11-26 20:00:00,173.334826597932
2011-11-26 21:00:00,122.649976279882
2011-11-26 22:00:00,107.429774707168
2011-11-26 23:00:00,80.1901677659953
2011-11-27 00:00:00,112.841495318973
2011-11-27 01:00:00,86.1289246025402
2011-11-27 02:00:00,50.1641882163666
2011-11-27 03:00:00,23.7108605984746
2011-11-27 04:00:00,9.89119240567872
2011-11-27 05:00:00,8.5049309747226
2011-11-27 06:00:00,19.481015739231
2011-11-27 07:00:00,36.4377250766963
2011-11-27 08:00:00,87.4012014366049
2011-11-27 09:00:00,191.945399733703
2011-11-27 10:00:00,268.050865253298
2011-11-27 11:00:00,355.526237000022
2011-11-27 12:00:00,535.641188740124
2011-11-27 13:00:00,550.789155987085
2011-11-27 14:00:00,482.997934206149
2011-11-27 15:00:00,557.266826079084
2011-11-27 16:00:00,510.554783761781
2011-11-27 17:00:00,464.327871129536
2011-11-27 18:00:00,316.643736586258
2011-11-27 19:00:00,218.875131554878
2011-11-27 20:00:00,199.430505770706
2011-11-27 21:00:00,138.477509482071
2011-11-27 22:00:00,119.184733569245
2011-11-27 23:00:00,87.7169096423893
2011-11-28 00:00:00,39.9464440549725
2011-11-28 01:00:00,16.7923496320194
2011-11-28 03:00:00,4.72355996871194
2011-11-28 04:00:00,6.70742250996641
2011-11-28 05:00:00,29.8846302066311
2011-11-28 06:00:00,131.350003159058
2011-11-28 07:00:00,352.283855749703
2011-11-28 08:00:00,518.826236625574
2011-11-28 09:00:00,250.729807784852
2011-11-28 10:00:00,159.976105165895
2011-11-28 11:00:00,179.991210447937
2011-11-28 12:00:00,230.899172174461
2011-11-28 13:00:00,229.415174836147
2011-11-28 14:00:00,242.874468407481
2011-11-28 15:00:00,246.714775689541
2011-11-28 16:00:00,345.881329704981
2011-11-28 17:00:00,707.65527216242
2011-11-28 18:00:00,613.533096232575
2011-11-28 19:00:00,395.912238686149
2011-11-28 20:00:00,261.6437692303
2011-11-28 21:00:00,204.635174792291
2011-11-28 22:00:00,125.503272487213
2011-11-28 23:00:00,76.9527006053164
2011-11-29 00:00:00,35.5243924653426
2011-11-29 01:00:00,15.0380404489568
2011-11-29 02:00:00,6.97294127925973
2011-11-29 03:00:00,5.00649703029219
2011-11-29 04:00:00,5.21606813266785
2011-11-29 05:00:00,29.2524358991217
2011-11-29 06:00:00,126.359522540661
2011-11-29 07:00:00,392.468492768837
2011-11-29 08:00:00,635.222387277984
2011-11-29 09:00:00,216.762343702941
2011-11-29 10:00:00,118.263812764153
2011-11-29 11:00:00,62.0825577345355
2011-11-29 12:00:00,97.9133281696699
2011-11-29 13:00:00,106.266582810889
2011-11-29 14:00:00,63.3873326318028
2011-11-29 15:00:00,79.5195684593302
2011-11-29 16:00:00,121.92516813647
2011-11-29 17:00:00,290.252229710243
2011-11-29 18:00:00,323.995185655629
2011-11-29 19:00:00,220.44158315141
2011-11-29 20:00:00,169.083212816412
2011-11-29 21:00:00,125.134608210286
2011-11-29 22:00:00,106.852192193563
2011-11-29 23:00:00,73.3535295721874
2011-11-30 00:00:00,38.04382933682
2011-11-30 01:00:00,13.6862645453831
2011-11-30 02:00:00,8.32792785646258
2011-11-30 03:00:00,5.29657424536511
2011-11-30 04:00:00,5.66609663517609
2011-11-30 05:00:00,26.5630038481164
2011-11-30 06:00:00,104.851252243732
2011-11-30 07:00:00,300.737707446304
2011-11-30 08:00:00,529.851174384995
2011-11-30 09:00:00,271.654474916179
2011-11-30 10:00:00,136.274925487492
2011-11-30 11:00:00,189.131901867149
2011-11-30 12:00:00,227.570048876422
2011-11-30 13:00:00,221.113958488617
2011-11-30 14:00:00,194.865065320404
2011-11-30 15:00:00,196.400913824052
2011-11-30 16:00:00,270.18661350611
2011-11-30 17:00:00,466.896681025387
2011-11-30 18:00:00,411.364123837836
2011-11-30 19:00:00,304.791993658406
2011-11-30 20:00:00,215.750352723966
2011-11-30 21:00:00,149.538379611623
2011-11-30 22:00:00,109.644215385214
2011-11-30 23:00:00,63.5809981136301
2011-12-20 00:00:00,38.3315709794815
2011-12-20 01:00:00,17.5884605461998
2011-12-20 02:00:00,6.88365848010278
2011-12-20 03:00:00,4.29946049021605
2011-12-20 04:00:00,6.42333085577211
2011-12-20 05:00:00,30.789070451271
2011-12-20 06:00:00,129.641287437818
2011-12-20 07:00:00,329.613341765843
2011-12-20 08:00:00,613.743248180304
2011-12-20 09:00:00,257.926842509182
2011-12-20 10:00:00,160.095611989507
2011-12-20 11:00:00,165.305487645723
2011-12-20 12:00:00,213.604834598808
2011-12-20 13:00:00,202.749775417353
2011-12-20 14:00:00,178.837401716393
2011-12-20 15:00:00,196.196092961778
2011-12-20 16:00:00,291.291559644762
2011-12-20 17:00:00,537.970132164573
2011-12-20 18:00:00,497.95319017925
2011-12-20 19:00:00,325.162769114811
2011-12-20 20:00:00,233.185902772298
2011-12-20 21:00:00,168.42346989185
2011-12-20 22:00:00,136.24425089967
2011-12-20 23:00:00,88.3378372168649
2011-12-21 00:00:00,21.5936978640946
2011-12-21 01:00:00,8.59605405541889
2011-12-21 02:00:00,5.2049525707196
2011-12-21 03:00:00,3.24454439015354
2011-12-21 04:00:00,3.33544250490241
2011-12-21 05:00:00,16.286072545227
2011-12-21 06:00:00,81.7151932335795
2011-12-21 07:00:00,225.430393945715
2011-12-21 08:00:00,209.251375973579
2011-12-21 09:00:00,160.068293476578
2011-12-21 10:00:00,96.5497775952824
2011-12-21 11:00:00,95.9569083446603
2011-12-21 12:00:00,53.7369632062245
2011-12-21 13:00:00,31.658699920079
2011-12-21 14:00:00,79.7006848293629
2011-12-21 15:00:00,84.1255585813319
2011-12-21 16:00:00,41.0864044759947
2011-12-21 17:00:00,81.1158948586915
2011-12-21 18:00:00,140.776076398154
2011-12-21 19:00:00,127.722168511782
2011-12-21 20:00:00,91.3577497887754
2011-12-21 21:00:00,128.45247244502
2011-12-21 22:00:00,107.32752625191
2011-12-21 23:00:00,68.0849482020342
2011-12-22 00:00:00,30.0143830210616
2011-12-22 01:00:00,10.22823361529
2011-12-22 02:00:00,7.73803837124533
2011-12-22 03:00:00,3.87205360895527
2011-12-22 04:00:00,3.8948995041635
2011-12-22 05:00:00,18.6092895858497
2011-12-22 06:00:00,88.9805618310739
2011-12-22 07:00:00,178.398980753912
2011-12-22 08:00:00,397.12153649444
2011-12-22 09:00:00,190.319299511285
2011-12-22 10:00:00,100.02905645371
2011-12-22 11:00:00,136.917252091059
2011-12-22 12:00:00,176.356621156654
2011-12-22 13:00:00,163.496178632757
2011-12-22 14:00:00,151.458580001157
2011-12-22 15:00:00,172.981154301214
2011-12-22 16:00:00,219.692081342308
2011-12-22 17:00:00,340.621601100568
2011-12-22 18:00:00,362.286310741165
2011-12-22 19:00:00,263.119245312594
2011-12-22 20:00:00,123.464430663491
2011-12-22 21:00:00,93.2231695705826
2011-12-22 22:00:00,47.570697027857
2011-12-22 23:00:00,38.7539646816305
2011-12-23 00:00:00,12.874009247656
2011-12-23 01:00:00,6.49513058660868
2011-12-23 02:00:00,3.54678033432239
2011-12-23 03:00:00,2.31042542759821
2011-12-23 04:00:00,1.66014068992972
2011-12-23 05:00:00,10.537710903117
2011-12-23 06:00:00,70.8902165271031
2011-12-23 07:00:00,211.858384310241
2011-12-23 08:00:00,379.314605953367
2011-12-23 09:00:00,174.842123151785
2011-12-23 10:00:00,87.8383628725245
2011-12-23 11:00:00,116.074450404871
2011-12-23 12:00:00,142.548236328748
2011-12-23 13:00:00,131.203504355341
2011-12-23 14:00:00,121.703176290127
2011-12-23 15:00:00,120.868716587258
2011-12-23 16:00:00,153.947714819306
2011-12-23 17:00:00,305.901397869735
2011-12-23 18:00:00,277.988883798635
2011-12-23 19:00:00,199.582673391133
2011-12-23 20:00:00,126.570244637395
2011-12-23 21:00:00,102.714242191735
2011-12-23 22:00:00,72.4348662886524
2011-12-23 23:00:00,50.9626433416388
2011-12-24 00:00:00,61.3662005840047
2011-12-24 01:00:00,42.0996212380762
2011-12-24 02:00:00,32.6577325837155
2011-12-24 03:00:00,18.7838984378457
2011-12-24 04:00:00,3.56380288165791
2011-12-24 05:00:00,3.41021968071707
2011-12-24 06:00:00,6.81209652761389
2011-12-24 07:00:00,16.8855235742972
2011-12-24 08:00:00,54.387479130506
2011-12-24 09:00:00,94.732939457294
2011-12-24 10:00:00,122.343244935666
2011-12-24 11:00:00,168.886736102245
2011-12-24 12:00:00,208.708698966881
2011-12-24 13:00:00,217.945506003555
2011-12-24 14:00:00,191.203155135607
2011-12-24 15:00:00,207.394782500918
2011-12-24 16:00:00,187.207234916267
2011-12-24 17:00:00,151.803219809733
2011-12-24 18:00:00,135.321593075584
2011-12-24 19:00:00,98.1989680854476
2011-12-24 20:00:00,69.522360299798
2011-12-24 21:00:00,51.2172688511818
2011-12-24 22:00:00,39.9278730094979
2011-12-24 23:00:00,25.7248246107564
2011-12-25 00:00:00,40.3155085440072
2011-12-25 01:00:00,30.3710834734157
2011-12-25 02:00:00,24.6809866741127
2011-12-25 03:00:00,10.4026483815488
2011-12-25 05:00:00,2.76593442350217
2011-12-25 06:00:00,5.54930585548592
2011-12-25 07:00:00,22.1009803937796
2011-12-25 08:00:00,50.4468783284669
2011-12-25 09:00:00,122.214248484115
2011-12-25 10:00:00,119.653339161007
2011-12-25 11:00:00,170.555477431316
2011-12-25 12:00:00,132.762967823626
2011-12-25 13:00:00,175.926257892002
2011-12-25 14:00:00,168.312482663018
2011-12-25 15:00:00,201.866658927955
2011-12-25 16:00:00,206.194245172128
2011-12-25 17:00:00,161.601685243646
2011-12-25 18:00:00,114.036685622108
2011-12-25 19:00:00,111.202402512498
2011-12-25 20:00:00,87.1342559034478
2011-12-25 21:00:00,64.8779434503063
2011-12-25 22:00:00,47.8464154681521
2011-12-25 23:00:00,33.7888206146881
2011-12-26 00:00:00,18.7110298675565
2011-12-26 01:00:00,17.0072262731901
2011-12-26 02:00:00,14.6530718110746
2011-12-26 04:00:00,3.37956992244072
2011-12-26 05:00:00,5.33138884171034
2011-12-26 06:00:00,13.1745600468941
2011-12-26 07:00:00,44.0451888455462
2011-12-26 08:00:00,108.426691985575
2011-12-26 09:00:00,124.757727246453
2011-12-26 10:00:00,125.967841155241
2011-12-26 11:00:00,134.299847927911
2011-12-26 12:00:00,170.426778215917
2011-12-26 13:00:00,193.777614707901
2011-12-26 14:00:00,175.995112833705
2011-12-26 15:00:00,189.857161799018
2011-12-26 16:00:00,188.805524165321
2011-12-26 17:00:00,155.830469231809
2011-12-26 18:00:00,150.146703666293
2011-12-26 19:00:00,134.331060460448
2011-12-26 20:00:00,91.4028664622101
2011-12-26 21:00:00,83.9224980297667
2011-12-26 22:00:00,65.2021631472334
2011-12-26 23:00:00,49.9331957174986
2011-12-27 00:00:00,17.7042489055028
2011-12-27 01:00:00,8.35778299364062
2011-12-27 02:00:00,4.38760000910192
2011-12-27 03:00:00,2.66470677698767
2011-12-27 04:00:00,2.40833625034941
2011-12-27 05:00:00,11.3807721142592
2011-12-27 06:00:00,67.0018189269403
2011-12-27 07:00:00,176.711730193762
2011-12-27 08:00:00,307.578999485483
2011-12-27 09:00:00,107.386487174646
2011-12-27 10:00:00,75.4356263082918
2011-12-27 11:00:00,62.7470453814713
2011-12-27 12:00:00,54.1599398333432
2011-12-27 13:00:00,52.7005411800925
2011-12-27 14:00:00,59.4836623104716
2011-12-27 15:00:00,65.5377426262492
2011-12-27 16:00:00,71.4625587719436
2011-12-27 17:00:00,202.676485863893
2011-12-27 18:00:00,207.352907467512
2011-12-27 19:00:00,167.141411700263
2011-12-27 20:00:00,101.664893064485
2011-12-27 21:00:00,91.6173312127708
2011-12-27 22:00:00,73.531569838651
2011-12-27 23:00:00,43.2644716910168
2011-12-28 00:00:00,17.4586870385942
2011-12-28 01:00:00,8.646662935441
2011-12-28 02:00:00,4.34697202756979
2011-12-28 03:00:00,2.63004916587299
2011-12-28 05:00:00,12.7965037654298
2011-12-28 06:00:00,66.0444521915627
2011-12-28 07:00:00,198.091511835024
2011-12-28 08:00:00,380.245036206838
2011-12-28 09:00:00,173.568710619542
2011-12-28 10:00:00,86.5393441041719
2011-12-28 11:00:00,106.701829728804
2011-12-28 12:00:00,112.899875447422
2011-12-28 13:00:00,112.607189833097
2011-12-28 14:00:00,97.3742805730954
2011-12-28 15:00:00,103.39512139424
2011-12-28 16:00:00,143.4826391407
2011-12-28 17:00:00,261.888897501397
2011-12-28 18:00:00,213.024370484466
2011-12-28 19:00:00,145.734812567078
2011-12-28 20:00:00,104.751002171582
2011-12-28 21:00:00,74.3588706540371
2011-12-28 22:00:00,60.6025733242754
2011-12-28 23:00:00,35.2746324066756
2011-12-29 00:00:00,14.7218105590116
2011-12-29 01:00:00,5.73089829764711
2011-12-29 02:00:00,3.33551647241672
2011-12-29 03:00:00,1.69081583988182
2011-12-29 04:00:00,1.85447471958366
2011-12-29 05:00:00,10.6351134102428
2011-12-29 06:00:00,44.8593732986055
2011-12-29 07:00:00,119.26010858652
2011-12-29 08:00:00,238.358018659154
2011-12-29 09:00:00,125.017471741565
2011-12-29 10:00:00,69.5790168219938
2011-12-29 11:00:00,71.4890429266068
2011-12-29 12:00:00,99.850117427497
2011-12-29 13:00:00,97.6055353858848
2011-12-29 14:00:00,86.5328913896167
2011-12-29 15:00:00,94.4414404156676
2011-12-29 16:00:00,141.804935160095
2011-12-29 17:00:00,267.935859695941
2011-12-29 18:00:00,247.357680447541
2011-12-29 19:00:00,168.928822134319
2011-12-29 20:00:00,103.40711019528
2011-12-29 21:00:00,82.7716558932453
2011-12-29 22:00:00,62.8503977485422
2011-12-29 23:00:00,46.2982817986785
2011-12-30 00:00:00,19.5877092636362
2011-12-30 01:00:00,6.82833860150905
2011-12-30 02:00:00,3.94599892672733
2011-12-30 03:00:00,2.43303712041822
2011-12-30 04:00:00,2.46245201729236
2011-12-30 05:00:00,11.1765034605063
2011-12-30 06:00:00,60.7778684051065
2011-12-30 07:00:00,165.887747258455
2011-12-30 08:00:00,321.076181896176
2011-12-30 09:00:00,151.606971117617
2011-12-30 10:00:00,86.6337533439041
2011-12-30 11:00:00,85.6905349373549
2011-12-30 12:00:00,123.330035297673
2011-12-30 13:00:00,128.919803602113
2011-12-30 14:00:00,122.706543649955
2011-12-30 15:00:00,189.006305142185
2011-12-30 16:00:00,214.99224138254
2011-12-30 17:00:00,363.923087870728
2011-12-30 18:00:00,302.663375881182
2011-12-30 19:00:00,177.852044541261
2011-12-30 20:00:00,142.609018659412
2011-12-30 21:00:00,104.692792184145
2011-12-30 22:00:00,77.809462497507
2011-12-30 23:00:00,49.8723941967862
2011-12-31 00:00:00,46.9808849055812
2011-12-31 01:00:00,38.170261475623
2011-12-31 02:00:00,28.9062879210946
2011-12-31 03:00:00,13.1225404684251
2011-12-31 04:00:00,4.09253053458427
2011-12-31 05:00:00,2.80557027568784
2011-12-31 06:00:00,9.8324230890312
2011-12-31 07:00:00,21.0750708199084
2011-12-31 08:00:00,63.3934542968265
2011-12-31 09:00:00,126.352885666999
2011-12-31 10:00:00,184.700092136412
2011-12-31 11:00:00,254.438371800338
2011-12-31 12:00:00,411.306672236768
2011-12-31 13:00:00,312.632870908465
2011-12-31 14:00:00,240.682605850566
2011-12-31 15:00:00,259.135210251737
2011-12-31 16:00:00,205.866173016182
2011-12-31 17:00:00,224.503276984044
2011-12-31 18:00:00,221.514233595491
2011-12-31 19:00:00,147.958844514536
2011-12-31 20:00:00,116.768801886325
2011-12-31 21:00:00,79.9330963675495
2011-12-31 22:00:00,70.9873568328935
2011-12-31 23:00:00,52.0879620160335
2012-01-20 00:00:00,14.9050084980542
2012-01-20 01:00:00,7.39862256501561
2012-01-20 02:00:00,3.77265000447689
2012-01-20 03:00:00,2.20108869191499
2012-01-20 04:00:00,2.31315667933265
2012-01-20 05:00:00,11.5185272011617
2012-01-20 06:00:00,48.5647254939161
2012-01-20 07:00:00,140.113457972429
2012-01-20 08:00:00,258.987597997964
2012-01-20 09:00:00,122.960105656196
2012-01-20 10:00:00,77.6471323389543
2012-01-20 11:00:00,56.6508999798253
2012-01-20 12:00:00,66.9476860354758
2012-01-20 13:00:00,79.6660990951032
2012-01-20 14:00:00,72.7717320128999
2012-01-20 15:00:00,85.6547979127072
2012-01-20 16:00:00,99.8848713343926
2012-01-20 17:00:00,210.68583578259
2012-01-20 18:00:00,186.180135400691
2012-01-20 19:00:00,143.752585757714
2012-01-20 20:00:00,92.5111222273225
2012-01-20 21:00:00,71.8246188511999
2012-01-20 22:00:00,44.2325569723796
2012-01-20 23:00:00,23.2750078096025
2012-01-21 00:00:00,29.2272260849937
2012-01-21 01:00:00,25.3257502226847
2012-01-21 02:00:00,20.5150055123373
2012-01-21 03:00:00,6.71394242975375
2012-01-21 04:00:00,2.60242760617364
2012-01-21 05:00:00,1.98012210403614
2012-01-21 06:00:00,2.90315522143243
2012-01-21 07:00:00,8.29755023181034
2012-01-21 08:00:00,22.1239360251166
2012-01-21 09:00:00,36.3211221980515
2012-01-21 10:00:00,36.5467871713607
2012-01-21 11:00:00,128.30195274205
2012-01-21 12:00:00,144.688329330857
2012-01-21 13:00:00,81.5345097135963
2012-01-21 14:00:00,87.3949189918006
2012-01-21 15:00:00,93.9573083003375
2012-01-21 16:00:00,60.3866316863957
2012-01-21 17:00:00,49.1742659582229
2012-01-21 18:00:00,42.0283314735304
2012-01-21 19:00:00,32.0355962671991
2012-01-21 20:00:00,31.1421195895047
2012-01-21 21:00:00,21.1885062167129
2012-01-21 22:00:00,21.3166938175383
2012-01-21 23:00:00,14.1700191502634
2012-01-22 00:00:00,20.4454341861388
2012-01-22 01:00:00,17.3602327478197
2012-01-22 02:00:00,12.62304251331
2012-01-22 03:00:00,6.78897507630027
2012-01-22 04:00:00,1.51681020469938
2012-01-22 05:00:00,1.50920381788419
2012-01-22 06:00:00,3.02886536257015
2012-01-22 07:00:00,8.60707200315802
2012-01-22 08:00:00,23.887161354096
2012-01-22 09:00:00,40.0150000029882
2012-01-22 10:00:00,52.2402511273034
2012-01-22 11:00:00,53.7772089798333
2012-01-22 12:00:00,67.3482238432483
2012-01-22 13:00:00,91.3384664916137
2012-01-22 14:00:00,82.3406744039848
2012-01-22 15:00:00,80.5127327827266
2012-01-22 16:00:00,70.8507894994196
2012-01-22 17:00:00,72.4977684410453
2012-01-22 18:00:00,61.0441918746114
2012-01-22 19:00:00,52.3138127757148
2012-01-22 20:00:00,39.1884175709248
2012-01-22 21:00:00,32.3110328827259
2012-01-22 22:00:00,28.2877628372121
2012-01-22 23:00:00,23.1244717291588
2012-01-23 00:00:00,11.7669403819427
2012-01-23 01:00:00,5.36801719690109
2012-01-23 02:00:00,2.81509650208966
2012-01-23 03:00:00,1.86773559803876
2012-01-23 04:00:00,1.86726976241954
2012-01-23 05:00:00,8.36930855261542
2012-01-23 06:00:00,42.1300715619413
2012-01-23 07:00:00,80.8148846182596
2012-01-23 08:00:00,216.187839269106
2012-01-23 09:00:00,155.931298511281
2012-01-23 10:00:00,54.0349526401152
2012-01-23 11:00:00,52.9422336321378
2012-01-23 12:00:00,54.5630904945432
2012-01-23 13:00:00,34.0826001119843
2012-01-23 14:00:00,34.8292086578516
2012-01-23 15:00:00,48.3675288445204
2012-01-23 16:00:00,87.4088360629006
2012-01-23 17:00:00,140.391249478208
2012-01-23 18:00:00,163.429603075489
2012-01-23 19:00:00,102.692053654378
2012-01-23 20:00:00,63.5057939350832
2012-01-23 21:00:00,55.2070567553879
2012-01-23 22:00:00,43.6119860174151
2012-01-23 23:00:00,25.710957769314
2012-01-24 00:00:00,8.90328270444515
2012-01-24 01:00:00,4.53573128166926
2012-01-24 02:00:00,2.55784157960659
2012-01-24 03:00:00,2.55222862170242
2012-01-24 04:00:00,1.93066195353134
2012-01-24 05:00:00,9.15095865773076
2012-01-24 06:00:00,47.2428330890169
2012-01-24 07:00:00,182.455289110783
2012-01-24 08:00:00,307.824867909614
2012-01-24 09:00:00,177.729443035375
2012-01-24 10:00:00,71.4404071627182
2012-01-24 11:00:00,89.7057351030116
2012-01-24 12:00:00,101.237470340914
2012-01-24 13:00:00,98.0807993741787
2012-01-24 14:00:00,80.7622173873012
2012-01-24 15:00:00,121.643733726811
2012-01-24 16:00:00,192.984218848902
2012-01-24 17:00:00,395.389625950672
2012-01-24 18:00:00,340.094731798494
2012-01-24 19:00:00,298.358893933
2012-01-24 20:00:00,127.630178982336
2012-01-24 21:00:00,129.198283379764
2012-01-24 22:00:00,74.1304806894348
2012-01-24 23:00:00,48.4198470549487
2012-01-25 00:00:00,9.60833108949522
2012-01-25 01:00:00,7.93929105677561
2012-01-25 02:00:00,4.38446721041153
2012-01-25 03:00:00,2.29460911939028
2012-01-25 04:00:00,2.50565986556794
2012-01-25 05:00:00,12.2162583377938
2012-01-25 06:00:00,57.3897732573497
2012-01-25 07:00:00,167.0820101422
2012-01-25 08:00:00,342.061257032934
2012-01-25 09:00:00,179.247948086289
2012-01-25 10:00:00,77.2308080462759
2012-01-25 11:00:00,89.8008755106693
2012-01-25 12:00:00,129.589289035215
2012-01-25 13:00:00,123.680449246916
2012-01-25 14:00:00,123.597088802824
2012-01-25 15:00:00,136.282289004263
2012-01-25 16:00:00,156.941427342895
2012-01-25 17:00:00,348.205329774476
2012-01-25 18:00:00,255.80795591719
2012-01-25 19:00:00,177.703220911457
2012-01-25 20:00:00,126.304957184317
2012-01-25 21:00:00,83.0158052940729
2012-01-25 22:00:00,69.2573941611934
2012-01-25 23:00:00,36.5056086000302
2012-01-26 00:00:00,18.6292567624982
2012-01-26 01:00:00,7.3396160287916
2012-01-26 02:00:00,4.04514897096934
2012-01-26 03:00:00,2.45709383732742
2012-01-26 04:00:00,2.43140833314253
2012-01-26 05:00:00,13.5636498168219
2012-01-26 06:00:00,58.7464208921992
2012-01-26 07:00:00,180.65823494235
2012-01-26 08:00:00,359.534403336447
2012-01-26 09:00:00,161.117053634715
2012-01-26 10:00:00,83.4251775040001
2012-01-26 11:00:00,76.1124301129553
2012-01-26 12:00:00,102.754586505574
2012-01-26 13:00:00,120.554445828754
2012-01-26 14:00:00,114.39447677381
2012-01-26 15:00:00,146.088516556716
2012-01-26 16:00:00,167.12840580037
2012-01-26 17:00:00,383.555856109932
2012-01-26 18:00:00,377.516612514746
2012-01-26 19:00:00,213.733042331775
2012-01-26 20:00:00,145.53592180512
2012-01-26 21:00:00,114.778992724625
2012-01-26 22:00:00,94.8516359235556
2012-01-26 23:00:00,54.625668568479
2012-01-27 00:00:00,16.591082487743
2012-01-27 01:00:00,7.00190967077131
2012-01-27 02:00:00,5.63884603596808
2012-01-27 03:00:00,2.49716789050484
2012-01-27 04:00:00,1.52332357616721
2012-01-27 05:00:00,9.43745839399315
2012-01-27 06:00:00,40.2358347536029
2012-01-27 07:00:00,126.180780309005
2012-01-27 08:00:00,206.236290113017
2012-01-27 09:00:00,99.9474625401957
2012-01-27 10:00:00,39.5550137244236
2012-01-27 11:00:00,112.825126877203
2012-01-27 12:00:00,161.369360290461
2012-01-27 13:00:00,175.397152907738
2012-01-27 14:00:00,161.164096157197
2012-01-27 15:00:00,162.676316
2012-01-27 16:00:00,218.430853871745
2012-01-27 17:00:00,362.8396824044
2012-01-27 18:00:00,280.280565402932
2012-01-27 19:00:00,196.820196827768
2012-01-27 20:00:00,133.691947719702
2012-01-27 21:00:00,85.1052115239524
2012-01-27 22:00:00,80.0146133675859
2012-01-27 23:00:00,43.4036897700282
2012-01-28 00:00:00,45.9745031002716
2012-01-28 01:00:00,41.386500967582
2012-01-28 02:00:00,26.0481926675724
2012-01-28 03:00:00,12.3499769811352
2012-01-28 04:00:00,3.08284496621854
2012-01-28 05:00:00,2.88958231528533
2012-01-28 06:00:00,5.79344452532218
2012-01-28 07:00:00,14.713797916542
2012-01-28 08:00:00,55.332883764572
2012-01-28 09:00:00,73.9226228037911
2012-01-28 10:00:00,136.267372937468
2012-01-28 11:00:00,170.048302513226
2012-01-28 12:00:00,174.25079737661
2012-01-28 13:00:00,186.335267264249
2012-01-28 14:00:00,175.700017801797
2012-01-28 15:00:00,217.100365666074
2012-01-28 16:00:00,250.618520203909
2012-01-28 17:00:00,212.567448491368
2012-01-28 18:00:00,204.843309518744
2012-01-28 19:00:00,131.530273997666
2012-01-28 20:00:00,95.2085372299361
2012-01-28 21:00:00,70.8303954710695
2012-01-28 22:00:00,69.1343644261946
2012-01-28 23:00:00,43.8299083413853
2012-01-29 00:00:00,46.9846360936664
2012-01-29 01:00:00,33.3036492765417
2012-01-29 02:00:00,23.2974702455673
2012-01-29 03:00:00,10.6003924630254
2012-01-29 04:00:00,2.27760105557941
2012-01-29 05:00:00,2.37475290654632
2012-01-29 06:00:00,6.19259360102286
2012-01-29 07:00:00,16.1006167934982
2012-01-29 08:00:00,40.7550472597148
2012-01-29 09:00:00,71.6769090046242
2012-01-29 10:00:00,131.791031519154
2012-01-29 11:00:00,156.139106408815
2012-01-29 12:00:00,215.183075911337
2012-01-29 13:00:00,206.909722345851
2012-01-29 14:00:00,181.843817747483
2012-01-29 15:00:00,209.174516218871
2012-01-29 16:00:00,159.670720778066
2012-01-29 17:00:00,144.796920609467
2012-01-29 18:00:00,125.610083396723
2012-01-29 19:00:00,104.806558899455
2012-01-29 20:00:00,80.1380448586635
2012-01-29 21:00:00,63.2709955202487
2012-01-29 22:00:00,46.5510208584817
2012-01-29 23:00:00,39.1835655137823
2012-01-30 00:00:00,15.310334563285
2012-01-30 01:00:00,6.93664205039996
2012-01-30 02:00:00,3.03644763997147
2012-01-30 03:00:00,2.04228603145321
2012-01-30 04:00:00,1.86920147623304
2012-01-30 05:00:00,9.31278243292437
2012-01-30 06:00:00,50.3961135733301
2012-01-30 07:00:00,147.550886439292
2012-01-30 08:00:00,254.673225456944
2012-01-30 09:00:00,137.16955399084
2012-01-30 10:00:00,78.0326456229523
2012-01-30 11:00:00,66.17283740979
2012-01-30 12:00:00,103.376532813049
2012-01-30 13:00:00,101.873164499205
2012-01-30 14:00:00,108.194326058931
2012-01-30 15:00:00,103.740807024056
2012-01-30 16:00:00,160.887894560434
2012-01-30 17:00:00,263.544518300603
2012-01-30 18:00:00,264.450514584933
2012-01-30 19:00:00,181.608441192085
2012-01-30 20:00:00,132.34932442476
2012-01-30 21:00:00,103.092441480563
2012-01-30 22:00:00,65.9771900305737
2012-01-30 23:00:00,38.0845945386069
2012-01-31 00:00:00,19.2224145361142
2012-01-31 01:00:00,7.76764983591916
2012-01-31 02:00:00,4.21394735038527
2012-01-31 03:00:00,2.52256253862394
2012-01-31 04:00:00,2.477404288758
2012-01-31 05:00:00,12.1485143067826
2012-01-31 06:00:00,61.9784634165101
2012-01-31 07:00:00,174.443955583348
2012-01-31 08:00:00,374.118521267124
2012-01-31 09:00:00,201.648138034361
2012-01-31 10:00:00,77.8736017629533
2012-01-31 11:00:00,122.097436134805
2012-01-31 12:00:00,139.983208866139
2012-01-31 13:00:00,181.939993595794
2012-01-31 14:00:00,153.035179292355
2012-01-31 15:00:00,173.205717597249
2012-01-31 16:00:00,265.526418089562
2012-01-31 17:00:00,497.421702585882
2012-01-31 18:00:00,454.66210531277
2012-01-31 19:00:00,274.454397575169
2012-01-31 20:00:00,175.9475164349
2012-01-31 21:00:00,155.825421253968
2012-01-31 22:00:00,113.1517227831
2012-01-31 23:00:00,77.1568678951752
2012-02-20 00:00:00,21.4974368143371
2012-02-20 01:00:00,16.4520161408806
2012-02-20 02:00:00,11.6108260222761
2012-02-20 03:00:00,5.58774281638184
2012-02-20 05:00:00,3.71913368746748
2012-02-20 06:00:00,7.14862921753106
2012-02-20 07:00:00,19.9923833745207
2012-02-20 08:00:00,62.1609261576366
2012-02-20 09:00:00,85.2672298224569
2012-02-20 10:00:00,74.7313042873271
2012-02-20 11:00:00,127.100907840448
2012-02-20 12:00:00,170.185256445707
2012-02-20 13:00:00,170.442290862142
2012-02-20 14:00:00,162.304245130768
2012-02-20 15:00:00,167.351378424099
2012-02-20 16:00:00,215.66952024988
2012-02-20 17:00:00,181.923746855139
2012-02-20 18:00:00,151.960508578973
2012-02-20 19:00:00,125.57666322693
2012-02-20 20:00:00,107.330824802678
2012-02-20 21:00:00,82.5864942150332
2012-02-20 22:00:00,62.5506399626158
2012-02-20 23:00:00,40.6517301732045
2012-02-21 00:00:00,13.6763367897655
2012-02-21 01:00:00,6.46978355978618
2012-02-21 02:00:00,3.22783961657574
2012-02-21 04:00:00,1.82338126634548
2012-02-21 05:00:00,8.76739940559329
2012-02-21 06:00:00,46.8214443162854
2012-02-21 07:00:00,135.1461870579
2012-02-21 08:00:00,296.72978282089
2012-02-21 09:00:00,164.458738019323
2012-02-21 10:00:00,86.5294869769031
2012-02-21 11:00:00,76.4144053183312
2012-02-21 12:00:00,105.942835681362
2012-02-21 13:00:00,118.197858872525
2012-02-21 14:00:00,95.0108760049757
2012-02-21 15:00:00,109.279337167083
2012-02-21 16:00:00,160.8508477406
2012-02-21 17:00:00,320.960172012558
2012-02-21 18:00:00,295.725742724042
2012-02-21 19:00:00,194.993126264034
2012-02-21 20:00:00,130.001501490362
2012-02-21 21:00:00,106.487716757816
2012-02-21 22:00:00,69.0635932291556
2012-02-21 23:00:00,48.6214640813199
2012-02-22 00:00:00,17.2848911875454
2012-02-22 01:00:00,10.9310564177833
2012-02-22 02:00:00,3.93082803239589
2012-02-22 03:00:00,2.48028998198805
2012-02-22 04:00:00,3.30352344044154
2012-02-22 05:00:00,17.2366757268907
2012-02-22 06:00:00,69.3444370720558
2012-02-22 07:00:00,235.509362545674
2012-02-22 08:00:00,359.604013874057
2012-02-22 09:00:00,209.38149243566
2012-02-22 10:00:00,104.474754024003
2012-02-22 11:00:00,104.02372227455
2012-02-22 12:00:00,123.717327983362
2012-02-22 13:00:00,158.169990467123
2012-02-22 14:00:00,143.292989802962
2012-02-22 15:00:00,177.034514445681
2012-02-22 16:00:00,234.538953987413
2012-02-22 17:00:00,457.326596943754
2012-02-22 18:00:00,370.406827059802
2012-02-22 19:00:00,249.982371051585
2012-02-22 20:00:00,160.35696301705
2012-02-22 21:00:00,140.119876884321
2012-02-22 22:00:00,96.7635831822253
2012-02-22 23:00:00,67.9037694156369
2012-02-23 00:00:00,22.1647211324615
2012-02-23 01:00:00,9.6064232174894
2012-02-23 02:00:00,5.20501834601376
2012-02-23 03:00:00,2.25411112812891
2012-02-23 04:00:00,3.05667183087583
2012-02-23 05:00:00,14.887589504617
2012-02-23 06:00:00,66.1629733599601
2012-02-23 07:00:00,203.65856471769
2012-02-23 08:00:00,344.270882828162
2012-02-23 09:00:00,176.690631575923
2012-02-23 10:00:00,97.3927097630506
2012-02-23 11:00:00,138.64278637686
2012-02-23 12:00:00,193.331845799525
2012-02-23 13:00:00,187.242966158923
2012-02-23 14:00:00,172.621131469231
2012-02-23 15:00:00,215.427606990765
2012-02-23 16:00:00,327.890672661346
2012-02-23 17:00:00,620.554236256307
2012-02-23 18:00:00,601.039519951876
2012-02-23 19:00:00,357.542161017726
2012-02-23 20:00:00,249.797961167566
2012-02-23 21:00:00,142.666671821229
2012-02-23 22:00:00,116.473743767849
2012-02-23 23:00:00,86.8679327858748
2012-02-24 00:00:00,27.1026543400901
2012-02-24 01:00:00,11.6047877516109
2012-02-24 02:00:00,4.14888522911245
2012-02-24 03:00:00,4.80443395308462
2012-02-24 04:00:00,3.8964437097258
2012-02-24 05:00:00,12.7646313363013
2012-02-24 06:00:00,84.0447718882833
2012-02-24 07:00:00,187.859461427857
2012-02-24 08:00:00,276.268058224995
2012-02-24 09:00:00,95.023882091253
2012-02-24 10:00:00,71.8897587295189
2012-02-24 11:00:00,93.2960004296964
2012-02-24 12:00:00,126.190009087808
2012-02-24 13:00:00,151.844284457046
2012-02-24 14:00:00,132.909775182815
2012-02-24 15:00:00,55.0298909662737
2012-02-24 16:00:00,79.0975290259581
2012-02-24 17:00:00,147.579673751712
2012-02-24 18:00:00,280.154686213123
2012-02-24 19:00:00,254.967393305886
2012-02-24 20:00:00,190.381271220872
2012-02-24 21:00:00,119.121759990698
2012-02-24 22:00:00,93.3922747861696
2012-02-24 23:00:00,53.1281868813591
2012-02-25 00:00:00,67.5074352105486
2012-02-25 01:00:00,43.5581932295599
2012-02-25 02:00:00,33.8671978759364
2012-02-25 03:00:00,13.549997338213
2012-02-25 04:00:00,3.70610164082463
2012-02-25 05:00:00,3.52721878523297
2012-02-25 06:00:00,7.24967595279562
2012-02-25 07:00:00,17.2684405396612
2012-02-25 08:00:00,44.5087224437962
2012-02-25 09:00:00,35.4701696318875
2012-02-25 10:00:00,110.106463638375
2012-02-25 11:00:00,149.022072198323
2012-02-25 12:00:00,160.660493210861
2012-02-25 13:00:00,177.348990223001
2012-02-25 14:00:00,150.700289512453
2012-02-25 15:00:00,161.276222570807
2012-02-25 16:00:00,140.802598887371
2012-02-25 17:00:00,150.50727576716
2012-02-25 18:00:00,94.046615682565
2012-02-25 19:00:00,77.4662848339818
2012-02-25 20:00:00,54.6433065594526
2012-02-25 21:00:00,50.4238425028747
2012-02-25 22:00:00,30.8165794660333
2012-02-25 23:00:00,22.7774565449822
2012-02-26 00:00:00,41.3132184970879
2012-02-26 01:00:00,31.1525422921674
2012-02-26 02:00:00,23.128707952094
2012-02-26 03:00:00,12.0002612163454
2012-02-26 04:00:00,3.33025136428235
2012-02-26 05:00:00,2.72255242350594
2012-02-26 06:00:00,4.21795112983592
2012-02-26 07:00:00,11.3945516194526
2012-02-26 08:00:00,34.1624308076262
2012-02-26 09:00:00,74.5989920988262
2012-02-26 10:00:00,128.23585599879
2012-02-26 11:00:00,150.342779811665
2012-02-26 12:00:00,227.69392088448
2012-02-26 13:00:00,202.423137265442
2012-02-26 14:00:00,200.637982367263
2012-02-26 15:00:00,201.354861973687
2012-02-26 16:00:00,199.922722106039
2012-02-26 17:00:00,172.142498956006
2012-02-26 18:00:00,128.154057048364
2012-02-26 19:00:00,123.473753325288
2012-02-26 20:00:00,86.6259569931984
2012-02-26 21:00:00,73.6395436315501
2012-02-26 22:00:00,54.5470271228267
2012-02-26 23:00:00,31.9217007267409
2012-02-27 00:00:00,17.3635556621158
2012-02-27 01:00:00,6.57542235244516
2012-02-27 02:00:00,3.76256465493462
2012-02-27 03:00:00,2.35767708141992
2012-02-27 04:00:00,2.19014913510074
2012-02-27 05:00:00,10.923920231987
2012-02-27 06:00:00,60.7932744718979
2012-02-27 07:00:00,165.928944519533
2012-02-27 08:00:00,266.57224822655
2012-02-27 09:00:00,180.130513587981
2012-02-27 10:00:00,95.7296994379687
2012-02-27 11:00:00,120.254802243606
2012-02-27 12:00:00,138.646772434137
2012-02-27 13:00:00,137.16866987898
2012-02-27 14:00:00,161.651438053095
2012-02-27 15:00:00,171.501711103648
2012-02-27 16:00:00,262.713007940182
2012-02-27 17:00:00,482.526864455922
2012-02-27 18:00:00,416.835250257945
2012-02-27 19:00:00,285.41168384401
2012-02-27 20:00:00,215.355230019646
2012-02-27 21:00:00,159.14169301435
2012-02-27 22:00:00,118.601667637919
2012-02-27 23:00:00,85.1342389417992
2012-02-28 00:00:00,35.7672409416034
2012-02-28 01:00:00,10.2777953011401
2012-02-28 02:00:00,6.50720978087687
2012-02-28 03:00:00,2.74977467302451
2012-02-28 04:00:00,2.58476967240908
2012-02-28 05:00:00,12.5174398293866
2012-02-28 06:00:00,65.2971726884109
2012-02-28 07:00:00,178.764688678343
2012-02-28 08:00:00,328.30200127597
2012-02-28 09:00:00,203.968476564528
2012-02-28 10:00:00,104.32013260049
2012-02-28 11:00:00,106.096257236159
2012-02-28 12:00:00,148.55903592773
2012-02-28 13:00:00,144.558945815276
2012-02-28 14:00:00,135.419466712408
2012-02-28 15:00:00,177.031901490585
2012-02-28 16:00:00,240.460877006872
2012-02-28 17:00:00,448.337084123829
2012-02-28 18:00:00,430.428588249655
2012-02-28 19:00:00,301.343846450661
2012-02-28 20:00:00,175.215122198306
2012-02-28 21:00:00,118.582461587944
2012-02-28 22:00:00,98.0350261131582
2012-02-28 23:00:00,52.3316745204418
2012-02-29 00:00:00,24.3804810345285
2012-02-29 01:00:00,9.55944025888914
2012-02-29 02:00:00,4.25918201286594
2012-02-29 03:00:00,2.6722630017164
2012-02-29 05:00:00,12.1692456271207
2012-02-29 06:00:00,60.8220723546796
2012-02-29 07:00:00,192.661023765735
2012-02-29 08:00:00,371.335145197167
2012-02-29 09:00:00,95.9324481629189
2012-02-29 10:00:00,46.9968432723056
2012-02-29 11:00:00,45.2079683907224
2012-02-29 12:00:00,32.2185025536974
2012-02-29 13:00:00,52.9684417024764
2012-02-29 14:00:00,47.5999082200567
2012-02-29 15:00:00,77.9098427700181
2012-02-29 16:00:00,78.8844588066845
2012-02-29 17:00:00,282.713163237492
2012-02-29 18:00:00,197.713637081624
2012-02-29 19:00:00,200.260412651599
2012-02-29 20:00:00,99.9874466022615
2012-02-29 21:00:00,74.0841209353059
2012-02-29 22:00:00,33.5495307750555
2012-02-29 23:00:00,26.3790152867193
2012-03-20 00:00:00,36.5022409151851
2012-03-20 01:00:00,15.3732605084623
2012-03-20 02:00:00,7.64584719602399
2012-03-20 03:00:00,4.87616576622047
2012-03-20 04:00:00,4.93961016500668
2012-03-20 05:00:00,19.5456983594678
2012-03-20 06:00:00,95.8467961818406
2012-03-20 07:00:00,97.4872120215302
2012-03-20 08:00:00,593.944413078852
2012-03-20 09:00:00,291.630999903834
2012-03-20 10:00:00,121.077295165337
2012-03-20 11:00:00,177.78820823661
2012-03-20 12:00:00,162.8855354416
2012-03-20 13:00:00,158.677387686659
2012-03-20 14:00:00,184.01424081009
2012-03-20 15:00:00,202.229189590009
2012-03-20 16:00:00,292.89329980248
2012-03-20 17:00:00,502.825409123008
2012-03-20 18:00:00,501.270780096601
2012-03-20 19:00:00,448.344067881972
2012-03-20 20:00:00,318.403309326956
2012-03-20 21:00:00,231.522345768518
2012-03-20 22:00:00,185.928049228115
2012-03-20 23:00:00,93.305762037373
2012-03-21 00:00:00,35.3390358036616
2012-03-21 01:00:00,18.6897446550291
2012-03-21 02:00:00,8.43076454679104
2012-03-21 03:00:00,3.72615584244589
2012-03-21 04:00:00,4.42480822247897
2012-03-21 05:00:00,24.265488920427
2012-03-21 06:00:00,72.8915882220482
2012-03-21 07:00:00,129.437457246815
2012-03-21 08:00:00,248.590006434115
2012-03-21 09:00:00,249.676534401345
2012-03-21 10:00:00,139.764987909783
2012-03-21 11:00:00,137.695744164752
2012-03-21 12:00:00,176.094951933588
2012-03-21 13:00:00,145.474165482023
2012-03-21 14:00:00,159.236696009457
2012-03-21 15:00:00,163.272261796723
2012-03-21 16:00:00,323.84171203386
2012-03-21 17:00:00,592.710116486362
2012-03-21 18:00:00,556.995857800946
2012-03-21 19:00:00,424.005270657047
2012-03-21 20:00:00,310.857880230431
2012-03-21 21:00:00,201.803146387704
2012-03-21 22:00:00,151.653045598544
2012-03-21 23:00:00,115.420361396766
2012-03-22 00:00:00,42.2208147205978
2012-03-22 01:00:00,18.1323703084923
2012-03-22 02:00:00,9.44870122865282
2012-03-22 03:00:00,5.78158353386105
2012-03-22 04:00:00,3.73048619006977
2012-03-22 05:00:00,16.2907416680635
2012-03-22 06:00:00,79.8005982663907
2012-03-22 07:00:00,207.972060773108
2012-03-22 08:00:00,411.731115442834
2012-03-22 09:00:00,199.693479803853
2012-03-22 10:00:00,80.0337940376505
2012-03-22 11:00:00,95.8709918023222
2012-03-22 12:00:00,130.58086154287
2012-03-22 13:00:00,221.768507832447
2012-03-22 14:00:00,190.009305576207
2012-03-22 15:00:00,220.852310639454
2012-03-22 16:00:00,352.904040515285
2012-03-22 17:00:00,678.538996252327
2012-03-22 18:00:00,640.715090168515
2012-03-22 19:00:00,440.679161625742
2012-03-22 20:00:00,287.920076817588
2012-03-22 21:00:00,255.083766594817
2012-03-22 22:00:00,147.914605718025
2012-03-22 23:00:00,103.619782967936
2012-03-23 00:00:00,41.9139932486423
2012-03-23 01:00:00,15.4254880156407
2012-03-23 02:00:00,8.66101702047052
2012-03-23 03:00:00,5.0595133559435
2012-03-23 04:00:00,4.30479077810482
2012-03-23 05:00:00,18.4312214407025
2012-03-23 06:00:00,112.887941465088
2012-03-23 07:00:00,251.97658021038
2012-03-23 08:00:00,415.934196035172
2012-03-23 09:00:00,243.398537363344
2012-03-23 10:00:00,122.100644069328
2012-03-23 11:00:00,168.497416712601
2012-03-23 12:00:00,240.20217529598
2012-03-23 13:00:00,216.267209064338
2012-03-23 14:00:00,234.014503396357
2012-03-23 15:00:00,246.646703236866
2012-03-23 16:00:00,387.941761974694
2012-03-23 17:00:00,719.195731094098
2012-03-23 18:00:00,696.661645432119
2012-03-23 19:00:00,441.161320925358
2012-03-23 20:00:00,320.872922963138
2012-03-23 21:00:00,269.433399581745
2012-03-23 22:00:00,183.439227526936
2012-03-23 23:00:00,114.201626070454
2012-03-24 00:00:00,125.999989378318
2012-03-24 01:00:00,113.174277160794
2012-03-24 02:00:00,82.7534144081269
2012-03-24 03:00:00,39.0268087627304
2012-03-24 04:00:00,14.2351892660899
2012-03-24 05:00:00,12.8574116636473
2012-03-24 06:00:00,25.7326295288281
2012-03-24 07:00:00,50.6774543157578
2012-03-24 08:00:00,82.3210177341385
2012-03-24 09:00:00,212.868327777766
2012-03-24 10:00:00,227.428790053455
2012-03-24 11:00:00,169.162850717486
2012-03-24 12:00:00,149.626253033728
2012-03-24 13:00:00,150.176645188023
2012-03-24 14:00:00,110.705611192061
2012-03-24 15:00:00,65.7318439689942
2012-03-24 16:00:00,77.4615433680994
2012-03-24 17:00:00,120.131636124227
2012-03-24 18:00:00,76.6016954615607
2012-03-24 19:00:00,89.9240005777274
2012-03-24 20:00:00,40.0645462110237
2012-03-24 21:00:00,33.8988915889456
2012-03-24 22:00:00,24.6366865474397
2012-03-24 23:00:00,40.1537339517902
2012-03-25 00:00:00,46.6800920930584
2012-03-25 01:00:00,34.1610066371842
2012-03-25 02:00:00,17.6692584982822
2012-03-25 03:00:00,9.89165678743467
2012-03-25 04:00:00,4.39967667248741
2012-03-25 05:00:00,3.75579907070277
2012-03-25 06:00:00,7.38898946590826
2012-03-25 07:00:00,16.3457222593051
2012-03-25 08:00:00,38.7623987923824
2012-03-25 09:00:00,72.0302450719576
2012-03-25 10:00:00,93.9098988898857
2012-03-25 11:00:00,105.35153536504
2012-03-25 12:00:00,121.073238777268
2012-03-25 13:00:00,227.795358540517
2012-03-25 14:00:00,212.692252780806
2012-03-25 15:00:00,195.892085824664
2012-03-25 16:00:00,332.067839841461
2012-03-25 17:00:00,331.544116831395
2012-03-25 18:00:00,285.66760989629
2012-03-25 19:00:00,184.544389729066
2012-03-25 20:00:00,139.827611210983
2012-03-25 21:00:00,152.646812542037
2012-03-25 22:00:00,107.978210614535
2012-03-25 23:00:00,83.6908987580542
2012-03-26 00:00:00,35.5550777869486
2012-03-26 01:00:00,14.2746223278014
2012-03-26 02:00:00,6.16247958549723
2012-03-26 03:00:00,4.80729791576181
2012-03-26 04:00:00,5.35227276985808
2012-03-26 05:00:00,31.1916677195392
2012-03-26 06:00:00,119.168783251531
2012-03-26 07:00:00,330.069099921943
2012-03-26 08:00:00,495.597955611253
2012-03-26 09:00:00,267.822723247515
2012-03-26 10:00:00,144.042255137336
2012-03-26 11:00:00,158.607869518219
2012-03-26 12:00:00,205.199130819023
2012-03-26 13:00:00,177.113168995026
2012-03-26 14:00:00,177.851700165486
2012-03-26 15:00:00,171.552900290303
2012-03-26 16:00:00,244.316598110568
2012-03-26 17:00:00,442.726739452918
2012-03-26 18:00:00,390.931838331096
2012-03-26 19:00:00,327.222320906767
2012-03-26 20:00:00,153.882595088763
2012-03-26 21:00:00,112.829945546912
2012-03-26 22:00:00,101.469778982584
2012-03-26 23:00:00,45.1169254789013
2012-03-27 00:00:00,20.3311512920943
2012-03-27 01:00:00,8.79324332186721
2012-03-27 02:00:00,4.42329708625305
2012-03-27 03:00:00,2.31619537791583
2012-03-27 04:00:00,2.12225791242962
2012-03-27 05:00:00,12.7860023122176
2012-03-27 06:00:00,78.3757862374501
2012-03-27 07:00:00,214.166263196782
2012-03-27 08:00:00,346.600484059166
2012-03-27 09:00:00,231.588757765415
2012-03-27 10:00:00,110.692192807979
2012-03-27 11:00:00,112.78425275454
2012-03-27 12:00:00,127.749948647906
2012-03-27 13:00:00,133.101043012691
2012-03-27 14:00:00,173.809748652392
2012-03-27 15:00:00,198.509108711577
2012-03-27 16:00:00,279.095570569037
2012-03-27 17:00:00,465.829275539217
2012-03-27 18:00:00,515.108642253236
2012-03-27 19:00:00,347.885631813845
2012-03-27 20:00:00,257.541612204743
2012-03-27 21:00:00,148.131225569467
2012-03-27 22:00:00,118.574657534449
2012-03-27 23:00:00,72.1550676886278
2012-03-28 00:00:00,31.1520327454874
2012-03-28 01:00:00,12.9328092418536
2012-03-28 02:00:00,5.2376853137784
2012-03-28 03:00:00,2.89932508474135
2012-03-28 04:00:00,3.78061562173664
2012-03-28 05:00:00,20.8880156376289
2012-03-28 06:00:00,98.3146971223075
2012-03-28 07:00:00,256.027782137482
2012-03-28 08:00:00,402.587091872408
2012-03-28 09:00:00,229.277850989812
2012-03-28 10:00:00,147.940806946616
2012-03-28 11:00:00,169.994207797381
2012-03-28 12:00:00,206.344413543101
2012-03-28 13:00:00,244.755473096385
2012-03-28 14:00:00,235.137538876339
2012-03-28 15:00:00,240.969445855526
2012-03-28 16:00:00,327.149383775503
2012-03-28 17:00:00,663.364387784967
2012-03-28 18:00:00,641.441303051052
2012-03-28 19:00:00,463.815603285265
2012-03-28 20:00:00,323.296045201889
2012-03-28 21:00:00,231.772477035587
2012-03-28 22:00:00,174.8851180085
2012-03-28 23:00:00,120.464921980563
2012-03-29 00:00:00,43.0373944746427
2012-03-29 01:00:00,19.5895773426088
2012-03-29 02:00:00,7.81910031592669
2012-03-29 03:00:00,4.54343344734983
2012-03-29 04:00:00,5.68788457995563
2012-03-29 05:00:00,26.7051557124201
2012-03-29 06:00:00,117.176030207463
2012-03-29 07:00:00,305.139263558441
2012-03-29 08:00:00,520.84375029923
2012-03-29 09:00:00,281.931166875105
2012-03-29 10:00:00,120.269359330728
2012-03-29 11:00:00,169.895743484941
2012-03-29 12:00:00,204.018180570658
2012-03-29 13:00:00,197.541091250054
2012-03-29 14:00:00,191.685106196975
2012-03-29 15:00:00,231.523343801082
2012-03-29 16:00:00,322.164037093441
2012-03-29 17:00:00,606.295301636391
2012-03-29 18:00:00,501.945761550548
2012-03-29 19:00:00,350.089884497667
2012-03-29 20:00:00,242.498415839669
2012-03-29 21:00:00,169.066697240398
2012-03-29 22:00:00,132.390599984951
2012-03-29 23:00:00,77.7145620721001
2012-03-30 00:00:00,30.515913951894
2012-03-30 01:00:00,11.3568560339096
2012-03-30 02:00:00,6.89707314948522
2012-03-30 03:00:00,3.16448241918061
2012-03-30 04:00:00,4.03559402000434
2012-03-30 05:00:00,18.232126159126
2012-03-30 06:00:00,90.0176937073005
2012-03-30 07:00:00,215.235065292466
2012-03-30 08:00:00,318.067815468182
2012-03-30 09:00:00,190.293153573828
2012-03-30 10:00:00,95.1623915553549
2012-03-30 11:00:00,111.245680257842
2012-03-30 12:00:00,129.834700585002
2012-03-30 13:00:00,110.249318544251
2012-03-30 14:00:00,104.758300252619
2012-03-30 15:00:00,111.057743993557
2012-03-30 16:00:00,134.558761411311
2012-03-30 17:00:00,282.489575192172
2012-03-30 18:00:00,468.652502428559
2012-03-30 19:00:00,220.646073106478
2012-03-30 20:00:00,181.477907833872
2012-03-30 21:00:00,128.577440227294
2012-03-30 22:00:00,99.3014445516854
2012-03-30 23:00:00,62.4280395180105
2012-03-31 00:00:00,65.9764302905644
2012-03-31 01:00:00,45.161090978143
2012-03-31 02:00:00,38.6868958864293
2012-03-31 03:00:00,17.4655805634495
2012-03-31 04:00:00,6.75554968548614
2012-03-31 05:00:00,7.16533851722343
2012-03-31 06:00:00,13.4286914981481
2012-03-31 07:00:00,34.0184621422522
2012-03-31 08:00:00,69.9888923105297
2012-03-31 09:00:00,108.449040467977
2012-03-31 10:00:00,177.180608217017
2012-03-31 11:00:00,315.430089809405
2012-03-31 12:00:00,346.593307557866
2012-03-31 13:00:00,471.295401913804
2012-03-31 14:00:00,276.99630956664
2012-03-31 15:00:00,368.65696653306
2012-03-31 16:00:00,246.290190820103
2012-03-31 17:00:00,223.01122326575
2012-03-31 18:00:00,119.411508781226
2012-03-31 19:00:00,113.228497971161
2012-03-31 20:00:00,75.9170264343367
2012-03-31 21:00:00,64.0186617243402
2012-03-31 22:00:00,53.5825638127707
2012-03-31 23:00:00,38.6611320396015
2012-04-20 00:00:00,39.7369396065108
2012-04-20 01:00:00,15.2381469193552
2012-04-20 02:00:00,6.56353723543769
2012-04-20 03:00:00,4.53354684202644
2012-04-20 04:00:00,4.41863958280525
2012-04-20 05:00:00,19.2609479507949
2012-04-20 06:00:00,115.710282038071
2012-04-20 07:00:00,238.479900855747
2012-04-20 08:00:00,410.787902547199
2012-04-20 09:00:00,277.275025485857
2012-04-20 10:00:00,151.654834467247
2012-04-20 11:00:00,185.669706944683
2012-04-20 12:00:00,247.755623612207
2012-04-20 13:00:00,257.719209971132
2012-04-20 14:00:00,242.408366723926
2012-04-20 15:00:00,226.999468339573
2012-04-20 16:00:00,388.841276144569
2012-04-20 17:00:00,648.800995037131
2012-04-20 18:00:00,593.257373934281
2012-04-20 19:00:00,498.775525946131
2012-04-20 20:00:00,310.353377945525
2012-04-20 21:00:00,246.448181973456
2012-04-20 22:00:00,160.512891857086
2012-04-20 23:00:00,104.641312593076
2012-04-21 00:00:00,123.677996082186
2012-04-21 01:00:00,96.5845839224128
2012-04-21 02:00:00,83.8333114669025
2012-04-21 03:00:00,25.6332068161313
2012-04-21 04:00:00,9.17688907842636
2012-04-21 05:00:00,10.6813173317262
2012-04-21 06:00:00,20.9249460399764
2012-04-21 07:00:00,50.489748945671
2012-04-21 08:00:00,160.543614246323
2012-04-21 09:00:00,263.196918618248
2012-04-21 10:00:00,350.113011855428
2012-04-21 11:00:00,420.10802139087
2012-04-21 12:00:00,558.747514680701
2012-04-21 13:00:00,560.213731333085
2012-04-21 14:00:00,531.542036431077
2012-04-21 15:00:00,590.820362497866
2012-04-21 16:00:00,565.681815486191
2012-04-21 17:00:00,463.417474379204
2012-04-21 18:00:00,322.325903029139
2012-04-21 19:00:00,130.280761081304
2012-04-21 20:00:00,74.3429473543021
2012-04-21 21:00:00,49.0870987518479
2012-04-21 22:00:00,81.6819431000082
2012-04-21 23:00:00,47.5702684657845
2012-04-22 00:00:00,74.5804860836588
2012-04-22 01:00:00,46.1820914129754
2012-04-22 02:00:00,47.2565982946
2012-04-22 03:00:00,23.7546322982202
2012-04-22 04:00:00,8.62823888141652
2012-04-22 05:00:00,7.43566161223226
2012-04-22 06:00:00,13.5481084166634
2012-04-22 07:00:00,20.0517575861929
2012-04-22 08:00:00,52.5785131106879
2012-04-22 09:00:00,74.6184050038394
2012-04-22 10:00:00,103.177086420161
2012-04-22 11:00:00,85.9984012637704
2012-04-22 12:00:00,92.6100429864812
2012-04-22 13:00:00,119.025183336289
2012-04-22 14:00:00,84.1589372076677
2012-04-22 15:00:00,76.2974761535362
2012-04-22 16:00:00,59.1419953283955
2012-04-22 17:00:00,32.1861885463733
2012-04-22 18:00:00,27.4716083768197
2012-04-22 19:00:00,22.5100859978569
2012-04-22 20:00:00,23.7973160676135
2012-04-22 21:00:00,23.9706359226234
2012-04-22 22:00:00,13.5717664885999
2012-04-22 23:00:00,15.9484549975464
2012-04-23 00:00:00,13.6758668866949
2012-04-23 01:00:00,3.91577616653011
2012-04-23 02:00:00,2.5152137396448
2012-04-23 03:00:00,2.21666850745107
2012-04-23 04:00:00,2.39480629890478
2012-04-23 05:00:00,11.5232843293589
2012-04-23 06:00:00,75.4446486417494
2012-04-23 07:00:00,131.328753234669
2012-04-23 08:00:00,352.967007279836
2012-04-23 09:00:00,184.180889561868
2012-04-23 10:00:00,79.7560706003505
2012-04-23 11:00:00,73.2625523623051
2012-04-23 12:00:00,61.5461632285211
2012-04-23 13:00:00,75.5400969022478
2012-04-23 14:00:00,60.8645338004134
2012-04-23 15:00:00,109.410613828011
2012-04-23 16:00:00,66.6862254078377
2012-04-23 17:00:00,141.621708337404
2012-04-23 18:00:00,167.181189973458
2012-04-23 19:00:00,149.777131551176
2012-04-23 20:00:00,109.770276160066
2012-04-23 21:00:00,77.4034813729047
2012-04-23 22:00:00,74.2283110091867
2012-04-23 23:00:00,45.1385450021802
2012-04-24 00:00:00,25.4749735055469
2012-04-24 01:00:00,9.73194734417267
2012-04-24 02:00:00,4.92427868279066
2012-04-24 03:00:00,2.47803932906609
2012-04-24 04:00:00,3.06447688479351
2012-04-24 05:00:00,17.1532199007723
2012-04-24 06:00:00,75.4565386957524
2012-04-24 07:00:00,177.39086952575
2012-04-24 08:00:00,388.461000211986
2012-04-24 09:00:00,217.844441407024
2012-04-24 10:00:00,130.158866187961
2012-04-24 11:00:00,163.261905251449
2012-04-24 12:00:00,209.782804450125
2012-04-24 13:00:00,210.362310166407
2012-04-24 14:00:00,198.619719759028
2012-04-24 15:00:00,206.999570932344
2012-04-24 16:00:00,328.153508514198
2012-04-24 17:00:00,625.108454928403
2012-04-24 18:00:00,541.176526188574
2012-04-24 19:00:00,360.912176725248
2012-04-24 20:00:00,264.174923288419
2012-04-24 21:00:00,173.559698907907
2012-04-24 22:00:00,156.963419627775
2012-04-24 23:00:00,99.9977969290511
2012-04-25 00:00:00,40.4938871681235
2012-04-25 01:00:00,18.1250106381686
2012-04-25 02:00:00,6.08486281138813
2012-04-25 03:00:00,3.51375198721422
2012-04-25 04:00:00,3.39274826663506
2012-04-25 05:00:00,16.2829693054086
2012-04-25 06:00:00,79.514163199579
2012-04-25 07:00:00,235.750134193224
2012-04-25 08:00:00,441.448329247035
2012-04-25 09:00:00,286.467931563175
2012-04-25 10:00:00,168.053765263784
2012-04-25 11:00:00,195.751976335955
2012-04-25 12:00:00,239.854906668238
2012-04-25 13:00:00,249.406307422207
2012-04-25 14:00:00,226.728729140317
2012-04-25 15:00:00,233.886901230546
2012-04-25 16:00:00,370.204947953201
2012-04-25 17:00:00,705.385656874412
2012-04-25 18:00:00,667.328809179953
2012-04-25 19:00:00,483.728123937196
2012-04-25 20:00:00,343.331677983399
2012-04-25 21:00:00,202.154502911924
2012-04-25 22:00:00,145.718862161381
2012-04-25 23:00:00,81.3409344899166
2012-04-26 00:00:00,35.1658885881679
2012-04-26 01:00:00,15.4285606660077
2012-04-26 02:00:00,7.92280027396623
2012-04-26 03:00:00,4.25851389631505
2012-04-26 04:00:00,4.26175634208381
2012-04-26 05:00:00,24.7093161984274
2012-04-26 06:00:00,103.194841372928
2012-04-26 07:00:00,128.405509925398
2012-04-26 08:00:00,296.137217396712
2012-04-26 09:00:00,146.98721173346
2012-04-26 10:00:00,92.9281098252116
2012-04-26 11:00:00,71.9918655029812
2012-04-26 12:00:00,161.787811190969
2012-04-26 13:00:00,157.235003110299
2012-04-26 14:00:00,146.977744222229
2012-04-26 15:00:00,122.270308490966
2012-04-26 16:00:00,181.011161576573
2012-04-26 17:00:00,619.63560012765
2012-04-26 18:00:00,434.205673551615
2012-04-26 19:00:00,310.079396864216
2012-04-26 20:00:00,274.573815982264
2012-04-26 21:00:00,157.950846232077
2012-04-26 22:00:00,148.334229269233
2012-04-26 23:00:00,84.3634575338054
2012-04-27 00:00:00,36.5879689571761
2012-04-27 01:00:00,14.2412676326622
2012-04-27 02:00:00,8.3808866609965
2012-04-27 03:00:00,3.67625518455883
2012-04-27 04:00:00,4.79090026567284
2012-04-27 05:00:00,25.4319427837272
2012-04-27 06:00:00,109.036530456231
2012-04-27 07:00:00,232.514471557268
2012-04-27 08:00:00,462.510377483685
2012-04-27 09:00:00,270.569287755495
2012-04-27 10:00:00,138.237876518776
2012-04-27 11:00:00,154.992670979644
2012-04-27 12:00:00,209.560524927576
2012-04-27 13:00:00,203.786163807665
2012-04-27 14:00:00,184.430501701825
2012-04-27 15:00:00,210.760207743091
2012-04-27 16:00:00,331.067896707327
2012-04-27 17:00:00,699.151986451634
2012-04-27 18:00:00,587.993570650123
2012-04-27 19:00:00,361.068726347873
2012-04-27 20:00:00,238.847304291682
2012-04-27 21:00:00,169.819099668559
2012-04-27 22:00:00,137.979917559372
2012-04-27 23:00:00,73.5455771691932
2012-04-28 00:00:00,91.0579430364544
2012-04-28 01:00:00,56.5954042465284
2012-04-28 02:00:00,51.5903505378726
2012-04-28 03:00:00,18.8935820656655
2012-04-28 04:00:00,7.00340695595868
2012-04-28 05:00:00,8.29343780021531
2012-04-28 06:00:00,18.7466489605943
2012-04-28 07:00:00,39.2011133650409
2012-04-28 08:00:00,122.302651827362
2012-04-28 09:00:00,141.696099253335
2012-04-28 10:00:00,215.046389531881
2012-04-28 11:00:00,260.43859333854
2012-04-28 12:00:00,286.355577548179
2012-04-28 13:00:00,287.288130156629
2012-04-28 14:00:00,391.202328644436
2012-04-28 15:00:00,369.517864018374
2012-04-28 16:00:00,311.486271691343
2012-04-28 17:00:00,291.065160675086
2012-04-28 18:00:00,176.337951135713
2012-04-28 19:00:00,139.118366201718
2012-04-28 20:00:00,91.6465888037139
2012-04-28 21:00:00,74.0710990797649
2012-04-28 22:00:00,71.6182994337388
2012-04-28 23:00:00,49.9438866972586
2012-04-29 00:00:00,73.8536878533827
2012-04-29 01:00:00,52.3285999660027
2012-04-29 02:00:00,30.8043783794715
2012-04-29 03:00:00,14.4079581319318
2012-04-29 04:00:00,6.05293491366911
2012-04-29 05:00:00,5.92806008869448
2012-04-29 06:00:00,12.553031354393
2012-04-29 07:00:00,29.8818350977885
2012-04-29 08:00:00,99.3417065606021
2012-04-29 09:00:00,154.448330903819
2012-04-29 10:00:00,203.809767037806
2012-04-29 11:00:00,294.899277835754
2012-04-29 12:00:00,487.455702814542
2012-04-29 13:00:00,476.564340042032
2012-04-29 14:00:00,511.391810362757
2012-04-29 15:00:00,578.565098576935
2012-04-29 16:00:00,561.833568817054
2012-04-29 17:00:00,515.956732209891
2012-04-29 18:00:00,440.820476477403
2012-04-29 19:00:00,373.165953601425
2012-04-29 20:00:00,281.879108886351
2012-04-29 21:00:00,181.942405075619
2012-04-29 22:00:00,134.620656230666
2012-04-29 23:00:00,84.9990192863108
2012-04-30 00:00:00,44.176913578432
2012-04-30 01:00:00,18.4562348752339
2012-04-30 02:00:00,9.67345772868182
2012-04-30 03:00:00,4.25686120214243
2012-04-30 04:00:00,3.14924574196379
2012-04-30 05:00:00,17.5383403890479
2012-04-30 06:00:00,113.988373360156
2012-04-30 07:00:00,292.315754780987
2012-04-30 08:00:00,564.985946964862
2012-04-30 09:00:00,242.307004373979
2012-04-30 10:00:00,147.731223393307
2012-04-30 11:00:00,150.049905482397
2012-04-30 12:00:00,171.350492246826
2012-04-30 13:00:00,176.543187413394
2012-04-30 14:00:00,158.35029589764
2012-04-30 15:00:00,167.871660391873
2012-04-30 16:00:00,324.595422287569
2012-04-30 17:00:00,600.054871156172
2012-04-30 18:00:00,486.580561989532
2012-04-30 19:00:00,328.031214482096
2012-04-30 20:00:00,216.909697218129
2012-04-30 21:00:00,165.731366678768
2012-04-30 22:00:00,130.005172591864
2012-04-30 23:00:00,81.4066116693572
2012-05-20 00:00:00,133.44418055446
2012-05-20 01:00:00,95.2596146080924
2012-05-20 02:00:00,71.2148042656285
2012-05-20 03:00:00,33.4975161329519
2012-05-20 04:00:00,13.1510852401373
2012-05-20 05:00:00,13.4875394417667
2012-05-20 06:00:00,23.3894562268391
2012-05-20 07:00:00,65.1267870145836
2012-05-20 08:00:00,164.863805602043
2012-05-20 09:00:00,240.834376515756
2012-05-20 10:00:00,391.908524092812
2012-05-20 11:00:00,495.291161469761
2012-05-20 12:00:00,595.888120055192
2012-05-20 13:00:00,577.21520157348
2012-05-20 14:00:00,496.348318118358
2012-05-20 15:00:00,524.269622751193
2012-05-20 16:00:00,563.330317742518
2012-05-20 17:00:00,503.241856912613
2012-05-20 18:00:00,373.05798847435
2012-05-20 19:00:00,299.634076592651
2012-05-20 20:00:00,235.983070701592
2012-05-20 21:00:00,174.385741326104
2012-05-20 22:00:00,149.848648144117
2012-05-20 23:00:00,70.8342152287707
2012-05-21 00:00:00,18.2519131641983
2012-05-21 01:00:00,8.01591952672173
2012-05-21 02:00:00,5.79832124745327
2012-05-21 03:00:00,3.06280181090666
2012-05-21 04:00:00,2.78308353814577
2012-05-21 05:00:00,13.0600983045164
2012-05-21 06:00:00,52.7417757880078
2012-05-21 07:00:00,135.485033226274
2012-05-21 08:00:00,291.253392141238
2012-05-21 09:00:00,145.979605323686
2012-05-21 10:00:00,71.7658422580074
2012-05-21 11:00:00,158.098955680457
2012-05-21 12:00:00,157.49465461078
2012-05-21 13:00:00,99.5073368161224
2012-05-21 14:00:00,95.7580414491181
2012-05-21 15:00:00,198.602966598788
2012-05-21 16:00:00,310.221595754578
2012-05-21 17:00:00,624.18932063165
2012-05-21 18:00:00,578.256487748622
2012-05-21 19:00:00,422.409118226319
2012-05-21 20:00:00,301.456564945444
2012-05-21 21:00:00,228.063507196184
2012-05-21 22:00:00,174.848909964437
2012-05-21 23:00:00,111.997872143629
2012-05-22 00:00:00,38.3725166034274
2012-05-22 01:00:00,15.5958698334834
2012-05-22 02:00:00,7.94121658250861
2012-05-22 03:00:00,5.00708981141536
2012-05-22 04:00:00,4.65712346045767
2012-05-22 05:00:00,16.8033009888944
2012-05-22 06:00:00,79.5200694490672
2012-05-22 07:00:00,199.513903262217
2012-05-22 08:00:00,542.556426074926
2012-05-22 09:00:00,308.834378391415
2012-05-22 10:00:00,164.456020191575
2012-05-22 11:00:00,163.468422635773
2012-05-22 12:00:00,198.928877825892
2012-05-22 13:00:00,194.269651988111
2012-05-22 14:00:00,184.419067728246
2012-05-22 15:00:00,229.96598590976
2012-05-22 16:00:00,357.122276781464
2012-05-22 17:00:00,637.946724019425
2012-05-22 18:00:00,646.251454216483
2012-05-22 19:00:00,432.275807556297
2012-05-22 20:00:00,300.159471418621
2012-05-22 21:00:00,227.410177876112
2012-05-22 22:00:00,178.062962926068
2012-05-22 23:00:00,111.821142534026
2012-05-23 00:00:00,42.8096979122878
2012-05-23 01:00:00,18.5583267726251
2012-05-23 02:00:00,8.82555499513813
2012-05-23 03:00:00,5.76094050584656
2012-05-23 04:00:00,4.28157229730344
2012-05-23 05:00:00,16.8776207800267
2012-05-23 06:00:00,144.519059870861
2012-05-23 07:00:00,400.889307906814
2012-05-23 08:00:00,680.506848504351
2012-05-23 09:00:00,270.219107788067
2012-05-23 10:00:00,163.876976995884
2012-05-23 11:00:00,164.144236785226
2012-05-23 12:00:00,213.099410149914
2012-05-23 13:00:00,205.138396072948
2012-05-23 14:00:00,218.249980503118
2012-05-23 15:00:00,219.011611958208
2012-05-23 16:00:00,295.972188089197
2012-05-23 17:00:00,492.22983292402
2012-05-23 18:00:00,466.516669770833
2012-05-23 19:00:00,361.710746043033
2012-05-23 20:00:00,255.290923638672
2012-05-23 21:00:00,191.649998700992
2012-05-23 22:00:00,153.389199573046
2012-05-23 23:00:00,106.184863250401
2012-05-24 00:00:00,43.1058917474787
2012-05-24 01:00:00,16.2982273499759
2012-05-24 02:00:00,8.3285004242156
2012-05-24 03:00:00,4.50774015775735
2012-05-24 04:00:00,4.52276892107359
2012-05-24 05:00:00,25.7951404967914
2012-05-24 06:00:00,121.163583522722
2012-05-24 07:00:00,412.797455060486
2012-05-24 08:00:00,608.25002760135
2012-05-24 09:00:00,300.55775266641
2012-05-24 10:00:00,167.490135595366
2012-05-24 11:00:00,199.664359502742
2012-05-24 12:00:00,243.383830078343
2012-05-24 13:00:00,246.245880397535
2012-05-24 14:00:00,204.409028805833
2012-05-24 15:00:00,215.404931287171
2012-05-24 16:00:00,317.002206947218
2012-05-24 17:00:00,592.752783507883
2012-05-24 18:00:00,636.748297098587
2012-05-24 19:00:00,447.295312355023
2012-05-24 20:00:00,283.78688421031
2012-05-24 21:00:00,174.408793427206
2012-05-24 22:00:00,169.455110450413
2012-05-24 23:00:00,109.949283142857
2012-05-25 00:00:00,41.4589451283329
2012-05-25 01:00:00,17.4277162010818
2012-05-25 02:00:00,8.75013539627937
2012-05-25 03:00:00,4.6174345881923
2012-05-25 04:00:00,4.63998406747072
2012-05-25 05:00:00,26.658889951368
2012-05-25 06:00:00,129.449436491101
2012-05-25 07:00:00,330.309184952635
2012-05-25 08:00:00,604.642752218578
2012-05-25 09:00:00,292.30516926656
2012-05-25 10:00:00,163.612139577548
2012-05-25 11:00:00,163.953550734028
2012-05-25 12:00:00,226.131353479557
2012-05-25 13:00:00,221.210944094154
2012-05-25 14:00:00,205.195389962498
2012-05-25 15:00:00,220.22789526754
2012-05-25 16:00:00,303.61805935395
2012-05-25 17:00:00,604.42438496791
2012-05-25 18:00:00,607.288043396837
2012-05-25 19:00:00,449.196075944348
2012-05-25 20:00:00,335.060490362992
2012-05-25 21:00:00,247.951176851011
2012-05-25 22:00:00,180.910529933188
2012-05-25 23:00:00,118.135655139404
2012-05-26 00:00:00,127.742603246301
2012-05-26 01:00:00,100.372287190107
2012-05-26 02:00:00,64.4395715056834
2012-05-26 03:00:00,32.6127215599094
2012-05-26 04:00:00,11.9944960386364
2012-05-26 05:00:00,13.1054606197973
2012-05-26 06:00:00,23.5095155122785
2012-05-26 07:00:00,62.2265939257054
2012-05-26 08:00:00,157.623660734056
2012-05-26 09:00:00,215.164575625783
2012-05-26 10:00:00,350.699894301111
2012-05-26 11:00:00,370.865723181627
2012-05-26 12:00:00,490.208325060694
2012-05-26 13:00:00,464.209220263304
2012-05-26 14:00:00,419.532721459342
2012-05-26 15:00:00,439.282567572114
2012-05-26 16:00:00,463.411030579312
2012-05-26 17:00:00,393.574389157702
2012-05-26 18:00:00,345.486989038468
2012-05-26 19:00:00,299.06436438754
2012-05-26 20:00:00,236.33938071063
2012-05-26 21:00:00,195.303061677657
2012-05-26 22:00:00,159.226389090881
2012-05-26 23:00:00,116.010217959054
2012-05-27 00:00:00,115.259808871792
2012-05-27 01:00:00,97.9597596976161
2012-05-27 02:00:00,71.5087074231265
2012-05-27 03:00:00,33.7333909720617
2012-05-27 04:00:00,11.7553635985975
2012-05-27 05:00:00,13.3320019053327
2012-05-27 06:00:00,29.8220932772452
2012-05-27 07:00:00,67.0867319766084
2012-05-27 08:00:00,155.19764313034
2012-05-27 09:00:00,220.567568702026
2012-05-27 10:00:00,355.636424151963
2012-05-27 11:00:00,394.55517669452
2012-05-27 12:00:00,493.553279754984
2012-05-27 13:00:00,479.191773382898
2012-05-27 14:00:00,445.060830172273
2012-05-27 15:00:00,422.368273188069
2012-05-27 16:00:00,425.363276115453
2012-05-27 17:00:00,405.552359579518
2012-05-27 18:00:00,362.590744514343
2012-05-27 19:00:00,312.416163727183
2012-05-27 20:00:00,247.524155121888
2012-05-27 21:00:00,131.84315909125
2012-05-27 22:00:00,106.894650984726
2012-05-27 23:00:00,84.0894616867223
2012-05-28 00:00:00,37.3812177777771
2012-05-28 01:00:00,27.2626301811643
2012-05-28 02:00:00,20.0720372702391
2012-05-28 03:00:00,10.3894715913613
2012-05-28 04:00:00,8.8432087100011
2012-05-28 05:00:00,20.0927760633314
2012-05-28 06:00:00,42.4185309411507
2012-05-28 07:00:00,105.680718210922
2012-05-28 08:00:00,214.760206066077
2012-05-28 09:00:00,216.013639517059
2012-05-28 10:00:00,258.503575242011
2012-05-28 11:00:00,428.919548417225
2012-05-28 12:00:00,581.127008563483
2012-05-28 13:00:00,472.565372031568
2012-05-28 14:00:00,439.532958800538
2012-05-28 15:00:00,391.510450904057
2012-05-28 16:00:00,447.290613216149
2012-05-28 17:00:00,452.447805237393
2012-05-28 18:00:00,432.93949317263
2012-05-28 19:00:00,390.009624062079
2012-05-28 20:00:00,369.567119695891
2012-05-28 21:00:00,304.088196603021
2012-05-28 22:00:00,252.216547607302
2012-05-28 23:00:00,165.108293629029
2012-05-29 00:00:00,41.2607308431025
2012-05-29 01:00:00,17.7547222744219
2012-05-29 02:00:00,8.15744158173931
2012-05-29 03:00:00,4.75216499092453
2012-05-29 04:00:00,5.25756409302307
2012-05-29 05:00:00,28.6733373301262
2012-05-29 06:00:00,138.353516717283
2012-05-29 07:00:00,361.774703038019
2012-05-29 08:00:00,610.786873208125
2012-05-29 09:00:00,292.613443548905
2012-05-29 10:00:00,163.29982157946
2012-05-29 11:00:00,175.984177684851
2012-05-29 12:00:00,200.746235238866
2012-05-29 13:00:00,175.409388628559
2012-05-29 14:00:00,159.460015080017
2012-05-29 15:00:00,176.121364636174
2012-05-29 16:00:00,246.863883762327
2012-05-29 17:00:00,517.438336783246
2012-05-29 18:00:00,446.765386440938
2012-05-29 19:00:00,394.105552973447
2012-05-29 20:00:00,195.036558700665
2012-05-29 21:00:00,56.9870629493429
2012-05-29 22:00:00,133.732095454869
2012-05-29 23:00:00,56.6463156963737
2012-05-30 00:00:00,31.0945410052214
2012-05-30 01:00:00,13.5768306860945
2012-05-30 02:00:00,7.30355525866166
2012-05-30 03:00:00,4.41616468395234
2012-05-30 04:00:00,4.87007125089385
2012-05-30 05:00:00,27.7883228555481
2012-05-30 06:00:00,150.54823531297
2012-05-30 07:00:00,245.545685425293
2012-05-30 08:00:00,573.941076348084
2012-05-30 09:00:00,273.11655315763
2012-05-30 10:00:00,149.511322330119
2012-05-30 11:00:00,191.568726231879
2012-05-30 12:00:00,244.813636930472
2012-05-30 13:00:00,208.066317779601
2012-05-30 14:00:00,238.571310525238
2012-05-30 15:00:00,208.410108247655
2012-05-30 16:00:00,320.107244226799
2012-05-30 17:00:00,622.45208634386
2012-05-30 18:00:00,612.73204962889
2012-05-30 19:00:00,459.170085884206
2012-05-30 20:00:00,238.355992740333
2012-05-30 21:00:00,254.627526266751
2012-05-30 22:00:00,183.206161632218
2012-05-30 23:00:00,125.349040205584
2012-05-31 00:00:00,41.1273274380784
2012-05-31 01:00:00,17.0680643429664
2012-05-31 02:00:00,9.42871380559678
2012-05-31 03:00:00,4.64625329676492
2012-05-31 04:00:00,4.68128931775416
2012-05-31 05:00:00,28.2088225487082
2012-05-31 06:00:00,144.422117616737
2012-05-31 07:00:00,338.749492048108
2012-05-31 08:00:00,623.416100140064
2012-05-31 09:00:00,294.217132063147
2012-05-31 10:00:00,178.417150574608
2012-05-31 11:00:00,204.879477557639
2012-05-31 12:00:00,265.519450630648
2012-05-31 13:00:00,260.466948475145
2012-05-31 14:00:00,221.783044499914
2012-05-31 15:00:00,232.268981922103
2012-05-31 16:00:00,351.51519235869
2012-05-31 17:00:00,695.352519532102
2012-05-31 18:00:00,682.642727802274
2012-05-31 19:00:00,494.824494494662
2012-05-31 20:00:00,356.101500706389
2012-05-31 21:00:00,267.807608163455
2012-05-31 22:00:00,192.943905440244
2012-05-31 23:00:00,133.994148037662
2012-06-20 00:00:00,39.6206135619177
2012-06-20 01:00:00,18.5207535235552
2012-06-20 02:00:00,8.09724124397015
2012-06-20 03:00:00,4.83717869394897
2012-06-20 04:00:00,4.92744651519729
2012-06-20 05:00:00,27.9448726927207
2012-06-20 06:00:00,134.458932853859
2012-06-20 07:00:00,288.41646995499
2012-06-20 08:00:00,541.214842976348
2012-06-20 09:00:00,262.594509195334
2012-06-20 10:00:00,128.627979343819
2012-06-20 11:00:00,146.609794879458
2012-06-20 12:00:00,180.740468146836
2012-06-20 13:00:00,185.609318647577
2012-06-20 14:00:00,167.160214259983
2012-06-20 15:00:00,167.049580339955
2012-06-20 16:00:00,268.145540147999
2012-06-20 17:00:00,478.770881323484
2012-06-20 18:00:00,456.421582364589
2012-06-20 19:00:00,376.128675036637
2012-06-20 20:00:00,277.434331206337
2012-06-20 21:00:00,214.418348029189
2012-06-20 22:00:00,157.469290061205
2012-06-20 23:00:00,111.901529922892
2012-06-21 00:00:00,48.8235995091191
2012-06-21 01:00:00,18.7709675658341
2012-06-21 02:00:00,9.85539692281148
2012-06-21 03:00:00,6.17410300226715
2012-06-21 04:00:00,6.35777140727293
2012-06-21 05:00:00,31.3977768620141
2012-06-21 06:00:00,131.382029555479
2012-06-21 07:00:00,350.033627106483
2012-06-21 08:00:00,601.793763726972
2012-06-21 09:00:00,272.060257863678
2012-06-21 10:00:00,157.842276997574
2012-06-21 11:00:00,185.899939317432
2012-06-21 12:00:00,220.727763442024
2012-06-21 13:00:00,219.693022892461
2012-06-21 14:00:00,224.269848971971
2012-06-21 15:00:00,200.984000991952
2012-06-21 16:00:00,342.525742432296
2012-06-21 17:00:00,662.115869895106
2012-06-21 18:00:00,639.088838250746
2012-06-21 19:00:00,457.204365819337
2012-06-21 20:00:00,353.442555490785
2012-06-21 21:00:00,277.655612778091
2012-06-21 22:00:00,216.203153832212
2012-06-21 23:00:00,143.02474402162
2012-06-22 00:00:00,49.3504488991771
2012-06-22 01:00:00,19.3338103446788
2012-06-22 02:00:00,9.60622885787226
2012-06-22 03:00:00,5.90567191662156
2012-06-22 04:00:00,6.85255529981728
2012-06-22 05:00:00,32.8878110419346
2012-06-22 06:00:00,139.553939708598
2012-06-22 07:00:00,361.716666158023
2012-06-22 08:00:00,568.479488336312
2012-06-22 09:00:00,278.375363532299
2012-06-22 10:00:00,154.044886526947
2012-06-22 11:00:00,188.162272010805
2012-06-22 12:00:00,236.854048858615
2012-06-22 13:00:00,215.873476261253
2012-06-22 14:00:00,201.441575777931
2012-06-22 15:00:00,207.408668397963
2012-06-22 16:00:00,332.642528647175
2012-06-22 17:00:00,780.562015672326
2012-06-22 18:00:00,662.447292480177
2012-06-22 19:00:00,447.540768395333
2012-06-22 20:00:00,323.735392735522
2012-06-22 21:00:00,192.564437101444
2012-06-22 22:00:00,193.865508526649
2012-06-22 23:00:00,122.34683966274
2012-06-23 00:00:00,124.535614704554
2012-06-23 01:00:00,110.198489603507
2012-06-23 02:00:00,73.6062593471131
2012-06-23 03:00:00,34.9527928474224
2012-06-23 04:00:00,9.58974003613391
2012-06-23 05:00:00,9.41610407309464
2012-06-23 06:00:00,19.0328228952018
2012-06-23 07:00:00,48.6390637986997
2012-06-23 08:00:00,110.659858754066
2012-06-23 09:00:00,201.345477711787
2012-06-23 10:00:00,298.933008408395
2012-06-23 11:00:00,384.17066560578
2012-06-23 12:00:00,525.181953229242
2012-06-23 13:00:00,523.514912981324
2012-06-23 14:00:00,494.037960327907
2012-06-23 15:00:00,474.695231623997
2012-06-23 16:00:00,475.967757214049
2012-06-23 17:00:00,459.220437910399
2012-06-23 18:00:00,371.517068954116
2012-06-23 19:00:00,332.502927477042
2012-06-23 20:00:00,283.922097316223
2012-06-23 21:00:00,255.275891878069
2012-06-23 22:00:00,224.606589055431
2012-06-23 23:00:00,164.426886176272
2012-06-24 00:00:00,149.279321739586
2012-06-24 01:00:00,125.365799962055
2012-06-24 02:00:00,89.4596216965993
2012-06-24 03:00:00,38.7890012760544
2012-06-24 04:00:00,10.8290915967187
2012-06-24 05:00:00,9.78371633570159
2012-06-24 06:00:00,20.5657177418869
2012-06-24 07:00:00,47.8777528118597
2012-06-24 08:00:00,118.094954474764
2012-06-24 09:00:00,204.307319018965
2012-06-24 10:00:00,377.021989889287
2012-06-24 11:00:00,454.252580618429
2012-06-24 12:00:00,546.103579161605
2012-06-24 13:00:00,506.46450962334
2012-06-24 14:00:00,432.783953651914
2012-06-24 15:00:00,466.891785188714
2012-06-24 16:00:00,483.93381183251
2012-06-24 17:00:00,474.467587081293
2012-06-24 18:00:00,410.246100627484
2012-06-24 19:00:00,339.764011271224
2012-06-24 20:00:00,260.401731411674
2012-06-24 21:00:00,215.005312891633
2012-06-24 22:00:00,179.875965049199
2012-06-24 23:00:00,140.776784701441
2012-06-25 00:00:00,45.674877065585
2012-06-25 01:00:00,19.7655243189659
2012-06-25 02:00:00,11.2667088094196
2012-06-25 03:00:00,6.11975212859549
2012-06-25 04:00:00,6.45430138863591
2012-06-25 05:00:00,32.8619762631141
2012-06-25 06:00:00,135.859492849545
2012-06-25 07:00:00,376.734895408365
2012-06-25 08:00:00,562.645066403996
2012-06-25 09:00:00,276.440026315516
2012-06-25 10:00:00,159.368720347098
2012-06-25 11:00:00,180.820908036363
2012-06-25 12:00:00,246.784630457357
2012-06-25 13:00:00,208.012054404154
2012-06-25 14:00:00,216.06573936413
2012-06-25 15:00:00,242.022063501359
2012-06-25 16:00:00,348.909281911602
2012-06-25 17:00:00,621.60311689374
2012-06-25 18:00:00,618.678833119271
2012-06-25 19:00:00,458.578179032592
2012-06-25 20:00:00,339.119444933006
2012-06-25 21:00:00,256.464698609329
2012-06-25 22:00:00,212.38562904268
2012-06-25 23:00:00,135.330971179883
2012-06-26 00:00:00,40.1001753156396
2012-06-26 01:00:00,18.9054640986208
2012-06-26 02:00:00,10.9043048078204
2012-06-26 03:00:00,6.63952098566304
2012-06-26 04:00:00,6.6468504371242
2012-06-26 05:00:00,38.8883208627569
2012-06-26 06:00:00,169.988285874964
2012-06-26 07:00:00,477.953138083303
2012-06-26 08:00:00,599.864434764052
2012-06-26 09:00:00,297.093905743725
2012-06-26 10:00:00,172.532660259518
2012-06-26 11:00:00,214.774842170881
2012-06-26 12:00:00,269.585697500427
2012-06-26 13:00:00,239.957670042237
2012-06-26 14:00:00,221.653777670679
2012-06-26 15:00:00,241.279917640003
2012-06-26 16:00:00,373.237792086169
2012-06-26 17:00:00,688.441714346786
2012-06-26 18:00:00,617.636004156055
2012-06-26 19:00:00,470.890832163119
2012-06-26 20:00:00,331.210742343572
2012-06-26 21:00:00,295.238250341305
2012-06-26 22:00:00,229.1344534426
2012-06-26 23:00:00,151.594964997204
2012-06-27 00:00:00,46.6018066710927
2012-06-27 01:00:00,20.7404340384124
2012-06-27 02:00:00,11.6025548531601
2012-06-27 03:00:00,6.49927279555357
2012-06-27 04:00:00,6.46981529074978
2012-06-27 05:00:00,30.9932762317841
2012-06-27 06:00:00,130.133223678815
2012-06-27 07:00:00,371.350947248974
2012-06-27 08:00:00,573.205048245639
2012-06-27 09:00:00,297.577234900073
2012-06-27 10:00:00,182.716390836327
2012-06-27 11:00:00,179.695047739055
2012-06-27 12:00:00,219.880928331633
2012-06-27 13:00:00,205.550484918416
2012-06-27 14:00:00,208.490158369978
2012-06-27 15:00:00,218.257850969997
2012-06-27 16:00:00,342.06992781094
2012-06-27 17:00:00,628.215641248832
2012-06-27 18:00:00,582.735591141204
2012-06-27 19:00:00,426.065635504534
2012-06-27 20:00:00,361.332825714521
2012-06-27 21:00:00,307.341249612953
2012-06-27 22:00:00,230.844912626319
2012-06-27 23:00:00,140.292788219583
2012-06-28 00:00:00,47.3920731717085
2012-06-28 01:00:00,22.1638041552904
2012-06-28 02:00:00,9.9780550481263
2012-06-28 03:00:00,6.14734870390433
2012-06-28 04:00:00,6.66519782440116
2012-06-28 05:00:00,32.0449062408949
2012-06-28 06:00:00,141.12995540485
2012-06-28 07:00:00,367.329366228774
2012-06-28 08:00:00,582.248954006772
2012-06-28 09:00:00,303.762989299011
2012-06-28 10:00:00,163.047288174579
2012-06-28 11:00:00,186.142613381925
2012-06-28 12:00:00,210.54059851716
2012-06-28 13:00:00,216.720419037001
2012-06-28 14:00:00,202.341634450111
2012-06-28 15:00:00,214.22555831303
2012-06-28 16:00:00,313.967204934877
2012-06-28 17:00:00,574.219280489416
2012-06-28 18:00:00,635.955495115422
2012-06-28 19:00:00,409.968719290143
2012-06-28 20:00:00,357.092142974664
2012-06-28 21:00:00,258.002062280304
2012-06-28 22:00:00,217.308582318119
2012-06-28 23:00:00,136.314473960463
2012-06-29 00:00:00,45.4894719685888
2012-06-29 01:00:00,19.9048197145322
2012-06-29 02:00:00,10.1129380086335
2012-06-29 03:00:00,6.19580439740082
2012-06-29 04:00:00,6.76614010051599
2012-06-29 05:00:00,32.5785844428631
2012-06-29 06:00:00,143.61288105847
2012-06-29 07:00:00,366.893884053163
2012-06-29 08:00:00,589.517801015324
2012-06-29 09:00:00,271.179446326959
2012-06-29 10:00:00,143.604815048795
2012-06-29 11:00:00,179.393904037792
2012-06-29 12:00:00,203.231181269287
2012-06-29 13:00:00,184.430943560695
2012-06-29 14:00:00,169.948056048342
2012-06-29 15:00:00,177.466796970716
2012-06-29 16:00:00,282.040224967887
2012-06-29 17:00:00,517.469660637913
2012-06-29 18:00:00,516.925922804764
2012-06-29 19:00:00,385.958179989302
2012-06-29 20:00:00,280.029866131373
2012-06-29 21:00:00,247.953560297111
2012-06-29 22:00:00,146.278693231254
2012-06-29 23:00:00,93.2904149750535
2012-06-30 00:00:00,89.1458732775485
2012-06-30 01:00:00,72.8208841858618
2012-06-30 02:00:00,68.806623867586
2012-06-30 03:00:00,32.8607125440267
2012-06-30 04:00:00,6.95405376112496
2012-06-30 05:00:00,9.19130686256703
2012-06-30 06:00:00,17.9427957274338
2012-06-30 07:00:00,46.030238262442
2012-06-30 08:00:00,103.916830415593
2012-06-30 09:00:00,187.968825889473
2012-06-30 10:00:00,316.962206289959
2012-06-30 11:00:00,384.441288231606
2012-06-30 12:00:00,486.791601937104
2012-06-30 13:00:00,485.488796245747
2012-06-30 14:00:00,444.812257549605
2012-06-30 15:00:00,482.834048333758
2012-06-30 16:00:00,479.854186464087
2012-06-30 17:00:00,476.010449826246
2012-06-30 18:00:00,405.277996648549
2012-06-30 19:00:00,354.173992638991
2012-06-30 20:00:00,276.55299536083
2012-06-30 21:00:00,234.345045064307
2012-06-30 22:00:00,191.225137647435
2012-06-30 23:00:00,141.264820738267
2012-07-20 00:00:00,26.6093865065458
2012-07-20 01:00:00,16.0595206671346
2012-07-20 02:00:00,8.15527064726234
2012-07-20 03:00:00,5.9800988135763
2012-07-20 04:00:00,6.0360436916033
2012-07-20 05:00:00,29.1578502973144
2012-07-20 06:00:00,128.45086612043
2012-07-20 07:00:00,330.256157122009
2012-07-20 08:00:00,576.049549927576
2012-07-20 09:00:00,273.014798814005
2012-07-20 10:00:00,156.26488965191
2012-07-20 11:00:00,113.772444431767
2012-07-20 12:00:00,115.576216857273
2012-07-20 13:00:00,112.58459763137
2012-07-20 14:00:00,106.962169851166
2012-07-20 15:00:00,163.147224122479
2012-07-20 16:00:00,244.998402272043
2012-07-20 17:00:00,394.167156711277
2012-07-20 18:00:00,535.803985349123
2012-07-20 19:00:00,305.286375394398
2012-07-20 20:00:00,171.724616837308
2012-07-20 21:00:00,131.534953129499
2012-07-20 22:00:00,147.345294366271
2012-07-20 23:00:00,90.5466191232053
2012-07-21 00:00:00,94.6289975662038
2012-07-21 01:00:00,96.464851986103
2012-07-21 02:00:00,47.5575409172214
2012-07-21 03:00:00,22.3214826958773
2012-07-21 04:00:00,5.78984369551789
2012-07-21 05:00:00,5.22135838803733
2012-07-21 06:00:00,9.33944231536531
2012-07-21 07:00:00,41.7605544734663
2012-07-21 08:00:00,98.8105896051784
2012-07-21 09:00:00,178.090968379961
2012-07-21 10:00:00,131.61564541162
2012-07-21 11:00:00,292.220013759345
2012-07-21 12:00:00,201.299324884166
2012-07-21 13:00:00,191.774516449018
2012-07-21 14:00:00,282.779398056709
2012-07-21 15:00:00,165.411873572924
2012-07-21 16:00:00,176.629933267288
2012-07-21 17:00:00,167.861311343529
2012-07-21 18:00:00,247.35343461707
2012-07-21 19:00:00,201.285910369554
2012-07-21 20:00:00,101.374157674948
2012-07-21 21:00:00,137.38997685267
2012-07-21 22:00:00,116.230267623984
2012-07-21 23:00:00,82.9760956346118
2012-07-22 00:00:00,112.843264904067
2012-07-22 01:00:00,84.4954433108474
2012-07-22 02:00:00,63.5133066284341
2012-07-22 03:00:00,30.5534289376332
2012-07-22 04:00:00,9.63730264825682
2012-07-22 05:00:00,9.66404007456329
2012-07-22 06:00:00,18.0940496912857
2012-07-22 07:00:00,45.5740339905982
2012-07-22 08:00:00,108.854538243227
2012-07-22 09:00:00,200.336340963942
2012-07-22 10:00:00,326.11492739666
2012-07-22 11:00:00,361.614258327976
2012-07-22 12:00:00,471.821108544527
2012-07-22 13:00:00,492.276202520247
2012-07-22 14:00:00,441.587462103054
2012-07-22 15:00:00,477.820873695036
2012-07-22 16:00:00,491.699081397151
2012-07-22 17:00:00,421.69595001647
2012-07-22 18:00:00,381.714684076861
2012-07-22 19:00:00,300.57458306167
2012-07-22 20:00:00,241.31292956551
2012-07-22 21:00:00,180.620431853075
2012-07-22 22:00:00,167.399473681748
2012-07-22 23:00:00,112.467216698293
2012-07-23 00:00:00,36.1818740820168
2012-07-23 01:00:00,15.6975252581023
2012-07-23 02:00:00,6.54330359870247
2012-07-23 03:00:00,4.57877186687432
2012-07-23 04:00:00,4.69543026590774
2012-07-23 05:00:00,22.5646659815008
2012-07-23 06:00:00,130.563180202604
2012-07-23 07:00:00,352.920208994898
2012-07-23 08:00:00,566.744005657107
2012-07-23 09:00:00,283.442900742287
2012-07-23 10:00:00,163.822273278455
2012-07-23 11:00:00,201.400893413607
2012-07-23 12:00:00,259.194622637032
2012-07-23 13:00:00,253.949435277739
2012-07-23 14:00:00,219.619626511108
2012-07-23 15:00:00,218.507165040145
2012-07-23 16:00:00,354.619603104788
2012-07-23 17:00:00,678.696249765444
2012-07-23 18:00:00,627.050533898099
2012-07-23 19:00:00,451.021335143293
2012-07-23 20:00:00,366.623413949928
2012-07-23 21:00:00,272.016579451402
2012-07-23 22:00:00,210.060665976676
2012-07-23 23:00:00,131.992891643893
2012-07-24 00:00:00,46.5447494619381
2012-07-24 01:00:00,19.5072480718386
2012-07-24 02:00:00,8.62325785666995
2012-07-24 03:00:00,6.1494030243889
2012-07-24 04:00:00,6.28526455544809
2012-07-24 05:00:00,30.6203175458769
2012-07-24 06:00:00,129.738207407169
2012-07-24 07:00:00,365.16904813639
2012-07-24 08:00:00,614.273394260741
2012-07-24 09:00:00,268.591395597479
2012-07-24 10:00:00,137.31534091503
2012-07-24 11:00:00,179.375419608543
2012-07-24 12:00:00,226.246571736948
2012-07-24 13:00:00,220.099953751982
2012-07-24 14:00:00,215.604127047773
2012-07-24 15:00:00,211.897564711849
2012-07-24 16:00:00,317.952977583043
2012-07-24 17:00:00,611.139269137191
2012-07-24 18:00:00,601.977876922807
2012-07-24 19:00:00,487.035997734267
2012-07-24 20:00:00,350.977193101529
2012-07-24 21:00:00,264.044781009642
2012-07-24 22:00:00,208.754943601775
2012-07-24 23:00:00,123.747306577807
2012-07-25 00:00:00,43.1818816560219
2012-07-25 01:00:00,19.6366467389401
2012-07-25 02:00:00,9.99322791159874
2012-07-25 03:00:00,6.38611249650235
2012-07-25 04:00:00,6.35066926772824
2012-07-25 05:00:00,32.2094980577673
2012-07-25 06:00:00,135.648166829496
2012-07-25 07:00:00,326.897181807879
2012-07-25 08:00:00,601.849390585
2012-07-25 09:00:00,293.669600843636
2012-07-25 10:00:00,182.164267856956
2012-07-25 11:00:00,207.825069574411
2012-07-25 12:00:00,258.513983951709
2012-07-25 13:00:00,239.054750159602
2012-07-25 14:00:00,209.554799677768
2012-07-25 15:00:00,239.62927137678
2012-07-25 16:00:00,347.66102794221
2012-07-25 17:00:00,678.100225625845
2012-07-25 18:00:00,614.077248579788
2012-07-25 19:00:00,521.802783674903
2012-07-25 20:00:00,387.368805065139
2012-07-25 21:00:00,293.136963934177
2012-07-25 22:00:00,217.645875558284
2012-07-25 23:00:00,126.725378991598
2012-07-26 00:00:00,46.9480631159713
2012-07-26 01:00:00,19.6992136512095
2012-07-26 02:00:00,9.85469854459804
2012-07-26 03:00:00,6.02174545189882
2012-07-26 04:00:00,6.70879721522394
2012-07-26 05:00:00,32.8351372911246
2012-07-26 06:00:00,134.822335499135
2012-07-26 07:00:00,361.365718012782
2012-07-26 08:00:00,587.154559989101
2012-07-26 09:00:00,288.864928959827
2012-07-26 10:00:00,164.524063323842
2012-07-26 11:00:00,174.568708429927
2012-07-26 12:00:00,204.267551825698
2012-07-26 13:00:00,181.190214959548
2012-07-26 14:00:00,165.131999793467
2012-07-26 15:00:00,164.558907962889
2012-07-26 16:00:00,275.427062492645
2012-07-26 17:00:00,512.582459294286
2012-07-26 18:00:00,489.868199154408
2012-07-26 19:00:00,360.131551684656
2012-07-26 20:00:00,325.096286433041
2012-07-26 21:00:00,224.294385701613
2012-07-26 22:00:00,181.128256787203
2012-07-26 23:00:00,126.220255643795
2012-07-27 00:00:00,46.8862773169272
2012-07-27 01:00:00,19.6054462233503
2012-07-27 02:00:00,9.85278771976452
2012-07-27 03:00:00,6.4514356101748
2012-07-27 04:00:00,6.23221519859605
2012-07-27 05:00:00,30.8239297534829
2012-07-27 06:00:00,132.410543944001
2012-07-27 07:00:00,375.910764467705
2012-07-27 08:00:00,593.919625376871
2012-07-27 09:00:00,266.835697782197
2012-07-27 10:00:00,162.437859351495
2012-07-27 11:00:00,177.654878997127
2012-07-27 12:00:00,215.949127344071
2012-07-27 13:00:00,218.058379954658
2012-07-27 14:00:00,186.763591044553
2012-07-27 15:00:00,218.938693708285
2012-07-27 16:00:00,350.341090273554
2012-07-27 17:00:00,602.646138602746
2012-07-27 18:00:00,625.516396723295
2012-07-27 19:00:00,473.131428804963
2012-07-27 20:00:00,361.151858657875
2012-07-27 21:00:00,287.090940401628
2012-07-27 22:00:00,221.740665929999
2012-07-27 23:00:00,136.435237818288
2012-07-28 00:00:00,143.978049273675
2012-07-28 01:00:00,112.036365487226
2012-07-28 02:00:00,81.4248039312172
2012-07-28 03:00:00,36.5439170905862
2012-07-28 04:00:00,10.4746741816515
2012-07-28 05:00:00,10.3416091556995
2012-07-28 06:00:00,21.3807649206233
2012-07-28 07:00:00,51.9980091741415
2012-07-28 08:00:00,115.929919099903
2012-07-28 09:00:00,206.41377171646
2012-07-28 10:00:00,318.995291587156
2012-07-28 11:00:00,403.49709664037
2012-07-28 12:00:00,534.631238381199
2012-07-28 13:00:00,478.416092956149
2012-07-28 14:00:00,489.916442208691
2012-07-28 15:00:00,479.563436246692
2012-07-28 16:00:00,527.536907723534
2012-07-28 17:00:00,454.412700735793
2012-07-28 18:00:00,382.112345084837
2012-07-28 19:00:00,263.607001163545
2012-07-28 20:00:00,217.630254803046
2012-07-28 21:00:00,202.016577164572
2012-07-28 22:00:00,172.338310368649
2012-07-28 23:00:00,113.976580080733
2012-07-29 00:00:00,126.470205406618
2012-07-29 01:00:00,105.45097471631
2012-07-29 02:00:00,84.9951870356555
2012-07-29 03:00:00,36.6292097820509
2012-07-29 04:00:00,10.0146176200105
2012-07-29 05:00:00,9.91883775351029
2012-07-29 06:00:00,19.9717228750304
2012-07-29 07:00:00,47.9616140579257
2012-07-29 08:00:00,113.806464198409
2012-07-29 09:00:00,196.679925281725
2012-07-29 10:00:00,322.69692882916
2012-07-29 11:00:00,373.294441514719
2012-07-29 12:00:00,454.855576066362
2012-07-29 13:00:00,463.655210117847
2012-07-29 14:00:00,463.193879298665
2012-07-29 15:00:00,539.265565155535
2012-07-29 16:00:00,529.427933018473
2012-07-29 17:00:00,476.658903310309
2012-07-29 18:00:00,379.785312964645
2012-07-29 19:00:00,330.104840848374
2012-07-29 20:00:00,263.819024966416
2012-07-29 21:00:00,210.930462110611
2012-07-29 22:00:00,178.511999016005
2012-07-29 23:00:00,131.257481523164
2012-07-30 00:00:00,48.0181022705085
2012-07-30 01:00:00,19.5665887201866
2012-07-30 02:00:00,10.1676134000189
2012-07-30 03:00:00,5.99492419636846
2012-07-30 04:00:00,6.26903334866298
2012-07-30 05:00:00,31.0649633776854
2012-07-30 06:00:00,134.311545915077
2012-07-30 07:00:00,353.275287149473
2012-07-30 08:00:00,593.751523663371
2012-07-30 09:00:00,297.078471947709
2012-07-30 10:00:00,163.337550106123
2012-07-30 11:00:00,196.885905474859
2012-07-30 12:00:00,245.991399940572
2012-07-30 13:00:00,229.055490755039
2012-07-30 14:00:00,213.046045125462
2012-07-30 15:00:00,221.168383347181
2012-07-30 16:00:00,328.089957066035
2012-07-30 17:00:00,592.767762990337
2012-07-30 18:00:00,616.184963494238
2012-07-30 19:00:00,487.261024460418
2012-07-30 20:00:00,330.989447823808
2012-07-30 21:00:00,250.68013406748
2012-07-30 22:00:00,191.607669079737
2012-07-30 23:00:00,122.353287960849
2012-07-31 00:00:00,46.5142577945737
2012-07-31 01:00:00,16.5563277836976
2012-07-31 02:00:00,8.74186030221714
2012-07-31 03:00:00,6.18826781633245
2012-07-31 04:00:00,6.20706676223387
2012-07-31 05:00:00,31.3910399214792
2012-07-31 06:00:00,122.808607643642
2012-07-31 07:00:00,358.842134109366
2012-07-31 08:00:00,566.767370101371
2012-07-31 09:00:00,291.337741177101
2012-07-31 10:00:00,156.312770249727
2012-07-31 11:00:00,186.256074496155
2012-07-31 12:00:00,226.252338752319
2012-07-31 13:00:00,213.785461720028
2012-07-31 14:00:00,199.850706826669
2012-07-31 15:00:00,233.880611084843
2012-07-31 16:00:00,348.023564891177
2012-07-31 17:00:00,653.761332741772
2012-07-31 18:00:00,567.637312525542
2012-07-31 19:00:00,426.439909301601
2012-07-31 20:00:00,237.163206139035
2012-07-31 21:00:00,216.426017948784
2012-07-31 22:00:00,192.906370868914
2012-07-31 23:00:00,106.147110126046
2012-08-20 00:00:00,37.0969081991418
2012-08-20 01:00:00,17.0332327901776
2012-08-20 02:00:00,8.64345591007578
2012-08-20 03:00:00,5.9406514922007
2012-08-20 04:00:00,6.02688611309379
2012-08-20 05:00:00,29.4571067099544
2012-08-20 06:00:00,132.653406387043
2012-08-20 07:00:00,355.707023216712
2012-08-20 08:00:00,573.503867732851
2012-08-20 09:00:00,262.962427459774
2012-08-20 10:00:00,149.486809188804
2012-08-20 11:00:00,194.795246752383
2012-08-20 12:00:00,246.941179962439
2012-08-20 13:00:00,236.692611971443
2012-08-20 14:00:00,233.160280790821
2012-08-20 15:00:00,238.360715215967
2012-08-20 16:00:00,361.979484364509
2012-08-20 17:00:00,642.36858497058
2012-08-20 18:00:00,565.511851334242
2012-08-20 19:00:00,422.985594516137
2012-08-20 20:00:00,233.846557778083
2012-08-20 21:00:00,183.000725145446
2012-08-20 22:00:00,135.553268919947
2012-08-20 23:00:00,87.0307492253768
2012-08-21 00:00:00,36.8645106211797
2012-08-21 01:00:00,15.9752430666913
2012-08-21 02:00:00,7.13589634435571
2012-08-21 03:00:00,5.70938478160672
2012-08-21 04:00:00,5.79280581383914
2012-08-21 05:00:00,31.6785393294156
2012-08-21 06:00:00,138.847863800105
2012-08-21 07:00:00,358.315848229703
2012-08-21 08:00:00,568.590076230604
2012-08-21 09:00:00,257.052188221342
2012-08-21 10:00:00,167.735755675094
2012-08-21 11:00:00,200.774963942492
2012-08-21 12:00:00,258.96441765197
2012-08-21 13:00:00,255.804649279361
2012-08-21 14:00:00,237.346288652972
2012-08-21 15:00:00,251.017027833118
2012-08-21 16:00:00,381.078261289203
2012-08-21 17:00:00,614.52798267982
2012-08-21 18:00:00,664.553568166846
2012-08-21 19:00:00,293.808925815134
2012-08-21 20:00:00,305.691554187474
2012-08-21 21:00:00,232.671073423448
2012-08-21 22:00:00,184.320092250774
2012-08-21 23:00:00,90.8273406342695
2012-08-22 00:00:00,38.676497913091
2012-08-22 01:00:00,19.1242927643446
2012-08-22 02:00:00,9.64384059898291
2012-08-22 03:00:00,5.83083714235163
2012-08-22 04:00:00,6.73274720338244
2012-08-22 05:00:00,30.676916249416
2012-08-22 06:00:00,130.573157725528
2012-08-22 07:00:00,343.866210411574
2012-08-22 08:00:00,581.24525863711
2012-08-22 09:00:00,276.222634817671
2012-08-22 10:00:00,166.061952214107
2012-08-22 11:00:00,188.26086894205
2012-08-22 12:00:00,232.048942792711
2012-08-22 13:00:00,221.235345330754
2012-08-22 14:00:00,226.298043234547
2012-08-22 15:00:00,225.358943908971
2012-08-22 16:00:00,249.003389784881
2012-08-22 17:00:00,491.115757089277
2012-08-22 18:00:00,504.969957242045
2012-08-22 19:00:00,419.945213761267
2012-08-22 20:00:00,320.359869595161
2012-08-22 21:00:00,237.43815825276
2012-08-22 22:00:00,185.400369213577
2012-08-22 23:00:00,90.965055124766
2012-08-23 00:00:00,43.9040887142185
2012-08-23 01:00:00,15.8773385029925
2012-08-23 02:00:00,8.15062170604383
2012-08-23 03:00:00,6.07203779621357
2012-08-23 04:00:00,5.96234219587992
2012-08-23 05:00:00,28.8723789935755
2012-08-23 06:00:00,112.779316571734
2012-08-23 07:00:00,337.896843168556
2012-08-23 08:00:00,590.245640144092
2012-08-23 09:00:00,299.463219606656
2012-08-23 10:00:00,159.469839826124
2012-08-23 11:00:00,186.990924730522
2012-08-23 12:00:00,246.554042508411
2012-08-23 13:00:00,246.613077419409
2012-08-23 14:00:00,201.895264622326
2012-08-23 15:00:00,219.626782137678
2012-08-23 16:00:00,352.778260672743
2012-08-23 17:00:00,677.484310477486
2012-08-23 18:00:00,629.463055680348
2012-08-23 19:00:00,467.798948984334
2012-08-23 20:00:00,359.831115069503
2012-08-23 21:00:00,278.631528792378
2012-08-23 22:00:00,219.53987550232
2012-08-23 23:00:00,125.41374085538
2012-08-24 00:00:00,44.9020087208273
2012-08-24 01:00:00,20.1416229523011
2012-08-24 02:00:00,9.74062078402658
2012-08-24 03:00:00,6.12581288514984
2012-08-24 04:00:00,6.46865031118861
2012-08-24 05:00:00,30.2700305447368
2012-08-24 06:00:00,129.406907466693
2012-08-24 07:00:00,355.735308446333
2012-08-24 08:00:00,584.877227346328
2012-08-24 09:00:00,288.329543257563
2012-08-24 10:00:00,171.165669073946
2012-08-24 11:00:00,200.286569458167
2012-08-24 12:00:00,272.815484832827
2012-08-24 13:00:00,263.451490901237
2012-08-24 14:00:00,226.504073937688
2012-08-24 15:00:00,247.687206785969
2012-08-24 16:00:00,379.884248801364
2012-08-24 17:00:00,711.933472068507
2012-08-24 18:00:00,626.112932571313
2012-08-24 19:00:00,477.367078969481
2012-08-24 20:00:00,345.901007596708
2012-08-24 21:00:00,276.887239445912
2012-08-24 22:00:00,211.87870119002
2012-08-24 23:00:00,124.882020699431
2012-08-25 00:00:00,145.031453115451
2012-08-25 01:00:00,108.400937885681
2012-08-25 02:00:00,82.9314893629039
2012-08-25 03:00:00,36.7970080870919
2012-08-25 04:00:00,9.95008268814015
2012-08-25 05:00:00,9.97159765814363
2012-08-25 06:00:00,19.1762184923551
2012-08-25 07:00:00,48.7269725128529
2012-08-25 08:00:00,117.317485634176
2012-08-25 09:00:00,190.828527722102
2012-08-25 10:00:00,308.888683599252
2012-08-25 11:00:00,366.413634839388
2012-08-25 12:00:00,478.819225663751
2012-08-25 13:00:00,500.956447487165
2012-08-25 14:00:00,340.044277140434
2012-08-25 15:00:00,383.364978572755
2012-08-25 16:00:00,413.774383379058
2012-08-25 17:00:00,380.35328734418
2012-08-25 18:00:00,334.013551473311
2012-08-25 19:00:00,278.211377994076
2012-08-25 20:00:00,128.923021753792
2012-08-25 21:00:00,146.17454652929
2012-08-25 22:00:00,121.223874427037
2012-08-25 23:00:00,95.4191765887997
2012-08-26 00:00:00,124.591491935137
2012-08-26 01:00:00,96.7330062658729
2012-08-26 02:00:00,70.0692045528921
2012-08-26 03:00:00,34.8115111051239
2012-08-26 04:00:00,9.58463068585823
2012-08-26 05:00:00,9.56119630405669
2012-08-26 06:00:00,15.2182714446941
2012-08-26 07:00:00,46.9288634710026
2012-08-26 08:00:00,110.423537905144
2012-08-26 09:00:00,207.513245440485
2012-08-26 10:00:00,310.821491140081
2012-08-26 11:00:00,376.69066995784
2012-08-26 12:00:00,356.561532085048
2012-08-26 13:00:00,312.577352431358
2012-08-26 14:00:00,304.80876996456
2012-08-26 15:00:00,172.651401873792
2012-08-26 16:00:00,183.912070838355
2012-08-26 17:00:00,305.140977097292
2012-08-26 18:00:00,259.160279673502
2012-08-26 19:00:00,223.621132749644
2012-08-26 20:00:00,183.689491003743
2012-08-26 21:00:00,155.661609924712
2012-08-26 22:00:00,129.19419356695
2012-08-26 23:00:00,96.9494390797869
2012-08-27 00:00:00,37.1492413395124
2012-08-27 01:00:00,15.4421690827004
2012-08-27 02:00:00,8.14462086172825
2012-08-27 03:00:00,5.76019822445821
2012-08-27 04:00:00,6.07894072938881
2012-08-27 05:00:00,27.9736952565222
2012-08-27 06:00:00,119.133217750748
2012-08-27 07:00:00,351.303403850873
2012-08-27 08:00:00,551.430112536144
2012-08-27 09:00:00,277.98620474717
2012-08-27 10:00:00,160.877484218316
2012-08-27 11:00:00,184.316859929723
2012-08-27 12:00:00,234.122930949926
2012-08-27 13:00:00,225.983336364287
2012-08-27 14:00:00,217.140520441608
2012-08-27 15:00:00,208.747587448399
2012-08-27 16:00:00,337.884488448984
2012-08-27 17:00:00,610.540543126244
2012-08-27 18:00:00,648.223096570723
2012-08-27 19:00:00,448.256870318286
2012-08-27 20:00:00,322.943022686182
2012-08-27 21:00:00,252.308942849292
2012-08-27 22:00:00,169.47760381811
2012-08-27 23:00:00,109.36743883555
2012-08-28 00:00:00,39.7187715816385
2012-08-28 01:00:00,16.2082364671285
2012-08-28 02:00:00,8.82743866899964
2012-08-28 03:00:00,5.61853400425489
2012-08-28 04:00:00,6.24977003722417
2012-08-28 05:00:00,31.2647417680957
2012-08-28 06:00:00,125.45851865191
2012-08-28 07:00:00,358.20694020154
2012-08-28 08:00:00,520.44655254859
2012-08-28 09:00:00,276.671699559178
2012-08-28 10:00:00,159.956758240061
2012-08-28 11:00:00,179.74321016969
2012-08-28 12:00:00,218.70493345395
2012-08-28 13:00:00,215.605124681425
2012-08-28 14:00:00,205.488133438005
2012-08-28 15:00:00,224.731682254574
2012-08-28 16:00:00,336.724050336023
2012-08-28 17:00:00,664.998218085835
2012-08-28 18:00:00,666.359632619673
2012-08-28 19:00:00,502.021606964837
2012-08-28 20:00:00,352.410514615587
2012-08-28 21:00:00,273.46028968057
2012-08-28 22:00:00,226.79327010259
2012-08-28 23:00:00,134.067194788174
2012-08-29 00:00:00,43.7610997488929
2012-08-29 01:00:00,19.0874914568482
2012-08-29 02:00:00,10.0322495687335
2012-08-29 03:00:00,6.30460265695564
2012-08-29 04:00:00,6.37834148990112
2012-08-29 05:00:00,32.0860112911664
2012-08-29 06:00:00,134.305332043789
2012-08-29 07:00:00,364.745079480338
2012-08-29 08:00:00,596.001451444545
2012-08-29 09:00:00,282.389660850195
2012-08-29 10:00:00,165.631089495154
2012-08-29 11:00:00,204.919207857421
2012-08-29 12:00:00,247.020958904862
2012-08-29 13:00:00,250.68625648406
2012-08-29 14:00:00,232.577718515528
2012-08-29 15:00:00,236.964342794613
2012-08-29 16:00:00,389.915769254718
2012-08-29 17:00:00,701.051103445449
2012-08-29 18:00:00,707.598356261111
2012-08-29 19:00:00,493.599985011164
2012-08-29 20:00:00,353.297945477243
2012-08-29 21:00:00,304.642425510982
2012-08-29 22:00:00,224.779651400092
2012-08-29 23:00:00,133.185222416977
2012-08-30 00:00:00,43.3507269235126
2012-08-30 01:00:00,19.8286442340609
2012-08-30 02:00:00,9.76691783846478
2012-08-30 03:00:00,5.96934669897662
2012-08-30 04:00:00,6.29500134809273
2012-08-30 05:00:00,31.1075494137946
2012-08-30 06:00:00,131.328180102621
2012-08-30 07:00:00,361.882115503758
2012-08-30 08:00:00,583.105500829372
2012-08-30 09:00:00,283.246637359536
2012-08-30 10:00:00,169.143202303577
2012-08-30 11:00:00,201.227958834619
2012-08-30 12:00:00,248.443903996903
2012-08-30 13:00:00,230.868859301333
2012-08-30 14:00:00,217.397854489298
2012-08-30 15:00:00,224.675831237392
2012-08-30 16:00:00,376.322443288837
2012-08-30 17:00:00,682.601484970766
2012-08-30 18:00:00,685.559574084646
2012-08-30 19:00:00,460.152385704014
2012-08-30 20:00:00,349.852302161944
2012-08-30 21:00:00,267.049912086508
2012-08-30 22:00:00,191.296567386598
2012-08-30 23:00:00,124.857968797958
2012-08-31 00:00:00,38.9867601418735
2012-08-31 01:00:00,17.3470335412625
2012-08-31 02:00:00,7.90627696285696
2012-08-31 03:00:00,5.85577967833569
2012-08-31 04:00:00,5.87818069344944
2012-08-31 05:00:00,28.8929625447715
2012-08-31 06:00:00,122.994445705892
2012-08-31 07:00:00,331.81179711906
2012-08-31 08:00:00,589.75804441329
2012-08-31 09:00:00,288.116949436342
2012-08-31 10:00:00,162.632652400403
2012-08-31 11:00:00,161.191981152128
2012-08-31 12:00:00,215.725468391859
2012-08-31 13:00:00,209.49107309675
2012-08-31 14:00:00,205.99045740788
2012-08-31 15:00:00,200.140622260305
2012-08-31 16:00:00,322.284668968375
2012-08-31 17:00:00,690.389111523054
2012-08-31 18:00:00,659.410821590355
2012-08-31 19:00:00,477.611073415824
2012-08-31 20:00:00,348.151114096723
2012-08-31 21:00:00,274.338513952083
2012-08-31 22:00:00,218.598084224858
2012-08-31 23:00:00,136.57659254113
2012-09-20 00:00:00,55.7377209687987
2012-09-20 01:00:00,21.3333329878997
2012-09-20 02:00:00,10.6735184538749
2012-09-20 03:00:00,6.25551624457484
2012-09-20 04:00:00,6.80488380934961
2012-09-20 05:00:00,33.4031773408055
2012-09-20 06:00:00,137.505384683817
2012-09-20 07:00:00,393.911786545622
2012-09-20 08:00:00,636.774845615581
2012-09-20 09:00:00,295.672860210945
2012-09-20 10:00:00,162.649458579351
2012-09-20 11:00:00,211.870516204618
2012-09-20 12:00:00,267.585424588438
2012-09-20 13:00:00,262.491983643636
2012-09-20 14:00:00,227.360021975059
2012-09-20 15:00:00,235.467183746813
2012-09-20 16:00:00,370.646305453849
2012-09-20 17:00:00,692.024969332337
2012-09-20 18:00:00,622.602463579969
2012-09-20 19:00:00,432.710463485642
2012-09-20 20:00:00,312.944621147201
2012-09-20 21:00:00,225.738197926115
2012-09-20 22:00:00,164.181431887969
2012-09-20 23:00:00,104.930049404571
2012-09-21 00:00:00,43.4665882956887
2012-09-21 01:00:00,22.6272706983615
2012-09-21 02:00:00,11.7384619593333
2012-09-21 03:00:00,7.46880119319814
2012-09-21 04:00:00,7.49606255582276
2012-09-21 05:00:00,35.0222690533863
2012-09-21 06:00:00,160.49337745199
2012-09-21 07:00:00,419.693920814403
2012-09-21 08:00:00,607.874481270256
2012-09-21 09:00:00,274.825161495365
2012-09-21 10:00:00,156.425666076996
2012-09-21 11:00:00,181.975778043965
2012-09-21 12:00:00,234.877712329702
2012-09-21 13:00:00,259.788033376584
2012-09-21 14:00:00,213.695673130501
2012-09-21 15:00:00,240.047717887319
2012-09-21 16:00:00,373.143015729904
2012-09-21 17:00:00,633.337162648522
2012-09-21 18:00:00,638.578052097394
2012-09-21 19:00:00,439.545473093685
2012-09-21 20:00:00,320.488408686257
2012-09-21 21:00:00,238.40186351009
2012-09-21 22:00:00,187.874022250876
2012-09-21 23:00:00,108.661881930502
2012-09-22 00:00:00,135.022201160094
2012-09-22 01:00:00,100.097777720972
2012-09-22 02:00:00,74.3362416849443
2012-09-22 03:00:00,36.4559434842437
2012-09-22 04:00:00,10.1750190055357
2012-09-22 05:00:00,9.50981625771091
2012-09-22 06:00:00,19.0787334368036
2012-09-22 07:00:00,51.516011695051
2012-09-22 08:00:00,107.157543181779
2012-09-22 09:00:00,197.672901547744
2012-09-22 10:00:00,325.763890812581
2012-09-22 11:00:00,392.27781229714
2012-09-22 12:00:00,496.322189415742
2012-09-22 13:00:00,468.837126472986
2012-09-22 14:00:00,429.373985699028
2012-09-22 15:00:00,481.269138760269
2012-09-22 16:00:00,464.308056230499
2012-09-22 17:00:00,420.703219645744
2012-09-22 18:00:00,380.512576482597
2012-09-22 19:00:00,324.017988707807
2012-09-22 20:00:00,282.819215292132
2012-09-22 21:00:00,217.24747425625
2012-09-22 22:00:00,190.912334028817
2012-09-22 23:00:00,142.838883673142
2012-09-23 00:00:00,139.16552988588
2012-09-23 01:00:00,105.179587330231
2012-09-23 02:00:00,77.5330389321422
2012-09-23 03:00:00,27.0527930256999
2012-09-23 04:00:00,9.71551928085658
2012-09-23 05:00:00,9.28766217705955
2012-09-23 06:00:00,17.7481837751752
2012-09-23 07:00:00,48.8984468413594
2012-09-23 08:00:00,109.318362273735
2012-09-23 09:00:00,199.081441894176
2012-09-23 10:00:00,371.15708194651
2012-09-23 11:00:00,429.457880378533
2012-09-23 12:00:00,533.391885827937
2012-09-23 13:00:00,579.799606350016
2012-09-23 14:00:00,556.056572245337
2012-09-23 15:00:00,574.627698940024
2012-09-23 16:00:00,532.099108467052
2012-09-23 17:00:00,466.728142369456
2012-09-23 18:00:00,413.096360094212
2012-09-23 19:00:00,299.06131435758
2012-09-23 20:00:00,231.679125517357
2012-09-23 21:00:00,175.555636363479
2012-09-23 22:00:00,156.533192548989
2012-09-23 23:00:00,95.0341579658732
2012-09-24 00:00:00,43.0689611645605
2012-09-24 01:00:00,15.3834622833377
2012-09-24 02:00:00,7.64569793609868
2012-09-24 03:00:00,5.24266899858637
2012-09-24 04:00:00,6.05757015118373
2012-09-24 05:00:00,31.6279603339073
2012-09-24 06:00:00,137.960324031049
2012-09-24 07:00:00,343.724305246295
2012-09-24 08:00:00,665.148519794754
2012-09-24 09:00:00,322.156843040946
2012-09-24 10:00:00,169.032401449099
2012-09-24 11:00:00,199.656201384953
2012-09-24 12:00:00,241.559694831705
2012-09-24 13:00:00,245.848726133808
2012-09-24 14:00:00,208.013902103602
2012-09-24 15:00:00,249.870059094313
2012-09-24 16:00:00,345.703626874126
2012-09-24 17:00:00,622.059160729133
2012-09-24 18:00:00,655.445691191403
2012-09-24 19:00:00,399.278705026975
2012-09-24 20:00:00,277.804949116711
2012-09-24 21:00:00,207.019179679258
2012-09-24 22:00:00,173.857057620471
2012-09-24 23:00:00,101.19629771612
2012-09-25 00:00:00,37.4945843462934
2012-09-25 01:00:00,18.8089883290104
2012-09-25 02:00:00,8.9468308230266
2012-09-25 03:00:00,5.55059769576655
2012-09-25 04:00:00,7.38915994007854
2012-09-25 05:00:00,34.9198768050691
2012-09-25 06:00:00,140.234634474248
2012-09-25 07:00:00,374.53351950996
2012-09-25 08:00:00,616.8081928424
2012-09-25 09:00:00,319.023341133515
2012-09-25 10:00:00,153.960998444124
2012-09-25 11:00:00,195.763870221751
2012-09-25 12:00:00,270.23328142264
2012-09-25 13:00:00,255.643690866882
2012-09-25 14:00:00,234.703142315156
2012-09-25 15:00:00,253.843660564862
2012-09-25 16:00:00,381.039476740577
2012-09-25 17:00:00,725.010079014691
2012-09-25 18:00:00,724.872126997093
2012-09-25 19:00:00,475.481962511536
2012-09-25 20:00:00,356.570031005966
2012-09-25 21:00:00,272.024603790489
2012-09-25 22:00:00,214.246403558104
2012-09-25 23:00:00,134.916674687639
2012-09-26 00:00:00,45.1089136318128
2012-09-26 01:00:00,18.8438290042689
2012-09-26 02:00:00,8.56236764069363
2012-09-26 03:00:00,5.35032040816869
2012-09-26 04:00:00,7.54664264756756
2012-09-26 05:00:00,36.0129017080165
2012-09-26 06:00:00,147.587011950333
2012-09-26 07:00:00,439.705668271601
2012-09-26 08:00:00,618.718709098944
2012-09-26 09:00:00,323.847704494298
2012-09-26 10:00:00,176.445798624428
2012-09-26 11:00:00,228.815409168709
2012-09-26 12:00:00,289.413725884805
2012-09-26 13:00:00,285.131240116351
2012-09-26 14:00:00,223.017586155635
2012-09-26 15:00:00,237.359968875846
2012-09-26 16:00:00,373.705470132504
2012-09-26 17:00:00,686.464779697725
2012-09-26 18:00:00,687.258933537352
2012-09-26 19:00:00,538.522208200451
2012-09-26 20:00:00,363.236301181264
2012-09-26 21:00:00,289.396057767949
2012-09-26 22:00:00,195.357326917507
2012-09-26 23:00:00,117.491163346789
2012-09-27 00:00:00,48.1650166644099
2012-09-27 01:00:00,20.6689423088563
2012-09-27 02:00:00,10.1327773811186
2012-09-27 03:00:00,6.12361689639604
2012-09-27 04:00:00,7.13500266076119
2012-09-27 05:00:00,37.1060094208295
2012-09-27 06:00:00,149.106859313903
2012-09-27 07:00:00,414.152791688996
2012-09-27 08:00:00,606.523428745226
2012-09-27 09:00:00,307.238879628553
2012-09-27 10:00:00,189.020529444536
2012-09-27 11:00:00,221.200177445577
2012-09-27 12:00:00,276.061299439296
2012-09-27 13:00:00,277.491165772298
2012-09-27 14:00:00,251.502966789952
2012-09-27 15:00:00,271.357053623495
2012-09-27 16:00:00,437.00006837128
2012-09-27 17:00:00,743.147083713708
2012-09-27 18:00:00,742.103632589866
2012-09-27 19:00:00,506.377130867876
2012-09-27 20:00:00,372.047734569391
2012-09-27 21:00:00,138.241333976763
2012-09-27 22:00:00,109.494473150524
2012-09-27 23:00:00,83.9763901460083
2012-09-28 00:00:00,30.7160216867694
2012-09-28 01:00:00,15.4933047003428
2012-09-28 02:00:00,5.24006150448806
2012-09-28 03:00:00,5.80533078708008
2012-09-28 04:00:00,5.53792367365264
2012-09-28 05:00:00,34.5073019525678
2012-09-28 06:00:00,122.141286785046
2012-09-28 07:00:00,319.483715420384
2012-09-28 08:00:00,621.831915790862
2012-09-28 09:00:00,314.304827605105
2012-09-28 10:00:00,182.26054636614
2012-09-28 11:00:00,219.627454919064
2012-09-28 12:00:00,331.152127321267
2012-09-28 13:00:00,274.149726444034
2012-09-28 14:00:00,293.962524082899
2012-09-28 15:00:00,284.905836172938
2012-09-28 16:00:00,402.132805602417
2012-09-28 17:00:00,800.918328742402
2012-09-28 18:00:00,727.358362569923
2012-09-28 19:00:00,489.078738925592
2012-09-28 20:00:00,387.472362244953
2012-09-28 21:00:00,302.849083652678
2012-09-28 22:00:00,197.834535159627
2012-09-28 23:00:00,110.565470960445
2012-09-29 00:00:00,141.534432575526
2012-09-29 01:00:00,109.975848339347
2012-09-29 02:00:00,70.1399859970645
2012-09-29 03:00:00,32.4044836480366
2012-09-29 04:00:00,12.4106621940777
2012-09-29 05:00:00,10.5781865415711
2012-09-29 06:00:00,19.592890357427
2012-09-29 07:00:00,44.7334464686782
2012-09-29 08:00:00,107.60059909176
2012-09-29 09:00:00,231.982124341455
2012-09-29 10:00:00,356.272838285812
2012-09-29 11:00:00,412.467667327873
2012-09-29 12:00:00,573.996001250124
2012-09-29 13:00:00,556.868782263881
2012-09-29 14:00:00,569.549981394764
2012-09-29 15:00:00,588.688655908485
2012-09-29 16:00:00,591.837388757438
2012-09-29 17:00:00,509.730527318238
2012-09-29 18:00:00,399.112613331887
2012-09-29 19:00:00,293.538353818803
2012-09-29 20:00:00,234.07189320525
2012-09-29 21:00:00,188.794657449684
2012-09-29 22:00:00,143.313409799661
2012-09-29 23:00:00,104.546011282135
2012-09-30 00:00:00,119.626764809781
2012-09-30 01:00:00,92.644042540232
2012-09-30 02:00:00,64.8109011490343
2012-09-30 03:00:00,25.8621175211177
2012-09-30 04:00:00,9.33329888048745
2012-09-30 05:00:00,10.2736208533797
2012-09-30 06:00:00,19.8883103760062
2012-09-30 07:00:00,55.3942859492385
2012-09-30 08:00:00,108.39548865999
2012-09-30 09:00:00,248.599396424623
2012-09-30 10:00:00,343.754127664767
2012-09-30 11:00:00,489.638754079055
2012-09-30 12:00:00,586.872306248374
2012-09-30 13:00:00,603.223641616207
2012-09-30 14:00:00,563.344043475864
2012-09-30 15:00:00,594.073348765142
2012-09-30 16:00:00,587.356728683053
2012-09-30 17:00:00,505.613961465558
2012-09-30 18:00:00,310.29187366846
2012-09-30 19:00:00,187.756404069266
2012-09-30 20:00:00,142.623879086175
2012-09-30 21:00:00,178.122681760773
2012-09-30 22:00:00,143.011541473069
2012-09-30 23:00:00,104.527505147938
2012-10-20 00:00:00,121.736663301924
2012-10-20 01:00:00,100.974670161932
2012-10-20 02:00:00,68.7084016683838
2012-10-20 03:00:00,30.7428039137766
2012-10-20 04:00:00,10.977204227667
2012-10-20 05:00:00,10.253941630493
2012-10-20 06:00:00,19.2088813114379
2012-10-20 07:00:00,55.2861393735311
2012-10-20 08:00:00,101.622559143777
2012-10-20 09:00:00,219.966361523139
2012-10-20 10:00:00,334.714780493824
2012-10-20 11:00:00,445.576035929683
2012-10-20 12:00:00,523.875360457065
2012-10-20 13:00:00,532.998919388542
2012-10-20 14:00:00,503.860358974884
2012-10-20 15:00:00,518.631688702964
2012-10-20 16:00:00,530.773816188173
2012-10-20 17:00:00,494.112252876922
2012-10-20 18:00:00,384.465219190462
2012-10-20 19:00:00,259.553471268999
2012-10-20 20:00:00,199.120437969223
2012-10-20 21:00:00,152.534214175741
2012-10-20 22:00:00,125.595717226759
2012-10-20 23:00:00,94.0991202055384
2012-10-21 00:00:00,113.745026751038
2012-10-21 01:00:00,89.5202113188611
2012-10-21 02:00:00,58.0588850504103
2012-10-21 03:00:00,26.1570050334622
2012-10-21 04:00:00,10.2149680142232
2012-10-21 05:00:00,8.48319468962441
2012-10-21 06:00:00,17.7814984549286
2012-10-21 07:00:00,47.4351516636848
2012-10-21 08:00:00,96.4644708979647
2012-10-21 09:00:00,202.374307959364
2012-10-21 10:00:00,292.403736851222
2012-10-21 11:00:00,417.650918630672
2012-10-21 12:00:00,547.187304776246
2012-10-21 13:00:00,550.919931667091
2012-10-21 14:00:00,501.09034443847
2012-10-21 15:00:00,502.096120565311
2012-10-21 16:00:00,548.018955524357
2012-10-21 17:00:00,442.757662673093
2012-10-21 18:00:00,371.549629936835
2012-10-21 19:00:00,266.218469066303
2012-10-21 20:00:00,204.378871139135
2012-10-21 21:00:00,153.508395622407
2012-10-21 22:00:00,129.117407321208
2012-10-21 23:00:00,94.737148557972
2012-10-22 00:00:00,38.5033046079237
2012-10-22 01:00:00,18.4336158407516
2012-10-22 02:00:00,8.6361433681732
2012-10-22 03:00:00,5.03359861192965
2012-10-22 04:00:00,6.13809491328365
2012-10-22 05:00:00,31.220450724159
2012-10-22 06:00:00,130.344585671988
2012-10-22 07:00:00,343.032573039349
2012-10-22 08:00:00,540.467077841847
2012-10-22 09:00:00,308.134138818353
2012-10-22 10:00:00,156.432240891777
2012-10-22 11:00:00,201.20786054729
2012-10-22 12:00:00,244.284364549761
2012-10-22 13:00:00,236.513275396743
2012-10-22 14:00:00,222.623701551593
2012-10-22 15:00:00,232.750006936787
2012-10-22 16:00:00,386.69087272111
2012-10-22 17:00:00,708.40051400009
2012-10-22 18:00:00,619.360802880521
2012-10-22 19:00:00,384.210452958983
2012-10-22 20:00:00,275.642981953875
2012-10-22 21:00:00,187.637753289089
2012-10-22 22:00:00,134.026304239233
2012-10-22 23:00:00,87.426510702103
2012-10-23 00:00:00,34.7832325750339
2012-10-23 01:00:00,19.4712179413656
2012-10-23 02:00:00,6.8900508514844
2012-10-23 03:00:00,5.75495702552025
2012-10-23 04:00:00,7.5046042530903
2012-10-23 05:00:00,34.8530067930535
2012-10-23 06:00:00,130.741755375099
2012-10-23 07:00:00,370.099280218119
2012-10-23 08:00:00,634.800685555913
2012-10-23 09:00:00,316.336656852125
2012-10-23 10:00:00,160.633754083098
2012-10-23 11:00:00,223.152552323189
2012-10-23 12:00:00,270.56986868802
2012-10-23 13:00:00,277.42649940182
2012-10-23 14:00:00,243.006580877708
2012-10-23 15:00:00,268.64278399815
2012-10-23 16:00:00,379.689480425226
2012-10-23 17:00:00,737.186113715985
2012-10-23 18:00:00,738.308475967584
2012-10-23 19:00:00,493.891687064723
2012-10-23 20:00:00,333.29498876865
2012-10-23 21:00:00,248.213604709489
2012-10-23 22:00:00,197.263912635549
2012-10-23 23:00:00,121.216997138461
2012-10-24 00:00:00,47.0643651119864
2012-10-24 01:00:00,19.1887293991267
2012-10-24 02:00:00,9.44809569758104
2012-10-24 03:00:00,6.09146252865933
2012-10-24 04:00:00,7.94248635142562
2012-10-24 05:00:00,32.9032820421759
2012-10-24 06:00:00,141.805286630341
2012-10-24 07:00:00,386.062146030862
2012-10-24 08:00:00,570.919327292452
2012-10-24 09:00:00,306.641288374322
2012-10-24 10:00:00,164.729775853599
2012-10-24 11:00:00,197.847512000711
2012-10-24 12:00:00,271.472195090391
2012-10-24 13:00:00,273.913648386236
2012-10-24 14:00:00,235.590838482406
2012-10-24 15:00:00,259.153039134163
2012-10-24 16:00:00,393.828045047939
2012-10-24 17:00:00,694.041558773301
2012-10-24 18:00:00,673.21215457546
2012-10-24 19:00:00,550.718271126358
2012-10-24 20:00:00,376.344617489465
2012-10-24 21:00:00,290.689044274165
2012-10-24 22:00:00,224.336944827674
2012-10-24 23:00:00,121.925263640191
2012-10-25 00:00:00,45.8313062556568
2012-10-25 01:00:00,21.5404744767114
2012-10-25 02:00:00,9.44723982209736
2012-10-25 03:00:00,4.97076760746531
2012-10-25 04:00:00,6.46325380436178
2012-10-25 05:00:00,30.8976902418057
2012-10-25 06:00:00,118.868032350099
2012-10-25 07:00:00,328.046981120014
2012-10-25 08:00:00,582.272261180658
2012-10-25 09:00:00,257.015103618274
2012-10-25 10:00:00,143.346472585295
2012-10-25 11:00:00,147.491858295517
2012-10-25 12:00:00,206.171746585195
2012-10-25 13:00:00,204.674358323416
2012-10-25 14:00:00,205.728636770354
2012-10-25 15:00:00,250.285239752532
2012-10-25 16:00:00,354.631453658016
2012-10-25 17:00:00,665.700065555421
2012-10-25 18:00:00,474.020981497178
2012-10-25 19:00:00,330.735883929081
2012-10-25 20:00:00,203.137199491186
2012-10-25 21:00:00,155.525214924929
2012-10-25 22:00:00,136.650434419045
2012-10-25 23:00:00,88.2831954376945
2012-10-26 00:00:00,43.0335696665913
2012-10-26 01:00:00,14.0382366640502
2012-10-26 02:00:00,6.85576510455378
2012-10-26 03:00:00,4.95902948724154
2012-10-26 04:00:00,6.4856820322623
2012-10-26 05:00:00,30.7157778955095
2012-10-26 06:00:00,128.694858380332
2012-10-26 07:00:00,361.518531769248
2012-10-26 08:00:00,598.618317542355
2012-10-26 09:00:00,288.843133473338
2012-10-26 10:00:00,146.140385818578
2012-10-26 11:00:00,166.520202989224
2012-10-26 12:00:00,215.85928887413
2012-10-26 13:00:00,241.269569337262
2012-10-26 14:00:00,253.407460191942
2012-10-26 15:00:00,271.212922683931
2012-10-26 16:00:00,333.537137240682
2012-10-26 17:00:00,493.595510104073
2012-10-26 18:00:00,549.358434647279
2012-10-26 19:00:00,314.681402740111
2012-10-26 20:00:00,230.668883829124
2012-10-26 21:00:00,224.253800212874
2012-10-26 22:00:00,122.281386700018
2012-10-26 23:00:00,88.8745720497945
2012-10-27 00:00:00,131.494933527392
2012-10-27 01:00:00,94.5413231057023
2012-10-27 02:00:00,60.7376278770718
2012-10-27 03:00:00,35.2286818269722
2012-10-27 04:00:00,11.6919479987643
2012-10-27 05:00:00,9.71564982205896
2012-10-27 06:00:00,19.0569303205024
2012-10-27 07:00:00,55.4671273847096
2012-10-27 08:00:00,100.350061772634
2012-10-27 09:00:00,181.228460628614
2012-10-27 10:00:00,338.772314880341
2012-10-27 11:00:00,415.603388305054
2012-10-27 12:00:00,669.959801130653
2012-10-27 13:00:00,589.49288876539
2012-10-27 14:00:00,533.593652813342
2012-10-27 15:00:00,454.847394085866
2012-10-27 16:00:00,456.057341929309
2012-10-27 17:00:00,422.411999177033
2012-10-27 18:00:00,345.650306694502
2012-10-27 19:00:00,249.644310460474
2012-10-27 20:00:00,191.070399675051
2012-10-27 21:00:00,155.419759636599
2012-10-27 22:00:00,134.463779978471
2012-10-27 23:00:00,86.6317507668981
2012-10-28 00:00:00,105.340995523547
2012-10-28 01:00:00,78.3135727991948
2012-10-28 02:00:00,53.2743064004688
2012-10-28 03:00:00,25.6147445511562
2012-10-28 04:00:00,9.26844539906107
2012-10-28 05:00:00,8.47432929033867
2012-10-28 06:00:00,16.7813844211019
2012-10-28 07:00:00,43.5365248875896
2012-10-28 08:00:00,89.3159490507769
2012-10-28 09:00:00,174.727929069304
2012-10-28 10:00:00,240.255659132501
2012-10-28 11:00:00,309.857572667691
2012-10-28 12:00:00,367.913492597644
2012-10-28 13:00:00,364.014302341638
2012-10-28 14:00:00,347.464189942996
2012-10-28 15:00:00,363.962380101481
2012-10-28 16:00:00,259.817673817055
2012-10-28 17:00:00,121.845186627352
2012-10-28 18:00:00,70.0553162279617
2012-10-28 19:00:00,69.7750997234615
2012-10-28 20:00:00,49.1238095736574
2012-10-28 21:00:00,47.616598456313
2012-10-28 22:00:00,42.4031981274157
2012-10-28 23:00:00,33.4120876324537
2012-10-29 00:00:00,16.8117130814251
2012-10-30 13:00:00,67.1974597038669
2012-10-30 14:00:00,60.6024797937867
2012-10-30 15:00:00,54.3558381752303
2012-10-30 16:00:00,78.1436131318408
2012-10-30 17:00:00,149.688236195464
2012-10-30 18:00:00,179.820058985084
2012-10-30 19:00:00,348.28374392946
2012-10-30 20:00:00,138.187355766103
2012-10-30 21:00:00,124.004882831158
2012-10-30 22:00:00,96.1519277353371
2012-10-30 23:00:00,63.7684423976579
2012-10-31 00:00:00,28.4343030903012
2012-10-31 01:00:00,11.8011801049021
2012-10-31 02:00:00,5.70848071972872
2012-10-31 03:00:00,4.30975209781781
2012-10-31 04:00:00,5.3405594215211
2012-10-31 05:00:00,25.447635827182
2012-10-31 06:00:00,111.389559928797
2012-10-31 07:00:00,299.38339091701
2012-10-31 08:00:00,578.430702540629
2012-10-31 09:00:00,298.00647691443
2012-10-31 10:00:00,142.741808395509
2012-10-31 11:00:00,167.052751297552
2012-10-31 12:00:00,238.403073926038
2012-10-31 13:00:00,223.19356077594
2012-10-31 14:00:00,198.746690698367
2012-10-31 15:00:00,217.20474674555
2012-10-31 16:00:00,295.201907561097
2012-10-31 17:00:00,510.4975579556
2012-10-31 18:00:00,475.929565294792
2012-10-31 19:00:00,350.359649028436
2012-10-31 20:00:00,248.814409921814
2012-10-31 21:00:00,185.034532011511
2012-10-31 22:00:00,139.871206085379
2012-10-31 23:00:00,88.8923343766995
2012-11-20 00:00:00,46.4006811972673
2012-11-20 01:00:00,15.1487369156948
2012-11-20 02:00:00,8.19908954390829
2012-11-20 03:00:00,5.08611544925228
2012-11-20 04:00:00,6.62215697173775
2012-11-20 05:00:00,30.1138459474481
2012-11-20 06:00:00,147.174037038956
2012-11-20 07:00:00,375.331630184112
2012-11-20 08:00:00,670.242797780041
2012-11-20 09:00:00,295.701439763767
2012-11-20 10:00:00,133.78139504841
2012-11-20 11:00:00,145.033722314687
2012-11-20 12:00:00,181.457956537098
2012-11-20 13:00:00,204.385813837525
2012-11-20 14:00:00,184.204718056502
2012-11-20 15:00:00,188.817015990293
2012-11-20 16:00:00,262.220467538806
2012-11-20 17:00:00,496.863696021611
2012-11-20 18:00:00,440.324496020328
2012-11-20 19:00:00,331.874445834489
2012-11-20 20:00:00,221.199007813996
2012-11-20 21:00:00,189.967932351522
2012-11-20 22:00:00,147.720461202193
2012-11-20 23:00:00,71.2778741622057
2012-11-21 00:00:00,25.2571328076468
2012-11-21 01:00:00,13.6230912629411
2012-11-21 02:00:00,5.47898856280815
2012-11-21 03:00:00,3.97233398658264
2012-11-21 04:00:00,5.26014194194792
2012-11-21 05:00:00,23.9322187260844
2012-11-21 06:00:00,104.017084422155
2012-11-21 07:00:00,287.218230764498
2012-11-21 08:00:00,515.784342708536
2012-11-21 09:00:00,297.528975227122
2012-11-21 10:00:00,142.006938455935
2012-11-21 11:00:00,204.205651640364
2012-11-21 12:00:00,246.996357124232
2012-11-21 13:00:00,242.143865853286
2012-11-21 14:00:00,225.572246684152
2012-11-21 15:00:00,230.620509262072
2012-11-21 16:00:00,302.164322168395
2012-11-21 17:00:00,574.934706307434
2012-11-21 18:00:00,545.06475038106
2012-11-21 19:00:00,385.740026797822
2012-11-21 20:00:00,240.445655914755
2012-11-21 21:00:00,184.530185462647
2012-11-21 22:00:00,122.015612741947
2012-11-21 23:00:00,74.376114699414
2012-11-22 00:00:00,44.4325741471151
2012-11-22 01:00:00,30.0285043212258
2012-11-22 02:00:00,17.5799264872646
2012-11-22 03:00:00,8.15675395684743
2012-11-22 04:00:00,7.78785835325106
2012-11-22 05:00:00,11.4111427571012
2012-11-22 06:00:00,33.4835047769697
2012-11-22 07:00:00,72.5364454784528
2012-11-22 08:00:00,163.86941984615
2012-11-22 09:00:00,236.237212818178
2012-11-22 10:00:00,253.163962008193
2012-11-22 11:00:00,319.521407065273
2012-11-22 12:00:00,344.318602357322
2012-11-22 13:00:00,336.694143463857
2012-11-22 14:00:00,283.453636540874
2012-11-22 15:00:00,303.768322879079
2012-11-22 16:00:00,337.679696256477
2012-11-22 17:00:00,333.478030655972
2012-11-22 18:00:00,317.645225924866
2012-11-22 19:00:00,279.972472870367
2012-11-22 20:00:00,196.554005265808
2012-11-22 21:00:00,164.807942324456
2012-11-22 22:00:00,108.982845732661
2012-11-22 23:00:00,92.8807755335116
2012-11-23 00:00:00,27.3220078829155
2012-11-23 01:00:00,11.71507350999
2012-11-23 02:00:00,7.18108334907622
2012-11-23 03:00:00,4.22578195338086
2012-11-23 04:00:00,5.24680462731165
2012-11-23 05:00:00,20.6729222486781
2012-11-23 06:00:00,88.1667756898972
2012-11-23 07:00:00,244.648882191481
2012-11-23 08:00:00,407.207605018562
2012-11-23 09:00:00,289.655577951182
2012-11-23 10:00:00,160.975777596399
2012-11-23 11:00:00,196.84641940169
2012-11-23 12:00:00,251.911762717968
2012-11-23 13:00:00,240.836142486479
2012-11-23 14:00:00,236.608401750804
2012-11-23 15:00:00,250.611625224303
2012-11-23 16:00:00,298.297774357343
2012-11-23 17:00:00,555.602306297269
2012-11-23 18:00:00,524.962316092782
2012-11-23 19:00:00,350.13207155931
2012-11-23 20:00:00,286.789604975444
2012-11-23 21:00:00,216.210662576055
2012-11-23 22:00:00,137.231227076866
2012-11-23 23:00:00,107.288138997675
2012-11-24 00:00:00,101.850035680055
2012-11-24 01:00:00,58.1815819993425
2012-11-24 02:00:00,35.6609214091117
2012-11-24 03:00:00,19.58627673939
2012-11-24 04:00:00,5.10165552194624
2012-11-24 05:00:00,6.02988905766355
2012-11-24 06:00:00,11.1178195300302
2012-11-24 07:00:00,35.8927453454382
2012-11-24 08:00:00,69.4686303942918
2012-11-24 09:00:00,126.498001539797
2012-11-24 10:00:00,206.260730910392
2012-11-24 11:00:00,267.158616794469
2012-11-24 12:00:00,255.574472097842
2012-11-24 13:00:00,333.672803837563
2012-11-24 14:00:00,236.451161250708
2012-11-24 15:00:00,250.623183002182
2012-11-24 16:00:00,212.345615887041
2012-11-24 17:00:00,194.578595234253
2012-11-24 18:00:00,160.010152698767
2012-11-24 19:00:00,144.132037158508
2012-11-24 20:00:00,91.4018269259063
2012-11-24 21:00:00,89.6721448794258
2012-11-24 22:00:00,72.2842446630849
2012-11-24 23:00:00,54.4058352855441
2012-11-25 00:00:00,64.6841873851516
2012-11-25 01:00:00,55.3128032561862
2012-11-25 02:00:00,27.410340885689
2012-11-25 03:00:00,17.2247378490879
2012-11-25 04:00:00,5.90201357845859
2012-11-25 05:00:00,6.576142179514
2012-11-25 06:00:00,14.0722007257709
2012-11-25 07:00:00,36.1079140337835
2012-11-25 08:00:00,82.4462968900079
2012-11-25 09:00:00,146.079135511024
2012-11-25 10:00:00,187.310832003842
2012-11-25 11:00:00,268.407390554444
2012-11-25 12:00:00,310.846540338034
2012-11-25 13:00:00,297.14812438465
2012-11-25 14:00:00,299.186064471827
2012-11-25 15:00:00,285.752291882466
2012-11-25 16:00:00,255.174805040113
2012-11-25 17:00:00,230.723841422396
2012-11-25 18:00:00,168.184458345938
2012-11-25 19:00:00,154.526440257463
2012-11-25 20:00:00,97.0081693262429
2012-11-25 21:00:00,97.1238740604756
2012-11-25 22:00:00,68.9123474627514
2012-11-25 23:00:00,57.0181319995064
2012-11-26 00:00:00,27.8665679883678
2012-11-26 01:00:00,10.6172706932245
2012-11-26 02:00:00,5.25630642406545
2012-11-26 03:00:00,3.24771421542606
2012-11-26 04:00:00,4.77920247649261
2012-11-26 05:00:00,24.1591408549421
2012-11-26 06:00:00,97.6638485675449
2012-11-26 07:00:00,243.482619985004
2012-11-26 08:00:00,394.582612791324
2012-11-26 09:00:00,265.124190865189
2012-11-26 10:00:00,124.794730992186
2012-11-26 11:00:00,212.056946679467
2012-11-26 12:00:00,235.481118316803
2012-11-26 13:00:00,227.33440623611
2012-11-26 14:00:00,207.603423242848
2012-11-26 15:00:00,220.441451558984
2012-11-26 16:00:00,272.636547989048
2012-11-26 17:00:00,555.889912462907
2012-11-26 18:00:00,463.297892032095
2012-11-26 19:00:00,291.951237726571
2012-11-26 20:00:00,203.231714106809
2012-11-26 21:00:00,155.603925783193
2012-11-26 22:00:00,119.487688842813
2012-11-26 23:00:00,84.3123278992428
2012-11-27 00:00:00,36.2787637856017
2012-11-27 01:00:00,19.2984307749007
2012-11-27 02:00:00,8.39338646785104
2012-11-27 03:00:00,4.47241707564508
2012-11-27 04:00:00,3.50123019642209
2012-11-27 05:00:00,25.8500447067958
2012-11-27 06:00:00,111.616124785128
2012-11-27 07:00:00,154.792055787943
2012-11-27 08:00:00,258.780582807595
2012-11-27 09:00:00,268.746369134375
2012-11-27 10:00:00,61.3554907070597
2012-11-27 11:00:00,45.7901062099014
2012-11-27 12:00:00,51.4324844710996
2012-11-27 13:00:00,60.8221260261503
2012-11-27 14:00:00,42.4054256046868
2012-11-27 15:00:00,148.978742901587
2012-11-27 16:00:00,204.787131018165
2012-11-27 17:00:00,340.814973265643
2012-11-27 18:00:00,203.475040345269
2012-11-27 19:00:00,225.04329183547
2012-11-27 20:00:00,133.478515326986
2012-11-27 21:00:00,88.0950529856323
2012-11-27 22:00:00,76.0298961792512
2012-11-27 23:00:00,54.3363243027035
2012-11-28 00:00:00,34.3941177801529
2012-11-28 01:00:00,15.0574405253345
2012-11-28 02:00:00,7.48712392376135
2012-11-28 03:00:00,5.22627171227603
2012-11-28 04:00:00,6.49133027577907
2012-11-28 05:00:00,33.6911250825611
2012-11-28 06:00:00,117.896628612056
2012-11-28 07:00:00,350.155183927329
2012-11-28 08:00:00,452.861272454505
2012-11-28 09:00:00,307.643842980823
2012-11-28 10:00:00,138.963284545387
2012-11-28 11:00:00,168.934110367571
2012-11-28 12:00:00,206.880242504567
2012-11-28 13:00:00,230.183787607083
2012-11-28 14:00:00,196.586882709053
2012-11-28 15:00:00,206.432210149533
2012-11-28 16:00:00,281.445906016488
2012-11-28 17:00:00,521.391506386917
2012-11-28 18:00:00,439.00972338065
2012-11-28 19:00:00,308.749620816505
2012-11-28 20:00:00,250.017884596144
2012-11-28 21:00:00,164.831208796542
2012-11-28 22:00:00,104.594920684357
2012-11-28 23:00:00,64.7751118295988
2012-11-29 00:00:00,30.3677342126972
2012-11-29 01:00:00,11.5594231518755
2012-11-29 02:00:00,5.22994330319805
2012-11-29 04:00:00,4.73654521529172
2012-11-29 05:00:00,20.5242991423596
2012-11-29 06:00:00,96.5485029949903
2012-11-29 07:00:00,218.864873991782
2012-11-29 08:00:00,460.069805123624
2012-11-29 09:00:00,238.326809036505
2012-11-29 10:00:00,122.306288613663
2012-11-29 11:00:00,200.428867371128
2012-11-29 12:00:00,221.006869437849
2012-11-29 13:00:00,213.954244717521
2012-11-29 14:00:00,206.186603577054
2012-11-29 15:00:00,212.551618247169
2012-11-29 16:00:00,298.131949349418
2012-11-29 17:00:00,549.003612616535
2012-11-29 18:00:00,415.802448155656
2012-11-29 19:00:00,260.085633053147
2012-11-29 20:00:00,201.008043330705
2012-11-29 21:00:00,126.542795688427
2012-11-29 22:00:00,104.875059639847
2012-11-29 23:00:00,67.1218984437745
2012-11-30 00:00:00,35.0291969970991
2012-11-30 01:00:00,14.3624357551408
2012-11-30 02:00:00,5.94826846612111
2012-11-30 03:00:00,3.65971904036351
2012-11-30 04:00:00,4.6593410090158
2012-11-30 05:00:00,18.218821275099
2012-11-30 06:00:00,68.1646396347258
2012-11-30 07:00:00,246.135978907612
2012-11-30 08:00:00,445.444699922811
2012-11-30 09:00:00,250.003598241598
2012-11-30 10:00:00,125.722993175224
2012-11-30 11:00:00,181.571406689955
2012-11-30 12:00:00,212.274982609299
2012-11-30 13:00:00,218.679946161975
2012-11-30 14:00:00,198.265967046285
2012-11-30 15:00:00,211.682695994889
2012-11-30 16:00:00,308.933099822248
2012-11-30 17:00:00,513.535152721608
2012-11-30 18:00:00,391.242684018099
2012-11-30 19:00:00,264.720302091309
2012-11-30 20:00:00,186.371347504911
2012-11-30 21:00:00,153.280303801228
2012-11-30 22:00:00,115.243155318933
2012-11-30 23:00:00,76.3650658814618
2012-12-20 00:00:00,41.6595256288303
2012-12-20 01:00:00,12.3605201488354
2012-12-20 02:00:00,6.00084789370313
2012-12-20 03:00:00,5.25923313913961
2012-12-20 04:00:00,6.9770891831261
2012-12-20 05:00:00,32.3761774811738
2012-12-20 06:00:00,111.467299605164
2012-12-20 07:00:00,371.421683019192
2012-12-20 08:00:00,634.929958566874
2012-12-20 09:00:00,297.144908903968
2012-12-20 10:00:00,124.177997502118
2012-12-20 11:00:00,180.103528315704
2012-12-20 12:00:00,214.20398980734
2012-12-20 13:00:00,207.484276177697
2012-12-20 14:00:00,201.667651479112
2012-12-20 15:00:00,201.305203549816
2012-12-20 16:00:00,253.562835326692
2012-12-20 17:00:00,515.245851070669
2012-12-20 18:00:00,428.366786312991
2012-12-20 19:00:00,176.210409607927
2012-12-20 20:00:00,141.04218439631
2012-12-20 21:00:00,106.767487157607
2012-12-20 22:00:00,58.7738601985634
2012-12-20 23:00:00,43.8067879002887
2012-12-21 00:00:00,9.58143543560258
2012-12-21 01:00:00,5.80698190605722
2012-12-21 02:00:00,2.46844188423253
2012-12-21 03:00:00,1.58180377919077
2012-12-21 04:00:00,2.50584637019485
2012-12-21 05:00:00,10.4935902611836
2012-12-21 06:00:00,72.461716729338
2012-12-21 07:00:00,198.657167036891
2012-12-21 08:00:00,345.849076294597
2012-12-21 09:00:00,247.634919821536
2012-12-21 10:00:00,110.115868804187
2012-12-21 11:00:00,100.262647277558
2012-12-21 12:00:00,114.685033276467
2012-12-21 13:00:00,115.400186546348
2012-12-21 14:00:00,105.135910052985
2012-12-21 15:00:00,109.059240030507
2012-12-21 16:00:00,143.281818553171
2012-12-21 17:00:00,207.379564470742
2012-12-21 18:00:00,191.229239100543
2012-12-21 19:00:00,156.683289170348
2012-12-21 20:00:00,121.462404313313
2012-12-21 21:00:00,85.0524307263108
2012-12-21 22:00:00,62.0561699672248
2012-12-21 23:00:00,40.2415787060875
2012-12-22 00:00:00,39.1670138351252
2012-12-22 01:00:00,30.0478660456045
2012-12-22 02:00:00,22.9677999456899
2012-12-22 03:00:00,9.45250718471858
2012-12-22 04:00:00,3.18589161391142
2012-12-22 05:00:00,2.72048846804337
2012-12-22 06:00:00,6.08174960638963
2012-12-22 07:00:00,17.4811405144709
2012-12-22 08:00:00,43.5619614152999
2012-12-22 09:00:00,81.2026991401134
2012-12-22 10:00:00,111.243967423556
2012-12-22 11:00:00,164.930536609232
2012-12-22 12:00:00,176.025466951955
2012-12-22 13:00:00,183.733043802682
2012-12-22 14:00:00,160.602157849851
2012-12-22 15:00:00,167.556328856828
2012-12-22 16:00:00,153.510568411144
2012-12-22 17:00:00,134.436673035745
2012-12-22 18:00:00,94.3178299137648
2012-12-22 19:00:00,71.5138135518585
2012-12-22 20:00:00,65.4726989909316
2012-12-22 21:00:00,42.7256397790515
2012-12-22 22:00:00,36.0564943438089
2012-12-22 23:00:00,30.0855730043595
2012-12-23 00:00:00,37.9053402181424
2012-12-23 01:00:00,34.2981111424779
2012-12-23 02:00:00,20.5280742379575
2012-12-23 03:00:00,9.27842194868153
2012-12-23 04:00:00,2.84956827057887
2012-12-23 05:00:00,2.34620669526458
2012-12-23 06:00:00,3.90795991688309
2012-12-23 07:00:00,11.0144194156731
2012-12-23 08:00:00,33.064079105136
2012-12-23 09:00:00,76.0260124063823
2012-12-23 10:00:00,97.4280729327123
2012-12-23 11:00:00,132.174434200386
2012-12-23 12:00:00,209.20961044876
2012-12-23 13:00:00,229.701872608904
2012-12-23 14:00:00,189.936673199408
2012-12-23 15:00:00,225.945773141758
2012-12-23 16:00:00,207.982511449693
2012-12-23 17:00:00,150.601585986534
2012-12-23 18:00:00,137.519128051945
2012-12-23 19:00:00,103.516539450376
2012-12-23 20:00:00,62.8079717469706
2012-12-23 21:00:00,50.6282359588894
2012-12-23 22:00:00,43.959595576163
2012-12-23 23:00:00,29.6452540080745
2012-12-24 00:00:00,14.4441556269085
2012-12-24 01:00:00,6.01902961669076
2012-12-24 02:00:00,2.96657557533362
2012-12-24 03:00:00,1.84452577207666
2012-12-24 05:00:00,9.31827764841587
2012-12-24 06:00:00,45.1287917084395
2012-12-24 07:00:00,134.009187732418
2012-12-24 08:00:00,281.30848412459
2012-12-24 09:00:00,154.509248586956
2012-12-24 10:00:00,64.0489483313939
2012-12-24 11:00:00,76.0746190435523
2012-12-24 12:00:00,106.607190178588
2012-12-24 13:00:00,54.5922531547011
2012-12-24 14:00:00,45.301703525677
2012-12-24 15:00:00,53.6977847285296
2012-12-24 16:00:00,77.2202833305112
2012-12-24 17:00:00,110.871406046817
2012-12-24 18:00:00,92.4723206177118
2012-12-24 19:00:00,119.844240689255
2012-12-24 20:00:00,57.3060884429844
2012-12-24 21:00:00,35.1045888065078
2012-12-24 22:00:00,41.2562659508446
2012-12-24 23:00:00,19.7242399324632
2012-12-25 00:00:00,11.9585833616668
2012-12-25 01:00:00,16.2331702780114
2012-12-25 02:00:00,12.0305003030523
2012-12-25 04:00:00,3.34797781371234
2012-12-25 05:00:00,5.45432351971688
2012-12-25 06:00:00,13.2728933274653
2012-12-25 07:00:00,36.395548550637
2012-12-25 08:00:00,78.1833200698207
2012-12-25 09:00:00,129.734227324201
2012-12-25 10:00:00,119.635851075777
2012-12-25 11:00:00,156.758930791234
2012-12-25 12:00:00,205.884976826429
2012-12-25 13:00:00,176.650410998471
2012-12-25 14:00:00,163.596256290867
2012-12-25 15:00:00,166.130969827961
2012-12-25 16:00:00,151.570991813025
2012-12-25 17:00:00,152.278911473467
2012-12-25 18:00:00,152.296763282777
2012-12-25 19:00:00,129.530376573366
2012-12-25 20:00:00,97.680626804499
2012-12-25 21:00:00,74.5324183597405
2012-12-25 22:00:00,70.6396483383903
2012-12-25 23:00:00,40.3119333965243
2012-12-26 00:00:00,17.1142413750664
2012-12-26 01:00:00,6.16238669809829
2012-12-26 02:00:00,3.18314971242172
2012-12-26 03:00:00,1.77624392404109
2012-12-26 04:00:00,1.25895455004596
2012-12-26 05:00:00,8.8869986948475
2012-12-26 06:00:00,45.9881876886454
2012-12-26 07:00:00,56.9568103525577
2012-12-26 08:00:00,109.803518837552
2012-12-26 09:00:00,60.3055979225794
2012-12-26 10:00:00,26.1944620551214
2012-12-26 11:00:00,23.3768056646518
2012-12-26 12:00:00,33.4487499822259
2012-12-26 13:00:00,32.2348557932609
2012-12-26 14:00:00,33.6569385212072
2012-12-26 15:00:00,40.8925731490267
2012-12-26 16:00:00,58.5669582217359
2012-12-26 17:00:00,79.6046288961994
2012-12-26 18:00:00,76.7071468439416
2012-12-26 19:00:00,92.9095583043335
2012-12-26 20:00:00,44.0108699075733
2012-12-26 21:00:00,61.4352372194093
2012-12-26 22:00:00,17.5049585913276
2012-12-26 23:00:00,20.5939589406761
2012-12-27 00:00:00,9.49679496643107
2012-12-27 01:00:00,2.36511213171018
2012-12-27 02:00:00,1.62036196549785
2012-12-27 03:00:00,2.39486466228843
2012-12-27 04:00:00,1.47943804068649
2012-12-27 05:00:00,11.6774727894325
2012-12-27 06:00:00,37.2172954907199
2012-12-27 07:00:00,176.765478992093
2012-12-27 08:00:00,299.99913723661
2012-12-27 09:00:00,173.612166647256
2012-12-27 10:00:00,93.1670331073288
2012-12-27 11:00:00,88.3424735060326
2012-12-27 12:00:00,108.844699922733
2012-12-27 13:00:00,103.216213798349
2012-12-27 14:00:00,76.8332742077853
2012-12-27 15:00:00,77.9186740945533
2012-12-27 16:00:00,120.302392261546
2012-12-27 17:00:00,218.266801324679
2012-12-27 18:00:00,198.449626331061
2012-12-27 19:00:00,120.923025059871
2012-12-27 20:00:00,97.4500710496659
2012-12-27 21:00:00,74.8408200384966
2012-12-27 22:00:00,50.5155763060157
2012-12-27 23:00:00,36.224033756554
2012-12-28 00:00:00,16.3923216953461
2012-12-28 01:00:00,6.65818348651305
2012-12-28 02:00:00,3.57178535253798
2012-12-28 03:00:00,2.25061131949472
2012-12-28 04:00:00,2.33472284050234
2012-12-28 05:00:00,10.7406679148955
2012-12-28 06:00:00,43.4555747882615
2012-12-28 07:00:00,136.289610828727
2012-12-28 08:00:00,332.066743392068
2012-12-28 09:00:00,143.979404805412
2012-12-28 10:00:00,88.9053500049064
2012-12-28 11:00:00,91.7754751462184
2012-12-28 12:00:00,113.180207785309
2012-12-28 13:00:00,110.840436004807
2012-12-28 14:00:00,97.1397928292718
2012-12-28 15:00:00,82.0552915227608
2012-12-28 16:00:00,144.154091733179
2012-12-28 17:00:00,208.72342295289
2012-12-28 18:00:00,194.843960407942
2012-12-28 19:00:00,127.936849019292
2012-12-28 20:00:00,92.7644715112922
2012-12-28 21:00:00,80.6308559591472
2012-12-28 22:00:00,57.5833371334171
2012-12-28 23:00:00,33.4993926255002
2012-12-29 00:00:00,37.9456685455209
2012-12-29 01:00:00,31.2880615714465
2012-12-29 02:00:00,21.9129968929294
2012-12-29 03:00:00,9.35573845800256
2012-12-29 04:00:00,2.98201682497899
2012-12-29 05:00:00,2.78219622847571
2012-12-29 06:00:00,6.40404694530704
2012-12-29 07:00:00,18.2168345930171
2012-12-29 08:00:00,48.6599588426979
2012-12-29 09:00:00,88.9095430411104
2012-12-29 10:00:00,110.637175131472
2012-12-29 11:00:00,94.2387120390793
2012-12-29 12:00:00,65.1419879737306
2012-12-29 13:00:00,64.4153138643908
2012-12-29 14:00:00,165.40692195656
2012-12-29 15:00:00,151.986047156241
2012-12-29 16:00:00,131.120727103995
2012-12-29 17:00:00,137.098688390696
2012-12-29 18:00:00,106.253160583663
2012-12-29 19:00:00,82.6190452034947
2012-12-29 20:00:00,63.3983756279052
2012-12-29 21:00:00,51.2539692018697
2012-12-29 22:00:00,42.9417821115274
2012-12-29 23:00:00,26.2780997540283
2012-12-30 00:00:00,41.0834346574415
2012-12-30 01:00:00,30.5316345125919
2012-12-30 02:00:00,23.5714801756961
2012-12-30 03:00:00,10.6239738613179
2012-12-30 04:00:00,3.03664003669901
2012-12-30 05:00:00,2.76880868540462
2012-12-30 06:00:00,3.84414157992423
2012-12-30 07:00:00,14.2318367245844
2012-12-30 08:00:00,27.0782622145378
2012-12-30 09:00:00,70.1613574463506
2012-12-30 10:00:00,110.475703687468
2012-12-30 11:00:00,148.611863218044
2012-12-30 12:00:00,178.072387563989
2012-12-30 13:00:00,168.440774031039
2012-12-30 14:00:00,160.118218281369
2012-12-30 15:00:00,167.262497514544
2012-12-30 16:00:00,150.069866152106
2012-12-30 17:00:00,129.551457542048
2012-12-30 18:00:00,95.4538946495863
2012-12-30 19:00:00,111.478281665724
2012-12-30 20:00:00,44.9344328847019
2012-12-30 21:00:00,43.2308428670428
2012-12-30 22:00:00,34.4530543994231
2012-12-30 23:00:00,24.9567366067828
2012-12-31 00:00:00,12.6517749295354
2012-12-31 01:00:00,5.32108648906554
2012-12-31 02:00:00,2.68178194511957
2012-12-31 03:00:00,1.69231091614408
2012-12-31 04:00:00,1.45048254556502
2012-12-31 05:00:00,6.84423714550704
2012-12-31 06:00:00,33.6144032454125
2012-12-31 07:00:00,102.853385236679
2012-12-31 08:00:00,213.608383245586
2012-12-31 09:00:00,125.340378071196
2012-12-31 10:00:00,65.9726521827352
2012-12-31 11:00:00,74.0121143400571
2012-12-31 12:00:00,85.5635758167892
2012-12-31 13:00:00,93.1145827459928
2012-12-31 14:00:00,98.9478113716705
2012-12-31 15:00:00,97.4136735605046
2012-12-31 16:00:00,118.699569289018
2012-12-31 17:00:00,220.024153777539
2012-12-31 18:00:00,214.425413511273
2012-12-31 19:00:00,136.906856965717
2012-12-31 20:00:00,97.8647374619149
2012-12-31 21:00:00,74.7387503727054
2012-12-31 22:00:00,64.639787820541
2012-12-31 23:00:00,39.2266517735146
