datetime,count
2011-01-20 00:00:00,2.59000673023331
2011-01-20 01:00:00,2.70137038899731
2011-01-20 02:00:00,2.8026161357689
2011-01-20 03:00:00,2.9110346055473
2011-01-20 04:00:00,3.01228035231889
2011-01-20 05:00:00,2.98633608825715
2011-01-20 06:00:00,3.04520431713075
2011-01-20 07:00:00,3.22223498188884
2011-01-20 08:00:00,3.34139488855241
2011-01-20 09:00:00,3.68125627810107
2011-01-20 10:00:00,3.69683382340569
2011-01-20 11:00:00,4.09850745170763
2011-01-20 12:00:00,4.36490518049843
2011-01-20 13:00:00,4.32546230325683
2011-01-20 14:00:00,4.47774884492855
2011-01-20 15:00:00,4.63928626949012
2011-01-20 16:00:00,4.61961240408255
2011-01-20 17:00:00,4.75429359229014
2011-01-20 18:00:00,4.60734421756236
2011-01-20 19:00:00,4.49576175900163
2011-01-20 20:00:00,4.73371650214033
2011-01-20 21:00:00,4.7838914470438
2011-01-20 22:00:00,4.77594684136089
2011-01-20 23:00:00,4.89063570979347
2011-01-21 00:00:00,2.50616092886732
2011-01-21 01:00:00,2.60740667563891
2011-01-21 02:00:00,2.25081544045079
2011-01-21 03:00:00,2.23209939091472
2011-01-21 04:00:00,2.68870999665879
2011-01-21 05:00:00,2.96007336982795
2011-01-21 06:00:00,3.12993131157924
2011-01-21 07:00:00,3.21630083983389
2011-01-21 08:00:00,3.39161764265567
2011-01-21 09:00:00,3.44117753150006
2011-01-21 10:00:00,3.59230977577568
2011-01-21 11:00:00,3.8265961425692
2011-01-21 12:00:00,4.17586797948694
2011-01-21 13:00:00,4.28357939150621
2011-01-21 14:00:00,4.30628304399663
2011-01-21 15:00:00,4.28551037271182
2011-01-21 16:00:00,4.40224739405944
2011-01-21 17:00:00,4.43080165573845
2011-01-21 18:00:00,4.47037615376249
2011-01-21 19:00:00,4.55193838718691
2011-01-21 20:00:00,4.55009318318446
2011-01-21 21:00:00,4.5352546539546
2011-01-21 22:00:00,4.49553297725315
2011-01-21 23:00:00,4.66671303282265
2011-01-22 00:00:00,2.26377176830158
2011-01-22 01:00:00,2.55017991208834
2011-01-22 02:00:00,2.69557253021311
2011-01-22 03:00:00,2.80579036041469
2011-01-22 04:00:00,2.76330954179806
2011-01-22 06:00:00,3.0461424900456
2011-01-22 07:00:00,2.95452234429189
2011-01-22 08:00:00,3.02683369482648
2011-01-22 09:00:00,3.23561142363513
2011-01-22 10:00:00,3.56315850436803
2011-01-22 11:00:00,3.74328063639952
2011-01-22 12:00:00,3.92006054304525
2011-01-22 13:00:00,4.03569109774888
2011-01-22 14:00:00,4.11413185693191
2011-01-22 15:00:00,4.30190395857518
2011-01-22 16:00:00,4.41926450481557
2011-01-22 17:00:00,4.63124920635248
2011-01-22 18:00:00,4.38880335894355
2011-01-22 19:00:00,4.51451246372116
2011-01-22 20:00:00,4.38868422161362
2011-01-22 21:00:00,4.61264894098756
2011-01-22 22:00:00,4.69232753043306
2011-01-22 23:00:00,4.49262349886883
2011-01-23 00:00:00,2.16397132312215
2011-01-23 01:00:00,2.26521706989375
2011-01-23 02:00:00,2.25724245724285
2011-01-23 03:00:00,2.35848820401444
2011-01-23 05:00:00,2.83888139095927
2011-01-23 06:00:00,2.94012713773087
2011-01-23 07:00:00,2.95992496315412
2011-01-23 08:00:00,2.91606653920039
2011-01-23 09:00:00,3.19678167265732
2011-01-23 10:00:00,3.51273160797341
2011-01-23 11:00:00,3.69465310042809
2011-01-23 12:00:00,3.91611987045341
2011-01-23 13:00:00,4.01350963505309
2011-01-23 14:00:00,4.26604445271732
2011-01-23 15:00:00,4.36729019948891
2011-01-23 16:00:00,4.48990783699312
2011-01-23 17:00:00,4.52459150732056
2011-01-23 18:00:00,4.56697867315815
2011-01-23 19:00:00,4.67719650335973
2011-01-23 20:00:00,4.63642954667941
2011-01-23 21:00:00,4.71976113355903
2011-01-23 22:00:00,4.74831539523803
2011-01-23 23:00:00,4.72858603831159
2011-01-24 00:00:00,2.29435925973926
2011-01-24 01:00:00,2.29287835368352
2011-01-24 03:00:00,2.4709064892207
2011-01-24 04:00:00,2.57532920175257
2011-01-24 05:00:00,2.67657494852416
2011-01-24 06:00:00,2.80678509850076
2011-01-24 07:00:00,3.00771955672465
2011-01-24 08:00:00,3.13618583779693
2011-01-24 09:00:00,3.40078617178506
2011-01-24 10:00:00,3.44477621652122
2011-01-24 11:00:00,3.48331586902058
2011-01-24 12:00:00,3.87416256195048
2011-01-24 13:00:00,3.96922340855476
2011-01-24 14:00:00,4.02499820453446
2011-01-24 15:00:00,4.11506659535485
2011-01-24 16:00:00,4.09469217540133
2011-01-24 17:00:00,4.06599073504491
2011-01-24 18:00:00,4.05528698744682
2011-01-24 19:00:00,4.26547429418105
2011-01-24 20:00:00,4.25777848099001
2011-01-24 21:00:00,4.33155293534855
2011-01-24 22:00:00,4.57729545755313
2011-01-24 23:00:00,4.71442501562755
2011-01-25 00:00:00,2.27686128688623
2011-01-25 01:00:00,2.42675495020999
2011-01-25 02:00:00,2.33485600499643
2011-01-25 04:00:00,2.46811177866716
2011-01-25 05:00:00,2.52070960888658
2011-01-25 06:00:00,2.71270199064848
2011-01-25 07:00:00,2.76529982086791
2011-01-25 08:00:00,3.09281689463281
2011-01-25 09:00:00,3.45907311691852
2011-01-25 10:00:00,3.66751655474844
2011-01-25 11:00:00,3.77770437798203
2011-01-25 12:00:00,4.05301869868395
2011-01-25 13:00:00,4.12530004225054
2011-01-25 14:00:00,4.52192572324972
2011-01-25 15:00:00,4.71101993871121
2011-01-25 16:00:00,4.8122656854828
2011-01-25 17:00:00,4.65698162958536
2011-01-25 18:00:00,4.85106830083074
2011-01-25 19:00:00,4.56323503549627
2011-01-25 20:00:00,4.42026528841459
2011-01-25 21:00:00,4.52151103518618
2011-01-25 22:00:00,4.62897168909308
2011-01-25 23:00:00,4.89889876984382
2011-01-26 00:00:00,2.48548959268066
2011-01-26 01:00:00,2.68946199227959
2011-01-26 02:00:00,2.30860070005844
2011-01-26 05:00:00,2.25470170830699
2011-01-26 06:00:00,2.35594745507859
2011-01-26 07:00:00,2.53098349282
2011-01-26 08:00:00,2.6322292395916
2011-01-26 09:00:00,2.73347498636319
2011-01-26 10:00:00,2.73930779331999
2011-01-26 11:00:00,2.81189794331444
2011-01-26 12:00:00,2.91314369008603
2011-01-26 13:00:00,3.01438943685763
2011-01-26 14:00:00,3.12457726009121
2011-01-26 15:00:00,3.21480277051778
2011-01-26 16:00:00,3.31812667717241
2011-01-26 17:00:00,3.38593698250801
2011-01-27 16:00:00,4.1668521373012
2011-01-27 17:00:00,4.28334036615696
2011-01-27 18:00:00,4.12581858589723
2011-01-27 19:00:00,4.22706433266883
2011-01-27 20:00:00,4.21014764355593
2011-01-27 21:00:00,4.31139339032753
2011-01-27 22:00:00,4.41263913709912
2011-01-27 23:00:00,4.40322946197176
2011-01-28 00:00:00,2.35217017319887
2011-01-28 01:00:00,2.45341591997047
2011-01-28 02:00:00,2.56363375017205
2011-01-28 03:00:00,2.68934285494966
2011-01-28 05:00:00,2.77367191260836
2011-01-28 06:00:00,2.84176101740381
2011-01-28 07:00:00,2.83865174789862
2011-01-28 08:00:00,2.93989749467022
2011-01-28 09:00:00,2.68594741382256
2011-01-28 10:00:00,2.79166419882515
2011-01-28 11:00:00,2.78681106041565
2011-01-28 12:00:00,2.88805680718725
2011-01-28 13:00:00,2.98930255395884
2011-01-28 14:00:00,3.42518427861462
2011-01-28 15:00:00,3.79068395142166
2011-01-28 16:00:00,3.85628898423604
2011-01-28 17:00:00,3.98914277067296
2011-01-28 18:00:00,4.0662039588984
2011-01-28 19:00:00,4.3603155981953
2011-01-28 20:00:00,4.51316170440723
2011-01-28 21:00:00,4.52070837330035
2011-01-28 22:00:00,4.62965070550472
2011-01-28 23:00:00,4.80875953014585
2011-01-29 00:00:00,2.47190506108447
2011-01-29 01:00:00,2.60835560274725
2011-01-29 02:00:00,2.70065927305685
2011-01-29 03:00:00,2.75055541850047
2011-01-29 04:00:00,2.68259793448745
2011-01-29 06:00:00,2.96981642247913
2011-01-29 07:00:00,3.13790501077523
2011-01-29 08:00:00,3.36007036972599
2011-01-29 09:00:00,3.42040170242354
2011-01-29 10:00:00,3.61901490341879
2011-01-29 11:00:00,3.68710400821424
2011-01-29 12:00:00,3.88204883286431
2011-01-29 13:00:00,4.11945667389923
2011-01-29 14:00:00,4.13594541925434
2011-01-29 15:00:00,3.92554778155707
2011-01-29 16:00:00,4.22082638068651
2011-01-29 17:00:00,4.39965444024728
2011-01-29 18:00:00,4.23583421998588
2011-01-29 19:00:00,4.49921210262259
2011-01-29 20:00:00,4.3067501629516
2011-01-29 21:00:00,4.40799590972319
2011-01-29 22:00:00,4.37620103647286
2011-01-29 23:00:00,4.47744678324445
2011-01-30 00:00:00,2.11088812783078
2011-01-30 01:00:00,2.26525282938554
2011-01-30 02:00:00,2.40887609405512
2011-01-30 03:00:00,2.27070353616384
2011-01-30 04:00:00,2.37194928293543
2011-01-30 05:00:00,2.57929391488812
2011-01-30 07:00:00,2.78178540843131
2011-01-30 08:00:00,3.05171248918205
2011-01-30 09:00:00,3.28627765543543
2011-01-30 10:00:00,3.42962212064516
2011-01-30 11:00:00,3.52244768776023
2011-01-30 12:00:00,4.13051509305678
2011-01-30 13:00:00,4.01087175111656
2011-01-30 14:00:00,4.14974517809529
2011-01-30 15:00:00,4.38436583586754
2011-01-30 16:00:00,4.48561158263914
2011-01-30 17:00:00,4.51849589254341
2011-01-30 18:00:00,4.38991047414119
2011-01-30 19:00:00,4.50009829737478
2011-01-30 20:00:00,4.78526786020968
2011-01-30 21:00:00,4.74416661255063
2011-01-30 22:00:00,4.81225571734609
2011-01-30 23:00:00,4.97379510752815
2011-01-31 00:00:00,2.57300377039182
2011-01-31 01:00:00,2.48728972534557
2011-01-31 02:00:00,2.61299883012318
2011-01-31 03:00:00,2.71424457689477
2011-01-31 04:00:00,2.81577108874673
2011-01-31 05:00:00,2.77466984108768
2011-01-31 06:00:00,2.72909755519763
2011-01-31 07:00:00,3.06136643227389
2011-01-31 08:00:00,3.23839709703198
2011-01-31 09:00:00,3.34411388203457
2011-01-31 10:00:00,3.45610106569134
2011-01-31 11:00:00,3.55734681246293
2011-01-31 12:00:00,3.861316729942
2011-01-31 13:00:00,3.91295477866943
2011-01-31 14:00:00,4.03065158150905
2011-01-31 15:00:00,4.02889187599346
2011-01-31 16:00:00,4.19352273344893
2011-01-31 17:00:00,4.1648212930925
2011-01-31 18:00:00,4.33566705768328
2011-01-31 19:00:00,4.60621994868659
2011-01-31 20:00:00,4.1046994287859
2011-01-31 21:00:00,4.26803621377065
2011-01-31 22:00:00,4.72867002693263
2011-01-31 23:00:00,4.79203733538472
2011-02-20 00:00:00,2.98044254716625
2011-02-20 01:00:00,2.95311871214691
2011-02-20 02:00:00,3.08122069527247
2011-02-20 03:00:00,3.09461797335418
2011-02-20 04:00:00,3.19586372012577
2011-02-20 06:00:00,3.27675658507816
2011-02-20 07:00:00,3.26183255736144
2011-02-20 08:00:00,3.48726038055933
2011-02-20 09:00:00,3.66049902349807
2011-02-20 10:00:00,4.12133551674475
2011-02-20 11:00:00,4.46147001060701
2011-02-20 12:00:00,4.41849778140547
2011-02-20 13:00:00,4.59111289945144
2011-02-20 14:00:00,4.81432157276056
2011-02-20 15:00:00,4.93528083984731
2011-02-20 16:00:00,5.00621261942431
2011-02-20 17:00:00,5.02711691149155
2011-02-20 18:00:00,5.20022344012241
2011-02-20 19:00:00,5.30146918689401
2011-02-20 20:00:00,5.35594991040298
2011-02-20 21:00:00,5.24837011916615
2011-02-20 22:00:00,5.22931977865135
2011-02-20 23:00:00,5.25202343114177
2011-02-21 00:00:00,3.17301494287663
2011-02-21 01:00:00,3.27426068964823
2011-02-21 02:00:00,3.37550643641982
2011-02-21 03:00:00,3.46778009976143
2011-02-21 04:00:00,3.35695172164502
2011-02-21 05:00:00,3.84059516810077
2011-02-21 06:00:00,4.3519340229775
2011-02-21 07:00:00,4.4487087315181
2011-02-21 08:00:00,3.74665407965992
2011-02-21 09:00:00,3.84342878820051
2011-02-21 10:00:00,3.93570245154212
2011-02-21 11:00:00,4.07665403840389
2011-02-21 12:00:00,4.02624445071563
2011-02-21 13:00:00,3.41631650821919
2011-02-21 14:00:00,4.05270275027982
2011-02-21 15:00:00,4.21865768717401
2011-02-21 16:00:00,3.75337565013561
2011-02-21 17:00:00,4.28535138440059
2011-02-21 18:00:00,4.06888749034049
2011-02-21 19:00:00,4.17013323711209
2011-02-21 20:00:00,3.97399842284008
2011-02-21 21:00:00,4.14200151264931
2011-02-21 22:00:00,4.1497989396548
2011-02-21 23:00:00,4.25104468642639
2011-02-22 06:00:00,2.67523143004752
2011-02-22 07:00:00,2.77647717681911
2011-02-22 08:00:00,2.86875084016072
2011-02-22 09:00:00,3.06093848851611
2011-02-22 10:00:00,3.16211261416839
2011-02-22 11:00:00,3.4659970331606
2011-02-22 12:00:00,3.67438497947165
2011-02-22 13:00:00,3.85417282052442
2011-02-22 14:00:00,3.96436064375801
2011-02-22 15:00:00,4.1717052757107
2011-02-22 16:00:00,4.2185379952284
2011-02-22 17:00:00,4.29532038399399
2011-02-22 18:00:00,4.4726853397308
2011-02-22 19:00:00,4.49187773548223
2011-02-22 20:00:00,4.61758684025983
2011-02-22 21:00:00,4.72777466349342
2011-02-22 22:00:00,4.7627945904201
2011-02-22 23:00:00,4.86404033719169
2011-02-23 00:00:00,2.36927639793381
2011-02-23 01:00:00,2.56430672107074
2011-02-23 02:00:00,2.59595245002315
2011-02-23 03:00:00,2.6640715617866
2011-02-23 05:00:00,2.89074761387594
2011-02-23 06:00:00,2.99199336064754
2011-02-23 07:00:00,3.04155324949193
2011-02-23 08:00:00,3.15177107969351
2011-02-23 09:00:00,3.44505505180628
2011-02-23 10:00:00,3.81299512906031
2011-02-23 11:00:00,3.93044117378757
2011-02-23 12:00:00,4.20263402024809
2011-02-23 13:00:00,4.4944548885369
2011-02-23 14:00:00,4.62711340838033
2011-02-23 15:00:00,4.82689356920811
2011-02-23 16:00:00,4.94335179109588
2011-02-23 17:00:00,5.0293850627513
2011-02-23 18:00:00,5.07309630802761
2011-02-23 19:00:00,5.04135692629614
2011-02-23 20:00:00,4.52920684837722
2011-02-23 21:00:00,4.88991871110558
2011-02-23 22:00:00,4.99116445787718
2011-02-23 23:00:00,4.92872132645352
2011-02-24 00:00:00,2.60006915070684
2011-02-24 01:00:00,2.62552997949194
2011-02-24 02:00:00,2.58167155553821
2011-02-24 03:00:00,2.65395289910481
2011-02-24 05:00:00,2.7806594746615
2011-02-24 06:00:00,2.85772066288694
2011-02-24 07:00:00,2.91349545886663
2011-02-24 08:00:00,3.13850349259894
2011-02-24 09:00:00,3.31265333558817
2011-02-24 10:00:00,3.56968919845139
2011-02-24 11:00:00,4.02618676777494
2011-02-24 12:00:00,4.30566332028001
2011-02-24 13:00:00,4.54279039623458
2011-02-24 14:00:00,4.74704159529336
2011-02-24 15:00:00,4.41725110494034
2011-02-24 16:00:00,4.32350618348259
2011-02-24 17:00:00,4.21066279776876
2011-02-24 18:00:00,4.30438204580329
2011-02-24 19:00:00,3.90841926150372
2011-02-24 20:00:00,4.42487371422467
2011-02-24 21:00:00,4.60811928611807
2011-02-24 22:00:00,4.34100488306929
2011-02-24 23:00:00,4.6883115965245
2011-02-25 00:00:00,2.02203302761764
2011-02-25 01:00:00,2.41447443526552
2011-02-25 02:00:00,2.51572018203712
2011-02-25 03:00:00,2.71204457764478
2011-02-25 05:00:00,2.91453607118797
2011-02-25 06:00:00,2.65639375156917
2011-02-25 07:00:00,2.62257620995467
2011-02-25 08:00:00,2.87229835980535
2011-02-25 09:00:00,2.91387595367975
2011-02-25 10:00:00,3.32892758573655
2011-02-25 11:00:00,4.16361357609466
2011-02-25 12:00:00,4.34076338807109
2011-02-25 13:00:00,4.44200913484269
2011-02-25 14:00:00,4.69075193068756
2011-02-25 15:00:00,5.09487917780157
2011-02-25 16:00:00,4.50737523455514
2011-02-25 17:00:00,4.65134322465765
2011-02-25 18:00:00,4.71880880456033
2011-02-25 19:00:00,4.71879296794904
2011-02-25 20:00:00,4.87265238155135
2011-02-25 21:00:00,4.92189951755132
2011-02-25 22:00:00,4.91420566998078
2011-02-25 23:00:00,5.0220006148664
2011-02-26 00:00:00,2.68899365914324
2011-02-26 01:00:00,2.77921916956981
2011-02-26 02:00:00,2.73502448901685
2011-02-26 03:00:00,2.92934578877415
2011-02-26 04:00:00,3.19455107318153
2011-02-26 05:00:00,3.19726240589694
2011-02-26 06:00:00,3.24357370786175
2011-02-26 07:00:00,3.32960697951717
2011-02-26 08:00:00,3.65712405328207
2011-02-26 09:00:00,3.78379293955168
2011-02-26 10:00:00,4.10874044284864
2011-02-26 11:00:00,4.14610966835146
2011-02-26 12:00:00,4.423209472109
2011-02-26 13:00:00,4.59678240602647
2011-02-26 14:00:00,4.76900774157483
2011-02-26 15:00:00,4.88065866863237
2011-02-26 16:00:00,4.72228117984103
2011-02-26 17:00:00,4.89346123541053
2011-02-26 18:00:00,4.89788643006225
2011-02-26 19:00:00,4.8870991495978
2011-02-26 20:00:00,4.85538977483433
2011-02-26 21:00:00,4.76260266924808
2011-02-26 22:00:00,4.70333650358469
2011-02-26 23:00:00,4.78039769181013
2011-02-27 00:00:00,2.22748419499787
2011-02-27 01:00:00,2.34422121634549
2011-02-27 02:00:00,2.46965152166324
2011-02-27 03:00:00,2.59986167163983
2011-02-27 04:00:00,2.5876667788703
2011-02-27 06:00:00,2.87671266863265
2011-02-27 07:00:00,2.89140401918509
2011-02-27 08:00:00,3.12130288061398
2011-02-27 09:00:00,3.24943487070754
2011-02-27 10:00:00,3.4640077171859
2011-02-27 11:00:00,3.97111782311031
2011-02-27 12:00:00,4.34915879663956
2011-02-27 13:00:00,4.57171590370842
2011-02-27 14:00:00,4.74222541169997
2011-02-27 15:00:00,4.94445394239459
2011-02-27 16:00:00,5.09704929049416
2011-02-27 17:00:00,4.92881352352064
2011-02-27 18:00:00,4.9879605518541
2011-02-27 19:00:00,5.07129213873371
2011-02-27 20:00:00,5.15912477081232
2011-02-27 21:00:00,5.11912232903051
2011-02-27 22:00:00,5.37113524988927
2011-02-27 23:00:00,5.36372020177858
2011-02-28 00:00:00,2.9020221307932
2011-02-28 01:00:00,2.19485188109078
2011-02-28 03:00:00,2.29056547304124
2011-02-28 05:00:00,2.96765502597113
2011-02-28 06:00:00,3.01268838506565
2011-02-28 07:00:00,3.20150380106728
2011-02-28 08:00:00,3.19201059307356
2011-02-28 09:00:00,3.6247357325498
2011-02-28 10:00:00,4.3202471959817
2011-02-28 11:00:00,4.56901152996088
2011-02-28 12:00:00,4.67025727673248
2011-02-28 13:00:00,3.6857837808345
2011-02-28 14:00:00,3.63399658780914
2011-02-28 15:00:00,3.73524233458074
2011-02-28 16:00:00,3.78721663990739
2011-02-28 17:00:00,3.89563510968579
2011-02-28 18:00:00,4.18304043126248
2011-02-28 19:00:00,4.45852848042359
2011-02-28 20:00:00,4.55977422719518
2011-02-28 21:00:00,4.87946215501842
2011-02-28 22:00:00,4.24798482160246
2011-02-28 23:00:00,4.8773681226989
2011-03-20 00:00:00,3.01270140238244
2011-03-20 01:00:00,2.99330633643473
2011-03-20 02:00:00,3.08732386868065
2011-03-20 03:00:00,3.07659207973507
2011-03-20 04:00:00,3.12679703160654
2011-03-20 05:00:00,3.15844276055895
2011-03-20 06:00:00,3.26866059076053
2011-03-20 07:00:00,3.285430101196
2011-03-20 08:00:00,3.55596457723907
2011-03-20 09:00:00,3.793342411306
2011-03-20 10:00:00,4.255922773457
2011-03-20 11:00:00,4.3107863693862
2011-03-20 12:00:00,4.43897385099863
2011-03-20 13:00:00,4.68428045413719
2011-03-20 14:00:00,4.88853165319597
2011-03-20 15:00:00,4.98634967609493
2011-03-20 16:00:00,5.1028078979827
2011-03-20 17:00:00,5.20158373675315
2011-03-20 18:00:00,5.20705224576324
2011-03-20 19:00:00,5.07148937094771
2011-03-20 20:00:00,5.12726416692741
2011-03-20 21:00:00,5.24899364405892
2011-03-20 22:00:00,5.32130499459351
2011-03-20 23:00:00,4.9219144864213
2011-03-21 00:00:00,2.59363385181781
2011-03-21 01:00:00,3.01638922666029
2011-03-21 02:00:00,3.09972081353991
2011-03-21 03:00:00,3.2009665603115
2011-03-21 05:00:00,3.07423480047257
2011-03-21 06:00:00,3.00920913149144
2011-03-21 07:00:00,2.90852326380156
2011-03-21 08:00:00,3.40706355663054
2011-03-21 09:00:00,3.65687120496808
2011-03-21 10:00:00,4.10524473862652
2011-03-21 11:00:00,4.33986539639877
2011-03-21 12:00:00,4.37910363782358
2011-03-21 13:00:00,4.81018003326963
2011-03-21 14:00:00,4.98102383223991
2011-03-21 15:00:00,5.18499623183883
2011-03-21 16:00:00,5.20142948567508
2011-03-21 17:00:00,5.29370314901669
2011-03-21 18:00:00,5.2223734326499
2011-03-21 19:00:00,5.52188892075099
2011-03-21 20:00:00,5.45294361389848
2011-03-21 21:00:00,4.88814986218086
2011-03-21 22:00:00,5.08930959396623
2011-03-21 23:00:00,5.15025598272288
2011-03-22 00:00:00,2.85293108156116
2011-03-22 01:00:00,2.66990262893706
2011-03-22 02:00:00,2.89105468049745
2011-03-22 03:00:00,3.21448358845159
2011-03-22 04:00:00,3.42411899141237
2011-03-22 05:00:00,3.39850901832934
2011-03-22 06:00:00,3.36690175090575
2011-03-22 07:00:00,3.75878525498083
2011-03-22 08:00:00,4.19107022441075
2011-03-22 09:00:00,4.34158741262728
2011-03-22 10:00:00,4.53866588867926
2011-03-22 11:00:00,4.52567333569359
2011-03-22 12:00:00,4.70723053020155
2011-03-22 13:00:00,4.91432440404187
2011-03-22 14:00:00,5.09239838315833
2011-03-22 15:00:00,5.16228684837696
2011-03-22 16:00:00,5.2277042753646
2011-03-22 17:00:00,5.32895002213619
2011-03-22 18:00:00,5.35331204504406
2011-03-22 19:00:00,5.43643448796263
2011-03-22 20:00:00,5.56903751628718
2011-03-22 21:00:00,5.60552054703781
2011-03-22 22:00:00,5.59506755755209
2011-03-22 23:00:00,5.69631330432369
2011-03-23 00:00:00,2.59543124662049
2011-03-23 01:00:00,2.53641583906946
2011-03-23 02:00:00,2.63766158584106
2011-03-23 03:00:00,3.14514395513203
2011-03-23 05:00:00,2.76569992315557
2011-03-23 06:00:00,3.28215437587652
2011-03-23 07:00:00,3.24113862670434
2011-03-23 08:00:00,3.46673170952773
2011-03-23 09:00:00,3.63445599987711
2011-03-23 10:00:00,3.78705134797668
2011-03-23 11:00:00,3.81256766828065
2011-03-23 12:00:00,3.8806867800441
2011-03-23 13:00:00,3.59985045587448
2011-03-23 14:00:00,4.17392490857759
2011-03-23 15:00:00,4.47126012945576
2011-03-23 16:00:00,4.70582529570914
2011-03-23 17:00:00,4.80707104248074
2011-03-23 18:00:00,4.38664490017516
2011-03-23 19:00:00,4.48789064694675
2011-03-23 20:00:00,4.37637980950533
2011-03-23 21:00:00,4.17130044973698
2011-03-23 22:00:00,4.78428818628427
2011-03-23 23:00:00,4.52653761478358
2011-03-24 00:00:00,2.53241839930318
2011-03-24 01:00:00,2.48546654245554
2011-03-24 02:00:00,2.59565436568913
2011-03-24 03:00:00,2.63660843467075
2011-03-24 04:00:00,2.73785418144235
2011-03-24 05:00:00,2.95417089682503
2011-03-24 06:00:00,3.05541664359662
2011-03-24 07:00:00,2.6111702406916
2011-03-24 08:00:00,2.65032494925005
2011-03-24 09:00:00,3.31705516547327
2011-03-24 10:00:00,3.3651819574617
2011-03-24 11:00:00,3.76591437874516
2011-03-24 12:00:00,4.04285902851703
2011-03-24 13:00:00,4.19722373007179
2011-03-24 14:00:00,4.27158323352142
2011-03-24 15:00:00,4.36655858163884
2011-03-24 16:00:00,4.53464716993494
2011-03-24 17:00:00,4.56010799872004
2011-03-24 18:00:00,4.77777427809231
2011-03-24 19:00:00,4.81300985219322
2011-03-24 20:00:00,4.76501468098722
2011-03-24 21:00:00,4.78771833347764
2011-03-24 22:00:00,4.87104992035726
2011-03-24 23:00:00,4.89676150725472
2011-03-25 00:00:00,2.64389424949454
2011-03-25 01:00:00,2.55740754953046
2011-03-25 02:00:00,2.63446873775589
2011-03-25 03:00:00,2.78436240107966
2011-03-25 04:00:00,2.76744571196677
2011-03-25 05:00:00,2.8445069001922
2011-03-25 06:00:00,2.92128928895779
2011-03-25 07:00:00,3.29018914770382
2011-03-25 08:00:00,3.57478180146696
2011-03-25 09:00:00,3.72596953726145
2011-03-25 10:00:00,3.86449823880727
2011-03-25 11:00:00,4.18079093393578
2011-03-25 12:00:00,4.36063426650742
2011-03-25 13:00:00,4.53181432207693
2011-03-25 14:00:00,4.8215870374507
2011-03-25 15:00:00,4.96637226028314
2011-03-25 16:00:00,5.06899757801232
2011-03-25 17:00:00,5.11574479904316
2011-03-25 18:00:00,4.97148097949076
2011-03-25 19:00:00,5.29585109446338
2011-03-25 20:00:00,5.34892420566727
2011-03-25 21:00:00,5.45914203586885
2011-03-25 22:00:00,5.49824125290842
2011-03-25 23:00:00,5.54366636012105
2011-03-26 00:00:00,3.31161670377003
2011-03-26 01:00:00,3.20655343635534
2011-03-26 02:00:00,3.15209456552218
2011-03-26 03:00:00,3.15679855963375
2011-03-26 04:00:00,3.35458605906536
2011-03-26 05:00:00,3.29866211878774
2011-03-26 06:00:00,3.29690241327215
2011-03-26 07:00:00,3.50115361233093
2011-03-26 08:00:00,3.77506032072777
2011-03-26 09:00:00,3.9638757367294
2011-03-26 10:00:00,4.11647108482897
2011-03-26 11:00:00,4.30528650083059
2011-03-26 12:00:00,4.48816580915677
2011-03-26 13:00:00,4.68595330858838
2011-03-26 14:00:00,4.89020450764716
2011-03-26 15:00:00,5.02457688942691
2011-03-26 16:00:00,5.2167645377823
2011-03-26 17:00:00,5.22734914805046
2011-03-26 18:00:00,5.56721053759911
2011-03-26 19:00:00,5.20469116015537
2011-03-26 20:00:00,5.30593690692697
2011-03-26 21:00:00,5.36232675896575
2011-03-26 22:00:00,5.56011425839736
2011-03-26 23:00:00,5.54932697793291
2011-03-27 00:00:00,3.27269495109217
2011-03-27 01:00:00,3.13167971841934
2011-03-27 02:00:00,2.79015996834165
2011-03-27 03:00:00,2.60370379184491
2011-03-27 04:00:00,2.61125046073803
2011-03-27 06:00:00,2.58050854978566
2011-03-27 07:00:00,2.6486276615491
2011-03-27 08:00:00,3.33854573778113
2011-03-27 09:00:00,3.70957924792907
2011-03-27 10:00:00,3.96401505410379
2011-03-27 11:00:00,4.23792176250062
2011-03-27 12:00:00,4.46008712145138
2011-03-27 13:00:00,4.55291268856645
2011-03-27 14:00:00,4.76619146257409
2011-03-27 15:00:00,4.86088801123165
2011-03-27 16:00:00,4.99182420030508
2011-03-27 17:00:00,5.13019233933135
2011-03-27 18:00:00,5.14111124057824
2011-03-27 19:00:00,5.28164303797442
2011-03-27 20:00:00,5.24681218896955
2011-03-27 21:00:00,5.23017429931651
2011-03-27 22:00:00,5.3314200460881
2011-03-27 23:00:00,5.39613691852979
2011-03-28 00:00:00,2.71967916748103
2011-03-28 01:00:00,2.98765173382292
2011-03-28 02:00:00,3.07995540413252
2011-03-28 03:00:00,3.18120115090412
2011-03-28 05:00:00,3.28093795027248
2011-03-28 06:00:00,3.5033840743036
2011-03-28 07:00:00,3.69048562836891
2011-03-28 08:00:00,3.77243764429094
2011-03-28 09:00:00,4.11477741067441
2011-03-28 10:00:00,4.11106122512946
2011-03-28 11:00:00,4.4499732676403
2011-03-28 12:00:00,4.62638040750562
2011-03-28 13:00:00,4.85234625710942
2011-03-28 14:00:00,4.85732335553461
2011-03-28 15:00:00,4.94616929500358
2011-03-28 16:00:00,5.08703538337849
2011-03-28 17:00:00,5.16828881037507
2011-03-28 18:00:00,5.29537748611026
2011-03-28 19:00:00,5.33666584607062
2011-03-28 20:00:00,5.51344575271634
2011-03-28 21:00:00,5.63879055954723
2011-03-28 22:00:00,5.62519061126923
2011-03-28 23:00:00,5.63403135263308
2011-03-29 00:00:00,3.16924708959106
2011-03-29 01:00:00,3.15851530064548
2011-03-29 02:00:00,3.25976104741708
2011-03-29 03:00:00,3.36100679418867
2011-03-29 04:00:00,3.24006937977772
2011-03-29 05:00:00,3.47427024808438
2011-03-29 06:00:00,3.52833118212776
2011-03-29 07:00:00,3.6053923703532
2011-03-29 08:00:00,3.83967873714673
2011-03-29 09:00:00,4.18284920676352
2011-03-29 10:00:00,4.35993536304048
2011-03-29 11:00:00,4.72606793985201
2011-03-29 12:00:00,4.67592298764366
2011-03-29 13:00:00,4.73299185609409
2011-03-29 14:00:00,4.90527071754082
2011-03-29 15:00:00,5.16652686052268
2011-03-29 16:00:00,5.29532939819419
2011-03-29 17:00:00,5.46029454662839
2011-03-29 18:00:00,5.40611644087558
2011-03-29 19:00:00,5.42389925870142
2011-03-29 20:00:00,5.60860793441877
2011-03-29 21:00:00,5.36467078232512
2011-03-29 22:00:00,5.35981764391561
2011-03-29 23:00:00,5.4553699011048
2011-03-30 00:00:00,3.13773796170315
2011-03-30 01:00:00,3.34312807924698
2011-03-30 02:00:00,3.34022945524634
2011-03-30 03:00:00,3.56273107079633
2011-03-30 04:00:00,3.54272094878953
2011-03-30 05:00:00,3.5483847243931
2011-03-30 06:00:00,3.77991391489195
2011-03-30 07:00:00,4.01732175592687
2011-03-30 08:00:00,4.03375500976311
2011-03-30 09:00:00,4.17116533291789
2011-03-30 10:00:00,4.29963161399018
2011-03-30 11:00:00,4.40981943722377
2011-03-30 12:00:00,4.52630766607952
2011-03-30 13:00:00,4.68784509064109
2011-03-30 14:00:00,4.76909851763767
2011-03-30 15:00:00,3.73150410133602
2011-03-30 16:00:00,3.77046354330097
2011-03-30 17:00:00,3.73599699224282
2011-03-30 18:00:00,4.22826688641762
2011-03-30 19:00:00,4.32951263318922
2011-03-30 20:00:00,3.92899527779229
2011-03-30 21:00:00,4.45646996685827
2011-03-30 22:00:00,4.15147909111049
2011-03-30 23:00:00,4.22826147987608
2011-03-31 00:00:00,1.92407266213541
2011-03-31 01:00:00,2.01634632547702
2011-03-31 02:00:00,2.11759207224861
2011-03-31 03:00:00,2.22780990245019
2011-03-31 04:00:00,2.33799772568378
2011-03-31 05:00:00,2.43030139599338
2011-03-31 06:00:00,2.51155482298996
2011-03-31 07:00:00,2.64173496599856
2011-03-31 08:00:00,3.03417637364645
2011-03-31 09:00:00,2.88632517797989
2011-03-31 10:00:00,2.98757092475148
2011-03-31 11:00:00,3.15537874796722
2011-03-31 12:00:00,3.25662449473882
2011-03-31 13:00:00,3.51537421953836
2011-03-31 14:00:00,3.61661996630995
2011-03-31 15:00:00,3.68266091819036
2011-03-31 16:00:00,4.21013560725634
2011-03-31 17:00:00,4.31138135402794
2011-03-31 18:00:00,4.41889749945371
2011-03-31 19:00:00,4.52014324622531
2011-03-31 20:00:00,4.05137799379541
2011-03-31 21:00:00,4.55618868527856
2011-03-31 22:00:00,4.28699612234674
2011-03-31 23:00:00,4.21318802914514
2011-04-20 00:00:00,2.79291820323105
2011-04-20 01:00:00,2.76981661395084
2011-04-20 02:00:00,2.87106236072244
2011-04-20 03:00:00,2.92303666604909
2011-04-20 04:00:00,2.92259907435172
2011-04-20 05:00:00,3.14164295906108
2011-04-20 06:00:00,3.27604534780882
2011-04-20 07:00:00,3.37039717103346
2011-04-20 08:00:00,4.45416844822098
2011-04-20 09:00:00,4.66502630253317
2011-04-20 10:00:00,4.54470394418131
2011-04-20 11:00:00,4.6459496909529
2011-04-20 12:00:00,5.28163784750193
2011-04-20 13:00:00,5.38288359427353
2011-04-20 14:00:00,5.62777040794649
2011-04-20 15:00:00,5.98450264302876
2011-04-20 16:00:00,6.08574838980035
2011-04-20 17:00:00,6.13221681137134
2011-04-20 18:00:00,6.1529659494529
2011-04-20 19:00:00,6.1504417290388
2011-04-20 20:00:00,6.16453956166646
2011-04-20 21:00:00,6.25889985372479
2011-04-20 22:00:00,6.27538859907991
2011-04-20 23:00:00,6.41420653453977
2011-04-21 00:00:00,3.79559677545481
2011-04-21 01:00:00,3.74175296068073
2011-04-21 02:00:00,3.89536358179117
2011-04-21 03:00:00,3.96678677195307
2011-04-21 04:00:00,3.97599181126363
2011-04-21 05:00:00,4.0661873147222
2011-04-21 06:00:00,4.07367849209645
2011-04-21 07:00:00,4.34792145709252
2011-04-21 08:00:00,4.37053961109607
2011-04-21 09:00:00,4.49667047095977
2011-04-21 10:00:00,4.49709103266709
2011-04-21 11:00:00,4.6638000500056
2011-04-21 12:00:00,4.81678714622327
2011-04-21 13:00:00,5.08546677032429
2011-04-21 14:00:00,5.2315684118287
2011-04-21 15:00:00,5.45991867094677
2011-04-21 16:00:00,5.57356422502099
2011-04-21 17:00:00,5.54390496879306
2011-04-21 18:00:00,5.74160696973781
2011-04-21 19:00:00,5.71290552938138
2011-04-21 20:00:00,5.6969381873063
2011-04-21 21:00:00,5.5160518549178
2011-04-21 22:00:00,5.72238317948012
2011-04-21 23:00:00,5.71021632805808
2011-04-22 00:00:00,2.95148522764444
2011-04-22 01:00:00,3.16468046878571
2011-04-22 02:00:00,3.27936933721829
2011-04-22 03:00:00,3.38061508398988
2011-04-22 04:00:00,3.43529107409235
2011-04-22 05:00:00,3.51862266097197
2011-04-22 06:00:00,3.63778256763554
2011-04-22 07:00:00,3.90770964838628
2011-04-22 08:00:00,3.99998331172789
2011-04-22 09:00:00,3.5537442474267
2011-04-22 10:00:00,4.13262402933953
2011-04-22 11:00:00,3.73356977776655
2011-04-22 12:00:00,3.66533152867318
2011-04-22 13:00:00,3.61776461576646
2011-04-22 14:00:00,3.6948258039919
2011-04-22 15:00:00,3.82025610930965
2011-04-22 16:00:00,3.90358769618926
2011-04-22 17:00:00,3.8563015483629
2011-04-22 18:00:00,3.9575472951345
2011-04-22 19:00:00,4.05879304190609
2011-04-22 20:00:00,4.25098069026148
2011-04-22 21:00:00,4.2433703755573
2011-04-22 22:00:00,4.22954515371782
2011-04-22 23:00:00,4.51242394554464
2011-04-23 00:00:00,2.55632746798575
2011-04-23 01:00:00,2.65757321475734
2011-04-23 02:00:00,2.38570897401771
2011-04-23 03:00:00,2.47354160609632
2011-04-23 04:00:00,2.63237734588207
2011-04-23 05:00:00,2.73362309265366
2011-04-23 06:00:00,3.19695859059146
2011-04-23 07:00:00,2.90090979130567
2011-04-23 08:00:00,3.42630632048862
2011-04-23 09:00:00,3.80088956317724
2011-04-23 10:00:00,4.05516824974578
2011-04-23 11:00:00,4.2408902328535
2011-04-23 12:00:00,4.43430683577349
2011-04-23 13:00:00,4.52661050608309
2011-04-23 14:00:00,4.82152284164531
2011-04-23 15:00:00,5.13410054460765
2011-04-23 16:00:00,5.20398900982628
2011-04-23 17:00:00,5.31867787825886
2011-04-23 18:00:00,5.17723438728675
2011-04-23 19:00:00,5.18720394149583
2011-04-23 20:00:00,5.33027530239195
2011-04-23 21:00:00,5.55837676901816
2011-04-23 22:00:00,5.76881286824426
2011-04-23 23:00:00,5.60715630635276
2011-04-24 00:00:00,3.16114435660742
2011-04-24 01:00:00,3.13525558406455
2011-04-24 02:00:00,3.23650133083614
2011-04-24 03:00:00,3.21547790143897
2011-04-24 04:00:00,3.31672364821057
2011-04-24 05:00:00,3.41796939498216
2011-04-24 06:00:00,3.57006833082714
2011-04-24 07:00:00,3.67131407759874
2011-04-24 08:00:00,3.80438351120989
2011-04-24 09:00:00,4.0899894723634
2011-04-24 10:00:00,4.44280257298813
2011-04-24 11:00:00,4.85869197786889
2011-04-24 12:00:00,5.03814356232243
2011-04-24 13:00:00,5.29655899614324
2011-04-24 14:00:00,5.47187579896501
2011-04-24 15:00:00,5.36013121912842
2011-04-24 16:00:00,5.82560087188196
2011-04-24 17:00:00,5.51543789994339
2011-04-24 18:00:00,5.4736576358727
2011-04-24 19:00:00,5.04306696575371
2011-04-24 20:00:00,5.14431271252531
2011-04-24 21:00:00,4.91642836516839
2011-04-24 22:00:00,4.92673221035619
2011-04-24 23:00:00,5.00559275900481
2011-04-25 00:00:00,2.51107430264251
2011-04-25 01:00:00,2.9101970227123
2011-04-25 02:00:00,3.0114427694839
2011-04-25 03:00:00,3.20108585266965
2011-04-25 04:00:00,3.31335183578628
2011-04-25 05:00:00,3.28774382832376
2011-04-25 06:00:00,3.47346581143148
2011-04-25 07:00:00,3.64397531942303
2011-04-25 08:00:00,3.84737080995019
2011-04-25 09:00:00,4.1178197875064
2011-04-25 10:00:00,4.52437536780706
2011-04-25 11:00:00,4.62562111457866
2011-04-25 12:00:00,4.76275067265308
2011-04-25 13:00:00,5.0759434316745
2011-04-25 14:00:00,5.38629351591438
2011-04-25 15:00:00,5.53301021347787
2011-04-25 16:00:00,5.58670684957453
2011-04-25 17:00:00,5.67003843645415
2011-04-25 18:00:00,5.70162867388769
2011-04-25 19:00:00,5.7515548262993
2011-04-25 20:00:00,5.77872951702071
2011-04-25 21:00:00,5.70764859314579
2011-04-25 22:00:00,5.71933200929119
2011-04-25 23:00:00,5.61374684507103
2011-04-26 00:00:00,3.59045999437229
2011-04-26 01:00:00,3.5887002888567
2011-04-26 02:00:00,3.38286684864403
2011-04-26 03:00:00,3.35278583733002
2011-04-26 04:00:00,3.56294313709626
2011-04-26 05:00:00,3.54630524744322
2011-04-26 06:00:00,3.68070763619096
2011-04-26 07:00:00,3.92250101697001
2011-04-26 08:00:00,4.02374676374161
2011-04-26 09:00:00,4.46342897905042
2011-04-26 10:00:00,4.66740137864935
2011-04-26 11:00:00,4.88062466113812
2011-04-26 12:00:00,5.09353913719903
2011-04-26 13:00:00,5.3977043212716
2011-04-26 14:00:00,5.35702286307814
2011-04-26 15:00:00,5.37936221762184
2011-04-26 16:00:00,5.53505099861532
2011-04-26 17:00:00,5.53975499272689
2011-04-26 18:00:00,5.60725904843126
2011-04-26 19:00:00,5.49380060665835
2011-04-26 20:00:00,5.57713219353796
2011-04-26 21:00:00,5.5378303063021
2011-04-26 22:00:00,5.62060998940825
2011-04-26 23:00:00,5.73082781960983
2011-04-27 00:00:00,3.23349430988401
2011-04-27 01:00:00,3.3436821331176
2011-04-27 02:00:00,3.32704424346456
2011-04-27 03:00:00,3.60594340764528
2011-04-27 04:00:00,3.38727424106397
2011-04-27 05:00:00,3.6661433982767
2011-04-27 06:00:00,3.59870781106915
2011-04-27 07:00:00,4.01092639473166
2011-04-27 08:00:00,4.12561526316424
2011-04-27 09:00:00,4.25371724628981
2011-04-27 10:00:00,4.47492478936907
2011-04-27 11:00:00,4.69405417256529
2011-04-27 12:00:00,4.68243922491672
2011-04-27 13:00:00,4.73233537036034
2011-04-27 14:00:00,5.01659176752425
2011-04-27 15:00:00,5.3590336412476
2011-04-27 16:00:00,5.35316719544773
2011-04-27 17:00:00,4.90218398860193
2011-04-27 18:00:00,5.00342973537353
2011-04-27 19:00:00,5.33533881275891
2011-04-27 20:00:00,5.33214404476685
2011-04-27 21:00:00,5.30178423399298
2011-04-27 22:00:00,5.5851544364047
2011-04-27 23:00:00,5.69534225963829
2011-04-28 00:00:00,3.43405482222158
2011-04-28 01:00:00,3.59507034997768
2011-04-28 02:00:00,3.71423025664125
2011-04-28 03:00:00,3.9154454799455
2011-04-28 04:00:00,3.90774966675445
2011-04-28 05:00:00,4.00005333706406
2011-04-28 06:00:00,4.24156791838326
2011-04-28 07:00:00,4.33834262692385
2011-04-28 08:00:00,4.48196589159344
2011-04-28 09:00:00,3.87166518231659
2011-04-28 10:00:00,4.35676235348458
2011-04-28 11:00:00,4.57617053614066
2011-04-28 12:00:00,4.7863278359069
2011-04-28 13:00:00,4.78313306791485
2011-04-28 14:00:00,4.7156974807073
2011-04-28 15:00:00,5.16468803604533
2011-04-28 16:00:00,5.02262948901414
2011-04-28 17:00:00,5.7095752451911
2011-04-28 18:00:00,5.81082099196269
2011-04-28 19:00:00,5.9547805132315
2011-04-28 20:00:00,5.82258987076974
2011-04-28 21:00:00,5.80910090552948
2011-04-28 22:00:00,5.89237700089023
2011-04-28 23:00:00,6.06217945112264
2011-04-29 00:00:00,3.74936327538491
2011-04-29 01:00:00,3.65907608476778
2011-04-29 02:00:00,3.40749092868286
2011-04-29 03:00:00,3.56489357161266
2011-04-29 04:00:00,3.80080830185564
2011-04-29 05:00:00,3.96268198301643
2011-04-29 06:00:00,4.22351833653269
2011-04-29 07:00:00,4.38572630867221
2011-04-29 08:00:00,4.60617780568665
2011-04-29 09:00:00,4.71639563588823
2011-04-29 10:00:00,4.83113999583968
2011-04-29 11:00:00,5.19821425892227
2011-04-29 12:00:00,5.07910244017477
2011-04-29 13:00:00,5.18481922517736
2011-04-29 14:00:00,5.57877973158191
2011-04-29 15:00:00,5.51052110190779
2011-04-29 16:00:00,5.55726832293864
2011-04-29 17:00:00,5.57963768445033
2011-04-29 18:00:00,5.45775906302089
2011-04-29 19:00:00,5.31711009391529
2011-04-29 20:00:00,5.53547496221301
2011-04-29 21:00:00,5.53990015686473
2011-04-29 22:00:00,5.44162870565711
2011-04-29 23:00:00,5.79217604057206
2011-04-30 00:00:00,3.60936781869799
2011-04-30 01:00:00,3.68375732911562
2011-04-30 02:00:00,3.80291723577919
2011-04-30 03:00:00,3.85281338122281
2011-04-30 04:00:00,3.96303121142439
2011-04-30 05:00:00,3.94486706566178
2011-04-30 06:00:00,3.91202887805308
2011-04-30 07:00:00,4.10525984076683
2011-04-30 08:00:00,4.17961934421646
2011-04-30 09:00:00,4.42872643800806
2011-04-30 10:00:00,4.72951938972686
2011-04-30 11:00:00,4.8942057387012
2011-04-30 12:00:00,5.04680108680077
2011-04-30 13:00:00,5.20900905894029
2011-04-30 14:00:00,5.28786960758891
2011-04-30 15:00:00,5.43464179667127
2011-04-30 16:00:00,5.59617922123283
2011-04-30 17:00:00,5.54619138863067
2011-04-30 18:00:00,5.60533841696413
2011-04-30 19:00:00,5.70658416373572
2011-04-30 20:00:00,5.30851723158839
2011-04-30 21:00:00,5.40976297835998
2011-04-30 22:00:00,5.42628173068309
2011-04-30 23:00:00,5.52752747745468
2011-05-20 00:00:00,2.7306619053924
2011-05-20 01:00:00,2.71407950725823
2011-05-20 02:00:00,2.80011277891366
2011-05-20 03:00:00,2.87447228236329
2011-05-20 04:00:00,3.09354617404064
2011-05-20 05:00:00,3.19926295904324
2011-05-20 06:00:00,3.43354932583676
2011-05-20 07:00:00,3.80391228840675
2011-05-20 08:00:00,4.07705448190508
2011-05-20 09:00:00,4.24548583001359
2011-05-20 10:00:00,4.44048614618253
2011-05-20 11:00:00,4.81341867922046
2011-05-20 12:00:00,5.20425771138361
2011-05-20 13:00:00,4.91718099552781
2011-05-20 14:00:00,5.27459674527756
2011-05-20 15:00:00,5.49008079180642
2011-05-20 16:00:00,5.62785541290792
2011-05-20 17:00:00,5.51114838425543
2011-05-20 18:00:00,5.61619462168007
2011-05-20 19:00:00,5.36274811043991
2011-05-20 20:00:00,5.4684648954425
2011-05-20 21:00:00,5.5273331243161
2011-05-20 22:00:00,5.41871001872091
2011-05-20 23:00:00,5.54200667263675
2011-05-21 00:00:00,3.21625793840726
2011-05-21 01:00:00,3.36193132161239
2011-05-21 02:00:00,3.49453434993695
2011-05-21 03:00:00,3.35973402439943
2011-05-21 04:00:00,3.33660242815123
2011-05-21 05:00:00,3.42890609846083
2011-05-21 06:00:00,3.71451205961434
2011-05-21 07:00:00,4.0369256945576
2011-05-21 08:00:00,4.30085548096777
2011-05-21 09:00:00,4.65614499280683
2011-05-21 10:00:00,4.76703337058636
2011-05-21 11:00:00,5.04057578103648
2011-05-21 12:00:00,5.14699312058502
2011-05-21 13:00:00,5.3664013032411
2011-05-21 14:00:00,5.55521671924272
2011-05-21 15:00:00,5.68711919302133
2011-05-21 16:00:00,6.04798817535587
2011-05-21 17:00:00,6.07690673498159
2011-05-21 18:00:00,6.09058281252316
2011-05-21 19:00:00,5.99283325812101
2011-05-21 20:00:00,5.74813355674935
2011-05-21 21:00:00,5.8807365850739
2011-05-21 22:00:00,5.82729102163111
2011-05-21 23:00:00,5.65213584655976
2011-05-22 00:00:00,3.10982279662694
2011-05-22 01:00:00,3.06877704048676
2011-05-22 02:00:00,3.16108071079636
2011-05-22 03:00:00,3.12900703808617
2011-05-22 04:00:00,3.19889550330481
2011-05-22 05:00:00,3.33149853162936
2011-05-22 06:00:00,3.56606369788274
2011-05-22 07:00:00,3.80062886413612
2011-05-22 08:00:00,4.33580951774659
2011-05-22 09:00:00,4.54453175503637
2011-05-22 10:00:00,4.71534751265916
2011-05-22 11:00:00,5.12780919366728
2011-05-22 12:00:00,5.48558474310791
2011-05-22 13:00:00,5.42347786828348
2011-05-22 14:00:00,4.84900351317008
2011-05-22 15:00:00,5.50195631675359
2011-05-22 16:00:00,5.46792616401405
2011-05-22 17:00:00,5.69256989979963
2011-05-22 18:00:00,5.65492638298121
2011-05-22 19:00:00,5.74720004632282
2011-05-22 20:00:00,5.73677706380509
2011-05-22 21:00:00,5.68333150036229
2011-05-22 22:00:00,5.53061701493279
2011-05-22 23:00:00,5.7584453772454
2011-05-23 00:00:00,3.21502824621857
2011-05-23 01:00:00,3.13865058254903
2011-05-23 02:00:00,3.02919727713436
2011-05-23 03:00:00,2.99740240388402
2011-05-23 04:00:00,3.44667125526806
2011-05-23 05:00:00,3.54791700203966
2011-05-23 06:00:00,3.55822084722746
2011-05-23 07:00:00,3.82386449557394
2011-05-23 08:00:00,3.91660456420215
2011-05-23 09:00:00,4.02682239440373
2011-05-23 10:00:00,4.57370230077087
2011-05-23 11:00:00,4.81999672674892
2011-05-23 12:00:00,4.92124247352051
2011-05-23 13:00:00,5.4934134050778
2011-05-23 14:00:00,5.56538849901316
2011-05-23 15:00:00,5.64424904766178
2011-05-23 16:00:00,5.70069439121943
2011-05-23 17:00:00,5.31027596647721
2011-05-23 18:00:00,5.50605099094675
2011-05-23 19:00:00,5.58938257782637
2011-05-23 20:00:00,5.30078676321389
2011-05-23 21:00:00,5.31109060840169
2011-05-23 22:00:00,5.25207520085067
2011-05-23 23:00:00,5.64607081819335
2011-05-24 00:00:00,3.09990178608862
2011-05-24 01:00:00,3.19220545639822
2011-05-24 02:00:00,3.30239327963181
2011-05-24 03:00:00,3.46125902638555
2011-05-24 04:00:00,3.4847653407618
2011-05-24 05:00:00,3.70852091617469
2011-05-24 06:00:00,3.79185250305431
2011-05-24 07:00:00,3.86489039609957
2011-05-24 08:00:00,3.85722458987652
2011-05-24 09:00:00,4.58283887158463
2011-05-24 10:00:00,4.86419140730187
2011-05-24 11:00:00,5.12802722639149
2011-05-24 12:00:00,5.41158503462996
2011-05-24 13:00:00,5.49972195071929
2011-05-24 14:00:00,5.60993978092087
2011-05-24 15:00:00,5.3440813033555
2011-05-24 16:00:00,5.22560441783398
2011-05-24 17:00:00,5.50572603336612
2011-05-24 18:00:00,5.49741516411599
2011-05-24 19:00:00,5.45355674016226
2011-05-24 20:00:00,5.52347521234889
2011-05-24 21:00:00,5.47961678839517
2011-05-24 22:00:00,5.15650260879436
2011-05-24 23:00:00,5.62098443870841
2011-05-25 00:00:00,3.00488109780577
2011-05-25 01:00:00,3.05505604270924
2011-05-25 02:00:00,3.28627848016301
2011-05-25 03:00:00,3.12610163094848
2011-05-25 04:00:00,3.21840530125808
2011-05-25 05:00:00,3.53916253140441
2011-05-25 06:00:00,3.54946637659221
2011-05-25 07:00:00,4.15137436627233
2011-05-25 08:00:00,4.38251180865307
2011-05-25 09:00:00,4.58856236813503
2011-05-25 10:00:00,4.79253476773396
2011-05-25 11:00:00,5.08772786837654
2011-05-25 12:00:00,5.18385751389006
2011-05-25 13:00:00,5.28510326066165
2011-05-25 14:00:00,5.39532109086323
2011-05-25 15:00:00,5.61127154267869
2011-05-25 16:00:00,5.65217012014144
2011-05-25 17:00:00,5.73550170702106
2011-05-25 18:00:00,5.73064856861156
2011-05-25 19:00:00,5.7171596033713
2011-05-25 20:00:00,5.82737743357288
2011-05-25 21:00:00,5.71391899179997
2011-05-25 22:00:00,5.85099305835552
2011-05-25 23:00:00,5.81368383251583
2011-05-26 00:00:00,3.48503165676915
2011-05-26 01:00:00,3.58627740354075
2011-05-26 02:00:00,3.44253500154123
2011-05-26 03:00:00,3.37904855575921
2011-05-26 04:00:00,3.45340805920884
2011-05-26 05:00:00,3.75022138328154
2011-05-26 06:00:00,3.54272957265143
2011-05-26 07:00:00,3.91101240971788
2011-05-26 08:00:00,4.32108121237805
2011-05-26 09:00:00,4.66173760304577
2011-05-26 10:00:00,4.69608501677399
2011-05-26 11:00:00,4.98514870876813
2011-05-26 12:00:00,5.35042557704804
2011-05-26 13:00:00,5.62880332367587
2011-05-26 14:00:00,5.73004907044746
2011-05-26 15:00:00,6.04881933434386
2011-05-26 16:00:00,6.08460181054855
2011-05-26 17:00:00,5.99815325757178
2011-05-26 18:00:00,6.11284212600436
2011-05-26 19:00:00,6.12961163643983
2011-05-26 20:00:00,5.91522590226277
2011-05-26 21:00:00,5.97555723496033
2011-05-26 22:00:00,5.96026890929689
2011-05-26 23:00:00,6.07942881596046
2011-05-27 00:00:00,3.66596414727843
2011-05-27 01:00:00,3.98947855371943
2011-05-27 02:00:00,3.98076943313802
2011-05-27 03:00:00,3.93871036960748
2011-05-27 04:00:00,3.95064257824473
2011-05-27 05:00:00,4.15731666261946
2011-05-27 06:00:00,4.13972095709493
2011-05-27 07:00:00,4.2027239676003
2011-05-27 08:00:00,4.36673976899669
2011-05-27 09:00:00,4.6888746044801
2011-05-27 10:00:00,5.03058197027294
2011-05-27 11:00:00,5.30953662597253
2011-05-27 12:00:00,5.44418780721213
2011-05-27 13:00:00,5.25754646976173
2011-05-27 14:00:00,5.46455484511519
2011-05-27 15:00:00,5.70781329533871
2011-05-27 16:00:00,5.87605703762048
2011-05-27 17:00:00,5.72077298172304
2011-05-27 18:00:00,5.90318588476262
2011-05-27 19:00:00,5.05565479881255
2011-05-27 20:00:00,5.66313665160417
2011-05-27 21:00:00,5.32382667230354
2011-05-27 22:00:00,5.55217693142161
2011-05-27 23:00:00,5.41737660588409
2011-05-28 00:00:00,3.18532694953308
2011-05-28 01:00:00,3.30448685619665
2011-05-28 02:00:00,3.27241318348646
2011-05-28 03:00:00,3.47357291527184
2011-05-28 04:00:00,3.58376073850542
2011-05-28 05:00:00,3.67606440881502
2011-05-28 06:00:00,3.9044146679331
2011-05-28 07:00:00,4.04775913314283
2011-05-28 08:00:00,4.29135187434506
2011-05-28 09:00:00,4.52867421689312
2011-05-28 10:00:00,4.86880871075538
2011-05-28 11:00:00,4.97005445752697
2011-05-28 12:00:00,5.22871868383965
2011-05-28 13:00:00,5.30249313819819
2011-05-28 14:00:00,5.46436681935898
2011-05-28 15:00:00,5.61108351692247
2011-05-28 16:00:00,5.77262094148403
2011-05-28 17:00:00,5.83596020858864
2011-05-28 18:00:00,5.81766394851815
2011-05-28 19:00:00,5.77104834826975
2011-05-28 20:00:00,5.88126617847133
2011-05-28 21:00:00,5.78400803465408
2011-05-28 22:00:00,5.76014193047537
2011-05-28 23:00:00,5.69215443949435
2011-05-29 00:00:00,3.37247434717766
2011-05-29 01:00:00,3.33764349817279
2011-05-29 02:00:00,3.42097508505241
2011-05-29 03:00:00,3.522220831824
2011-05-29 04:00:00,3.57689682192647
2011-05-29 05:00:00,3.52510962890111
2011-05-29 06:00:00,4.0214956424719
2011-05-29 07:00:00,4.14065554913548
2011-05-29 08:00:00,4.23295921944508
2011-05-29 09:00:00,4.21010642265674
2011-05-29 10:00:00,4.63808938520888
2011-05-29 11:00:00,4.75724929187245
2011-05-29 12:00:00,5.14594620380001
2011-05-29 13:00:00,5.19915142931177
2011-05-29 14:00:00,5.34277469398135
2011-05-29 15:00:00,5.44849147898395
2011-05-29 16:00:00,5.54526618752454
2011-05-29 17:00:00,5.64651193429614
2011-05-29 18:00:00,5.68712974667854
2011-05-29 19:00:00,5.77940341002015
2011-05-29 20:00:00,5.70247384257714
2011-05-29 21:00:00,5.64967334216142
2011-05-29 22:00:00,5.52415134968512
2011-05-29 23:00:00,5.6343691798867
2011-05-30 00:00:00,3.06678748396731
2011-05-30 01:00:00,3.15011907084693
2011-05-30 02:00:00,3.2692789775105
2011-05-30 03:00:00,3.3705247242821
2011-05-30 04:00:00,3.42072967615357
2011-05-30 05:00:00,3.67274259701233
2011-05-30 06:00:00,3.81161602399106
2011-05-30 07:00:00,3.88597552744069
2011-05-30 08:00:00,4.17883971008787
2011-05-30 09:00:00,4.63009406551517
2011-05-30 10:00:00,5.23751640778465
2011-05-30 11:00:00,5.35020414598737
2011-05-30 12:00:00,5.64306832863454
2011-05-30 13:00:00,5.74321526952891
2011-05-30 14:00:00,5.93545840940317
2011-05-30 15:00:00,6.11283183397367
2011-05-30 16:00:00,6.21126491293172
2011-05-30 17:00:00,6.23396856542213
2011-05-30 18:00:00,6.31730015230175
2011-05-30 19:00:00,5.66055054305631
2011-05-30 20:00:00,6.00152149267567
2011-05-30 21:00:00,5.9190840758565
2011-05-30 22:00:00,5.96867397166888
2011-05-30 23:00:00,5.81595948623938
2011-05-31 00:00:00,3.54962911316461
2011-05-31 01:00:00,3.41482878762709
2011-05-31 02:00:00,3.49553031085021
2011-05-31 03:00:00,3.47200046327073
2011-05-31 04:00:00,3.72503169318955
2011-05-31 05:00:00,3.82627743996114
2011-05-31 06:00:00,4.07262735745806
2011-05-31 07:00:00,4.54433740189779
2011-05-31 08:00:00,4.88719906508673
2011-05-31 09:00:00,5.09145026414551
2011-05-31 10:00:00,5.26201526365593
2011-05-31 11:00:00,5.5014732232264
2011-05-31 12:00:00,5.64301832801295
2011-05-31 13:00:00,5.95896826332905
2011-05-31 14:00:00,5.99915781741217
2011-05-31 15:00:00,6.1496750056287
2011-05-31 16:00:00,6.25373342021385
2011-05-31 17:00:00,6.08519140360909
2011-05-31 18:00:00,6.1774650669507
2011-05-31 19:00:00,5.94648925232038
2011-05-31 20:00:00,6.04773499909198
2011-05-31 21:00:00,6.04625409303624
2011-05-31 22:00:00,6.02030982897449
2011-05-31 23:00:00,5.96275752524742
2011-06-20 00:00:00,3.34243390422614
2011-06-20 01:00:00,3.24587631495484
2011-06-20 02:00:00,3.34712206172644
2011-06-20 03:00:00,3.19286835309783
2011-06-20 04:00:00,3.31616500701367
2011-06-20 05:00:00,3.52660110623977
2011-06-20 06:00:00,3.70363177099786
2011-06-20 07:00:00,3.54436808745433
2011-06-20 08:00:00,3.72139875221242
2011-06-20 09:00:00,4.44049187715398
2011-06-20 10:00:00,4.54173762392558
2011-06-20 11:00:00,4.59821297445122
2011-06-20 12:00:00,4.92034780993464
2011-06-20 13:00:00,4.91354015711628
2011-06-20 14:00:00,5.11751255671521
2011-06-20 15:00:00,5.2277003799488
2011-06-20 16:00:00,5.4678653972784
2011-06-20 17:00:00,5.58046763699425
2011-06-20 18:00:00,5.65174217638366
2011-06-20 19:00:00,5.59894167596794
2011-06-20 20:00:00,5.63955948835034
2011-06-20 21:00:00,5.62016442240263
2011-06-20 22:00:00,5.90800566304535
2011-06-20 23:00:00,5.7313497164153
2011-06-21 00:00:00,3.26634493524316
2011-06-21 01:00:00,3.13897746993652
2011-06-21 02:00:00,3.12233958028348
2011-06-21 03:00:00,3.22358532705507
2011-06-21 04:00:00,3.54395030566945
2011-06-21 05:00:00,3.65413812890304
2011-06-21 06:00:00,3.75538387567464
2011-06-21 07:00:00,3.64091212651136
2011-06-21 08:00:00,3.99103201119397
2011-06-21 09:00:00,4.13704815421151
2011-06-21 10:00:00,4.33854217697561
2011-06-21 11:00:00,4.3466407496422
2011-06-21 12:00:00,4.75325182146173
2011-06-21 13:00:00,5.06022967334785
2011-06-21 14:00:00,5.28211623283875
2011-06-21 15:00:00,5.52225124320036
2011-06-21 16:00:00,5.69903114984609
2011-06-21 17:00:00,5.65207929299845
2011-06-21 18:00:00,5.78584427948587
2011-06-21 19:00:00,5.77514249750828
2011-06-21 20:00:00,5.49762291417355
2011-06-21 21:00:00,5.7578818552042
2011-06-21 22:00:00,5.67201021129921
2011-06-21 23:00:00,5.8490408760573
2011-06-22 00:00:00,3.31766452960314
2011-06-22 01:00:00,3.40099611648276
2011-06-22 02:00:00,3.4619425052394
2011-06-22 03:00:00,3.60348761002595
2011-06-22 04:00:00,3.50417284445997
2011-06-22 05:00:00,3.51447668964777
2011-06-22 06:00:00,3.79114057433928
2011-06-22 07:00:00,4.12196672817232
2011-06-22 08:00:00,4.4148309108195
2011-06-22 09:00:00,4.45820589949658
2011-06-22 10:00:00,4.72272073499784
2011-06-22 11:00:00,4.79711024541546
2011-06-22 12:00:00,5.46272949673885
2011-06-22 13:00:00,5.66076578866233
2011-06-22 14:00:00,5.78923403535512
2011-06-22 15:00:00,5.87222936563551
2011-06-22 16:00:00,5.98354600171432
2011-06-22 17:00:00,6.03675888799283
2011-06-22 18:00:00,6.07914605383042
2011-06-22 19:00:00,6.20201444944698
2011-06-22 20:00:00,5.68082066697876
2011-06-22 21:00:00,5.71525357919385
2011-06-22 22:00:00,5.95202401796845
2011-06-22 23:00:00,6.06224184817003
2011-06-23 00:00:00,3.5649083384442
2011-06-23 01:00:00,3.74193900320229
2011-06-23 02:00:00,3.84318474997389
2011-06-23 03:00:00,4.09519767083265
2011-06-23 04:00:00,4.02721017985164
2011-06-23 05:00:00,4.12900783039669
2011-06-23 06:00:00,4.23025357716829
2011-06-23 07:00:00,4.49120857448904
2011-06-23 08:00:00,4.67099641554181
2011-06-23 09:00:00,4.75432800242143
2011-06-23 10:00:00,5.00067791991835
2011-06-23 11:00:00,4.74045744041651
2011-06-23 12:00:00,5.24796981667548
2011-06-23 13:00:00,5.36746597993828
2011-06-23 14:00:00,5.45493234844967
2011-06-23 15:00:00,5.7018137891393
2011-06-23 16:00:00,5.59119802214794
2011-06-23 17:00:00,5.58910206003312
2011-06-23 18:00:00,5.53958063271754
2011-06-23 19:00:00,5.62291221959716
2011-06-23 20:00:00,5.58113195552647
2011-06-23 21:00:00,5.67340561886808
2011-06-23 22:00:00,5.95230478304881
2011-06-23 23:00:00,5.90278335573323
2011-06-24 00:00:00,3.38698378234197
2011-06-24 01:00:00,3.38345472337119
2011-06-24 02:00:00,3.48470047014278
2011-06-24 03:00:00,3.53667477546944
2011-06-24 04:00:00,3.61553532411806
2011-06-24 05:00:00,3.54136293296973
2011-06-24 06:00:00,3.83143993235424
2011-06-24 07:00:00,4.12825325642694
2011-06-24 08:00:00,4.36618299426733
2011-06-24 09:00:00,4.66452501932269
2011-06-24 10:00:00,5.22540761189103
2011-06-24 11:00:00,5.37350388041211
2011-06-24 12:00:00,5.41583555473083
2011-06-24 13:00:00,5.57495205959694
2011-06-24 14:00:00,5.54591436264128
2011-06-24 15:00:00,5.89940647967766
2011-06-24 16:00:00,5.94027505017242
2011-06-24 17:00:00,5.84714518477375
2011-06-24 18:00:00,5.96183405320633
2011-06-24 19:00:00,5.95284613316506
2011-06-24 20:00:00,5.96039280205818
2011-06-24 21:00:00,6.00719551460789
2011-06-24 22:00:00,6.06814190336453
2011-06-24 23:00:00,6.12211733892105
2011-06-25 00:00:00,3.95966770038922
2011-06-25 01:00:00,3.97306497847092
2011-06-25 02:00:00,4.25193413568366
2011-06-25 03:00:00,4.07839966329501
2011-06-25 04:00:00,4.17964541006661
2011-06-25 05:00:00,4.16025034411889
2011-06-25 06:00:00,4.39110898703978
2011-06-25 07:00:00,4.51026889370335
2011-06-25 08:00:00,4.82343164575678
2011-06-25 09:00:00,4.97014834332027
2011-06-25 10:00:00,5.05347993019989
2011-06-25 11:00:00,5.18436062775444
2011-06-25 12:00:00,5.35864258505154
2011-06-25 13:00:00,5.45988833182314
2011-06-25 14:00:00,5.53219771673722
2011-06-25 15:00:00,5.54387266404892
2011-06-25 16:00:00,5.80710189591314
2011-06-25 17:00:00,5.85902070972093
2011-06-25 18:00:00,5.88136006426463
2011-06-25 19:00:00,5.9884844615723
2011-06-25 20:00:00,6.02046644712394
2011-06-25 21:00:00,6.02520044820351
2011-06-25 22:00:00,6.19601620582629
2011-06-25 23:00:00,6.40945209944011
2011-06-26 00:00:00,3.77707683946249
2011-06-26 01:00:00,3.90967986778705
2011-06-26 02:00:00,3.95029768016944
2011-06-26 03:00:00,3.90334582332181
2011-06-26 04:00:00,4.00012053186241
2011-06-26 05:00:00,4.07448003531204
2011-06-26 06:00:00,4.17572578208363
2011-06-26 07:00:00,4.32244247964713
2011-06-26 08:00:00,4.52400046276379
2011-06-26 09:00:00,4.70001782013151
2011-06-26 10:00:00,5.02353026095201
2011-06-26 11:00:00,5.13681151707951
2011-06-26 12:00:00,5.32281426526758
2011-06-26 13:00:00,5.37478857059424
2011-06-26 14:00:00,5.51633367538079
2011-06-26 15:00:00,5.57728006413743
2011-06-26 16:00:00,5.74880287951935
2011-06-26 17:00:00,5.9674103659101
2011-06-26 18:00:00,6.05004139824377
2011-06-26 19:00:00,6.1123653923375
2011-06-26 20:00:00,6.16229154474911
2011-06-26 21:00:00,6.17259538993691
2011-06-26 22:00:00,6.1192734719683
2011-06-26 23:00:00,6.20193451126996
2011-06-27 00:00:00,3.19172247883336
2011-06-27 01:00:00,3.52729993256391
2011-06-27 02:00:00,3.23125113327813
2011-06-27 03:00:00,3.33249688004972
2011-06-27 04:00:00,3.67974810198606
2011-06-27 05:00:00,3.82337136665565
2011-06-27 06:00:00,4.04250074985187
2011-06-27 07:00:00,4.27982309239994
2011-06-27 08:00:00,4.23035715660323
2011-06-27 09:00:00,4.87206414562714
2011-06-27 10:00:00,5.01360925041369
2011-06-27 11:00:00,4.97155018688314
2011-06-27 12:00:00,5.17580138594193
2011-06-27 13:00:00,5.28360479966124
2011-06-27 14:00:00,5.34455118841788
2011-06-27 15:00:00,5.50648036109755
2011-06-27 16:00:00,5.47040205544296
2011-06-27 17:00:00,5.58058987867654
2011-06-27 18:00:00,5.66006548338425
2011-06-27 19:00:00,5.69489664693062
2011-06-27 20:00:00,5.63933897022022
2011-06-27 21:00:00,5.70922743543885
2011-06-27 22:00:00,5.70774652938311
2011-06-27 23:00:00,5.80899227615471
2011-06-28 00:00:00,3.46843170369031
2011-06-28 01:00:00,3.46342341129514
2011-06-28 02:00:00,3.73335049204588
2011-06-28 03:00:00,3.83459623881747
2011-06-28 04:00:00,3.76716065160992
2011-06-28 05:00:00,3.76567974555419
2011-06-28 06:00:00,3.84041201578422
2011-06-28 07:00:00,4.03507607535393
2011-06-28 08:00:00,4.27248391638886
2011-06-28 09:00:00,4.54534731042733
2011-06-28 10:00:00,5.14073610896141
2011-06-28 11:00:00,5.28055888297795
2011-06-28 12:00:00,5.4759319659273
2011-06-28 13:00:00,5.51336434371574
2011-06-28 14:00:00,5.76627192816038
2011-06-28 15:00:00,5.84580302438695
2011-06-28 16:00:00,5.98330534924178
2011-06-28 17:00:00,5.67742631312131
2011-06-28 18:00:00,5.71382384538508
2011-06-28 19:00:00,6.00483463829686
2011-06-28 20:00:00,5.73792887579528
2011-06-28 21:00:00,5.90602396730456
2011-06-28 22:00:00,5.82425906368384
2011-06-28 23:00:00,5.92103377222444
2011-06-29 00:00:00,3.58255135964308
2011-06-29 01:00:00,3.51958681066652
2011-06-29 02:00:00,3.45334318858982
2011-06-29 03:00:00,3.68744194955661
2011-06-29 04:00:00,3.62000636234905
2011-06-29 05:00:00,3.6636321091385
2011-06-29 06:00:00,4.1350078625995
2011-06-29 07:00:00,4.52569940154373
2011-06-29 08:00:00,4.7358012097911
2011-06-29 09:00:00,4.91387518890756
2011-06-29 10:00:00,5.07161212281608
2011-06-29 11:00:00,5.26104259487679
2011-06-29 12:00:00,5.37123041811038
2011-06-29 13:00:00,5.63999554069826
2011-06-29 14:00:00,5.70091192248691
2011-06-29 15:00:00,5.85047129483195
2011-06-29 16:00:00,6.02784471940245
2011-06-29 17:00:00,6.18971840056324
2011-06-29 18:00:00,6.16756615832085
2011-06-29 19:00:00,6.12028001049449
2011-06-29 20:00:00,6.12194802885153
2011-06-29 21:00:00,6.17049461030555
2011-06-29 22:00:00,6.17519860441713
2011-06-29 23:00:00,6.20065943320223
2011-06-30 00:00:00,3.77521671230367
2011-06-30 01:00:00,3.82201942485338
2011-06-30 02:00:00,3.86263723723577
2011-06-30 03:00:00,3.88528539820732
2011-06-30 04:00:00,3.74797865448748
2011-06-30 05:00:00,3.88505272104304
2011-06-30 06:00:00,4.15525094048688
2011-06-30 07:00:00,4.29302556158838
2011-06-30 08:00:00,4.69094531505829
2011-06-30 09:00:00,4.86797597981638
2011-06-30 10:00:00,5.00234836159613
2011-06-30 11:00:00,5.16146486646224
2011-06-30 12:00:00,5.34437418175641
2011-06-30 13:00:00,5.48487597218459
2011-06-30 14:00:00,5.65853440458892
2011-06-30 15:00:00,5.82653749439815
2011-06-30 16:00:00,5.96127417412462
2011-06-30 17:00:00,6.07217102073784
2011-06-30 18:00:00,6.06964680032374
2011-06-30 19:00:00,6.04997293491617
2011-06-30 20:00:00,6.15121868168777
2011-06-30 21:00:00,6.16498025771619
2011-06-30 22:00:00,6.16625652795513
2011-06-30 23:00:00,6.05459744660541
2011-07-20 00:00:00,3.36881886433763
2011-07-20 01:00:00,3.43870732955626
2011-07-20 02:00:00,3.53995307632785
2011-07-20 03:00:00,3.67255610465241
2011-07-20 04:00:00,3.67312531713222
2011-07-20 05:00:00,3.80572834545677
2011-07-20 06:00:00,3.98471352462372
2011-07-20 07:00:00,4.24622042571793
2011-07-20 08:00:00,4.42557234770467
2011-07-20 09:00:00,4.5722335537493
2011-07-20 10:00:00,4.73106929353505
2011-07-20 11:00:00,5.13425264148195
2011-07-20 12:00:00,5.31133879775892
2011-07-20 13:00:00,5.55864653112733
2011-07-20 14:00:00,5.75643403055894
2011-07-20 15:00:00,5.84313784979232
2011-07-20 16:00:00,5.80417025353518
2011-07-20 17:00:00,5.96025728585995
2011-07-20 18:00:00,6.07047511606153
2011-07-20 19:00:00,6.07492835206074
2011-07-20 20:00:00,6.03045487204793
2011-07-20 21:00:00,6.16572307496711
2011-07-20 22:00:00,6.13977881090537
2011-07-20 23:00:00,6.08970547981633
2011-07-21 00:00:00,3.91182047815682
2011-07-21 01:00:00,3.84352673754457
2011-07-21 02:00:00,3.94477248431617
2011-07-21 03:00:00,4.0525393878543
2011-07-21 04:00:00,4.06905814017741
2011-07-21 05:00:00,4.170303886949
2011-07-21 06:00:00,4.2715496337206
2011-07-21 07:00:00,4.42411497485218
2011-07-21 08:00:00,4.69459395937638
2011-07-21 09:00:00,5.05227634956339
2011-07-21 10:00:00,5.33178290903645
2011-07-21 11:00:00,5.66114595904553
2011-07-21 12:00:00,5.70878134044907
2011-07-21 13:00:00,5.80105500379067
2011-07-21 14:00:00,6.01115681203804
2011-07-21 15:00:00,6.1200505628009
2011-07-21 16:00:00,6.30605331098898
2011-07-21 17:00:00,6.41514232834534
2011-07-21 18:00:00,6.39375460100145
2011-07-21 19:00:00,6.32180786295508
2011-07-21 20:00:00,6.26003527910937
2011-07-21 21:00:00,6.30065309149177
2011-07-21 22:00:00,6.36013637642446
2011-07-21 23:00:00,6.3348071684218
2011-07-22 00:00:00,4.16053749646166
2011-07-22 01:00:00,4.09490893044404
2011-07-22 02:00:00,4.03604101611194
2011-07-22 03:00:00,4.1468739023726
2011-07-22 04:00:00,4.12126589491008
2011-07-22 05:00:00,4.07740747095635
2011-07-22 06:00:00,4.31928635022228
2011-07-22 07:00:00,4.89904979425195
2011-07-22 08:00:00,5.19053440594154
2011-07-22 09:00:00,5.22728857538527
2011-07-22 10:00:00,5.56458039446598
2011-07-22 11:00:00,5.63129189392435
2011-07-22 12:00:00,5.94971824045477
2011-07-22 13:00:00,6.08996927277059
2011-07-22 14:00:00,6.31936284624703
2011-07-22 15:00:00,6.33276012432873
2011-07-22 16:00:00,5.96489528050906
2011-07-22 17:00:00,6.15766237057156
2011-07-22 18:00:00,6.343915876872
2011-07-22 19:00:00,6.45082462700544
2011-07-22 20:00:00,6.20915324062156
2011-07-22 21:00:00,6.24943676202523
2011-07-22 22:00:00,6.62883496031083
2011-07-22 23:00:00,6.38052887732606
2011-07-23 00:00:00,4.1963645882492
2011-07-23 01:00:00,4.34721803306497
2011-07-23 02:00:00,4.4171064982836
2011-07-23 03:00:00,4.29094199957684
2011-07-23 04:00:00,4.3121825482433
2011-07-23 05:00:00,4.4406207879681
2011-07-23 06:00:00,4.77791260704881
2011-07-23 07:00:00,4.87021627735841
2011-07-23 08:00:00,5.18855712540197
2011-07-23 09:00:00,5.26294663581959
2011-07-23 10:00:00,5.50336241126156
2011-07-23 11:00:00,5.74074024532849
2011-07-23 12:00:00,5.94170471052037
2011-07-23 13:00:00,6.08808515148464
2011-07-23 14:00:00,6.12153024086023
2011-07-23 15:00:00,6.24130520358289
2011-07-23 16:00:00,6.38285030836944
2011-07-23 17:00:00,6.48409605514103
2011-07-23 18:00:00,6.58191407803999
2011-07-23 19:00:00,6.32564223654984
2011-07-23 20:00:00,6.28509289266426
2011-07-23 21:00:00,6.38633863943585
2011-07-23 22:00:00,6.39413606644133
2011-07-23 23:00:00,6.46852557685896
2011-07-24 00:00:00,4.13987340111228
2011-07-24 01:00:00,4.09292154426464
2011-07-24 02:00:00,4.31964343993326
2011-07-24 03:00:00,4.42088918670486
2011-07-24 04:00:00,4.39665878457943
2011-07-24 05:00:00,4.49343349312003
2011-07-24 06:00:00,4.89330776099879
2011-07-24 07:00:00,4.85753570497543
2011-07-24 08:00:00,5.09143032365086
2011-07-24 09:00:00,5.22403335197541
2011-07-24 10:00:00,5.48278307677495
2011-07-24 11:00:00,5.47376514976569
2011-07-24 12:00:00,5.83836300163396
2011-07-24 13:00:00,5.75825646843068
2011-07-24 14:00:00,5.87432294220035
2011-07-24 15:00:00,6.17232871065648
2011-07-24 16:00:00,6.27357445742807
2011-07-24 17:00:00,6.33314324084762
2011-07-24 18:00:00,6.36473347828117
2011-07-24 19:00:00,6.34781678916827
2011-07-24 20:00:00,6.37664985030714
2011-07-24 21:00:00,6.25672574328655
2011-07-24 22:00:00,6.18772494491517
2011-07-24 23:00:00,6.33943409826256
2011-07-25 00:00:00,3.88729315979825
2011-07-25 01:00:00,3.98173895034345
2011-07-25 02:00:00,3.93788052638972
2011-07-25 03:00:00,3.8435586958602
2011-07-25 04:00:00,3.89590576796727
2011-07-25 05:00:00,3.99715151473886
2011-07-25 06:00:00,4.2670785954896
2011-07-25 07:00:00,4.41722301692573
2011-07-25 08:00:00,4.66357293442265
2011-07-25 09:00:00,4.90150267226304
2011-07-25 10:00:00,5.10884730421573
2011-07-25 11:00:00,5.52146413920952
2011-07-25 12:00:00,5.62270988598112
2011-07-25 13:00:00,5.14078177355675
2011-07-25 14:00:00,5.14205804379569
2011-07-25 15:00:00,4.97260482714044
2011-07-25 16:00:00,5.0245791324671
2011-07-25 17:00:00,5.29468535021089
2011-07-25 18:00:00,5.46491605874259
2011-07-25 19:00:00,5.58469102146524
2011-07-25 20:00:00,5.63872194854063
2011-07-25 21:00:00,5.46362226498815
2011-07-25 22:00:00,5.56486801175975
2011-07-25 23:00:00,5.69300000185331
2011-07-26 00:00:00,3.44460378232412
2011-07-26 01:00:00,3.54584952909572
2011-07-26 02:00:00,3.41104920355819
2011-07-26 03:00:00,3.52123702679178
2011-07-26 04:00:00,3.64661184059066
2011-07-26 05:00:00,3.58346165140787
2011-07-26 06:00:00,3.94280241201233
2011-07-26 07:00:00,4.44620599460425
2011-07-26 08:00:00,4.68729231762417
2011-07-26 09:00:00,5.02486490178524
2011-07-26 10:00:00,5.30490101883052
2011-07-26 11:00:00,5.39621686630063
2011-07-26 12:00:00,5.57015409816481
2011-07-26 13:00:00,5.7003427100071
2011-07-26 14:00:00,5.86953010418043
2011-07-26 15:00:00,6.0569104577056
2011-07-26 16:00:00,6.02345721403782
2011-07-26 17:00:00,6.14708815893239
2011-07-26 18:00:00,6.16945752044408
2011-07-26 19:00:00,6.18318908950451
2011-07-26 20:00:00,6.18342204538509
2011-07-26 21:00:00,6.18787724700481
2011-07-26 22:00:00,6.12919613043251
2011-07-26 23:00:00,6.21812756838835
2011-07-27 00:00:00,4.16701278809659
2011-07-27 01:00:00,4.15399022814292
2011-07-27 02:00:00,4.19902358723745
2011-07-27 03:00:00,4.08455183807417
2011-07-27 04:00:00,4.30083854648885
2011-07-27 05:00:00,4.34112206789252
2011-07-27 06:00:00,4.42445365477214
2011-07-27 07:00:00,4.66796089748751
2011-07-27 08:00:00,4.8601485458429
2011-07-27 09:00:00,5.06749317779559
2011-07-27 10:00:00,5.16502393240101
2011-07-27 11:00:00,5.33896116426519
2011-07-27 12:00:00,5.58256237430112
2011-07-27 13:00:00,5.74857083709368
2011-07-27 14:00:00,5.83983119304492
2011-07-27 15:00:00,6.02243170191124
2011-07-27 16:00:00,6.06987947748803
2011-07-27 17:00:00,6.13150488265631
2011-07-27 18:00:00,6.16660834244935
2011-07-27 19:00:00,6.20612734895452
2011-07-27 20:00:00,6.06278319828628
2011-07-27 21:00:00,6.04063095604389
2011-07-27 22:00:00,6.11051942126252
2011-07-27 23:00:00,6.28412236214798
2011-07-28 00:00:00,3.8355638816125
2011-07-28 01:00:00,3.93888778826714
2011-07-28 02:00:00,4.02601986579979
2011-07-28 03:00:00,4.09590833101843
2011-07-28 04:00:00,4.0800349562639
2011-07-28 05:00:00,4.1206527686463
2011-07-28 06:00:00,4.1416425592004
2011-07-28 07:00:00,4.34974974043109
2011-07-28 08:00:00,4.55400093948987
2011-07-28 09:00:00,4.89686260267881
2011-07-28 10:00:00,5.12800004505956
2011-07-28 11:00:00,5.38304128090611
2011-07-28 12:00:00,5.47840837714162
2011-07-28 13:00:00,5.67059602549701
2011-07-28 14:00:00,5.86811042061502
2011-07-28 15:00:00,5.85207992625432
2011-07-28 16:00:00,5.94747702945783
2011-07-28 17:00:00,5.96672295110762
2011-07-28 18:00:00,6.07384734841529
2011-07-28 19:00:00,6.07827254306701
2011-07-28 20:00:00,6.07679163701127
2011-07-28 21:00:00,6.07497643997681
2011-07-28 22:00:00,6.0221459325931
2011-07-28 23:00:00,6.07179131992435
2011-07-29 00:00:00,3.58909289699036
2011-07-29 01:00:00,3.68136656033197
2011-07-29 02:00:00,3.74231294908861
2011-07-29 03:00:00,3.8435586958602
2011-07-29 04:00:00,3.90931888266026
2011-07-29 05:00:00,3.9702652714169
2011-07-29 06:00:00,4.24019235216764
2011-07-29 07:00:00,4.44410926024769
2011-07-29 08:00:00,4.71773520356417
2011-07-29 09:00:00,5.26561303841063
2011-07-29 10:00:00,5.57846954083283
2011-07-29 11:00:00,5.79897652936614
2011-07-29 12:00:00,5.98978657238444
2011-07-29 13:00:00,5.92145632159102
2011-07-29 14:00:00,6.18952088963295
2011-07-29 15:00:00,6.29970871286654
2011-07-29 16:00:00,6.44128382462108
2011-07-29 17:00:00,6.51564332807071
2011-07-29 18:00:00,6.5197622730912
2011-07-29 19:00:00,6.4717671018852
2011-07-29 20:00:00,6.45057464113481
2011-07-29 21:00:00,6.34228779213884
2011-07-29 22:00:00,6.37359923011253
2011-07-29 23:00:00,6.30906946997214
2011-07-30 00:00:00,4.01630638074506
2011-07-30 01:00:00,4.08622485293169
2011-07-30 02:00:00,4.19194163793428
2011-07-30 03:00:00,4.16262514151877
2011-07-30 04:00:00,4.20324295390117
2011-07-30 05:00:00,4.27968908606752
2011-07-30 06:00:00,4.38540587107011
2011-07-30 07:00:00,4.64277602491206
2011-07-30 08:00:00,4.90119145873287
2011-07-30 09:00:00,5.26424070829032
2011-07-30 10:00:00,5.39889385515042
2011-07-30 11:00:00,5.54456723835555
2011-07-30 12:00:00,5.65540012461622
2011-07-30 13:00:00,5.83732161707089
2011-07-30 14:00:00,6.02304360017861
2011-07-30 15:00:00,6.1763734562087
2011-07-30 16:00:00,6.32303466225332
2011-07-30 17:00:00,6.35813812204636
2011-07-30 18:00:00,6.4169208524331
2011-07-30 19:00:00,6.15554753774182
2011-07-30 20:00:00,6.33176591422683
2011-07-30 21:00:00,6.35104184284462
2011-07-30 22:00:00,6.30442624259621
2011-07-30 23:00:00,6.31363128190678
2011-07-31 00:00:00,3.9849791061601
2011-07-31 01:00:00,3.93774844985261
2011-07-31 02:00:00,4.02074378013299
2011-07-31 03:00:00,4.09510328358262
2011-07-31 04:00:00,4.09334357806703
2011-07-31 05:00:00,4.20974630843593
2011-07-31 06:00:00,4.33821258950821
2011-07-31 07:00:00,4.61926397956436
2011-07-31 08:00:00,4.83524443834781
2011-07-31 09:00:00,5.08682144014054
2011-07-31 10:00:00,5.43437941512197
2011-07-31 11:00:00,5.65688103067195
2011-07-31 12:00:00,5.89701604103356
2011-07-31 13:00:00,5.99550461151048
2011-07-31 14:00:00,6.10572244171206
2011-07-31 15:00:00,6.3382094480824
2011-07-31 16:00:00,6.4501411402203
2011-07-31 17:00:00,6.53071555080524
2011-07-31 18:00:00,6.3312425453263
2011-07-31 19:00:00,6.14925740706056
2011-07-31 20:00:00,6.25050315383215
2011-07-31 21:00:00,6.23977136488658
2011-07-31 22:00:00,6.04771533731362
2011-07-31 23:00:00,6.18720382035144
2011-08-20 00:00:00,3.03553122244663
2011-08-20 01:00:00,3.29703812354085
2011-08-20 02:00:00,3.51616750673707
2011-08-20 03:00:00,3.61741325350867
2011-08-20 04:00:00,3.60919554351216
2011-08-20 05:00:00,3.65964359272924
2011-08-20 06:00:00,3.96987003149493
2011-08-20 07:00:00,3.90451260417042
2011-08-20 08:00:00,4.34453107607846
2011-08-20 09:00:00,4.59088099357538
2011-08-20 10:00:00,4.85343120902796
2011-08-20 11:00:00,4.94184889019765
2011-08-20 12:00:00,5.12549271342233
2011-08-20 13:00:00,5.31458692888382
2011-08-20 14:00:00,5.65126369190545
2011-08-20 15:00:00,5.8013526218227
2011-08-20 16:00:00,5.8571274178024
2011-08-20 17:00:00,5.95500093222023
2011-08-20 18:00:00,5.85327175017198
2011-08-20 19:00:00,5.79149916632628
2011-08-20 20:00:00,5.90171699652786
2011-08-20 21:00:00,5.88170687452106
2011-08-20 22:00:00,6.03993521901448
2011-08-20 23:00:00,5.95458547191495
2011-08-21 00:00:00,3.64384745606025
2011-08-21 01:00:00,3.59380413193921
2011-08-21 02:00:00,3.68607779528082
2011-08-21 03:00:00,3.65119145475708
2011-08-21 04:00:00,3.8369134378648
2011-08-21 05:00:00,3.74274872694146
2011-08-21 06:00:00,3.83952343548206
2011-08-21 07:00:00,4.16303587630256
2011-08-21 08:00:00,4.3870005956765
2011-08-21 09:00:00,4.64850749677072
2011-08-21 10:00:00,4.80079403844244
2011-08-21 11:00:00,5.28906867878455
2011-08-21 12:00:00,5.49304107838348
2011-08-21 13:00:00,5.5501099468339
2011-08-21 14:00:00,4.81513330567277
2011-08-21 15:00:00,5.03785006498314
2011-08-21 16:00:00,5.2635286462934
2011-08-21 17:00:00,5.35580230963501
2011-08-21 18:00:00,5.49287637619056
2011-08-21 19:00:00,5.68815745743986
2011-08-21 20:00:00,5.61089163339763
2011-08-21 21:00:00,5.71213738016922
2011-08-21 22:00:00,5.96415030102799
2011-08-21 23:00:00,5.96355755534494
2011-08-22 00:00:00,3.37804170587998
2011-08-22 01:00:00,3.4569022545286
2011-08-22 02:00:00,3.98559686231066
2011-08-22 03:00:00,3.69849013948686
2011-08-22 04:00:00,4.00416453979054
2011-08-22 05:00:00,4.11230421010908
2011-08-22 06:00:00,4.25626373137789
2011-08-22 07:00:00,4.36648156157948
2011-08-22 08:00:00,4.46772730835107
2011-08-22 09:00:00,4.69503425311078
2011-08-22 10:00:00,4.93829270333429
2011-08-22 11:00:00,5.26517934212906
2011-08-22 12:00:00,5.36918226519533
2011-08-22 13:00:00,5.5685981280764
2011-08-22 14:00:00,5.64745867672502
2011-08-22 15:00:00,5.72181818017465
2011-08-22 16:00:00,5.84995017026821
2011-08-22 17:00:00,5.97875270793972
2011-08-22 18:00:00,6.05586938768403
2011-08-22 19:00:00,6.0802314105919
2011-08-22 20:00:00,6.05158546175434
2011-08-22 21:00:00,6.09220327413674
2011-08-22 22:00:00,6.2248063024613
2011-08-22 23:00:00,6.26713797678001
2011-08-23 00:00:00,3.89025767394675
2011-08-23 01:00:00,3.68951032802417
2011-08-23 02:00:00,3.70290760610588
2011-08-23 03:00:00,3.83103959619943
2011-08-23 04:00:00,3.79373037035974
2011-08-23 05:00:00,3.90391819359333
2011-08-23 06:00:00,3.94453600597573
2011-08-23 07:00:00,4.50803599976412
2011-08-23 08:00:00,4.70459257901063
2011-08-23 09:00:00,4.89678022736602
2011-08-23 10:00:00,4.97782104323755
2011-08-23 11:00:00,5.15589502235401
2011-08-23 12:00:00,5.17688481290811
2011-08-23 13:00:00,5.46111316872453
2011-08-23 14:00:00,5.55788787726513
2011-08-23 15:00:00,5.63880504766248
2011-08-23 16:00:00,5.74347851830671
2011-08-23 17:00:00,5.84129654120567
2011-08-23 18:00:00,5.93357020454728
2011-08-23 19:00:00,5.71680006085594
2011-08-23 20:00:00,5.78151693329763
2011-08-23 21:00:00,5.74600706788112
2011-08-23 22:00:00,5.88755217266767
2011-08-23 23:00:00,5.88607126661193
2011-08-24 00:00:00,3.66014574369258
2011-08-24 01:00:00,3.66487974477215
2011-08-24 02:00:00,3.4848592265551
2011-08-24 03:00:00,3.58610497332669
2011-08-24 04:00:00,3.56024620775181
2011-08-24 05:00:00,3.6614919545234
2011-08-24 06:00:00,3.73138041974204
2011-08-24 07:00:00,4.20725525278153
2011-08-24 08:00:00,4.24612919625962
2011-08-24 09:00:00,4.38320326281517
2011-08-24 10:00:00,4.7867228673613
2011-08-24 11:00:00,4.99544510465108
2011-08-24 12:00:00,5.13260466969349
2011-08-24 13:00:00,5.36680553800015
2011-08-24 14:00:00,5.46805128477175
2011-08-24 15:00:00,5.57826911497333
2011-08-24 16:00:00,5.65229236182373
2011-08-24 17:00:00,5.73562394870335
2011-08-24 18:00:00,5.73110706689308
2011-08-24 19:00:00,5.83235281366467
2011-08-24 20:00:00,5.84602889120623
2011-08-24 21:00:00,5.87734032917992
2011-08-24 22:00:00,5.91795814156232
2011-08-24 23:00:00,5.8985630756146
2011-08-25 00:00:00,3.49412598188142
2011-08-25 01:00:00,3.69804288996148
2011-08-25 02:00:00,3.79928863673308
2011-08-25 03:00:00,3.76445778772821
2011-08-25 04:00:00,3.78089104156445
2011-08-25 05:00:00,3.81529394681154
2011-08-25 06:00:00,3.88968345722916
2011-08-25 07:00:00,4.30471470870522
2011-08-25 08:00:00,4.55724952636945
2011-08-25 09:00:00,4.76122192596838
2011-08-25 10:00:00,4.96547312502716
2011-08-25 11:00:00,4.29833650318046
2011-08-25 12:00:00,4.39958224995206
2011-08-25 13:00:00,4.76079849035485
2011-08-25 14:00:00,5.15962944387525
2011-08-25 15:00:00,5.32150312503605
2011-08-25 16:00:00,5.08396848590444
2011-08-25 17:00:00,5.18521423267603
2011-08-25 18:00:00,5.49544067144173
2011-08-25 19:00:00,5.45034441722554
2011-08-25 20:00:00,5.34947338858199
2011-08-25 21:00:00,5.42833393723061
2011-08-25 22:00:00,5.32659628634867
2011-08-25 23:00:00,5.45472827644223
2011-08-26 00:00:00,3.13948921538854
2011-08-26 01:00:00,3.20043560414518
2011-08-26 02:00:00,3.22381827304725
2011-08-26 03:00:00,3.27402322491871
2011-08-26 04:00:00,3.38601040857548
2011-08-26 05:00:00,3.65593748932622
2011-08-26 06:00:00,3.58850190211867
2011-08-26 07:00:00,3.80791008477475
2011-08-26 08:00:00,4.02498934943543
2011-08-26 09:00:00,4.40024313970201
2011-08-26 10:00:00,4.73410723491009
2011-08-26 11:00:00,5.0798747251662
2011-08-26 12:00:00,5.19422733699954
2011-08-26 13:00:00,5.44367068739037
2011-08-26 14:00:00,5.42935405496598
2011-08-26 15:00:00,5.75749465362365
2011-08-26 16:00:00,5.53325564293411
2011-08-26 17:00:00,5.41291174644794
2011-08-26 18:00:00,5.64701050741472
2011-08-26 19:00:00,5.45274920732055
2011-08-26 20:00:00,5.54952391586114
2011-08-26 21:00:00,5.67315486075571
2011-08-26 22:00:00,5.75648644763533
2011-08-26 23:00:00,5.69300000185331
2011-08-27 00:00:00,3.46542138373329
2011-08-27 01:00:00,3.58458129039686
2011-08-27 02:00:00,3.69476911363045
2011-08-27 03:00:00,3.97366827781118
2011-08-27 04:00:00,4.07491402458277
2011-08-27 05:00:00,4.19854496947734
2011-08-27 06:00:00,4.29979071624893
2011-08-27 07:00:00,4.41895062291251
2011-08-27 08:00:00,4.48883908813114
2011-08-27 09:00:00,4.63935627634768
2011-08-27 10:00:00,4.82983006276675
2011-08-27 11:00:00,4.15743831527675
2011-08-27 12:00:00,4.4143886796531
2011-08-27 13:00:00,4.48430715183973
2011-08-27 14:00:00,4.45937619516835
2011-08-27 15:00:00,4.56062194193994
2011-08-27 16:00:00,4.65292561224955
2011-08-27 17:00:00,4.84821319671203
2011-08-28 07:00:00,3.78338435144405
2011-08-28 08:00:00,3.90254425810762
2011-08-28 09:00:00,4.49539102410741
2011-08-28 10:00:00,4.93636731188695
2011-08-28 11:00:00,5.01592841508152
2011-08-28 12:00:00,5.2656505649322
2011-08-28 13:00:00,5.49096484829574
2011-08-28 14:00:00,5.6828162400519
2011-08-28 15:00:00,5.76614782693152
2011-08-28 16:00:00,6.02456326075233
2011-08-28 17:00:00,5.95381859347664
2011-08-28 18:00:00,5.96026645649252
2011-08-28 19:00:00,5.93474198189636
2011-08-28 20:00:00,6.03908116156187
2011-08-28 21:00:00,5.82228101090254
2011-08-28 22:00:00,5.75123009399561
2011-08-28 23:00:00,5.74947038848002
2011-08-29 00:00:00,3.32421569333768
2011-08-29 01:00:00,3.48608937449847
2011-08-29 02:00:00,3.61419135762404
2011-08-29 03:00:00,3.68858086804166
2011-08-29 04:00:00,3.6449732022003
2011-08-29 05:00:00,3.6704340309854
2011-08-29 06:00:00,3.77167977775699
2011-08-29 07:00:00,4.30818254518568
2011-08-29 08:00:00,4.5059400376493
2011-08-29 09:00:00,4.66781371881009
2011-08-29 10:00:00,4.85105929070349
2011-08-29 11:00:00,4.93439087758311
2011-08-29 12:00:00,5.29216642702373
2011-08-29 13:00:00,5.41992565033689
2011-08-29 14:00:00,5.30701911233744
2011-08-29 15:00:00,5.45753630055397
2011-08-29 16:00:00,5.6008807657637
2011-08-29 17:00:00,5.77083836998179
2011-08-29 18:00:00,5.66996734133824
2011-08-29 19:00:00,5.77121308810984
2011-08-29 20:00:00,5.75466069694366
2011-08-29 21:00:00,5.86484852017725
2011-08-29 22:00:00,5.88755217266767
2011-08-29 23:00:00,5.88781513551624
2011-08-30 00:00:00,3.16420529712742
2011-08-30 01:00:00,3.33229388542352
2011-08-30 02:00:00,3.31565599577048
2011-08-30 03:00:00,3.44375797889605
2011-08-30 04:00:00,3.43305619691847
2011-08-30 05:00:00,3.51191674556709
2011-08-30 06:00:00,3.72063898285686
2011-08-30 07:00:00,3.94871044251508
2011-08-30 08:00:00,4.47011171786534
2011-08-30 09:00:00,4.70434259314
2011-08-30 10:00:00,5.01469267737987
2011-08-30 11:00:00,5.17937902635422
2011-08-30 12:00:00,5.22241125521888
2011-08-30 13:00:00,5.38532825073803
2011-08-30 14:00:00,5.5348021245962
2011-08-30 15:00:00,5.62364806406518
2011-08-30 16:00:00,5.6766656837502
2011-08-30 17:00:00,5.71106858899729
2011-08-30 18:00:00,5.71580259007686
2011-08-30 19:00:00,5.67650070284099
2011-08-30 20:00:00,5.75086020629062
2011-08-30 21:00:00,5.60953872398656
2011-08-30 22:00:00,5.74452616182538
2011-08-30 23:00:00,5.84577190859698
2011-08-31 00:00:00,3.35348634617392
2011-08-31 01:00:00,3.45473209294551
2011-08-31 02:00:00,3.32639743265566
2011-08-31 03:00:00,3.35185826144076
2011-08-31 04:00:00,3.52888892619885
2011-08-31 05:00:00,3.46335236188128
2011-08-31 06:00:00,3.62865376691471
2011-08-31 07:00:00,3.88369500276125
2011-08-31 08:00:00,4.20582983824466
2011-08-31 09:00:00,4.33396182833822
2011-08-31 10:00:00,4.88792245601212
2011-08-31 11:00:00,5.08567994847574
2011-08-31 12:00:00,5.21414622954803
2011-08-31 13:00:00,5.35501428354343
2011-08-31 14:00:00,5.41973115598512
2011-08-31 15:00:00,5.52097690275672
2011-08-31 16:00:00,5.6342862002317
2011-08-31 17:00:00,5.64768347831341
2011-08-31 18:00:00,5.68487356682318
2011-08-31 19:00:00,6.19359426979046
2011-08-31 20:00:00,5.68506067912448
2011-08-31 21:00:00,5.71226537681389
2011-08-31 22:00:00,5.62327029304699
2011-08-31 23:00:00,5.53498423265973
2011-09-20 00:00:00,3.34185871453655
2011-09-20 01:00:00,3.17365098891052
2011-09-20 02:00:00,3.27489673568212
2011-09-20 03:00:00,3.46984156033219
2011-09-20 04:00:00,3.31764897170816
2011-09-20 05:00:00,3.5875760524589
2011-09-20 06:00:00,3.68882179923049
2011-09-20 07:00:00,3.78112546954009
2011-09-20 08:00:00,3.42099100502448
2011-09-20 09:00:00,3.51329467533408
2011-09-20 10:00:00,3.72966688223563
2011-09-20 11:00:00,3.83091262900722
2011-09-20 12:00:00,4.23851102025241
2011-09-20 13:00:00,4.33078468359401
2011-09-20 14:00:00,4.58326400973937
2011-09-20 15:00:00,4.93579831090425
2011-09-20 16:00:00,4.8946970632452
2011-09-20 17:00:00,4.80934731614567
2011-09-20 18:00:00,4.91059306291727
2011-09-20 19:00:00,4.86259789171127
2011-09-20 20:00:00,4.83052421900108
2011-09-20 21:00:00,4.93176996577267
2011-09-20 22:00:00,5.03301571254427
2011-09-20 23:00:00,5.13426145931586
2011-09-21 00:00:00,2.67256866354725
2011-09-21 01:00:00,2.86475631190264
2011-09-21 02:00:00,2.96600205867424
2011-09-21 03:00:00,3.26281538274694
2011-09-21 04:00:00,3.28653234262773
2011-09-21 05:00:00,3.39675017282931
2011-09-21 06:00:00,3.5069379960629
2011-09-21 07:00:00,3.60818374283449
2011-09-21 08:00:00,3.68257325325212
2011-09-21 09:00:00,3.82144668023085
2011-09-21 10:00:00,4.12006750474606
2011-09-21 11:00:00,4.43084584728522
2011-09-21 12:00:00,4.62759003235847
2011-09-21 13:00:00,4.89632514797836
2011-09-21 14:00:00,5.00651297121195
2011-09-21 15:00:00,5.08090248162957
2011-09-21 16:00:00,5.18214822840117
2011-09-21 17:00:00,4.90401358900735
2011-09-21 18:00:00,4.742271528629
2011-09-21 19:00:00,4.54304277804924
2011-09-21 20:00:00,4.64428852482083
2011-09-21 21:00:00,4.95191940515386
2011-09-21 22:00:00,5.2440745644214
2011-09-21 23:00:00,5.12352002243069
2011-09-22 00:00:00,2.79486784668401
2011-09-22 01:00:00,3.06032388920375
2011-09-22 02:00:00,3.16604067420635
2011-09-22 03:00:00,3.26281538274694
2011-09-22 04:00:00,3.36406112951854
2011-09-22 05:00:00,3.46977791452113
2011-09-22 06:00:00,3.44664631827293
2011-09-22 07:00:00,3.53894998858253
2011-09-22 08:00:00,3.65810989524611
2011-09-22 09:00:00,3.9860933742976
2011-09-22 10:00:00,4.2565723588218
2011-09-22 11:00:00,4.34884602216341
2011-09-22 12:00:00,4.61656783039294
2011-09-22 13:00:00,4.72675565362652
2011-09-22 14:00:00,4.83697348382811
2011-09-22 15:00:00,5.06540924143304
2011-09-22 16:00:00,5.23346782276115
2011-09-22 17:00:00,5.17619628411443
2011-09-22 18:00:00,5.1216519147944
2011-09-22 19:00:00,5.1274847217512
2011-09-22 20:00:00,5.08188242889317
2011-09-22 21:00:00,5.32997621529439
2011-09-22 22:00:00,5.09554266982345
2011-09-22 23:00:00,5.345320311193
2011-09-23 00:00:00,3.55223376112217
2011-09-23 01:00:00,3.4087976087539
2011-09-23 02:00:00,3.54140063707845
2011-09-23 03:00:00,3.61128910229708
2011-09-23 04:00:00,3.3152403030113
2011-09-23 05:00:00,4.03157625165818
2011-09-23 06:00:00,4.15970824175174
2011-09-23 07:00:00,3.87707255715894
2011-09-23 08:00:00,3.97831830393054
2011-09-23 09:00:00,3.90414591278221
2011-09-23 10:00:00,3.99644958309181
2011-09-23 11:00:00,4.09769532986341
2011-09-23 12:00:00,4.37435921455492
2011-09-23 13:00:00,4.25333826727761
2011-09-23 14:00:00,4.35458401404921
2011-09-23 15:00:00,4.67809645486971
2011-09-23 16:00:00,4.74798492008834
2011-09-23 17:00:00,5.02872955709941
2011-09-23 18:00:00,4.96129396989186
2011-09-23 19:00:00,5.32063473049632
2011-09-23 20:00:00,5.29710488291684
2011-09-23 21:00:00,5.31430265165158
2011-09-23 22:00:00,5.54886781790496
2011-09-23 23:00:00,5.80335714997805
2011-09-24 00:00:00,3.3892130449549
2011-09-24 01:00:00,3.75008202728943
2011-09-24 02:00:00,3.85132777406103
2011-09-24 03:00:00,3.75700594353151
2011-09-24 04:00:00,3.84723145395808
2011-09-24 05:00:00,4.11715853470882
2011-09-24 06:00:00,4.21840428148041
2011-09-24 07:00:00,4.4105919298358
2011-09-24 08:00:00,4.51943018907979
2011-09-24 09:00:00,4.65098990304599
2011-09-24 10:00:00,4.75223564981758
2011-09-24 11:00:00,5.0137425509118
2011-09-24 12:00:00,5.11498829768339
2011-09-24 13:00:00,5.13855010357851
2011-09-24 14:00:00,5.59388071306952
2011-09-24 15:00:00,5.69512645984112
2011-09-24 16:00:00,5.6378549211944
2011-09-24 17:00:00,5.71999454294317
2011-09-24 18:00:00,5.67613611898944
2011-09-24 19:00:00,5.50997851189896
2011-09-24 20:00:00,5.72938669455504
2011-09-24 21:00:00,5.8575186846486
2011-09-24 22:00:00,5.98239708619289
2011-09-24 23:00:00,6.06843035784831
2011-09-25 00:00:00,3.71289193877967
2011-09-25 01:00:00,3.84549496710423
2011-09-25 02:00:00,3.34267074834556
2011-09-25 03:00:00,3.44391649511715
2011-09-25 04:00:00,3.5854615999037
2011-09-25 05:00:00,4.07732558198046
2011-09-25 06:00:00,4.3517237009622
2011-09-25 07:00:00,4.28649338627587
2011-09-25 08:00:00,4.56495663139056
2011-09-25 09:00:00,4.78436481404664
2011-09-25 10:00:00,4.88561056081824
2011-09-25 11:00:00,5.18741681992741
2011-09-25 12:00:00,5.24836320868405
2011-09-25 13:00:00,5.49471312618097
2011-09-25 14:00:00,5.45085470222724
2011-09-25 15:00:00,5.55210044899883
2011-09-25 16:00:00,5.73249568534394
2011-09-25 17:00:00,5.7310147792882
2011-09-25 18:00:00,5.83226052605979
2011-09-25 19:00:00,5.6684403057984
2011-09-25 20:00:00,5.756272937877
2011-09-25 21:00:00,5.60631562874218
2011-09-25 22:00:00,5.84060199553571
2011-09-25 23:00:00,5.98195949449551
2011-09-26 00:00:00,3.52534751780021
2011-09-26 01:00:00,3.7909911661467
2011-09-26 02:00:00,3.89223691291829
2011-09-26 03:00:00,3.82908475811499
2011-09-26 04:00:00,3.95721674820855
2011-09-26 05:00:00,4.16461687168011
2011-09-26 06:00:00,4.15970824175174
2011-09-26 07:00:00,4.23406774520137
2011-09-26 08:00:00,4.33531349197297
2011-09-26 09:00:00,4.65503391097412
2011-09-26 10:00:00,4.75627965774571
2011-09-26 11:00:00,5.01833846261339
2011-09-26 12:00:00,5.27035138347215
2011-09-26 13:00:00,5.53185828456637
2011-09-26 14:00:00,5.48267311385002
2011-09-26 15:00:00,5.78067888230615
2011-09-26 16:00:00,5.76094952537971
2011-09-26 17:00:00,5.77743827073482
2011-09-26 18:00:00,5.54612619950527
2011-09-26 19:00:00,5.65805789164317
2011-09-26 20:00:00,5.58214163159053
2011-09-26 21:00:00,5.68338737836213
2011-09-26 22:00:00,5.6243719708111
2011-09-26 23:00:00,5.7256177175827
2011-09-27 00:00:00,3.39696554183602
2011-09-27 01:00:00,3.5071833720376
2011-09-27 02:00:00,3.59051495891722
2011-09-27 03:00:00,3.82908475811499
2011-09-27 04:00:00,3.55992220215117
2011-09-27 05:00:00,3.66116794892276
2011-09-27 06:00:00,4.16417927998274
2011-09-27 07:00:00,4.26542502675433
2011-09-27 08:00:00,4.52693192784855
2011-09-27 09:00:00,4.25773936491673
2011-09-27 10:00:00,4.23188059934185
2011-09-27 11:00:00,4.87276788660147
2011-09-27 12:00:00,4.98295570983506
2011-09-27 13:00:00,5.54977244445834
2011-09-27 14:00:00,5.45492871712336
2011-09-27 15:00:00,5.49107549127476
2011-09-27 16:00:00,5.5391722762952
2011-09-27 17:00:00,5.50709860358501
2011-09-27 18:00:00,5.57521771534845
2011-09-27 19:00:00,5.64957721879808
2011-09-27 20:00:00,5.75066781158401
2011-09-27 21:00:00,5.69165240403298
2011-09-27 22:00:00,5.70190075770191
2011-09-27 23:00:00,5.8031465044735
2011-09-28 00:00:00,3.44760808540486
2011-09-28 01:00:00,3.54885383217646
2011-09-28 02:00:00,3.72622725674696
2011-09-28 03:00:00,3.77149476510084
2011-09-28 04:00:00,3.85259107249124
2011-09-28 05:00:00,3.94710001532206
2011-09-28 06:00:00,3.70032265748121
2011-09-28 07:00:00,3.8015684042528
2011-09-28 08:00:00,4.0052045472525
2011-09-28 09:00:00,4.1064502940241
2011-09-28 10:00:00,4.53780498551616
2011-09-28 11:00:00,5.00608730608326
2011-09-28 12:00:00,5.22107994202721
2011-09-28 13:00:00,5.39003318694119
2011-09-28 14:00:00,5.71526145531851
2011-09-28 15:00:00,5.57494677719163
2011-09-28 16:00:00,5.6941066838552
2011-09-28 17:00:00,5.80432451405678
2011-09-28 18:00:00,5.36228338367298
2011-09-28 19:00:00,5.46352913044458
2011-09-28 20:00:00,5.45136424464304
2011-09-28 21:00:00,5.42128323332902
2011-09-28 22:00:00,5.70190075770191
2011-09-28 23:00:00,5.64114148124657
2011-09-29 00:00:00,3.33040346539187
2011-09-29 01:00:00,3.46701112666083
2011-09-29 02:00:00,3.56825687343242
2011-09-29 03:00:00,3.8028220396858
2011-09-29 04:00:00,4.07948592437732
2011-09-29 05:00:00,4.15387543479494
2011-09-29 06:00:00,4.25065014333554
2011-09-29 07:00:00,4.19662767082098
2011-09-29 08:00:00,4.37545769600225
2011-09-29 09:00:00,4.71309227489538
2011-09-29 10:00:00,5.03584216643787
2011-09-29 11:00:00,5.19771584759866
2011-09-29 12:00:00,5.3321182363464
2011-09-29 13:00:00,5.44230605957999
2011-09-29 14:00:00,5.76885644177553
2011-09-29 15:00:00,5.98793033345288
2011-09-29 16:00:00,6.14083193118369
2011-09-29 17:00:00,6.09084409858152
2011-09-29 18:00:00,6.26064654881393
2011-09-29 19:00:00,6.18518008519488
2011-09-29 20:00:00,6.24095488117458
2011-09-29 21:00:00,6.05879224272193
2011-09-29 22:00:00,5.93577666842794
2011-09-29 23:00:00,5.84749060804068
2011-09-30 00:00:00,3.4278965307102
2011-09-30 01:00:00,3.6156131408346
2011-09-30 02:00:00,3.63038802425339
2011-09-30 03:00:00,3.73163377102499
2011-09-30 04:00:00,3.85973575415055
2011-09-30 05:00:00,3.96098150092215
2011-09-30 06:00:00,4.07119933112373
2011-09-30 07:00:00,4.17244507789532
2011-09-30 08:00:00,4.38012400082674
2011-09-30 09:00:00,4.60201056031765
2011-09-30 10:00:00,4.99278563212824
2011-09-30 11:00:00,5.26911522584103
2011-09-30 12:00:00,5.57036958117674
2011-09-30 13:00:00,5.86351452890427
2011-09-30 14:00:00,5.95578819224588
2011-09-30 15:00:00,5.83841061601544
2011-09-30 16:00:00,5.87627125210315
2011-09-30 17:00:00,5.96854491544476
2011-09-30 18:00:00,5.96863884694011
2011-09-30 19:00:00,5.91755220846071
2011-09-30 20:00:00,6.0187979552323
2011-09-30 21:00:00,6.00530898999205
2011-09-30 22:00:00,6.14688410174659
2011-09-30 23:00:00,6.24812984851818
2011-10-20 00:00:00,3.40385946538297
2011-10-20 01:00:00,3.61396127363034
2011-10-20 02:00:00,3.7420932637239
2011-10-20 03:00:00,3.81189819607617
2011-10-20 04:00:00,3.91314394284776
2011-10-20 05:00:00,3.94093368962826
2011-10-20 06:00:00,3.97561735995571
2011-10-20 07:00:00,4.1192425902458
2011-10-20 08:00:00,4.43682088901135
2011-10-20 09:00:00,4.55598079567492
2011-10-20 10:00:00,4.78028177164809
2011-10-20 11:00:00,5.00691816882985
2011-10-20 12:00:00,5.21426280078254
2011-10-20 13:00:00,5.42099237667615
2011-10-20 14:00:00,5.59437770476687
2011-10-20 15:00:00,5.6188252261616
2011-10-20 16:00:00,5.72007097293319
2011-10-20 17:00:00,5.84887351060471
2011-10-20 18:00:00,5.83538454536445
2011-10-20 19:00:00,5.78586311804888
2011-10-20 20:00:00,6.04684812233763
2011-10-20 21:00:00,5.92834173326195
2011-10-20 22:00:00,6.03855956346353
2011-10-20 23:00:00,5.96891370206508
2011-10-21 00:00:00,3.53753487349107
2011-10-21 01:00:00,3.62983854380067
2011-10-21 02:00:00,3.6101646783931
2011-10-21 03:00:00,3.50007846897395
2011-10-21 04:00:00,3.61029629917553
2011-10-21 05:00:00,3.60232168652463
2011-10-21 06:00:00,3.81278779271872
2011-10-21 07:00:00,3.91403353949032
2011-10-21 08:00:00,4.32958668777185
2011-10-21 09:00:00,4.68432626145794
2011-10-21 10:00:00,4.81643787919759
2011-10-21 11:00:00,5.11101592378109
2011-10-21 12:00:00,5.23464686867566
2011-10-21 13:00:00,5.2572950296472
2011-10-21 14:00:00,5.52498683090873
2011-10-21 15:00:00,5.53391307075944
2011-10-21 16:00:00,5.62618673410105
2011-10-21 17:00:00,5.72069567693187
2011-10-21 18:00:00,5.73437175447344
2011-10-21 19:00:00,5.87594686622798
2011-10-21 20:00:00,5.92792117155463
2011-10-21 21:00:00,5.73956597216792
2011-10-21 22:00:00,5.90143965332871
2011-10-21 23:00:00,5.85724497277575
2011-10-22 00:00:00,3.61622323299475
2011-10-22 01:00:00,3.71746897976635
2011-10-22 02:00:00,3.83662888642992
2011-10-22 03:00:00,3.90204631341756
2011-10-22 04:00:00,3.88687349320898
2011-10-22 05:00:00,3.96123299665861
2011-10-22 06:00:00,3.94459510700557
2011-10-22 07:00:00,3.95903569944564
2011-10-22 08:00:00,4.23156283688488
2011-10-22 09:00:00,4.46242147980577
2011-10-22 10:00:00,4.854982034672
2011-10-22 11:00:00,4.95622778144359
2011-10-22 12:00:00,5.03251875962427
2011-10-22 13:00:00,5.34292433538302
2011-10-22 14:00:00,5.59246734824065
2011-10-22 15:00:00,5.4795608102412
2011-10-22 16:00:00,5.70487509360474
2011-10-22 17:00:00,5.55216060817524
2011-10-22 18:00:00,5.61305150541301
2011-10-22 19:00:00,5.49037022209775
2011-10-22 20:00:00,5.54923845097135
2011-10-22 21:00:00,5.47197262692912
2011-10-22 22:00:00,5.57321837370071
2011-10-22 23:00:00,5.54114470099052
2011-10-23 00:00:00,3.09460888881921
2011-10-23 01:00:00,3.19585463559081
2011-10-23 02:00:00,3.23951038934824
2011-10-23 03:00:00,3.35596861123601
2011-10-23 04:00:00,3.4572143580076
2011-10-23 05:00:00,3.51636138634106
2011-10-23 06:00:00,3.60658689676763
2011-10-23 07:00:00,3.74573912320621
2011-10-23 08:00:00,3.8603979846708
2011-10-23 09:00:00,4.25702366566998
2011-10-23 10:00:00,4.50303929218817
2011-10-23 11:00:00,4.69598948982157
2011-10-23 12:00:00,5.10560849604815
2011-10-23 13:00:00,5.29194553521495
2011-10-23 14:00:00,5.40216336541653
2011-10-23 15:00:00,5.53096590308805
2011-10-23 16:00:00,5.59568277552973
2011-10-23 17:00:00,5.51538097573297
2011-10-23 18:00:00,5.60768464604257
2011-10-23 19:00:00,5.38089910456289
2011-10-23 20:00:00,5.54271729420481
2011-10-23 21:00:00,5.6439630409764
2011-10-23 22:00:00,5.63151739009451
2011-10-23 23:00:00,5.75067729675808
2011-10-24 00:00:00,3.2761511601708
2011-10-24 01:00:00,3.29981262853272
2011-10-24 02:00:00,3.31633138085582
2011-10-24 03:00:00,3.48889100738292
2011-10-24 04:00:00,3.56325051083255
2011-10-24 05:00:00,3.54633382171966
2011-10-24 06:00:00,3.7213143679422
2011-10-24 07:00:00,3.84276504561386
2011-10-24 08:00:00,4.13734309019735
2011-10-24 09:00:00,4.37190825645073
2011-10-24 10:00:00,4.54210895801443
2011-10-24 11:00:00,4.85254454074117
2011-10-24 12:00:00,5.03888157990798
2011-10-24 13:00:00,5.27896109875071
2011-10-24 14:00:00,5.37123476209232
2011-10-24 15:00:00,5.39758375125011
2011-10-24 16:00:00,5.40504492165637
2011-10-24 17:00:00,5.3853710562488
2011-10-24 18:00:00,5.63683707500379
2011-10-24 19:00:00,5.02227597300048
2011-10-24 20:00:00,5.38349221340327
2011-10-24 21:00:00,5.36657552429038
2011-10-24 22:00:00,5.70999675201954
2011-10-24 23:00:00,5.71616581557557
2011-10-25 00:00:00,3.35882803608374
2011-10-25 01:00:00,3.46007378285534
2011-10-25 02:00:00,3.44315709374245
2011-10-25 03:00:00,3.38621984607446
2011-10-25 04:00:00,3.48538743296302
2011-10-25 05:00:00,3.58663317973461
2011-10-25 06:00:00,3.75472176803071
2011-10-25 07:00:00,4.01614317063806
2011-10-25 08:00:00,4.20427957022804
2011-10-25 09:00:00,4.71485587582677
2011-10-25 10:00:00,4.92777035188769
2011-10-25 11:00:00,5.12583665077916
2011-10-25 12:00:00,5.42825796594741
2011-10-25 13:00:00,5.61088848178172
2011-10-25 14:00:00,5.62633391277847
2011-10-25 15:00:00,5.72828021409602
2011-10-25 16:00:00,5.85638219722158
2011-10-25 17:00:00,5.93077170763921
2011-10-25 18:00:00,5.87175630008818
2011-10-25 19:00:00,5.53645745694514
2011-10-25 20:00:00,5.56846944946477
2011-10-25 21:00:00,5.56077363627373
2011-10-25 22:00:00,5.79781717936193
2011-10-25 23:00:00,5.76326512981692
2011-10-26 00:00:00,3.45252711396222
2011-10-26 01:00:00,3.64747193861229
2011-10-26 02:00:00,3.72186144902991
2011-10-26 03:00:00,3.84102135569349
2011-10-26 04:00:00,3.84820372663989
2011-10-26 05:00:00,3.94050739694949
2011-10-26 06:00:00,4.04175314372108
2011-10-26 07:00:00,4.1250847306007
2011-10-26 08:00:00,4.50695934010062
2011-10-26 09:00:00,4.76228134102752
2011-10-26 10:00:00,4.97210238419453
2011-10-26 11:00:00,4.97255295286985
2011-10-26 12:00:00,5.03162386182815
2011-10-26 13:00:00,4.94856488573671
2011-10-26 14:00:00,5.07360293952251
2011-10-26 15:00:00,5.17484868629411
2011-10-26 16:00:00,5.30298067638766
2011-10-26 17:00:00,5.40869746139026
2011-10-26 18:00:00,5.35917603407468
2011-10-26 19:00:00,5.29298790351685
2011-10-26 20:00:00,5.30329174870465
2011-10-26 21:00:00,5.78232316692367
2011-10-26 22:00:00,5.65925210111082
2011-10-26 23:00:00,5.76049784788241
2011-10-27 00:00:00,3.10295867535284
2011-10-27 01:00:00,3.20420442212443
2011-10-27 02:00:00,3.07683695681779
2011-10-27 03:00:00,3.17808270358938
2011-10-27 04:00:00,3.41264786984276
2011-10-27 05:00:00,3.54077985993632
2011-10-27 06:00:00,3.74817998340788
2011-10-27 07:00:00,4.00724648005511
2011-10-27 08:00:00,3.87584437483607
2011-10-27 09:00:00,4.49848321122499
2011-10-27 10:00:00,4.1204345868174
2011-10-27 11:00:00,4.20376617369701
2011-10-27 12:00:00,4.30501192046861
2011-10-27 13:00:00,4.81252429672757
2011-10-27 14:00:00,4.98266103793871
2011-10-27 15:00:00,5.11526406626327
2011-10-27 16:00:00,5.47047004523596
2011-10-27 17:00:00,5.54958982083063
2011-10-27 18:00:00,5.68452176715059
2011-10-27 19:00:00,5.70129127758606
2011-10-27 20:00:00,5.60042024894251
2011-10-27 21:00:00,5.74432427869246
2011-10-27 22:00:00,5.52254129863649
2011-10-27 23:00:00,5.63480924737362
2011-10-28 00:00:00,3.22347823009349
2011-10-28 01:00:00,3.2823464589671
2011-10-28 02:00:00,3.39256428916868
2011-10-28 03:00:00,3.39108338311294
2011-10-28 04:00:00,3.56811404787103
2011-10-28 05:00:00,3.88969697958099
2011-10-28 06:00:00,3.71925594008625
2011-10-28 07:00:00,3.82050168685784
2011-10-28 08:00:00,4.03372496934661
2011-10-28 09:00:00,4.21978320905356
2011-10-28 10:00:00,4.36340647372314
2011-10-28 11:00:00,4.65522734201196
2011-10-28 12:00:00,5.18538505361797
2011-10-28 13:00:00,5.27423099308695
2011-10-28 14:00:00,5.1793017672651
2011-10-28 15:00:00,5.30155510682258
2011-10-28 16:00:00,5.3728511843463
2011-10-28 17:00:00,5.40449691329871
2011-10-28 18:00:00,5.46924379270839
2011-10-28 19:00:00,5.6069884068419
2011-10-28 20:00:00,5.08662279497165
2011-10-28 21:00:00,5.03354152947558
2011-10-28 22:00:00,5.01035444170851
2011-10-28 23:00:00,4.9917238906593
2011-10-29 00:00:00,2.61766153085637
2011-10-29 01:00:00,2.7610059960661
2011-10-29 02:00:00,2.86225174283769
2011-10-29 03:00:00,3.09026771097704
2011-10-29 04:00:00,3.19151345774864
2011-10-29 05:00:00,2.9663862866864
2011-10-29 06:00:00,3.15857393504179
2011-10-29 07:00:00,3.25981968181339
2011-10-29 08:00:00,3.4455416649211
2011-10-29 09:00:00,3.5467874116927
2011-10-29 10:00:00,3.46367294408238
2011-10-29 11:00:00,3.58283285074596
2011-10-29 12:00:00,3.72187153735019
2011-10-29 13:00:00,3.83208936755177
2011-10-29 14:00:00,3.91094991620039
2011-10-29 15:00:00,3.9051089549514
2011-10-29 16:00:00,3.98667118837583
2011-10-29 17:00:00,4.08791693514742
2011-10-29 18:00:00,4.18916268191902
2011-10-29 19:00:00,4.66100433725277
2011-10-29 20:00:00,4.76225008402437
2011-10-29 21:00:00,4.86349583079596
2011-10-29 22:00:00,4.9244422195526
2011-10-29 23:00:00,5.0590934007922
2011-10-30 00:00:00,2.69703579057752
2011-10-30 01:00:00,2.80722361381111
2011-10-30 02:00:00,2.91744144401269
2011-10-30 03:00:00,3.22295619207485
2011-10-30 04:00:00,3.19737622595982
2011-10-30 05:00:00,3.40753352572606
2011-10-30 06:00:00,3.53771366873466
2011-10-30 07:00:00,3.73178421037959
2011-10-30 08:00:00,3.89152424013848
2011-10-30 09:00:00,4.16197321769469
2011-10-30 10:00:00,4.40118041915279
2011-10-30 11:00:00,4.70635891061572
2011-10-30 12:00:00,4.97067847952349
2011-10-30 13:00:00,5.22937271280415
2011-10-30 14:00:00,5.43953001257039
2011-10-30 15:00:00,5.5773046336719
2011-10-30 16:00:00,5.7150492478054
2011-10-30 17:00:00,5.71978324888497
2011-10-30 18:00:00,5.58523368145981
2011-10-30 19:00:00,6.1061954353174
2011-10-30 20:00:00,5.5318558142721
2011-10-30 21:00:00,5.45458999022986
2011-10-30 22:00:00,5.37704536672777
2011-10-30 23:00:00,5.21193107399565
2011-10-31 00:00:00,2.78667637885331
2011-10-31 01:00:00,2.9788640272087
2011-10-31 02:00:00,2.94706915395836
2011-10-31 03:00:00,2.9951959459468
2011-10-31 04:00:00,3.14956064750155
2011-10-31 05:00:00,3.11748697479136
2011-10-31 06:00:00,3.35205214104474
2011-10-31 07:00:00,3.36235598623254
2011-10-31 08:00:00,3.8077012049032
2011-10-31 09:00:00,4.12494521269003
2011-10-31 10:00:00,4.59864988414643
2011-10-31 11:00:00,4.79729357136224
2011-10-31 12:00:00,5.05846618147773
2011-10-31 13:00:00,5.37077078012646
2011-10-31 14:00:00,5.42654557610616
2011-10-31 15:00:00,5.34119582900663
2011-10-31 16:00:00,5.29396517269914
2011-10-31 17:00:00,5.38623883604075
2011-10-31 18:00:00,5.25008894651363
2011-10-31 19:00:00,5.35133469328522
2011-10-31 20:00:00,5.45258044005682
2011-10-31 21:00:00,5.43331248674728
2011-10-31 22:00:00,5.53455823351888
2011-10-31 23:00:00,5.63580398029047
2011-11-20 00:00:00,3.50427570424557
2011-11-20 01:00:00,3.73538313965832
2011-11-20 02:00:00,3.8456009698599
2011-11-20 03:00:00,4.05490011622145
2011-11-20 04:00:00,4.08036094500655
2011-11-20 05:00:00,4.28433334460547
2011-11-20 06:00:00,4.37660700794708
2011-11-20 07:00:00,4.30022934427754
2011-11-20 08:00:00,4.52744265053106
2011-11-20 09:00:00,4.45139927784024
2011-11-20 10:00:00,4.703412198699
2011-11-20 11:00:00,5.06764575262055
2011-11-20 12:00:00,5.17783357585414
2011-11-20 13:00:00,5.42721946910559
2011-11-20 14:00:00,5.28984957310013
2011-11-20 15:00:00,5.4660775759724
2011-11-20 16:00:00,5.62519408083851
2011-11-20 17:00:00,5.74435398750208
2011-11-20 18:00:00,5.87282026857437
2011-11-20 19:00:00,5.74119887441762
2011-11-20 20:00:00,5.9454500734764
2011-11-20 21:00:00,5.82133569330518
2011-11-20 22:00:00,5.31618255655111
2011-11-20 23:00:00,5.4174283033227
2011-11-21 00:00:00,3.27164000933198
2011-11-21 01:00:00,3.03380472795312
2011-11-21 02:00:00,3.00200985470279
2011-11-21 03:00:00,3.08534144158241
2011-11-21 04:00:00,3.186587188354
2011-11-21 05:00:00,3.64482812316803
2011-11-21 06:00:00,3.70369635204163
2011-11-21 07:00:00,4.02963167817808
2011-11-21 08:00:00,4.08160598350474
2011-11-21 09:00:00,4.25658652972729
2011-11-21 10:00:00,4.57767805085234
2011-11-21 11:00:00,4.71028107917689
2011-11-21 12:00:00,4.86903328609629
2011-11-21 13:00:00,4.97027903286788
2011-11-21 14:00:00,4.97155530310682
2011-11-21 15:00:00,4.4181185477473
2011-11-21 16:00:00,4.5193642945189
2011-11-21 17:00:00,4.60061772151548
2011-11-21 18:00:00,4.76144808831791
2011-11-21 19:00:00,4.72965321506757
2011-11-21 20:00:00,4.94596993045025
2011-11-21 21:00:00,5.02930151732986
2011-11-21 22:00:00,5.12157518067147
2011-11-21 23:00:00,5.23179301087305
2011-11-22 00:00:00,2.73675027215531
2011-11-22 01:00:00,2.88931561328689
2011-11-22 02:00:00,2.8482998641147
2011-11-22 03:00:00,2.9495456108863
2011-11-22 04:00:00,3.15964741913367
2011-11-22 05:00:00,3.26089316590526
2011-11-22 06:00:00,3.74151929884226
2011-11-22 07:00:00,3.48129881934043
2011-11-22 08:00:00,3.58254456611203
2011-11-22 09:00:00,3.65898222944469
2011-11-22 10:00:00,3.76022797621629
2011-11-22 11:00:00,3.90177308100283
2011-11-22 12:00:00,3.89866381149765
2011-11-22 13:00:00,4.04200827670737
2011-11-22 14:00:00,4.14325402347897
2011-11-22 15:00:00,4.35093294641038
2011-11-22 16:00:00,4.45217869318198
2011-11-22 17:00:00,4.48936878169174
2011-11-22 18:00:00,4.56372828514137
2011-11-22 19:00:00,4.82937193348786
2011-11-22 20:00:00,5.272798644517
2011-11-22 21:00:00,5.38298646775059
2011-11-22 22:00:00,5.64173619255012
2011-11-22 23:00:00,5.71879738077556
2011-11-23 00:00:00,3.39014520502888
2011-11-23 01:00:00,3.50483407346146
2011-11-23 02:00:00,3.26879815250578
2011-11-23 03:00:00,3.37004389927738
2011-11-23 04:00:00,3.60460906553076
2011-11-23 05:00:00,3.83608226109689
2011-11-23 06:00:00,3.74607386993962
2011-11-23 07:00:00,3.91630457847131
2011-11-23 08:00:00,4.15534078295569
2011-11-23 09:00:00,4.36791900241738
2011-11-23 10:00:00,4.46916474918897
2011-11-23 11:00:00,4.92867221854008
2011-11-23 12:00:00,5.07680663404849
2011-11-23 13:00:00,5.29979966018337
2011-11-23 14:00:00,5.18104447861584
2011-11-23 15:00:00,5.44650052113559
2011-11-23 16:00:00,5.38886271892165
2011-11-23 17:00:00,4.8916383512392
2011-11-23 18:00:00,5.66989630674601
2011-11-23 19:00:00,5.51978384362552
2011-11-23 20:00:00,5.39144918333567
2011-11-23 21:00:00,5.5487663277786
2011-11-23 22:00:00,5.54253558403201
2011-11-23 23:00:00,5.61689508748164
2011-11-24 00:00:00,3.31756356519279
2011-11-24 01:00:00,3.43492411143318
2011-11-24 02:00:00,3.43524256580063
2011-11-24 03:00:00,3.43105997496908
2011-11-24 04:00:00,3.66399677777301
2011-11-24 05:00:00,3.7697135627756
2011-11-24 06:00:00,3.8664882713162
2011-11-24 07:00:00,3.63315353172249
2011-11-24 08:00:00,4.00835183047019
2011-11-24 09:00:00,4.22781550464514
2011-11-24 10:00:00,4.47416542214206
2011-11-24 11:00:00,5.03406866070459
2011-11-24 12:00:00,5.27319036367584
2011-11-24 13:00:00,5.46228457913732
2011-11-24 14:00:00,5.65832820966462
2011-11-24 15:00:00,5.74613083477523
2011-11-24 16:00:00,5.81087771418492
2011-11-24 17:00:00,5.83143924643974
2011-11-24 18:00:00,5.54369147959214
2011-11-24 19:00:00,5.5466816117674
2011-11-24 20:00:00,5.16343540661814
2011-11-24 21:00:00,5.34046607137623
2011-11-24 22:00:00,5.44171181814782
2011-11-24 23:00:00,5.44925848704094
2011-11-25 00:00:00,3.08715087620467
2011-11-25 01:00:00,3.22360141786745
2011-11-25 02:00:00,3.06936833709512
2011-11-25 03:00:00,3.26155598545051
2011-11-25 04:00:00,3.44727796855823
2011-11-25 05:00:00,3.51716643377686
2011-11-25 06:00:00,3.43197380628351
2011-11-25 07:00:00,3.58633850783827
2011-11-25 08:00:00,3.64340737628869
2011-11-25 09:00:00,3.99146867360207
2011-11-25 10:00:00,4.2177707798051
2011-11-25 11:00:00,4.54583975734346
2011-11-25 12:00:00,5.0010152128488
2011-11-25 13:00:00,5.31350741732428
2011-11-25 14:00:00,5.54807258357766
2011-11-25 15:00:00,5.68581719771116
2011-11-25 16:00:00,5.69027239933088
2011-11-25 17:00:00,5.84938890419699
2011-11-25 18:00:00,5.71011754042847
2011-11-25 19:00:00,5.35139018480409
2011-11-25 20:00:00,5.57383630883521
2011-11-25 21:00:00,5.36667878918383
2011-11-25 22:00:00,5.41033454294126
2011-11-25 23:00:00,5.44026640995736
2011-11-26 00:00:00,3.20821675360634
2011-11-26 01:00:00,3.26261394424895
2011-11-26 02:00:00,3.25044709282691
2011-11-26 03:00:00,3.36243427648368
2011-11-26 04:00:00,3.46368002325527
2011-11-26 05:00:00,3.64512623472549
2011-11-26 06:00:00,3.91058227724523
2011-11-26 07:00:00,3.53888017086697
2011-11-26 08:00:00,3.97133417165011
2011-11-26 09:00:00,4.1149574363197
2011-11-26 10:00:00,4.19800825811896
2011-11-26 11:00:00,4.70307021112832
2011-11-26 12:00:00,5.02416173225337
2011-11-26 13:00:00,5.31598260054219
2011-11-26 14:00:00,5.56558110491868
2011-11-26 15:00:00,5.79092539525022
2011-11-26 16:00:00,5.74085206416118
2011-11-26 17:00:00,5.84209781093278
2011-11-26 18:00:00,5.64048465083874
2011-11-26 19:00:00,5.54083362867354
2011-11-26 20:00:00,5.85433263732619
2011-11-26 21:00:00,5.50733454142648
2011-11-26 22:00:00,5.69952218978187
2011-11-26 23:00:00,5.51420296614969
2011-11-27 00:00:00,3.18555079040301
2011-11-27 01:00:00,3.2867965371746
2011-11-27 02:00:00,3.34566476604821
2011-11-27 03:00:00,3.35596861123601
2011-11-27 04:00:00,3.44647292112243
2011-11-27 05:00:00,3.57457490424799
2011-11-27 06:00:00,3.86923844731835
2011-11-27 07:00:00,3.91261343599543
2011-11-27 08:00:00,4.15440681677448
2011-11-27 09:00:00,4.52932631606233
2011-11-27 10:00:00,4.63057206283393
2011-11-27 11:00:00,4.97509209644032
2011-11-27 12:00:00,5.24480656606601
2011-11-27 13:00:00,5.25853813512644
2011-11-27 14:00:00,5.99360875349653
2011-11-27 15:00:00,6.04111202059219
2011-11-27 16:00:00,5.74354412254973
2011-11-27 17:00:00,5.72414905660202
2011-11-27 18:00:00,5.62559880593455
2011-11-27 19:00:00,5.64203205977079
2011-11-27 20:00:00,5.85494653583171
2011-11-27 21:00:00,5.86243771320596
2011-11-27 22:00:00,5.87892645856107
2011-11-27 23:00:00,5.98017220533266
2011-11-28 00:00:00,3.44572715773582
2011-11-28 01:00:00,3.55144394273841
2011-11-28 03:00:00,3.5227247001502
2011-11-28 04:00:00,3.67461299049064
2011-11-28 05:00:00,3.58871133961765
2011-11-28 06:00:00,3.83472696613584
2011-11-28 07:00:00,3.81814456800167
2011-11-28 08:00:00,3.99712974716862
2011-11-28 09:00:00,4.29888051475891
2011-11-28 10:00:00,4.62444307411496
2011-11-28 11:00:00,4.93763583313638
2011-11-28 12:00:00,5.07593235104335
2011-11-28 13:00:00,5.41750760252832
2011-11-28 14:00:00,5.56112320643115
2011-11-28 15:00:00,5.4399612691481
2011-11-28 16:00:00,5.5077715744837
2011-11-28 17:00:00,5.71202277354248
2011-11-28 18:00:00,5.65860721706768
2011-11-28 19:00:00,5.58134139302544
2011-11-28 20:00:00,5.86021055023818
2011-11-28 21:00:00,5.89188628615858
2011-11-28 22:00:00,5.82398429366443
2011-11-28 23:00:00,5.93417211689802
2011-11-29 00:00:00,3.39653924915724
2011-11-29 01:00:00,3.5246712392508
2011-11-29 02:00:00,3.64954964079509
2011-11-29 03:00:00,3.75079538756669
2011-11-29 04:00:00,4.06874645311265
2011-11-29 05:00:00,3.86970530835963
2011-11-29 06:00:00,4.08911349101571
2011-11-29 07:00:00,4.26338697947912
2011-11-29 08:00:00,4.42492440404068
2011-11-29 09:00:00,4.44058294957632
2011-11-29 10:00:00,4.54182869634792
2011-11-29 11:00:00,4.25303761514195
2011-11-29 12:00:00,4.31210111060905
2011-11-29 13:00:00,4.44883241735219
2011-11-29 14:00:00,4.2234244812096
2011-11-29 15:00:00,4.47109847814523
2011-11-29 16:00:00,4.54098694336387
2011-11-29 17:00:00,5.06191243431582
2011-11-29 18:00:00,5.23894309907391
2011-11-29 19:00:00,5.34916092927549
2011-11-29 20:00:00,5.30982903507163
2011-11-29 21:00:00,5.41107478184323
2011-11-29 22:00:00,5.43286723428316
2011-11-29 23:00:00,5.48298865328826
2011-11-30 00:00:00,3.37547632436577
2011-11-30 01:00:00,3.30476166405807
2011-11-30 02:00:00,3.33848555289352
2011-11-30 03:00:00,3.43973129966511
2011-11-30 04:00:00,3.39863005200606
2011-11-30 05:00:00,3.35758429586589
2011-11-30 06:00:00,3.34103190469971
2011-11-30 07:00:00,3.5332195530551
2011-11-30 08:00:00,3.66132153618067
2011-11-30 09:00:00,3.92277294575602
2011-11-30 10:00:00,4.22699362134745
2011-11-30 11:00:00,4.74355956051999
2011-11-30 12:00:00,4.85522011396479
2011-11-30 13:00:00,5.2993733675046
2011-11-30 14:00:00,5.40061911427619
2011-11-30 15:00:00,5.1098180271425
2011-11-30 16:00:00,5.19762065225312
2011-11-30 17:00:00,5.35104366753682
2011-11-30 18:00:00,5.28360808032927
2011-11-30 19:00:00,5.41883617064063
2011-11-30 20:00:00,5.52008191741223
2011-11-30 21:00:00,5.5025328277087
2011-11-30 22:00:00,5.48904386246844
2011-11-30 23:00:00,5.6043477869601
2011-12-20 00:00:00,3.4416956409975
2011-12-20 01:00:00,3.61458955850332
2011-12-20 02:00:00,3.72088325257767
2011-12-20 03:00:00,3.82212899934927
2011-12-20 04:00:00,4.07598789645222
2011-12-20 05:00:00,4.12762594517965
2011-12-20 06:00:00,4.22887169195124
2011-12-20 07:00:00,4.25433252073634
2011-12-20 08:00:00,4.63029533438255
2011-12-20 09:00:00,4.39619607989033
2011-12-20 10:00:00,4.80348616812151
2011-12-20 11:00:00,4.79306318560378
2011-12-20 12:00:00,5.09106895405991
2011-12-20 13:00:00,5.1923147008315
2011-12-20 14:00:00,5.22399043675191
2011-12-20 15:00:00,5.35450683635974
2011-12-20 16:00:00,5.28707124915219
2011-12-20 17:00:00,5.23185633225421
2011-12-20 18:00:00,5.23903870320061
2011-12-20 19:00:00,5.28207093206527
2011-12-20 20:00:00,5.34121796039873
2011-12-20 21:00:00,5.4269724325943
2011-12-20 22:00:00,5.71239078792106
2011-12-20 23:00:00,5.91636318751999
2011-12-21 00:00:00,2.75070305293257
2011-12-21 01:00:00,3.00326787756479
2011-12-21 02:00:00,3.03974894269492
2011-12-21 03:00:00,3.14099468946651
2011-12-21 04:00:00,3.24224043623811
2011-12-21 05:00:00,3.25021536343051
2011-12-21 06:00:00,3.20222019222451
2011-12-21 07:00:00,3.29244570265107
2011-12-21 08:00:00,2.91647523812652
2011-12-21 09:00:00,3.65761927021234
2011-12-21 10:00:00,4.06181592554961
2011-12-21 11:00:00,4.1630616723212
2011-12-21 12:00:00,3.72475137709164
2011-12-21 13:00:00,3.66607026051934
2011-12-21 14:00:00,4.35794285116021
2011-12-21 15:00:00,4.46816068136179
2011-12-21 16:00:00,3.88783768268031
2011-12-21 17:00:00,3.9890834294519
2011-12-21 18:00:00,4.4786516388509
2011-12-21 19:00:00,4.80638632541053
2011-12-21 20:00:00,4.91657414864412
2011-12-21 21:00:00,4.91769526489739
2011-12-21 22:00:00,5.009968928239
2011-12-21 23:00:00,5.09330051511862
2011-12-22 00:00:00,2.99741533858091
2011-12-22 01:00:00,2.61704995520051
2011-12-22 02:00:00,2.98912677970682
2011-12-22 03:00:00,3.25116520399375
2011-12-22 04:00:00,2.98923035914176
2011-12-22 05:00:00,3.0501767478984
2011-12-22 06:00:00,3.03353885824536
2011-12-22 07:00:00,3.00146518553517
2011-12-22 08:00:00,3.4047116857677
2011-12-22 09:00:00,3.57494239429939
2011-12-22 10:00:00,3.79435057695547
2011-12-22 11:00:00,4.02897123472773
2011-12-22 12:00:00,4.54814685697603
2011-12-22 13:00:00,4.48575921707124
2011-12-22 14:00:00,4.58700496384283
2011-12-22 15:00:00,4.79125616290162
2011-12-22 16:00:00,4.78949645738602
2011-12-22 17:00:00,4.83728699277523
2011-12-22 18:00:00,4.99193245941034
2011-12-22 19:00:00,5.06629196285997
2011-12-22 20:00:00,4.5914527933005
2011-12-22 21:00:00,4.6926985400721
2011-12-22 22:00:00,4.32289545658382
2011-12-22 23:00:00,4.61057957762036
2011-12-23 00:00:00,2.34014091978061
2011-12-23 01:00:00,2.44138666655221
2011-12-23 02:00:00,2.37624185035274
2011-12-23 03:00:00,2.47748759712433
2011-12-23 04:00:00,2.62353374710987
2011-12-23 05:00:00,2.81508849146078
2011-12-23 06:00:00,3.22755017246891
2011-12-23 07:00:00,3.31985384277851
2011-12-23 08:00:00,3.56336108549388
2011-12-23 09:00:00,3.82961978989945
2011-12-23 10:00:00,4.00940763095222
2011-12-23 11:00:00,4.19816755543498
2011-12-23 12:00:00,4.38242643471874
2011-12-23 13:00:00,4.52638595598756
2011-12-23 14:00:00,4.55356064670897
2011-12-23 15:00:00,4.5945147156906
2011-12-23 16:00:00,4.73847423695941
2011-12-23 17:00:00,4.64528888004188
2011-12-23 18:00:00,4.75857013616937
2011-12-23 19:00:00,4.79643077225709
2011-12-23 20:00:00,4.73227377889711
2011-12-23 21:00:00,4.80216224411575
2011-12-23 22:00:00,4.86102850736885
2011-12-23 23:00:00,4.9864588126866
2011-12-24 00:00:00,2.82933592091738
2011-12-24 01:00:00,3.02641439696936
2011-12-24 02:00:00,3.11216886916493
2011-12-24 03:00:00,3.15278668154733
2011-12-24 04:00:00,3.29494684239296
2011-12-24 05:00:00,3.39619258916455
2011-12-24 06:00:00,3.31864796566247
2011-12-24 07:00:00,3.30073457801222
2011-12-24 08:00:00,3.35270888333887
2011-12-24 09:00:00,3.90006482137987
2011-12-24 10:00:00,4.0270679986282
2011-12-24 11:00:00,4.21796157451286
2011-12-24 12:00:00,4.38129835949761
2011-12-24 13:00:00,4.44463762660221
2011-12-24 14:00:00,4.54588337337381
2011-12-24 15:00:00,4.62474392202243
2011-12-24 16:00:00,4.71392415247013
2011-12-24 17:00:00,4.66730855222172
2011-12-24 18:00:00,4.88508837142835
2011-12-24 19:00:00,4.83476428222695
2011-12-24 20:00:00,4.76194145506822
2011-12-24 21:00:00,4.83006056683167
2011-12-24 22:00:00,5.02713904288365
2011-12-24 23:00:00,4.98328061892992
2011-12-25 00:00:00,2.56773779036485
2011-12-25 01:00:00,2.51465652486877
2011-12-25 02:00:00,2.59602349169971
2011-12-25 03:00:00,2.75795266437937
2011-12-25 05:00:00,2.81975553390936
2011-12-25 06:00:00,2.92100128068096
2011-12-25 07:00:00,2.98856082790419
2011-12-25 08:00:00,3.02324449823164
2011-12-25 09:00:00,3.10286759615826
2011-12-25 10:00:00,3.32191148086763
2011-12-25 11:00:00,3.73198028352779
2011-12-25 12:00:00,3.71326423399172
2011-12-25 13:00:00,3.96132801342495
2011-12-25 14:00:00,4.24136413047023
2011-12-25 15:00:00,4.36679443578798
2011-12-25 16:00:00,4.58628811693093
2011-12-25 17:00:00,4.55137176943919
2011-12-25 18:00:00,4.49202010528894
2011-12-25 19:00:00,4.81449119737158
2011-12-25 20:00:00,5.02357969822858
2011-12-25 21:00:00,4.94766343817594
2011-12-25 22:00:00,4.8976201140549
2011-12-25 23:00:00,4.92926584300731
2011-12-26 00:00:00,2.24383051763129
2011-12-26 01:00:00,2.76857598398782
2011-12-26 02:00:00,3.15721740439651
2011-12-26 04:00:00,3.33971657816468
2011-12-26 05:00:00,3.52847650264744
2011-12-26 06:00:00,3.55289401707418
2011-12-26 07:00:00,3.6696310384218
2011-12-26 08:00:00,3.79506134373955
2011-12-26 09:00:00,3.84594531202266
2011-12-26 10:00:00,4.03290587608223
2011-12-26 11:00:00,4.09143784835661
2011-12-26 12:00:00,4.28680246247227
2011-12-26 13:00:00,4.59529890970121
2011-12-26 14:00:00,4.70551673990279
2011-12-26 15:00:00,4.78434728158341
2011-12-26 16:00:00,4.68014168832085
2011-12-26 17:00:00,4.67590360597043
2011-12-26 18:00:00,4.73347776237331
2011-12-26 19:00:00,4.55011305314998
2011-12-26 20:00:00,4.78777165229727
2011-12-26 21:00:00,4.60755586748672
2011-12-26 22:00:00,4.70880161425831
2011-12-26 23:00:00,4.75692840624675
2011-12-27 00:00:00,2.39509959487032
2011-12-27 01:00:00,2.52947197665007
2011-12-27 02:00:00,2.63071772342166
2011-12-27 03:00:00,3.10632141776805
2011-12-27 04:00:00,3.14693923015045
2011-12-27 05:00:00,3.23887860251333
2011-12-27 06:00:00,3.39006633830782
2011-12-27 07:00:00,3.46859063035721
2011-12-27 08:00:00,3.57610677578298
2011-12-27 09:00:00,3.33146306934404
2011-12-27 10:00:00,3.82553232394202
2011-12-27 11:00:00,3.53395456288723
2011-12-27 12:00:00,3.36127579903021
2011-12-27 13:00:00,3.342615241013
2011-12-27 14:00:00,3.9337085358825
2011-12-27 15:00:00,4.03495428265409
2011-12-27 16:00:00,4.0697214858479
2011-12-27 17:00:00,4.04340445500575
2011-12-27 18:00:00,4.37568629917153
2011-12-27 19:00:00,4.27215125348692
2011-12-27 20:00:00,4.26006990055175
2011-12-27 21:00:00,4.45225754890714
2011-12-27 22:00:00,4.55350329567873
2011-12-27 23:00:00,4.49274401922339
2011-12-28 00:00:00,2.30638334638849
2011-12-28 01:00:00,2.57435591273037
2011-12-28 02:00:00,2.88743513191744
2011-12-28 03:00:00,2.98868087868903
2011-12-28 05:00:00,3.24105886973625
2011-12-28 06:00:00,3.35304605339301
2011-12-28 07:00:00,3.45429180016461
2011-12-28 08:00:00,3.54479611005103
2011-12-28 09:00:00,3.67919849879877
2011-12-28 10:00:00,3.79146448191539
2011-12-28 11:00:00,4.14183512471037
2011-12-28 12:00:00,4.17471943461463
2011-12-28 13:00:00,4.35520783021335
2011-12-28 14:00:00,4.43406837886197
2011-12-28 15:00:00,4.58972715288746
2011-12-28 16:00:00,4.64859538176106
2011-12-28 17:00:00,4.67025571989312
2011-12-28 18:00:00,4.66734171698142
2011-12-28 19:00:00,4.70070130787015
2011-12-28 20:00:00,4.79300497817975
2011-12-28 21:00:00,4.82189353083749
2011-12-28 22:00:00,4.95629591958522
2011-12-28 23:00:00,5.01783582626664
2011-12-29 00:00:00,2.83685739171322
2011-12-29 01:00:00,2.73601637003767
2011-12-29 02:00:00,2.7831833805341
2011-12-29 03:00:00,2.76618119293434
2011-12-29 04:00:00,2.90058358168208
2011-12-29 05:00:00,3.02629268645969
2011-12-29 06:00:00,3.12002945362525
2011-12-29 07:00:00,3.0455227714982
2011-12-29 08:00:00,3.41541736316109
2011-12-29 09:00:00,3.43010871371352
2011-12-29 10:00:00,3.58270406181309
2011-12-29 11:00:00,3.80666878118703
2011-12-29 12:00:00,4.01511221901695
2011-12-29 13:00:00,4.21936341807574
2011-12-29 14:00:00,4.41582683806863
2011-12-29 15:00:00,4.50186010972405
2011-12-29 16:00:00,4.41443220274149
2011-12-29 17:00:00,4.37926509713739
2011-12-29 18:00:00,4.54732367846549
2011-12-29 19:00:00,4.68200486667309
2011-12-29 20:00:00,4.56236152473286
2011-12-29 21:00:00,4.90185861633479
2011-12-29 22:00:00,4.77379509473804
2011-12-29 23:00:00,4.92611164337776
2011-12-30 00:00:00,2.47060374777646
2011-12-30 01:00:00,2.63422129784157
2011-12-30 02:00:00,2.57967692852154
2011-12-30 03:00:00,2.68092267529313
2011-12-30 04:00:00,2.77769738383373
2011-12-30 05:00:00,2.80315821261883
2011-12-30 06:00:00,2.98018887737692
2011-12-30 07:00:00,3.00564970616202
2011-12-30 08:00:00,3.27557678691276
2011-12-30 09:00:00,3.3078299111575
2011-12-30 10:00:00,3.59467445326286
2011-12-30 11:00:00,3.74732529288131
2011-12-30 12:00:00,4.00916845057475
2011-12-30 13:00:00,4.38210098361268
2011-12-30 14:00:00,4.72982798994733
2011-12-30 15:00:00,4.72307582864785
2011-12-30 16:00:00,4.83706414253447
2011-12-30 17:00:00,4.73879269132686
2011-12-30 18:00:00,4.58323553111581
2011-12-30 19:00:00,5.00844940562622
2011-12-30 20:00:00,4.88483834778696
2011-12-30 21:00:00,5.02818281299669
2011-12-30 22:00:00,4.98708156533764
2011-12-30 23:00:00,5.1909684664497
2011-12-31 00:00:00,3.2109144222511
2011-12-31 01:00:00,3.3410945652597
2011-12-31 02:00:00,3.4423403120313
2011-12-31 03:00:00,3.54358605880289
2011-12-31 04:00:00,3.27944594142968
2011-12-31 05:00:00,3.34701314941966
2011-12-31 06:00:00,3.65269692883505
2011-12-31 07:00:00,3.21159945034281
2011-12-31 08:00:00,3.33702037654885
2011-12-31 09:00:00,3.64270415596424
2011-12-31 10:00:00,3.83559886207876
2011-12-31 11:00:00,4.05472824527499
2011-12-31 12:00:00,4.89262681574535
2011-12-31 13:00:00,4.96423761173399
2011-12-31 14:00:00,4.79535283531682
2011-12-31 15:00:00,5.00646795095456
2011-12-31 16:00:00,4.97365977031385
2011-12-31 17:00:00,4.92881352352064
2011-12-31 18:00:00,5.01214511040025
2011-12-31 19:00:00,5.14027710049381
2011-12-31 20:00:00,5.24152284726541
2011-12-31 21:00:00,5.23106985777969
2011-12-31 22:00:00,5.21139599237211
2011-12-31 23:00:00,5.16961572830142
2012-01-20 00:00:00,2.85305768966888
2012-01-20 01:00:00,2.86292561579065
2012-01-20 02:00:00,2.96417136256225
2012-01-20 03:00:00,2.95374838004452
2012-01-20 04:00:00,2.89136074013973
2012-01-20 05:00:00,2.99260648691132
2012-01-20 06:00:00,3.06311847702273
2012-01-20 07:00:00,3.01003721152665
2012-01-20 08:00:00,3.19600995274674
2012-01-20 09:00:00,3.55315506721723
2012-01-20 10:00:00,3.87929453564504
2012-01-20 11:00:00,4.10033304737108
2012-01-20 12:00:00,4.16232275048608
2012-01-20 13:00:00,4.20070528337927
2012-01-20 14:00:00,4.42516141333811
2012-01-20 15:00:00,4.53742739645474
2012-01-20 16:00:00,4.55703958167175
2012-01-20 17:00:00,4.83853880254098
2012-01-20 18:00:00,4.82499434578185
2012-01-20 19:00:00,4.88524017999254
2012-01-20 20:00:00,5.02748583932504
2012-01-20 21:00:00,5.08326063530474
2012-01-20 22:00:00,5.14032950375516
2012-01-20 23:00:00,4.30818839310818
2012-01-21 00:00:00,2.07613873675716
2012-01-21 01:00:00,1.79286004252005
2012-01-21 02:00:00,2.0469434624951
2012-01-21 03:00:00,1.98450033107144
2012-01-21 04:00:00,2.23422248092212
2012-01-21 05:00:00,2.29756174802672
2012-01-21 06:00:00,2.26852405107106
2012-01-21 07:00:00,2.36976979784266
2012-01-21 08:00:00,2.85278880912762
2012-01-21 09:00:00,2.95403455589921
2012-01-21 10:00:00,2.65798575661342
2012-01-21 11:00:00,3.3868070110498
2012-01-21 12:00:00,3.59690881929716
2012-01-21 13:00:00,3.6829120839846
2012-01-21 14:00:00,3.36894912480683
2012-01-21 15:00:00,3.47019487157842
2012-01-21 16:00:00,3.95771492806237
2012-01-21 17:00:00,4.08584691815593
2012-01-21 18:00:00,4.26287758291402
2012-01-21 19:00:00,4.203862175363
2012-01-21 20:00:00,4.32059919671062
2012-01-21 21:00:00,4.31070007661886
2012-01-21 22:00:00,4.6140325918376
2012-01-21 23:00:00,4.56851579746643
2012-01-22 00:00:00,2.04252669096345
2012-01-22 01:00:00,2.48787190963411
2012-01-22 02:00:00,2.58464661817471
2012-01-22 03:00:00,2.7616772829328
2012-01-22 04:00:00,2.2144254277406
2012-01-22 05:00:00,2.43079763464214
2012-01-22 06:00:00,2.92933792747112
2012-01-22 07:00:00,3.03058367424272
2012-01-22 08:00:00,3.13182942101431
2012-01-22 09:00:00,3.23307516778591
2012-01-22 10:00:00,3.31013635601134
2012-01-22 11:00:00,2.95627229014991
2012-01-22 12:00:00,3.44587050651689
2012-01-22 13:00:00,3.60470624630265
2012-01-22 14:00:00,3.67282535806609
2012-01-22 15:00:00,3.74063566340169
2012-01-22 16:00:00,3.84188141017329
2012-01-22 17:00:00,4.00074715692704
2012-01-22 18:00:00,3.61375645605745
2012-01-22 19:00:00,3.71500220282904
2012-01-22 20:00:00,3.79206339105448
2012-01-22 21:00:00,3.91749369637223
2012-01-22 22:00:00,4.34784158368711
2012-01-22 23:00:00,4.41118085079171
2012-01-23 00:00:00,2.22962023194975
2012-01-23 01:00:00,2.27774702393818
2012-01-23 02:00:00,2.37899277070978
2012-01-23 03:00:00,2.53335747226454
2012-01-23 04:00:00,2.76792263851792
2012-01-23 05:00:00,2.77822648370572
2012-01-23 06:00:00,2.87947223047731
2012-01-23 07:00:00,2.58342343119152
2012-01-23 08:00:00,2.59811478174396
2012-01-23 09:00:00,3.12561947777794
2012-01-23 10:00:00,3.1783563323826
2012-01-23 11:00:00,3.22201208614003
2012-01-23 12:00:00,3.42294654436392
2012-01-23 13:00:00,3.11168526996196
2012-01-23 14:00:00,3.1597820549824
2012-01-23 15:00:00,3.51881802816228
2012-01-23 16:00:00,3.79272473655911
2012-01-23 17:00:00,3.87296289054482
2012-01-23 18:00:00,3.98624414667232
2012-01-23 19:00:00,4.13883949477189
2012-01-23 20:00:00,4.13398635636239
2012-01-23 21:00:00,4.22868290501995
2012-01-23 22:00:00,4.32992865179154
2012-01-23 23:00:00,4.59309392330321
2012-01-24 00:00:00,2.22937597705057
2012-01-24 01:00:00,2.46984724401141
2012-01-24 02:00:00,2.56215091432101
2012-01-24 03:00:00,2.72098665410677
2012-01-24 04:00:00,2.66062168256615
2012-01-24 05:00:00,2.76186742933774
2012-01-24 06:00:00,3.0005393358754
2012-01-24 07:00:00,3.12596964119315
2012-01-24 08:00:00,3.22721538796474
2012-01-24 09:00:00,3.40598992162714
2012-01-24 10:00:00,3.2476124328358
2012-01-24 11:00:00,3.45321319588418
2012-01-24 12:00:00,3.56343102608576
2012-01-24 13:00:00,3.66467677285735
2012-01-24 14:00:00,3.91715609900271
2012-01-24 15:00:00,4.48969132850671
2012-01-24 16:00:00,4.41328365786918
2012-01-24 17:00:00,4.60384294277512
2012-01-24 18:00:00,4.73877488909507
2012-01-24 19:00:00,5.09122369177308
2012-01-24 20:00:00,4.53322989628186
2012-01-24 21:00:00,4.79473679737607
2012-01-24 22:00:00,4.65993647183855
2012-01-24 23:00:00,4.83696713659664
2012-01-25 00:00:00,2.12379248546176
2012-01-25 01:00:00,2.59873573787002
2012-01-25 02:00:00,2.64863188331364
2012-01-25 03:00:00,2.63199399366061
2012-01-25 04:00:00,2.79353338384267
2012-01-25 05:00:00,2.89477913061427
2012-01-25 06:00:00,2.89054104826385
2012-01-25 07:00:00,2.96147282784085
2012-01-25 08:00:00,3.14744556906093
2012-01-25 09:00:00,3.24869131583252
2012-01-25 10:00:00,3.54103360167423
2012-01-25 11:00:00,3.89629507216579
2012-01-25 12:00:00,4.06979638496395
2012-01-25 13:00:00,4.23167006612474
2012-01-25 14:00:00,4.36188021610134
2012-01-25 15:00:00,4.56618690667899
2012-01-25 16:00:00,4.48375145548031
2012-01-25 17:00:00,4.6273747201499
2012-01-25 18:00:00,4.48023007882863
2012-01-25 19:00:00,4.99137482466543
2012-01-25 20:00:00,4.73432193181215
2012-01-25 21:00:00,4.75882494472576
2012-01-25 22:00:00,4.84485821638118
2012-01-25 23:00:00,5.08789905380996
2012-01-26 00:00:00,2.55455808730712
2012-01-26 01:00:00,2.70892278886188
2012-01-26 02:00:00,2.7325862228443
2012-01-26 03:00:00,2.89592300782904
2012-01-26 04:00:00,2.84397869519752
2012-01-26 05:00:00,3.14526305750122
2012-01-26 06:00:00,3.12420962113606
2012-01-26 07:00:00,3.20996409333163
2012-01-26 08:00:00,3.31120984010322
2012-01-26 09:00:00,3.47004557988897
2012-01-26 10:00:00,3.5271144483394
2012-01-26 11:00:00,3.5708537349632
2012-01-26 12:00:00,3.81408217821871
2012-01-26 13:00:00,4.1955508756206
2012-01-26 14:00:00,4.37053142184314
2012-01-26 15:00:00,4.51387588705287
2012-01-26 16:00:00,4.56855187715533
2012-01-26 17:00:00,4.6850100990431
2012-01-26 18:00:00,4.78625584581469
2012-01-26 19:00:00,4.80097523771462
2012-01-26 20:00:00,4.82022115936441
2012-01-26 21:00:00,5.00346673125781
2012-01-26 22:00:00,4.80271172456847
2012-01-26 23:00:00,5.08365904166424
2012-01-27 00:00:00,2.83113454371647
2012-01-27 01:00:00,2.84765329603958
2012-01-27 02:00:00,2.6893312987671
2012-01-27 03:00:00,3.00405878273178
2012-01-27 04:00:00,2.97673494771245
2012-01-27 05:00:00,3.21999339793596
2012-01-27 06:00:00,3.23029724312376
2012-01-27 07:00:00,3.32257090646536
2012-01-27 08:00:00,3.37288734478842
2012-01-27 09:00:00,3.47413309156001
2012-01-27 10:00:00,3.31556799694193
2012-01-27 11:00:00,3.89607810792472
2012-01-27 12:00:00,4.13933655814823
2012-01-27 13:00:00,4.60102429472225
2012-01-27 14:00:00,4.78975421223701
2012-01-27 15:00:00,4.84237358059074
2012-01-27 16:00:00,4.92629868539514
2012-01-27 17:00:00,5.00929598129603
2012-01-27 18:00:00,5.04155676630752
2012-01-27 19:00:00,4.90014524792391
2012-01-27 20:00:00,4.8624717241375
2012-01-27 21:00:00,4.9708901939159
2012-01-27 22:00:00,5.13456323549987
2012-01-27 23:00:00,5.20265234029532
2012-01-28 00:00:00,2.88483237513746
2012-01-28 01:00:00,2.99234852056323
2012-01-28 02:00:00,2.92306695711149
2012-01-28 03:00:00,3.00910022876692
2012-01-28 04:00:00,3.04825493732536
2012-01-28 05:00:00,2.89976073201449
2012-01-28 06:00:00,3.13438138978674
2012-01-28 07:00:00,3.11746470067385
2012-01-28 08:00:00,3.04323681800665
2012-01-28 09:00:00,3.24417127623054
2012-01-28 10:00:00,3.53728621699009
2012-01-28 11:00:00,3.93520597045999
2012-01-28 12:00:00,3.9633684840209
2012-01-28 13:00:00,4.20074631808783
2012-01-28 14:00:00,4.65947150613385
2012-01-28 15:00:00,4.83065156170335
2012-01-28 16:00:00,5.02840905416697
2012-01-28 17:00:00,5.13862688436856
2012-01-28 18:00:00,5.23607214048711
2012-01-28 19:00:00,5.60451209715973
2012-01-28 20:00:00,5.5366782586209
2012-01-28 21:00:00,5.50856383297606
2012-01-28 22:00:00,5.48475322031622
2012-01-28 23:00:00,5.58937119944158
2012-01-29 00:00:00,3.15490090359417
2012-01-29 01:00:00,3.32985340846922
2012-01-29 02:00:00,3.41037232753529
2012-01-29 03:00:00,3.44097474212934
2012-01-29 04:00:00,3.4536930037994
2012-01-29 05:00:00,3.15008769880855
2012-01-29 06:00:00,3.45149570658643
2012-01-29 07:00:00,3.56477696271393
2012-01-29 08:00:00,3.57845304025549
2012-01-29 09:00:00,3.63422783623519
2012-01-29 10:00:00,3.98330440655944
2012-01-29 11:00:00,4.30201151817021
2012-01-29 12:00:00,4.51804746847253
2012-01-29 13:00:00,4.61929321524413
2012-01-29 14:00:00,4.72948103847771
2012-01-29 15:00:00,4.93933208861272
2012-01-29 16:00:00,5.14150512778846
2012-01-29 17:00:00,5.24275087456006
2012-01-29 18:00:00,5.21129225790895
2012-01-29 19:00:00,5.19023882154379
2012-01-29 20:00:00,5.08887393744227
2012-01-29 21:00:00,5.29897574568963
2012-01-29 22:00:00,5.53767765919528
2012-01-29 23:00:00,5.47253284299582
2012-01-30 00:00:00,3.39129212126567
2012-01-30 01:00:00,2.62165245918572
2012-01-30 02:00:00,2.86240449122692
2012-01-30 03:00:00,2.95675631445156
2012-01-30 04:00:00,2.95223943264129
2012-01-30 05:00:00,3.05348517941289
2012-01-30 06:00:00,3.29665813114953
2012-01-30 07:00:00,3.40687596135111
2012-01-30 08:00:00,3.4026378790007
2012-01-30 09:00:00,3.50388362577229
2012-01-30 10:00:00,3.75608415245779
2012-01-30 11:00:00,3.94455484302651
2012-01-30 12:00:00,4.12325234703573
2012-01-30 13:00:00,4.39583497599385
2012-01-30 14:00:00,4.71184040282882
2012-01-30 15:00:00,4.78890159105426
2012-01-30 16:00:00,4.91708907266669
2012-01-30 17:00:00,5.12134027172547
2012-01-30 18:00:00,5.14095245694248
2012-01-30 19:00:00,4.84873168624338
2012-01-30 20:00:00,5.01645597659276
2012-01-30 21:00:00,5.07223077257246
2012-01-30 22:00:00,5.01597254131611
2012-01-30 23:00:00,4.88426368305199
2012-01-31 00:00:00,2.73688025441382
2012-01-31 01:00:00,3.00313895881939
2012-01-31 02:00:00,3.124377025366
2012-01-31 03:00:00,3.18015182134569
2012-01-31 04:00:00,3.21179755029811
2012-01-31 05:00:00,3.3130432970697
2012-01-31 06:00:00,3.31749849868942
2012-01-31 07:00:00,3.26433173470647
2012-01-31 08:00:00,3.38081996356223
2012-01-31 09:00:00,3.67255533336418
2012-01-31 10:00:00,3.95117373246455
2012-01-31 11:00:00,4.46719276953332
2012-01-31 12:00:00,4.48196765295212
2012-01-31 13:00:00,4.79350204155609
2012-01-31 14:00:00,5.11668019139787
2012-01-31 15:00:00,5.3839802445413
2012-01-31 16:00:00,5.48522599131289
2012-01-31 17:00:00,5.5774996546545
2012-01-31 18:00:00,5.69114520872871
2012-01-31 19:00:00,5.60946580359486
2012-01-31 20:00:00,5.00636535525846
2012-01-31 21:00:00,5.67132416464372
2012-01-31 22:00:00,5.70015722578258
2012-01-31 23:00:00,5.7424889001013
2012-02-20 00:00:00,2.29271908665599
2012-02-20 01:00:00,2.39396483342759
2012-02-20 02:00:00,2.49521058019918
2012-02-20 03:00:00,2.63424926680342
2012-02-20 05:00:00,3.16193133943684
2012-02-20 06:00:00,3.19156706246153
2012-02-20 07:00:00,3.3891669560664
2012-02-20 08:00:00,3.22766799303365
2012-02-20 09:00:00,3.32891373980525
2012-02-20 10:00:00,3.56005118218599
2012-02-20 11:00:00,3.82498580715284
2012-02-20 12:00:00,4.05797810147564
2012-02-20 13:00:00,4.2649864768291
2012-02-20 14:00:00,4.51476411819865
2012-02-20 15:00:00,4.65529591559483
2012-02-20 16:00:00,4.96545073324122
2012-02-20 17:00:00,5.18387956189149
2012-02-20 18:00:00,4.95903315590962
2012-02-20 19:00:00,5.06027890268121
2012-02-20 20:00:00,5.19465128446096
2012-02-20 21:00:00,5.12669380044794
2012-02-20 22:00:00,5.15698996541075
2012-02-20 23:00:00,5.36439008888231
2012-02-21 00:00:00,2.54818802618614
2012-02-21 01:00:00,2.78584662533343
2012-02-21 02:00:00,2.78436571927769
2012-02-21 04:00:00,2.8838517605337
2012-02-21 05:00:00,2.86721387088066
2012-02-21 06:00:00,2.87751771606846
2012-02-21 07:00:00,3.18758900084848
2012-02-21 08:00:00,3.11336111818128
2012-02-21 09:00:00,3.12813600160008
2012-02-21 10:00:00,3.33202290271214
2012-02-21 11:00:00,3.67093494522298
2012-02-21 12:00:00,4.10021198024585
2012-02-21 13:00:00,4.23229359101751
2012-02-21 14:00:00,4.39055194247893
2012-02-21 15:00:00,4.4347850845607
2012-02-21 16:00:00,4.66597801846032
2012-02-21 17:00:00,5.03609022291794
2012-02-21 18:00:00,5.13733596968954
2012-02-21 19:00:00,4.93388693899115
2012-02-21 20:00:00,4.87349196048253
2012-02-21 21:00:00,4.86872432055989
2012-02-21 22:00:00,4.99602364179963
2012-02-21 23:00:00,4.92886881967244
2012-02-22 00:00:00,2.60021664392576
2012-02-22 01:00:00,2.69842444932232
2012-02-22 02:00:00,2.86299981525892
2012-02-22 03:00:00,3.03922781813118
2012-02-22 04:00:00,2.99597678946979
2012-02-22 05:00:00,3.0944653599467
2012-02-22 06:00:00,3.08058464658835
2012-02-22 07:00:00,3.2015439136751
2012-02-22 08:00:00,3.27584792560586
2012-02-22 09:00:00,3.49497730880209
2012-02-22 10:00:00,3.62344358987437
2012-02-22 11:00:00,3.82285945275544
2012-02-22 12:00:00,4.18951392637244
2012-02-22 13:00:00,4.45858529859156
2012-02-22 14:00:00,4.61118064669113
2012-02-22 15:00:00,5.21446820732884
2012-02-22 16:00:00,5.401848560854
2012-02-22 17:00:00,5.43523815871072
2012-02-22 18:00:00,5.46636199085767
2012-02-22 19:00:00,5.46631614727839
2012-02-22 20:00:00,5.45310598149799
2012-02-22 21:00:00,5.87791197828986
2012-02-22 22:00:00,5.67351163493316
2012-02-22 23:00:00,5.91677008515667
2012-02-23 00:00:00,3.44610520595807
2012-02-23 01:00:00,3.38959621658936
2012-02-23 02:00:00,3.41229986907978
2012-02-23 03:00:00,3.03149406837751
2012-02-23 04:00:00,3.14943602194551
2012-02-23 05:00:00,3.2506817687171
2012-02-23 06:00:00,3.00727613981617
2012-02-23 07:00:00,3.20843587160155
2012-02-23 08:00:00,3.16739011546137
2012-02-23 09:00:00,3.37749192370874
2012-02-23 10:00:00,3.92644998995892
2012-02-23 11:00:00,4.46941842263528
2012-02-23 12:00:00,4.69473270599882
2012-02-23 13:00:00,4.86591276156832
2012-02-23 14:00:00,5.05776415332448
2012-02-23 15:00:00,5.18380951470132
2012-02-23 16:00:00,5.3020116054934
2012-02-23 17:00:00,5.41043007527179
2012-02-23 18:00:00,5.42691882062691
2012-02-23 19:00:00,5.39968244971493
2012-02-23 20:00:00,5.3540801568569
2012-02-23 21:00:00,5.33401454333123
2012-02-23 22:00:00,5.39873141577292
2012-02-23 23:00:00,5.4238494847456
2012-02-24 00:00:00,3.23013695191083
2012-02-24 01:00:00,3.13340070489905
2012-02-24 02:00:00,2.76318721105689
2012-02-24 03:00:00,2.97246084870629
2012-02-24 04:00:00,2.95582295905325
2012-02-24 05:00:00,3.24366419969597
2012-02-24 06:00:00,3.33596787000557
2012-02-24 07:00:00,3.62185459623944
2012-02-24 08:00:00,3.712080106666
2012-02-24 09:00:00,3.1488787116305
2012-02-24 10:00:00,3.26564573994612
2012-02-24 11:00:00,3.78837059132125
2012-02-24 12:00:00,4.10119708677545
2012-02-24 13:00:00,4.31138439350968
2012-02-24 14:00:00,4.5577343110066
2012-02-24 15:00:00,3.85882712135454
2012-02-24 16:00:00,3.96007286812613
2012-02-24 17:00:00,3.97046221180079
2012-02-24 18:00:00,4.43764522307681
2012-02-24 19:00:00,4.70356767088315
2012-02-24 20:00:00,5.12425549489627
2012-02-24 21:00:00,5.70881932367881
2012-02-24 22:00:00,5.67046678348076
2012-02-24 23:00:00,5.76069229390732
2012-02-25 00:00:00,3.17917746384037
2012-02-25 01:00:00,3.20213187444315
2012-02-25 02:00:00,3.22654938886989
2012-02-25 03:00:00,3.25676202096634
2012-02-25 04:00:00,3.41245080195982
2012-02-25 05:00:00,3.67340579928058
2012-02-25 06:00:00,3.77465154605217
2012-02-25 07:00:00,3.62206917493054
2012-02-25 08:00:00,3.59094484925816
2012-02-25 09:00:00,2.9788346739183
2012-02-25 10:00:00,3.62946669952574
2012-02-25 11:00:00,4.20961301597565
2012-02-25 12:00:00,4.51797043881936
2012-02-25 13:00:00,4.5820082948494
2012-02-25 14:00:00,4.68910465080958
2012-02-25 15:00:00,4.79242855746422
2012-02-25 16:00:00,4.94603917857466
2012-02-25 17:00:00,4.87400043882824
2012-02-25 18:00:00,5.07611798648511
2012-02-25 19:00:00,4.93442570302114
2012-02-25 20:00:00,5.1124696751696
2012-02-25 21:00:00,5.07077490958578
2012-02-25 22:00:00,5.12475034514229
2012-02-25 23:00:00,5.16708201946101
2012-02-26 00:00:00,2.86261440226049
2012-02-26 01:00:00,2.90944712177819
2012-02-26 02:00:00,3.01069286854978
2012-02-26 03:00:00,3.15945771902832
2012-02-26 04:00:00,3.26070346579992
2012-02-26 05:00:00,3.28307282731161
2012-02-26 06:00:00,3.37357713719803
2012-02-26 07:00:00,3.31737439746055
2012-02-26 08:00:00,3.44755454046916
2012-02-26 09:00:00,3.64258486360609
2012-02-26 10:00:00,3.94371210630362
2012-02-26 11:00:00,4.08078617285917
2012-02-26 12:00:00,4.29412043838568
2012-02-26 13:00:00,4.48501401427034
2012-02-26 14:00:00,4.70442219692642
2012-02-26 15:00:00,4.83598191089262
2012-02-26 16:00:00,4.92550686677323
2012-02-26 17:00:00,5.06018805498083
2012-02-26 18:00:00,5.03424379091908
2012-02-26 19:00:00,5.17207390353945
2012-02-26 20:00:00,5.10996506309451
2012-02-26 21:00:00,5.11439025774623
2012-02-26 22:00:00,5.24589448019356
2012-02-26 23:00:00,5.03255206037486
2012-02-27 00:00:00,2.5311481492993
2012-02-27 01:00:00,2.59004441952039
2012-02-27 02:00:00,2.55341421009234
2012-02-27 03:00:00,2.58067439930062
2012-02-27 04:00:00,2.5550644262176
2012-02-27 05:00:00,2.65631017298919
2012-02-27 06:00:00,2.94495407551774
2012-02-27 07:00:00,3.18882758180034
2012-02-27 08:00:00,3.26498644567315
2012-02-27 09:00:00,3.46682322824966
2012-02-27 10:00:00,3.93991284364699
2012-02-27 11:00:00,4.1559487939493
2012-02-27 12:00:00,4.57290955453591
2012-02-27 13:00:00,4.57874236149272
2012-02-27 14:00:00,4.91266194821967
2012-02-27 15:00:00,5.34778762681062
2012-02-27 16:00:00,5.48522599131289
2012-02-27 17:00:00,5.61678570527908
2012-02-27 18:00:00,5.62121089993081
2012-02-27 19:00:00,5.64082308514782
2012-02-27 20:00:00,5.6303700956621
2012-02-27 21:00:00,5.62138217562083
2012-02-27 22:00:00,5.55030125174591
2012-02-27 23:00:00,5.49137134268175
2012-02-28 00:00:00,3.09311914911588
2012-02-28 01:00:00,2.99760487420295
2012-02-28 02:00:00,3.24456984775895
2012-02-28 03:00:00,3.75539691147004
2012-02-28 04:00:00,3.36716787692414
2012-02-28 05:00:00,3.46841362369574
2012-02-28 06:00:00,3.47286882531545
2012-02-28 07:00:00,3.52304377021892
2012-02-28 08:00:00,3.53197001006963
2012-02-28 09:00:00,3.74344942365409
2012-02-28 10:00:00,3.91435067976374
2012-02-28 11:00:00,4.21994896069226
2012-02-28 12:00:00,4.40015659121062
2012-02-28 13:00:00,4.56487294715296
2012-02-28 14:00:00,4.85360038254787
2012-02-28 15:00:00,5.0227877767212
2012-02-28 16:00:00,5.09371955629819
2012-02-28 17:00:00,5.22527927026439
2012-02-28 18:00:00,5.31859624796436
2012-02-28 19:00:00,5.40088452048561
2012-02-28 20:00:00,5.43970297244483
2012-02-28 21:00:00,5.12054243252539
2012-02-28 22:00:00,5.22178817929699
2012-02-28 23:00:00,5.12590960643733
2012-02-29 00:00:00,2.84590534724282
2012-02-29 01:00:00,3.00777902840361
2012-02-29 02:00:00,2.91217925500381
2012-02-29 03:00:00,2.80302659183639
2012-02-29 05:00:00,2.88763444895495
2012-02-29 06:00:00,3.19966024814383
2012-02-29 07:00:00,3.13890097168849
2012-02-29 08:00:00,3.36452406147988
2012-02-29 09:00:00,3.03754623894041
2012-02-29 10:00:00,3.138791985712
2012-02-29 11:00:00,3.11593918892366
2012-02-29 12:00:00,3.20867111753254
2012-02-29 13:00:00,3.80062972315963
2012-02-29 14:00:00,3.90187546993123
2012-02-29 15:00:00,4.35879282872038
2012-02-29 16:00:00,4.04482986954261
2012-02-29 17:00:00,4.44967108449312
2012-02-29 18:00:00,4.10435084376239
2012-02-29 19:00:00,4.63424841814433
2012-02-29 20:00:00,4.38305551359135
2012-02-29 21:00:00,4.48430126036295
2012-02-29 22:00:00,4.52146134190472
2012-02-29 23:00:00,4.62270708867631
2012-03-20 00:00:00,3.18042598897322
2012-03-20 01:00:00,2.89243560403258
2012-03-20 02:00:00,3.02056759412614
2012-03-20 03:00:00,3.26360843155491
2012-03-20 04:00:00,3.36277601844347
2012-03-20 05:00:00,3.33278050561632
2012-03-20 06:00:00,3.48329769383285
2012-03-20 07:00:00,3.20516305443904
2012-03-20 08:00:00,3.75881692906786
2012-03-20 09:00:00,3.92035435362942
2012-03-20 10:00:00,3.86186084288386
2012-03-20 11:00:00,4.1054535840861
2012-03-20 12:00:00,4.40278880496427
2012-03-20 13:00:00,4.48612039184389
2012-03-20 14:00:00,4.86498903255727
2012-03-20 15:00:00,5.05132607172407
2012-03-20 16:00:00,5.06518975509238
2012-03-20 17:00:00,5.0089870153549
2012-03-20 18:00:00,5.18877485640767
2012-03-20 19:00:00,5.06698939423185
2012-03-20 20:00:00,5.23060694429695
2012-03-20 21:00:00,5.1868040118621
2012-03-20 22:00:00,5.18532310580636
2012-03-20 23:00:00,5.15324943309617
2012-03-21 00:00:00,2.92157131788835
2012-03-21 01:00:00,3.1254882259684
2012-03-21 02:00:00,3.1219846515485
2012-03-21 03:00:00,3.40982589219122
2012-03-21 04:00:00,3.49315747907083
2012-03-21 05:00:00,3.59440322584243
2012-03-21 06:00:00,3.58949459591406
2012-03-21 07:00:00,3.28447371319828
2012-03-21 08:00:00,3.3588632236159
2012-03-21 09:00:00,4.00835829635879
2012-03-21 10:00:00,4.22776647901487
2012-03-21 11:00:00,4.32901222578647
2012-03-21 12:00:00,4.51430595059491
2012-03-21 13:00:00,4.52460979578271
2012-03-21 14:00:00,4.74373917897893
2012-03-21 15:00:00,4.84498492575053
2012-03-21 16:00:00,4.89571177442746
2012-03-21 17:00:00,5.21104665368448
2012-03-21 18:00:00,5.28540615713411
2012-03-21 19:00:00,5.50481433979019
2012-03-21 20:00:00,5.20941856895132
2012-03-21 21:00:00,5.19725171752928
2012-03-21 22:00:00,5.27403410629487
2012-03-21 23:00:00,5.45932783110331
2012-03-22 00:00:00,3.02424247919681
2012-03-22 01:00:00,3.1254882259684
2012-03-22 02:00:00,3.22673397274
2012-03-22 03:00:00,3.32797971951159
2012-03-22 04:00:00,3.25576184277212
2012-03-22 05:00:00,3.35700758954371
2012-03-22 06:00:00,3.45825333631531
2012-03-22 07:00:00,3.5594990830869
2012-03-22 08:00:00,3.79378544988043
2012-03-22 09:00:00,3.89503119665202
2012-03-22 10:00:00,3.90533504183982
2012-03-22 11:00:00,4.11301396477124
2012-03-22 12:00:00,4.40579264893155
2012-03-22 13:00:00,4.54307585944815
2012-03-22 14:00:00,4.8511525172115
2012-03-22 15:00:00,5.08225995262425
2012-03-22 16:00:00,5.24413363378504
2012-03-22 17:00:00,5.37853602253278
2012-03-22 18:00:00,5.47978176930437
2012-03-22 19:00:00,5.59238400902022
2012-03-22 20:00:00,5.512369477517
2012-03-22 21:00:00,5.37542703174388
2012-03-22 22:00:00,5.36745241909298
2012-03-22 23:00:00,5.43737089127961
2012-03-23 00:00:00,3.08183247221097
2012-03-23 01:00:00,3.06519458255793
2012-03-23 02:00:00,3.19332657265149
2012-03-23 03:00:00,3.25666583975609
2012-03-23 04:00:00,3.39327350102504
2012-03-23 05:00:00,3.46316196624368
2012-03-23 06:00:00,3.65534961459907
2012-03-23 07:00:00,3.72110980139912
2012-03-23 08:00:00,3.80719856457342
2012-03-23 09:00:00,3.99803664893921
2012-03-23 10:00:00,4.21854363747252
2012-03-23 11:00:00,4.71609661087586
2012-03-23 12:00:00,5.11953071693512
2012-03-23 13:00:00,5.43510788547082
2012-03-23 14:00:00,5.65865281537917
2012-03-23 15:00:00,5.76884063861275
2012-03-23 16:00:00,5.87905846881434
2012-03-23 17:00:00,5.98030421558593
2012-03-23 18:00:00,5.82529895914835
2012-03-23 19:00:00,5.81732434649745
2012-03-23 20:00:00,5.94612688416896
2012-03-23 21:00:00,5.94748865289477
2012-03-23 22:00:00,5.89365134133387
2012-03-23 23:00:00,5.867762568791
2012-03-24 00:00:00,3.44816726346411
2012-03-24 01:00:00,3.45813681767318
2012-03-24 02:00:00,3.46112694984844
2012-03-24 03:00:00,3.56237269662004
2012-03-24 04:00:00,3.52582798567885
2012-03-24 05:00:00,3.81814026455256
2012-03-24 06:00:00,3.91938601132416
2012-03-24 07:00:00,3.89349723878128
2012-03-24 08:00:00,3.92171524386106
2012-03-24 09:00:00,4.21415116820896
2012-03-24 10:00:00,4.25752615688603
2012-03-24 11:00:00,4.22545248417584
2012-03-24 12:00:00,3.98075328621803
2012-03-24 13:00:00,4.09094110945162
2012-03-24 14:00:00,4.31448603935997
2012-03-24 15:00:00,4.30032652654176
2012-03-24 16:00:00,4.36574395352939
2012-03-24 17:00:00,4.53554640376181
2012-03-24 18:00:00,4.46137401261348
2012-03-24 19:00:00,4.53573351606311
2012-03-24 20:00:00,4.52185280270476
2012-03-24 21:00:00,4.62309854947635
2012-03-24 22:00:00,4.74225845613993
2012-03-24 23:00:00,5.34071273398269
2012-03-25 00:00:00,3.01206055823601
2012-03-25 01:00:00,2.97101480209583
2012-03-25 02:00:00,2.68840912447102
2012-03-25 03:00:00,2.88059677282641
2012-03-25 04:00:00,3.38810914908538
2012-03-25 05:00:00,3.33389907074407
2012-03-25 06:00:00,3.43514481751567
2012-03-25 07:00:00,3.64974767096203
2012-03-25 08:00:00,3.75099341773362
2012-03-25 09:00:00,3.82982395941425
2012-03-25 10:00:00,4.05958379645791
2012-03-25 11:00:00,4.03231545295744
2012-03-25 12:00:00,4.12461912326704
2012-03-25 13:00:00,4.34099133016859
2012-03-25 14:00:00,4.48461459483817
2012-03-25 15:00:00,4.59480241807176
2012-03-25 16:00:00,4.72035636886369
2012-03-25 17:00:00,4.96637199538188
2012-03-25 18:00:00,5.06761774215348
2012-03-25 19:00:00,5.21810492340202
2012-03-25 20:00:00,5.19252495728699
2012-03-25 21:00:00,5.27585654416661
2012-03-25 22:00:00,5.24996777162373
2012-03-25 23:00:00,5.39359103629331
2012-03-26 00:00:00,3.1459897585601
2012-03-26 01:00:00,3.10541040770652
2012-03-26 02:00:00,3.06439465853434
2012-03-26 03:00:00,3.24761022345974
2012-03-26 04:00:00,3.29781517533121
2012-03-26 05:00:00,3.4748458400893
2012-03-26 06:00:00,3.4668712274384
2012-03-26 07:00:00,3.76206432808098
2012-03-26 08:00:00,4.02385199425555
2012-03-26 09:00:00,4.41246537331675
2012-03-26 10:00:00,4.85448497545465
2012-03-26 11:00:00,4.98941692177461
2012-03-26 12:00:00,5.04243454145963
2012-03-26 13:00:00,5.25357966406536
2012-03-26 14:00:00,5.22254083687984
2012-03-26 15:00:00,5.43365595251758
2012-03-26 16:00:00,5.60450171710836
2012-03-26 17:00:00,5.62031341167233
2012-03-26 18:00:00,5.64914647281119
2012-03-26 19:00:00,5.71144242555743
2012-03-26 20:00:00,5.78954692814123
2012-03-26 21:00:00,5.85460005718215
2012-03-26 22:00:00,5.74659397326654
2012-03-26 23:00:00,5.77053620670882
2012-03-27 00:00:00,3.42672704736484
2012-03-27 01:00:00,3.46768111634647
2012-03-27 02:00:00,3.33245253250967
2012-03-27 03:00:00,3.44267036271125
2012-03-27 04:00:00,3.48016670085225
2012-03-27 05:00:00,3.48324233151437
2012-03-27 06:00:00,3.59997935286199
2012-03-27 07:00:00,3.70122509963358
2012-03-27 08:00:00,3.79145061006015
2012-03-27 09:00:00,3.88855960957947
2012-03-27 10:00:00,4.12872462690908
2012-03-27 11:00:00,4.39925910295215
2012-03-27 12:00:00,4.54288236762173
2012-03-27 13:00:00,4.73996084367371
2012-03-27 14:00:00,5.09592937192441
2012-03-27 15:00:00,5.25960241350838
2012-03-27 16:00:00,5.36084816027997
2012-03-27 17:00:00,5.56509935933876
2012-03-27 18:00:00,5.63569684793703
2012-03-27 19:00:00,5.71005635138666
2012-03-27 20:00:00,5.83818834148022
2012-03-27 21:00:00,5.44762842331842
2012-03-27 22:00:00,5.53990208666002
2012-03-27 23:00:00,5.6590619933236
2012-03-28 00:00:00,3.26944759220899
2012-03-28 01:00:00,3.28422247562779
2012-03-28 02:00:00,3.25552103527136
2012-03-28 03:00:00,3.47183775065404
2012-03-28 04:00:00,3.63343066673447
2012-03-28 05:00:00,3.73467641350607
2012-03-28 06:00:00,3.80836536937774
2012-03-28 07:00:00,3.90066903968734
2012-03-28 08:00:00,4.17980933559318
2012-03-28 09:00:00,4.39578979437663
2012-03-28 10:00:00,4.64495237968709
2012-03-28 11:00:00,4.80657530273552
2012-03-28 12:00:00,5.19775628664415
2012-03-28 13:00:00,5.10284940702355
2012-03-28 14:00:00,5.54225085725201
2012-03-28 15:00:00,5.74879282731887
2012-03-28 16:00:00,5.35974550470055
2012-03-28 17:00:00,5.43013638197312
2012-03-28 18:00:00,5.53138212874471
2012-03-28 19:00:00,5.72638244491365
2012-03-28 20:00:00,5.85898547323821
2012-03-28 21:00:00,5.67510897284924
2012-03-28 22:00:00,5.63752094754969
2012-03-28 23:00:00,5.63604004149395
2012-03-29 00:00:00,3.32530202563925
2012-03-29 01:00:00,3.5719881997354
2012-03-29 02:00:00,4.41885885363575
2012-03-29 03:00:00,4.33770900607411
2012-03-29 04:00:00,4.1908451298332
2012-03-29 05:00:00,4.10435842986912
2012-03-29 06:00:00,3.91787224640439
2012-03-29 07:00:00,4.17173114350734
2012-03-29 08:00:00,4.35151898456011
2012-03-29 09:00:00,4.47998526563239
2012-03-29 10:00:00,4.56298256153328
2012-03-29 11:00:00,4.77004642840562
2012-03-29 12:00:00,4.93914832409208
2012-03-29 13:00:00,4.87636243285601
2012-03-29 14:00:00,5.10134045962032
2012-03-29 15:00:00,5.2904346750818
2012-03-29 16:00:00,5.4282092961833
2012-03-29 17:00:00,5.51705523565228
2012-03-29 18:00:00,5.53388023760662
2012-03-29 19:00:00,5.58855622770908
2012-03-29 20:00:00,5.66705247841098
2012-03-29 21:00:00,5.63078656692965
2012-03-29 22:00:00,5.68965479580326
2012-03-29 23:00:00,5.74990063001395
2012-03-30 00:00:00,3.37914973582914
2012-03-30 01:00:00,3.38807597567985
2012-03-30 02:00:00,3.27936933721829
2012-03-30 03:00:00,3.21008777376655
2012-03-30 04:00:00,3.46155379252154
2012-03-30 05:00:00,3.39916615261675
2012-03-30 06:00:00,3.57445294847053
2012-03-30 07:00:00,3.64257206023398
2012-03-30 08:00:00,3.60740495462988
2012-03-30 09:00:00,3.8871622722153
2012-03-30 10:00:00,4.22365142941019
2012-03-30 11:00:00,4.39654534691601
2012-03-30 12:00:00,4.52473282852844
2012-03-30 13:00:00,4.33168948152984
2012-03-30 14:00:00,4.37230729391224
2012-03-30 15:00:00,4.51565175912197
2012-03-30 16:00:00,4.53864267990593
2012-03-30 17:00:00,5.01926881284293
2012-03-30 18:00:00,5.10621572942192
2012-03-30 19:00:00,5.05307897240697
2012-03-30 20:00:00,5.13641055928659
2012-03-30 21:00:00,5.12567877034101
2012-03-30 22:00:00,5.03353672778184
2012-03-30 23:00:00,5.16998726944461
2012-03-31 00:00:00,2.87152302986837
2012-03-31 01:00:00,3.2747695301009
2012-03-31 02:00:00,3.42087117160531
2012-03-31 03:00:00,3.23555194797313
2012-03-31 04:00:00,3.50395277261429
2012-03-31 05:00:00,3.42910136505432
2012-03-31 06:00:00,3.43637689525434
2012-03-31 07:00:00,3.53762264202593
2012-03-31 08:00:00,3.64781046525952
2012-03-31 09:00:00,4.08473550427366
2012-03-31 10:00:00,4.16806709115327
2012-03-31 11:00:00,4.28783439310918
2012-03-31 12:00:00,4.46694321775031
2012-03-31 13:00:00,4.84144096195206
2012-03-31 14:00:00,5.01697037589888
2012-03-31 15:00:00,5.23019365838765
2012-03-31 16:00:00,5.23290499110306
2012-03-31 17:00:00,5.09857107085213
2012-03-31 18:00:00,5.22168011894123
2012-03-31 19:00:00,5.12255295920199
2012-03-31 20:00:00,5.31455300173064
2012-03-31 21:00:00,5.41579874850224
2012-03-31 22:00:00,5.45225177228487
2012-03-31 23:00:00,5.31773221182771
2012-04-20 00:00:00,3.18674901864847
2012-04-20 01:00:00,3.04511872991655
2012-04-20 02:00:00,3.01332385666622
2012-04-20 03:00:00,3.08771336708384
2012-04-20 04:00:00,3.05563969437365
2012-04-20 05:00:00,3.12552815959228
2012-04-20 06:00:00,3.31771580794767
2012-04-20 07:00:00,3.32801965313547
2012-04-20 08:00:00,3.47164291780506
2012-04-20 09:00:00,3.73281552792055
2012-04-20 10:00:00,4.11659160518353
2012-04-20 11:00:00,4.4300631636648
2012-04-20 12:00:00,4.852081977194
2012-04-20 13:00:00,5.31594875104897
2012-04-20 14:00:00,5.41100959765326
2012-04-20 15:00:00,5.45781231020297
2012-04-20 16:00:00,5.60452900776646
2012-04-20 17:00:00,5.68719004706812
2012-04-20 18:00:00,5.74296484304782
2012-04-20 19:00:00,5.77185339570555
2012-04-20 20:00:00,5.60763492411287
2012-04-20 21:00:00,5.4756472663889
2012-04-20 22:00:00,5.57062261450632
2012-04-20 23:00:00,5.53303458920677
2012-04-21 00:00:00,3.25208625819122
2012-04-21 01:00:00,3.35333200496281
2012-04-21 02:00:00,3.42769150841244
2012-04-21 03:00:00,3.43766106262152
2012-04-21 04:00:00,3.5478488858551
2012-04-21 05:00:00,3.6490946326267
2012-04-21 06:00:00,3.7413983029363
2012-04-21 07:00:00,3.86055820959987
2012-04-21 08:00:00,4.01036637443677
2012-04-21 09:00:00,4.18776133714158
2012-04-21 10:00:00,4.7753048994704
2012-04-21 11:00:00,4.93546471869487
2012-04-21 12:00:00,5.10807983674084
2012-04-21 13:00:00,5.25479653430433
2012-04-21 14:00:00,5.55274681124159
2012-04-21 15:00:00,5.77806109460513
2012-04-21 16:00:00,5.81415237723766
2012-04-21 17:00:00,6.3259761394861
2012-04-21 18:00:00,6.15878172125044
2012-04-21 19:00:00,5.17284512152851
2012-04-21 20:00:00,4.95261074378336
2012-04-21 21:00:00,5.08074273387692
2012-04-21 22:00:00,5.34161673096666
2012-04-21 23:00:00,5.56469525558841
2012-04-22 00:00:00,3.20915683651977
2012-04-22 01:00:00,3.35073194827431
2012-04-22 02:00:00,3.42142307537877
2012-04-22 03:00:00,3.46185328193443
2012-04-22 04:00:00,3.63888394669252
2012-04-22 05:00:00,3.75804385335609
2012-04-22 06:00:00,3.96643179966714
2012-04-22 07:00:00,3.57013472438884
2012-04-22 08:00:00,3.51316746975286
2012-04-22 09:00:00,3.61441321652446
2012-04-22 10:00:00,3.69569665048903
2012-04-22 11:00:00,3.71218539584414
2012-04-22 12:00:00,3.82240322604572
2012-04-22 13:00:00,4.00837596726581
2012-04-22 14:00:00,4.02489471958891
2012-04-22 15:00:00,4.14405462625248
2012-04-22 16:00:00,4.26321453291606
2012-04-22 17:00:00,4.06246718699347
2012-04-22 18:00:00,4.16371293376507
2012-04-22 19:00:00,4.37828578024343
2012-04-22 20:00:00,4.39933106231641
2012-04-22 21:00:00,4.5825766342098
2012-04-22 22:00:00,4.59754678422209
2012-04-22 23:00:00,4.85629650902163
2012-04-23 00:00:00,2.45969741065644
2012-04-23 01:00:00,2.36761085961614
2012-04-23 02:00:00,2.85720907598312
2012-04-23 03:00:00,3.03595360267753
2012-04-23 04:00:00,2.69780608495361
2012-04-23 05:00:00,2.7990518317252
2012-04-23 06:00:00,3.25968564488719
2012-04-23 07:00:00,2.9925712418384
2012-04-23 08:00:00,3.56209112344416
2012-04-23 09:00:00,3.68125103010773
2012-04-23 10:00:00,3.92484377130997
2012-04-23 11:00:00,3.99293287610542
2012-04-23 12:00:00,3.72382581166047
2012-04-23 13:00:00,3.90982855984854
2012-04-23 14:00:00,4.1319939187993
2012-04-23 15:00:00,4.65471877017444
2012-04-23 16:00:00,3.89276272643773
2012-04-23 17:00:00,3.96990941315003
2012-04-23 18:00:00,4.19702109131625
2012-04-23 19:00:00,4.75613382701555
2012-04-23 20:00:00,4.83946541389517
2012-04-23 21:00:00,4.84046288467426
2012-04-23 22:00:00,4.88221764992121
2012-04-23 23:00:00,4.97452132023081
2012-04-24 00:00:00,2.84767711347142
2012-04-24 01:00:00,2.87313794225652
2012-04-24 02:00:00,2.78151779650281
2012-04-24 03:00:00,2.84935810880641
2012-04-24 04:00:00,3.06625987328017
2012-04-24 05:00:00,3.16750562005177
2012-04-24 06:00:00,3.27772345025335
2012-04-24 07:00:00,3.49961000974425
2012-04-24 08:00:00,3.71004610897035
2012-04-24 09:00:00,4.30827561666547
2012-04-24 10:00:00,4.43370592198322
2012-04-24 11:00:00,4.88882588596969
2012-04-24 12:00:00,5.06276311783387
2012-04-24 13:00:00,5.2061075830436
2012-04-24 14:00:00,5.36798126420439
2012-04-24 15:00:00,5.50848305463258
2012-04-24 16:00:00,5.54254320006726
2012-04-24 17:00:00,5.75956697320907
2012-04-24 18:00:00,5.76260609369001
2012-04-24 19:00:00,5.93997951826052
2012-04-24 20:00:00,5.97607080089305
2012-04-24 21:00:00,6.04825003711976
2012-04-24 22:00:00,5.814702686401
2012-04-24 23:00:00,5.82362892625171
2012-04-25 00:00:00,3.51046802508106
2012-04-25 01:00:00,3.52386530316277
2012-04-25 02:00:00,3.18023943961682
2012-04-25 03:00:00,3.06026180669787
2012-04-25 04:00:00,3.26451300575665
2012-04-25 05:00:00,3.38097122764442
2012-04-25 06:00:00,3.48221697441601
2012-04-25 07:00:00,3.50767780320111
2012-04-25 08:00:00,3.56002487530817
2012-04-25 09:00:00,4.13679049057064
2012-04-25 10:00:00,4.75250589985845
2012-04-25 11:00:00,4.9243649718396
2012-04-25 12:00:00,5.17341657411233
2012-04-25 13:00:00,5.32916084662468
2012-04-25 14:00:00,5.53133388580042
2012-04-25 15:00:00,5.66221458335497
2012-04-25 16:00:00,5.92414974274847
2012-04-25 17:00:00,6.01642340609007
2012-04-25 18:00:00,6.11319811463067
2012-04-25 19:00:00,6.1875576180803
2012-04-25 20:00:00,6.05820965040008
2012-04-25 21:00:00,5.63368276760956
2012-04-25 22:00:00,5.66740862206551
2012-04-25 23:00:00,5.96422194613822
2012-04-26 00:00:00,3.38470100546385
2012-04-26 01:00:00,3.7401877495169
2012-04-26 02:00:00,3.73980564933839
2012-04-26 03:00:00,3.83658035787899
2012-04-26 04:00:00,3.87719817026139
2012-04-26 05:00:00,3.93122909733678
2012-04-26 06:00:00,4.06830316389233
2012-04-26 07:00:00,3.47325143991282
2012-04-26 08:00:00,3.52522574523948
2012-04-26 09:00:00,3.52658751396528
2012-04-26 10:00:00,3.93418590521047
2012-04-26 11:00:00,4.05334581187404
2012-04-26 12:00:00,4.42128588912808
2012-04-26 13:00:00,4.50428318502897
2012-04-26 14:00:00,4.77501096204503
2012-04-26 15:00:00,4.78326665431779
2012-04-26 16:00:00,4.85315511953642
2012-04-26 17:00:00,4.90112479191868
2012-04-26 18:00:00,5.17999394913141
2012-04-26 19:00:00,5.29021177933299
2012-04-26 20:00:00,5.21380410869545
2012-04-26 21:00:00,5.19070251941525
2012-04-26 22:00:00,5.27403410629487
2012-04-26 23:00:00,5.25711741718197
2012-04-27 00:00:00,3.43278698499112
2012-04-27 01:00:00,3.55436327375746
2012-04-27 02:00:00,3.60453821866094
2012-04-27 03:00:00,3.82557673038698
2012-04-27 04:00:00,3.85825927048456
2012-04-27 05:00:00,3.99086229880912
2012-04-27 06:00:00,4.03380902918692
2012-04-27 07:00:00,3.99555045630941
2012-04-27 08:00:00,4.0540739597501
2012-04-27 09:00:00,4.43614464391045
2012-04-27 10:00:00,4.64832461204086
2012-04-27 11:00:00,4.72271412245848
2012-04-27 12:00:00,4.9053146313248
2012-04-27 13:00:00,5.06100341231828
2012-04-27 14:00:00,5.1443349991979
2012-04-27 15:00:00,5.48230386906975
2012-04-27 16:00:00,5.51189297627343
2012-04-27 17:00:00,5.77163052391246
2012-04-27 18:00:00,5.80636968575878
2012-04-27 19:00:00,5.84389603086777
2012-04-27 20:00:00,5.76868032536108
2012-04-27 21:00:00,5.80198442473094
2012-04-27 22:00:00,5.77162461395707
2012-04-27 23:00:00,5.80045767509593
2012-04-28 00:00:00,3.45370331370105
2012-04-28 01:00:00,3.32019706063426
2012-04-28 02:00:00,3.52961985246998
2012-04-28 03:00:00,3.47336162121364
2012-04-28 04:00:00,3.59879192653139
2012-04-28 05:00:00,3.73653654066489
2012-04-28 06:00:00,3.81022549653657
2012-04-28 07:00:00,3.90252916684617
2012-04-28 08:00:00,4.30016815523572
2012-04-28 09:00:00,4.57526682876341
2012-04-28 10:00:00,4.68031306618804
2012-04-28 11:00:00,4.76364465306766
2012-04-28 12:00:00,4.7880621674944
2012-04-28 13:00:00,5.02262733374778
2012-04-28 14:00:00,5.01349076293402
2012-04-28 15:00:00,5.10509387869768
2012-04-28 16:00:00,5.45389734470832
2012-04-28 17:00:00,5.44938046289805
2012-04-28 18:00:00,4.97999168557537
2012-04-28 19:00:00,4.58881671135449
2012-04-28 20:00:00,5.24941751892927
2012-04-28 21:00:00,4.80922236478966
2012-04-28 22:00:00,5.28984849772666
2012-04-28 23:00:00,5.42847116659303
2012-04-29 00:00:00,2.5135776867212
2012-04-29 01:00:00,3.01211797955018
2012-04-29 02:00:00,3.05557846671412
2012-04-29 03:00:00,3.14158173140155
2012-04-29 04:00:00,3.22491331828116
2012-04-29 05:00:00,3.15927709149679
2012-04-29 06:00:00,3.21634595994722
2012-04-29 07:00:00,3.48627304069796
2012-04-29 08:00:00,3.75451674573295
2012-04-29 09:00:00,3.97392492838903
2012-04-29 10:00:00,4.16448421329497
2012-04-29 11:00:00,4.56583169063751
2012-04-29 12:00:00,4.84691112204115
2012-04-29 13:00:00,4.97509860365358
2012-04-29 14:00:00,5.29646892423849
2012-04-29 15:00:00,5.43464179667127
2012-04-29 16:00:00,5.90154454628078
2012-04-29 17:00:00,6.04930455820263
2012-04-29 18:00:00,6.16123625034053
2012-04-29 19:00:00,5.86993875095225
2012-04-29 20:00:00,6.00324233382275
2012-04-29 21:00:00,5.79091322139442
2012-04-29 22:00:00,5.85495304304497
2012-04-29 23:00:00,5.70190230101624
2012-04-30 00:00:00,3.02648786432585
2012-04-30 01:00:00,3.00510013698196
2012-04-30 02:00:00,3.21070090003034
2012-04-30 03:00:00,3.20303509380729
2012-04-30 04:00:00,3.50095732939705
2012-04-30 05:00:00,3.60220307616865
2012-04-30 06:00:00,3.95526693490574
2012-04-30 07:00:00,4.01104173088544
2012-04-30 08:00:00,4.21838636283813
2012-04-30 09:00:00,4.48831344358887
2012-04-30 10:00:00,4.65302979953121
2012-04-30 11:00:00,4.73326795351691
2012-04-30 12:00:00,4.7979848259586
2012-04-30 13:00:00,4.90966575998414
2012-04-30 14:00:00,5.00579540549766
2012-04-30 15:00:00,5.14047659370525
2012-04-30 16:00:00,5.1085885612013
2012-04-30 17:00:00,5.2008922315109
2012-04-30 18:00:00,5.48873347215362
2012-04-30 19:00:00,5.49619464255987
2012-04-30 20:00:00,5.612933629528
2012-04-30 21:00:00,5.71417937629959
2012-04-30 22:00:00,5.86711098099839
2012-04-30 23:00:00,5.98627088766196
2012-05-20 00:00:00,3.70687929897656
2012-05-20 01:00:00,3.7495472298945
2012-05-20 02:00:00,3.8507929766661
2012-05-20 03:00:00,3.87619831393232
2012-05-20 04:00:00,3.75318273963834
2012-05-20 05:00:00,3.75589407235374
2012-05-20 06:00:00,4.00249474796302
2012-05-20 07:00:00,4.08824725453809
2012-05-20 08:00:00,4.44691096435141
2012-05-20 09:00:00,5.19220926282053
2012-05-20 10:00:00,5.27658416405851
2012-05-20 11:00:00,5.35648802706549
2012-05-20 12:00:00,5.50011129173508
2012-05-20 13:00:00,5.57275693324839
2012-05-20 14:00:00,5.71714471281648
2012-05-20 15:00:00,5.95391515159108
2012-05-20 16:00:00,5.86519317213779
2012-05-20 17:00:00,5.91202589165549
2012-05-20 18:00:00,5.92232973684329
2012-05-20 19:00:00,5.81438564765974
2012-05-20 20:00:00,5.91563139443133
2012-05-20 21:00:00,5.8445804775244
2012-05-20 22:00:00,5.82490661211683
2012-05-20 23:00:00,5.58859758684755
2012-05-21 00:00:00,2.90938265950411
2012-05-21 01:00:00,3.02854256616769
2012-05-21 02:00:00,2.96511161190453
2012-05-21 03:00:00,3.56803692797829
2012-05-21 04:00:00,3.2719881286925
2012-05-21 05:00:00,3.3732338754641
2012-05-21 06:00:00,3.47447962223569
2012-05-21 07:00:00,3.57572536900729
2012-05-21 08:00:00,3.6635279941179
2012-05-21 09:00:00,3.7558316644275
2012-05-21 10:00:00,3.91736908898906
2012-05-21 11:00:00,4.49796469845872
2012-05-21 12:00:00,4.62606668158428
2012-05-21 13:00:00,4.33001788229849
2012-05-21 14:00:00,4.41334946917811
2012-05-21 15:00:00,5.1903133522142
2012-05-21 16:00:00,5.30947325887777
2012-05-21 17:00:00,5.5134456584767
2012-05-21 18:00:00,5.29851302219586
2012-05-21 19:00:00,5.49801438356379
2012-05-21 20:00:00,5.57057452659024
2012-05-21 21:00:00,5.65840715866885
2012-05-21 22:00:00,5.84771398525538
2012-05-21 23:00:00,5.81610671783178
2012-05-22 00:00:00,3.20033766790787
2012-05-22 01:00:00,3.43443642887465
2012-05-22 02:00:00,3.52674009918425
2012-05-22 03:00:00,3.62798584595585
2012-05-22 04:00:00,3.62898331673493
2012-05-22 05:00:00,3.34187659391114
2012-05-22 06:00:00,3.41626610432876
2012-05-22 07:00:00,3.51751185110035
2012-05-22 08:00:00,4.02499422039133
2012-05-22 09:00:00,4.27755904502355
2012-05-22 10:00:00,4.49249618944863
2012-05-22 11:00:00,4.56685569289826
2012-05-22 12:00:00,4.74155743966095
2012-05-22 13:00:00,4.92960834076408
2012-05-22 14:00:00,5.06221136908863
2012-05-22 15:00:00,5.29876350159193
2012-05-22 16:00:00,5.36238156815639
2012-05-22 17:00:00,5.62284515489224
2012-05-22 18:00:00,5.57381513816157
2012-05-22 19:00:00,5.53831374157875
2012-05-22 20:00:00,5.545774911985
2012-05-22 21:00:00,5.49302990308816
2012-05-22 22:00:00,5.65664745315326
2012-05-22 23:00:00,5.76236423815585
2012-05-23 00:00:00,3.36686922088466
2012-05-23 01:00:00,3.31682589676362
2012-05-23 02:00:00,3.58675297751436
2012-05-23 03:00:00,3.61956566629932
2012-05-23 04:00:00,3.35879328302403
2012-05-23 05:00:00,3.35979075380312
2012-05-23 06:00:00,3.644879316407
2012-05-23 07:00:00,3.83293021751012
2012-05-23 08:00:00,3.93417596428171
2012-05-23 09:00:00,4.40646291779321
2012-05-23 10:00:00,4.36591357390762
2012-05-23 11:00:00,4.55843551324174
2012-05-23 12:00:00,4.95797549014178
2012-05-23 13:00:00,5.00582151704985
2012-05-23 14:00:00,5.108204216686
2012-05-23 15:00:00,5.44055859224911
2012-05-23 16:00:00,5.17139603628529
2012-05-23 17:00:00,5.02928199773523
2012-05-23 18:00:00,5.13052774450682
2012-05-23 19:00:00,5.35030819052946
2012-05-23 20:00:00,5.42916873917808
2012-05-23 21:00:00,5.50352824262771
2012-05-23 22:00:00,5.65404543084425
2012-05-23 23:00:00,5.53526024230872
2012-05-24 00:00:00,3.19319495186905
2012-05-24 01:00:00,3.17655706221602
2012-05-24 02:00:00,3.25091656566565
2012-05-24 03:00:00,3.55220092796935
2012-05-24 04:00:00,3.67136083463292
2012-05-24 05:00:00,3.77260658140452
2012-05-24 06:00:00,3.87385232817611
2012-05-24 07:00:00,3.90638621750121
2012-05-24 08:00:00,4.25262011304392
2012-05-24 09:00:00,4.3628379432455
2012-05-24 10:00:00,4.61874499326349
2012-05-24 11:00:00,4.76208945847322
2012-05-24 12:00:00,5.04496825030004
2012-05-24 13:00:00,5.2671336092508
2012-05-24 14:00:00,5.41323525075521
2012-05-24 15:00:00,5.5234230739888
2012-05-24 16:00:00,5.65602610231336
2012-05-24 17:00:00,5.73488665096198
2012-05-24 18:00:00,5.82263378455372
2012-05-24 19:00:00,5.76643104481624
2012-05-24 20:00:00,5.82615498222147
2012-05-24 21:00:00,5.2733887744399
2012-05-24 22:00:00,5.7540149073769
2012-05-24 23:00:00,5.86420273061049
2012-05-25 00:00:00,3.24898558446003
2012-05-25 01:00:00,3.33681821653864
2012-05-25 02:00:00,3.57985905396741
2012-05-25 03:00:00,3.59429964640748
2012-05-25 04:00:00,3.66418811162612
2012-05-25 05:00:00,3.79232010171968
2012-05-25 06:00:00,3.89803688672227
2012-05-25 07:00:00,4.01719679338584
2012-05-25 08:00:00,4.12774891456615
2012-05-25 09:00:00,4.23793673779974
2012-05-25 10:00:00,4.49999554266741
2012-05-25 11:00:00,4.59226920600902
2012-05-25 12:00:00,5.00818861785777
2012-05-25 13:00:00,5.17900437548056
2012-05-25 14:00:00,5.34087805664135
2012-05-25 15:00:00,5.48388626525185
2012-05-25 16:00:00,5.74567393142642
2012-05-25 17:00:00,5.713264002117
2012-05-25 18:00:00,5.78762350556663
2012-05-25 19:00:00,5.82230717589408
2012-05-25 20:00:00,5.76674949918369
2012-05-25 21:00:00,5.8590231625253
2012-05-25 22:00:00,5.73043774412308
2012-05-25 23:00:00,5.7647851578513
2012-05-26 00:00:00,3.35456018728568
2012-05-26 01:00:00,3.44683385062729
2012-05-26 02:00:00,3.45713769581509
2012-05-26 03:00:00,3.522220831824
2012-05-26 04:00:00,3.63240865505759
2012-05-26 05:00:00,3.88764515749763
2012-05-26 06:00:00,3.85281430849276
2012-05-26 07:00:00,4.11379931278151
2012-05-26 08:00:00,4.27343771445309
2012-05-26 09:00:00,4.27471398469203
2012-05-26 10:00:00,4.61451222195505
2012-05-26 11:00:00,4.86704703961928
2012-05-26 12:00:00,5.18299697493538
2012-05-26 13:00:00,5.35974687461312
2012-05-26 14:00:00,5.4699647048147
2012-05-26 15:00:00,5.58912461147827
2012-05-26 16:00:00,5.84812509439017
2012-05-26 17:00:00,6.12114560803482
2012-05-26 18:00:00,6.1623784764763
2012-05-26 19:00:00,6.06039853631569
2012-05-26 20:00:00,6.2770215013296
2012-05-26 21:00:00,6.27216836292011
2012-05-26 22:00:00,5.9986644139988
2012-05-26 23:00:00,6.0999101607704
2012-05-27 00:00:00,3.90439176429927
2012-05-27 01:00:00,3.73670790109921
2012-05-27 02:00:00,3.81101191302997
2012-05-27 03:00:00,3.89434349990958
2012-05-27 04:00:00,3.76848525083405
2012-05-27 05:00:00,3.86973099760565
2012-05-27 06:00:00,3.96203466791525
2012-05-27 07:00:00,3.94511797880236
2012-05-27 08:00:00,4.17346823792043
2012-05-27 09:00:00,4.36816230445814
2012-05-27 10:00:00,4.69923921640354
2012-05-27 11:00:00,5.0393737102658
2012-05-27 12:00:00,5.19193905139738
2012-05-27 13:00:00,5.43862522549352
2012-05-27 14:00:00,5.5577851321571
2012-05-27 15:00:00,5.75894486394247
2012-05-27 16:00:00,5.86019061071407
2012-05-27 17:00:00,6.01137834650856
2012-05-27 18:00:00,5.97621124090446
2012-05-27 19:00:00,6.04609970612309
2012-05-27 20:00:00,6.09939809088847
2012-05-27 21:00:00,5.66700806034629
2012-05-27 22:00:00,5.30408196273759
2012-05-27 23:00:00,5.44562706752414
2012-05-28 00:00:00,3.28486390486558
2012-05-28 01:00:00,3.69505982016393
2012-05-28 02:00:00,3.44497788051078
2012-05-28 03:00:00,3.76435553969952
2012-05-28 04:00:00,3.73874556661649
2012-05-28 05:00:00,3.83999131338809
2012-05-28 06:00:00,4.0680927800143
2012-05-28 07:00:00,4.07563944890742
2012-05-28 08:00:00,4.36641700283787
2012-05-28 09:00:00,4.67339485472399
2012-05-28 10:00:00,4.77464060149558
2012-05-28 11:00:00,4.92487702463176
2012-05-28 12:00:00,5.17122694212867
2012-05-28 13:00:00,5.51344609908715
2012-05-28 14:00:00,5.61469184585874
2012-05-28 15:00:00,5.82650751604243
2012-05-28 16:00:00,5.93672534624401
2012-05-28 17:00:00,6.02899900958562
2012-05-28 18:00:00,6.04239628766733
2012-05-28 19:00:00,6.16217125038999
2012-05-28 20:00:00,6.1149405940825
2012-05-28 21:00:00,6.10898864979576
2012-05-28 22:00:00,6.02930190605808
2012-05-28 23:00:00,6.06991971844048
2012-05-29 00:00:00,3.58095638774958
2012-05-29 01:00:00,3.68220213452118
2012-05-29 02:00:00,3.62042955067547
2012-05-29 03:00:00,3.82710363505021
2012-05-29 04:00:00,3.841115969191
2012-05-29 05:00:00,3.94236171596259
2012-05-29 06:00:00,4.04360746273419
2012-05-29 07:00:00,4.14485320950578
2012-05-29 08:00:00,4.46670727990884
2012-05-29 09:00:00,4.68859383939974
2012-05-29 10:00:00,4.84566022573031
2012-05-29 11:00:00,5.11026055971843
2012-05-29 12:00:00,5.45343102933522
2012-05-29 13:00:00,5.66016060522883
2012-05-29 14:00:00,5.77034842846242
2012-05-29 15:00:00,5.90812304956392
2012-05-29 16:00:00,6.04069607092048
2012-05-29 17:00:00,6.12292885192286
2012-05-29 18:00:00,6.15871132812754
2012-05-29 19:00:00,6.08971052975616
2012-05-29 20:00:00,5.70624918084651
2012-05-29 21:00:00,5.08034374492155
2012-05-29 22:00:00,5.51349779683679
2012-05-29 23:00:00,5.0575221342071
2012-05-30 00:00:00,2.92048839433601
2012-05-30 01:00:00,3.04859037746157
2012-05-30 02:00:00,2.95824769532558
2012-05-30 03:00:00,3.20594717681209
2012-05-30 04:00:00,3.70448746964107
2012-05-30 05:00:00,4.04177928872178
2012-05-30 06:00:00,4.09198424059325
2012-05-30 07:00:00,3.82279167766143
2012-05-30 08:00:00,4.43027353045305
2012-05-30 09:00:00,4.64346680597383
2012-05-30 10:00:00,4.77159879606738
2012-05-30 11:00:00,4.94868495234435
2012-05-30 12:00:00,5.07423890313628
2012-05-30 13:00:00,5.22095560069977
2012-05-30 14:00:00,5.49891355786201
2012-05-30 15:00:00,5.50612397015591
2012-05-30 16:00:00,5.61634180035749
2012-05-30 17:00:00,5.740673299798
2012-05-30 18:00:00,5.86430424469257
2012-05-30 19:00:00,5.87460808988037
2012-05-30 20:00:00,5.62224000393671
2012-05-30 21:00:00,5.92923823640356
2012-05-30 22:00:00,5.80622266210958
2012-05-30 23:00:00,5.96809634327037
2012-05-31 00:00:00,3.54565959115835
2012-05-31 01:00:00,3.63349222323695
2012-05-31 02:00:00,3.79536590439775
2012-05-31 03:00:00,3.83598371678014
2012-05-31 04:00:00,3.91034322022977
2012-05-31 05:00:00,4.08771664480028
2012-05-31 06:00:00,4.07701486282269
2012-05-31 07:00:00,4.37496513975995
2012-05-31 08:00:00,4.61543640672079
2012-05-31 09:00:00,4.86825198946538
2012-05-31 10:00:00,5.1734604878963
2012-05-31 11:00:00,5.31576163874767
2012-05-31 12:00:00,5.3901211421973
2012-05-31 13:00:00,5.50376669627151
2012-05-31 14:00:00,5.72593205522227
2012-05-31 15:00:00,5.82822111635223
2012-05-31 16:00:00,5.92499582489283
2012-05-31 17:00:00,6.02072721907507
2012-05-31 18:00:00,6.10369450800796
2012-05-31 19:00:00,6.13537024392837
2012-05-31 20:00:00,6.04294743628884
2012-05-31 21:00:00,6.14419318306043
2012-05-31 22:00:00,6.11211951035024
2012-05-31 23:00:00,6.17065148262462
2012-06-20 00:00:00,3.58095638774958
2012-06-20 01:00:00,3.59772589818505
2012-06-20 02:00:00,3.54492539776933
2012-06-20 03:00:00,3.63719906111094
2012-06-20 04:00:00,3.72503169318955
2012-06-20 05:00:00,3.82627743996114
2012-06-20 06:00:00,3.92078638279196
2012-06-20 07:00:00,4.03724460467973
2012-06-20 08:00:00,4.53274745954752
2012-06-20 09:00:00,4.76289707908877
2012-06-20 10:00:00,5.28026568014714
2012-06-20 11:00:00,5.4872740555006
2012-06-20 12:00:00,5.65199041144294
2012-06-20 13:00:00,5.73869423067632
2012-06-20 14:00:00,5.98467985022651
2012-06-20 15:00:00,6.13071753137836
2012-06-20 16:00:00,6.26332055970292
2012-06-20 17:00:00,6.30289505772695
2012-06-20 18:00:00,6.40414080449855
2012-06-20 19:00:00,6.49703799273293
2012-06-20 20:00:00,6.51665017794994
2012-06-20 21:00:00,6.45971293028195
2012-06-20 22:00:00,6.53511574808995
2012-06-20 23:00:00,6.39694319019866
2012-06-21 00:00:00,3.66102183280494
2012-06-21 01:00:00,3.63926784189383
2012-06-21 02:00:00,3.73157151220344
2012-06-21 03:00:00,3.87724489540857
2012-06-21 04:00:00,3.76933081319301
2012-06-21 05:00:00,3.8750475981956
2012-06-21 06:00:00,4.14050364071534
2012-06-21 07:00:00,4.24174938748694
2012-06-21 08:00:00,4.44410156365574
2012-06-21 09:00:00,4.999868054966
2012-06-21 10:00:00,5.24967570330355
2012-06-21 11:00:00,5.48111939531553
2012-06-21 12:00:00,5.77569743989902
2012-06-21 13:00:00,5.81872966876368
2012-06-21 14:00:00,5.85445665344949
2012-06-21 15:00:00,6.14290528938455
2012-06-21 16:00:00,6.16276626709342
2012-06-21 17:00:00,6.10892245231934
2012-06-21 18:00:00,6.20775378260867
2012-06-21 19:00:00,6.39038429844298
2012-06-21 20:00:00,6.36477432535996
2012-06-21 21:00:00,6.30238668545517
2012-06-21 22:00:00,6.27034105409247
2012-06-21 23:00:00,6.3674520192323
2012-06-22 00:00:00,3.91865044135121
2012-06-22 01:00:00,3.83544281448728
2012-06-22 02:00:00,3.74231294908861
2012-06-22 03:00:00,3.8435586958602
2012-06-22 04:00:00,4.35290408127383
2012-06-22 05:00:00,4.39655983503126
2012-06-22 06:00:00,4.47091933848089
2012-06-22 07:00:00,4.53163354359868
2012-06-22 08:00:00,4.71175567563018
2012-06-22 09:00:00,4.83651543336997
2012-06-22 10:00:00,5.15347867607644
2012-06-22 11:00:00,5.24198185573301
2012-06-22 12:00:00,5.46110927330873
2012-06-22 13:00:00,5.78290981781341
2012-06-22 14:00:00,5.88415556458501
2012-06-22 15:00:00,6.12870612165874
2012-06-22 16:00:00,6.20790292690659
2012-06-22 17:00:00,6.14276577147388
2012-06-22 18:00:00,6.0797611098895
2012-06-22 19:00:00,6.11059726687873
2012-06-22 20:00:00,6.21184301365032
2012-06-22 21:00:00,5.52361526615137
2012-06-22 22:00:00,5.74804588739807
2012-06-22 23:00:00,5.85951117424937
2012-06-23 00:00:00,3.19579237676925
2012-06-23 01:00:00,3.49759863587842
2012-06-23 02:00:00,3.62517872219852
2012-06-23 03:00:00,3.69509719438515
2012-06-23 04:00:00,3.81872813927972
2012-06-23 05:00:00,3.9289159625133
2012-06-23 06:00:00,3.83015310072079
2012-06-23 07:00:00,3.95378404561536
2012-06-23 08:00:00,4.45409419531337
2012-06-23 09:00:00,4.77904169861033
2012-06-23 10:00:00,4.98638633056302
2012-06-23 11:00:00,5.2027030459457
2012-06-23 12:00:00,5.49761538150792
2012-06-23 13:00:00,5.7352739806552
2012-06-23 14:00:00,5.74273711668196
2012-06-23 15:00:00,6.03872277357054
2012-06-23 16:00:00,6.14924685340335
2012-06-23 17:00:00,6.23704947851397
2012-06-23 18:00:00,6.35173834694654
2012-06-23 19:00:00,6.36437111012974
2012-06-23 20:00:00,6.36261140461415
2012-06-23 21:00:00,6.37353030586103
2012-06-23 22:00:00,6.36282852388345
2012-06-23 23:00:00,6.32661810392099
2012-06-24 00:00:00,3.89186704299321
2012-06-24 01:00:00,4.10111069783589
2012-06-24 02:00:00,4.22094115207742
2012-06-24 03:00:00,4.0944978539108
2012-06-24 04:00:00,4.16885735736042
2012-06-24 05:00:00,4.03899447534049
2012-06-24 06:00:00,4.20984023993127
2012-06-24 07:00:00,4.23254389242169
2012-06-24 08:00:00,4.59573413198488
2012-06-24 09:00:00,4.84545628183556
2012-06-24 10:00:00,5.15552756661558
2012-06-24 11:00:00,5.29707267140213
2012-06-24 12:00:00,5.57368106457477
2012-06-24 13:00:00,5.69284097123834
2012-06-24 14:00:00,5.92850494336896
2012-06-24 15:00:00,6.07977817765031
2012-06-24 16:00:00,6.11755331525116
2012-06-24 17:00:00,6.18848509482816
2012-06-24 18:00:00,6.25941687440516
2012-06-24 19:00:00,6.27110029055055
2012-06-24 20:00:00,6.19554832844463
2012-06-24 21:00:00,6.15143914637854
2012-06-24 22:00:00,6.17447905546819
2012-06-24 23:00:00,6.23025385144788
2012-06-25 00:00:00,3.78914161816229
2012-06-25 01:00:00,3.75149810134387
2012-06-25 02:00:00,3.77695893012897
2012-06-25 03:00:00,3.86020501852172
2012-06-25 04:00:00,3.7405616765815
2012-06-25 05:00:00,3.91767783982646
2012-06-25 06:00:00,3.87381941587273
2012-06-25 07:00:00,4.13808349326162
2012-06-25 08:00:00,4.30614207458973
2012-06-25 09:00:00,4.55249199208665
2012-06-25 10:00:00,4.92321925260335
2012-06-25 11:00:00,5.3400964803236
2012-06-25 12:00:00,5.44388375621565
2012-06-25 13:00:00,5.24340754898617
2012-06-25 14:00:00,5.5369422792113
2012-06-25 15:00:00,5.73430998917732
2012-06-25 16:00:00,5.96164694090502
2012-06-25 17:00:00,6.1489992530827
2012-06-25 18:00:00,6.15820429239327
2012-06-25 19:00:00,6.22154355949787
2012-06-25 20:00:00,6.27284731724657
2012-06-25 21:00:00,6.25378850789808
2012-06-25 22:00:00,6.38810539815895
2012-06-25 23:00:00,6.41080905064937
2012-06-26 00:00:00,4.08215687490269
2012-06-26 01:00:00,4.17100281437167
2012-06-26 02:00:00,3.86620670180353
2012-06-26 03:00:00,3.89503976294239
2012-06-26 04:00:00,4.00075654794499
2012-06-26 05:00:00,4.04104006934866
2012-06-26 06:00:00,4.05477163840909
2012-06-26 07:00:00,4.17393154507266
2012-06-26 08:00:00,4.39618240251029
2012-06-26 09:00:00,4.61213285432574
2012-06-26 10:00:00,4.98230055030224
2012-06-26 11:00:00,5.17724537495231
2012-06-26 12:00:00,5.31777717234849
2012-06-26 13:00:00,5.52649940963826
2012-06-26 14:00:00,5.62774515640986
2012-06-26 15:00:00,5.80140358881419
2012-06-26 16:00:00,5.89980666080424
2012-06-26 17:00:00,5.9904519606964
2012-06-26 18:00:00,6.07378354757601
2012-06-26 19:00:00,6.13472993633265
2012-06-26 20:00:00,6.18147715736349
2012-06-26 21:00:00,6.19520872642393
2012-06-26 22:00:00,6.27199111518951
2012-06-26 23:00:00,6.23130965699605
2012-06-27 00:00:00,3.92057164114135
2012-06-27 01:00:00,3.98256134425636
2012-06-27 02:00:00,3.7304643970058
2012-06-27 03:00:00,3.90614549777429
2012-06-27 04:00:00,4.35862577171701
2012-06-27 05:00:00,4.42337265112669
2012-06-27 06:00:00,4.268096255996
2012-06-27 07:00:00,4.64824934279286
2012-06-27 08:00:00,4.74055301310246
2012-06-27 09:00:00,4.88105480353064
2012-06-27 10:00:00,5.05394872103646
2012-06-27 11:00:00,5.32580727651826
2012-06-27 12:00:00,5.47561544135515
2012-06-27 13:00:00,5.70062347508746
2012-06-27 14:00:00,5.81390473121495
2012-06-27 15:00:00,5.9585713102429
2012-06-27 16:00:00,6.0856599859781
2012-06-27 17:00:00,6.16899157285771
2012-06-27 18:00:00,6.20685220894543
2012-06-27 19:00:00,6.23540647062444
2012-06-27 20:00:00,6.22391016678035
2012-06-27 21:00:00,6.20423630137278
2012-06-27 22:00:00,6.23144099906219
2012-06-27 23:00:00,6.18274527331025
2012-06-28 00:00:00,3.75730255241169
2012-06-28 01:00:00,3.76656308324112
2012-06-28 02:00:00,3.95532300772388
2012-06-28 03:00:00,4.05656875449547
2012-06-28 04:00:00,3.95346000148964
2012-06-28 05:00:00,4.15296136285757
2012-06-28 06:00:00,4.25420710962916
2012-06-28 07:00:00,4.25719724180442
2012-06-28 08:00:00,4.57621060304644
2012-06-28 09:00:00,4.71027673519495
2012-06-28 10:00:00,4.95378397791032
2012-06-28 11:00:00,5.39717468217213
2012-06-28 12:00:00,5.64319030869031
2012-06-28 13:00:00,5.81099813190606
2012-06-28 14:00:00,5.91665942538978
2012-06-28 15:00:00,6.01790517216137
2012-06-28 16:00:00,6.15123423958275
2012-06-28 17:00:00,6.26763696995165
2012-06-28 18:00:00,6.29028513092319
2012-06-28 19:00:00,6.33813115783127
2012-06-28 20:00:00,6.3473916886607
2012-06-28 21:00:00,6.04586454355289
2012-06-28 22:00:00,6.18363916465439
2012-06-28 23:00:00,6.25206452604907
2012-06-29 00:00:00,3.92341235030239
2012-06-29 01:00:00,3.98815922971208
2012-06-29 02:00:00,3.99224816776457
2012-06-29 03:00:00,4.09349391453616
2012-06-29 04:00:00,4.03732118176668
2012-06-29 05:00:00,4.18128070303549
2012-06-29 06:00:00,4.46912194367821
2012-06-29 07:00:00,4.38377219657868
2012-06-29 08:00:00,4.82911741524934
2012-06-29 09:00:00,4.82197350583176
2012-06-29 10:00:00,5.58603401195773
2012-06-29 11:00:00,5.84839662158357
2012-06-29 12:00:00,6.0554604884559
2012-06-29 13:00:00,6.00042470855097
2012-06-29 14:00:00,6.22543274228327
2012-06-29 15:00:00,6.25949288771795
2012-06-29 16:00:00,6.36073863448954
2012-06-29 17:00:00,6.5926105848008
2012-06-29 18:00:00,6.51216129178511
2012-06-29 19:00:00,6.47148633680484
2012-06-29 20:00:00,6.70852987989305
2012-06-29 21:00:00,6.62486350850927
2012-06-29 22:00:00,6.17724487325049
2012-06-29 23:00:00,6.27849062002208
2012-06-30 00:00:00,2.92550870455216
2012-06-30 01:00:00,3.04466861121573
2012-06-30 02:00:00,3.47602330270779
2012-06-30 03:00:00,3.57726904947939
2012-06-30 04:00:00,3.51825364192836
2012-06-30 05:00:00,3.66035065048837
2012-06-30 06:00:00,3.76159639725997
2012-06-30 07:00:00,3.86284214403156
2012-06-30 08:00:00,3.96408789080315
2012-06-30 09:00:00,4.06533363757475
2012-06-30 10:00:00,5.63665378939585
2012-06-30 11:00:00,5.73789953616745
2012-06-30 12:00:00,5.83914528293904
2012-06-30 13:00:00,5.94039102971064
2012-06-30 14:00:00,6.04163677648223
2012-06-30 15:00:00,6.14288252325383
2012-06-30 16:00:00,6.27480653516674
2012-06-30 17:00:00,6.27923172981846
2012-06-30 18:00:00,6.3370846856812
2012-06-30 19:00:00,6.29356902153988
2012-06-30 20:00:00,6.28880138161725
2012-06-30 21:00:00,6.39004712838884
2012-06-30 22:00:00,6.25524680285132
2012-06-30 23:00:00,6.33410735149994
2012-07-20 00:00:00,2.84861970547166
2012-07-20 01:00:00,3.19189177901448
2012-07-20 02:00:00,3.44840574507223
2012-07-20 03:00:00,3.55412253007482
2012-07-20 04:00:00,3.67328243673839
2012-07-20 05:00:00,3.76555610008
2012-07-20 06:00:00,3.87577393028158
2012-07-20 07:00:00,3.98596175351517
2012-07-20 08:00:00,4.29606107964268
2012-07-20 09:00:00,4.53343891370961
2012-07-20 10:00:00,4.64365674391119
2012-07-20 11:00:00,4.51681117541002
2012-07-20 12:00:00,4.30374952067168
2012-07-20 13:00:00,4.38708110755129
2012-07-20 14:00:00,4.57556026695369
2012-07-20 15:00:00,5.11439991779762
2012-07-20 16:00:00,5.15529849526038
2012-07-20 17:00:00,5.06560482256803
2012-07-20 18:00:00,5.34909867045394
2012-07-20 19:00:00,5.27664014124193
2012-07-20 20:00:00,5.0119486235091
2012-07-20 21:00:00,5.09528021038872
2012-07-20 22:00:00,5.55349113823475
2012-07-20 23:00:00,5.68162312832831
2012-07-21 00:00:00,3.05227892591991
2012-07-21 01:00:00,3.5418471353189
2012-07-21 02:00:00,3.09450926514048
2012-07-21 03:00:00,3.18678292848209
2012-07-21 04:00:00,3.29700075868367
2012-07-21 05:00:00,3.38927442202528
2012-07-21 06:00:00,3.49052016879687
2012-07-21 07:00:00,3.98906046162585
2012-07-21 08:00:00,4.16609112638394
2012-07-21 09:00:00,4.24942271326356
2012-07-21 10:00:00,3.89550315588325
2012-07-21 11:00:00,4.51192708513686
2012-07-21 12:00:00,4.20693620938908
2012-07-21 13:00:00,4.2902677962687
2012-07-21 14:00:00,4.69778068902702
2012-07-21 15:00:00,4.40173188974123
2012-07-21 16:00:00,4.48506347662084
2012-07-21 17:00:00,4.57736714693045
2012-07-21 18:00:00,5.08484951622142
2012-07-21 19:00:00,5.17715318653102
2012-07-21 20:00:00,4.88110438724523
2012-07-21 21:00:00,5.37964468007421
2012-07-21 22:00:00,5.46297626695382
2012-07-21 23:00:00,5.53286473217246
2012-07-22 00:00:00,3.23556983797874
2012-07-22 01:00:00,3.35472974464231
2012-07-22 02:00:00,3.43806133152193
2012-07-22 03:00:00,3.53930707829352
2012-07-22 04:00:00,3.44051420953301
2012-07-22 05:00:00,3.54175995630461
2012-07-22 06:00:00,3.99883443469993
2012-07-22 07:00:00,4.07319393814956
2012-07-22 08:00:00,4.29232332134579
2012-07-22 09:00:00,4.6144581568292
2012-07-22 10:00:00,4.6399189856143
2012-07-22 11:00:00,4.74116473238589
2012-07-22 12:00:00,5.01887193143577
2012-07-22 13:00:00,5.19143155796287
2012-07-22 14:00:00,5.19778626172514
2012-07-22 15:00:00,5.29903200849673
2012-07-22 16:00:00,5.44265527316632
2012-07-22 17:00:00,5.57972933972187
2012-07-22 18:00:00,5.66306092660148
2012-07-22 19:00:00,5.66130122108589
2012-07-22 20:00:00,5.65982031503015
2012-07-22 21:00:00,5.66736698392327
2012-07-22 22:00:00,5.87125388503534
2012-07-22 23:00:00,5.80329640102232
2012-07-23 00:00:00,3.07723291754989
2012-07-23 01:00:00,3.20980593890646
2012-07-23 02:00:00,3.37262082708573
2012-07-23 03:00:00,3.47386657385733
2012-07-23 04:00:00,3.58852543532191
2012-07-23 05:00:00,3.68977118209351
2012-07-23 06:00:00,3.98024248639272
2012-07-23 07:00:00,4.08648116820078
2012-07-23 08:00:00,4.339045992833
2012-07-23 09:00:00,4.73579878647037
2012-07-23 10:00:00,5.06310521473073
2012-07-23 11:00:00,5.36519223892025
2012-07-23 12:00:00,5.46643798569185
2012-07-23 13:00:00,5.54976957257146
2012-07-23 14:00:00,5.56283059405394
2012-07-23 15:00:00,5.60734253559557
2012-07-23 16:00:00,5.77824379170522
2012-07-23 17:00:00,5.87948953847681
2012-07-23 18:00:00,6.02063639193208
2012-07-23 19:00:00,6.03333311546784
2012-07-23 20:00:00,5.87167655357634
2012-07-23 21:00:00,5.98186437680993
2012-07-23 22:00:00,5.9986338872454
2012-07-23 23:00:00,6.03030962316581
2012-07-24 00:00:00,3.52933077677261
2012-07-24 01:00:00,3.47928745265157
2012-07-24 02:00:00,3.43542902869784
2012-07-24 03:00:00,3.53667477546944
2012-07-24 04:00:00,3.61553532411806
2012-07-24 05:00:00,3.72125210912065
2012-07-24 06:00:00,3.83143993235424
2012-07-24 07:00:00,4.24702308760376
2012-07-24 08:00:00,4.50231508156267
2012-07-24 09:00:00,5.09854345902793
2012-07-24 10:00:00,5.20179033602938
2012-07-24 11:00:00,5.56825916944014
2012-07-24 12:00:00,5.55057796542874
2012-07-24 13:00:00,5.76177857955334
2012-07-24 14:00:00,5.84063912820196
2012-07-24 15:00:00,5.77174043717046
2012-07-24 16:00:00,5.73994556392013
2012-07-24 17:00:00,5.85325682701562
2012-07-24 18:00:00,5.71845650147809
2012-07-24 19:00:00,5.77043080680475
2012-07-24 20:00:00,5.76894990074901
2012-07-24 21:00:00,5.88810980741258
2012-07-24 22:00:00,5.99829763064617
2012-07-24 23:00:00,6.20083693338914
2012-07-25 00:00:00,3.82111395577434
2012-07-25 01:00:00,3.84862490309498
2012-07-25 02:00:00,3.87127306406653
2012-07-25 03:00:00,3.86951335855094
2012-07-25 04:00:00,3.9286603868844
2012-07-25 05:00:00,4.01199197376402
2012-07-25 06:00:00,4.1221797969976
2012-07-25 07:00:00,4.53320838114977
2012-07-25 08:00:00,4.77567230950678
2012-07-25 09:00:00,5.00824481436399
2012-07-25 10:00:00,5.01991976167569
2012-07-25 11:00:00,5.22417096073447
2012-07-25 12:00:00,5.32541670750606
2012-07-25 13:00:00,5.54834658135533
2012-07-25 14:00:00,5.71331172978953
2012-07-25 15:00:00,5.72845287677555
2012-07-25 16:00:00,5.92477530676271
2012-07-25 17:00:00,5.94643564489476
2012-07-25 18:00:00,6.14860868407051
2012-07-25 19:00:00,6.07443629292218
2012-07-25 20:00:00,6.03617772004468
2012-07-25 21:00:00,6.05266646539979
2012-07-25 22:00:00,5.95687142540649
2012-07-25 23:00:00,6.08044687878219
2012-07-26 00:00:00,3.55680403480617
2012-07-26 01:00:00,3.66702186500775
2012-07-26 02:00:00,3.71658175385214
2012-07-26 03:00:00,3.80888542416174
2012-07-26 04:00:00,3.82537416951685
2012-07-26 05:00:00,3.92661991628845
2012-07-26 06:00:00,3.94305317012469
2012-07-26 07:00:00,4.27387932395773
2012-07-26 08:00:00,4.54380640470847
2012-07-26 09:00:00,4.71195048452344
2012-07-26 10:00:00,4.71377865853584
2012-07-26 11:00:00,5.17117976714314
2012-07-26 12:00:00,5.47531494424771
2012-07-26 13:00:00,5.67757348191032
2012-07-26 14:00:00,5.98317176283885
2012-07-26 15:00:00,6.21574426769605
2012-07-26 16:00:00,6.36240547374068
2012-07-26 17:00:00,6.32411689389518
2012-07-26 18:00:00,6.52561091665928
2012-07-26 19:00:00,6.4997521510844
2012-07-26 20:00:00,6.37622282000427
2012-07-26 21:00:00,6.38878051915479
2012-07-26 22:00:00,6.49002626592639
2012-07-26 23:00:00,5.96070960534662
2012-07-27 00:00:00,3.59175807158499
2012-07-27 01:00:00,3.72436109990954
2012-07-27 02:00:00,3.6560373523293
2012-07-27 03:00:00,3.84204010051738
2012-07-27 04:00:00,3.81822948785754
2012-07-27 05:00:00,3.84369031664264
2012-07-27 06:00:00,4.02072098140073
2012-07-27 07:00:00,4.35869181689308
2012-07-27 08:00:00,4.61609197770302
2012-07-27 09:00:00,5.1597949183099
2012-07-27 10:00:00,5.20625487104719
2012-07-27 11:00:00,5.40604350070867
2012-07-27 12:00:00,5.52829487464565
2012-07-27 13:00:00,5.59509187259088
2012-07-27 14:00:00,5.78528489392959
2012-07-27 15:00:00,5.91298862572387
2012-07-27 16:00:00,5.88091495301368
2012-07-27 17:00:00,6.13339427915904
2012-07-27 18:00:00,6.03855055182406
2012-07-27 19:00:00,6.09989519191198
2012-07-27 20:00:00,5.98370958081239
2012-07-27 21:00:00,6.08495532758398
2012-07-27 22:00:00,6.19514315081757
2012-07-27 23:00:00,6.10789193595498
2012-07-28 00:00:00,3.849915817774
2012-07-28 01:00:00,3.81649258107421
2012-07-28 02:00:00,3.89085208452384
2012-07-28 03:00:00,3.99209783129544
2012-07-28 04:00:00,3.97304552516013
2012-07-28 05:00:00,3.98087295913361
2012-07-28 06:00:00,4.24271611682706
2012-07-28 07:00:00,4.43738017639677
2012-07-28 08:00:00,4.65060345888554
2012-07-28 09:00:00,4.96660888572051
2012-07-28 10:00:00,5.29425807379328
2012-07-28 11:00:00,5.50806837099364
2012-07-28 12:00:00,5.62137766846863
2012-07-28 13:00:00,5.82501381146832
2012-07-28 14:00:00,5.90522392410654
2012-07-28 15:00:00,6.12154063948922
2012-07-28 16:00:00,6.09877334118774
2012-07-28 17:00:00,6.04284940091012
2012-07-28 18:00:00,6.17407482389758
2012-07-28 19:00:00,5.2884140381018
2012-07-28 20:00:00,5.37236914987419
2012-07-28 21:00:00,5.50910045661733
2012-07-28 22:00:00,5.61034620338892
2012-07-28 23:00:00,5.63580703217402
2012-07-29 00:00:00,3.18724855163855
2012-07-29 01:00:00,3.41287164142993
2012-07-29 02:00:00,3.70157103547735
2012-07-29 03:00:00,3.90548794355741
2012-07-29 04:00:00,3.95566288846088
2012-07-29 05:00:00,3.87811826495879
2012-07-29 06:00:00,4.08858437115288
2012-07-29 07:00:00,4.31941300710578
2012-07-29 08:00:00,4.5568208481407
2012-07-29 09:00:00,4.79695585850231
2012-07-29 10:00:00,4.82207392747499
2012-07-29 11:00:00,5.13898167866259
2012-07-29 12:00:00,5.27158470698715
2012-07-29 13:00:00,5.55899002856384
2012-07-29 14:00:00,5.65463592425921
2012-07-29 15:00:00,5.78343846193072
2012-07-29 16:00:00,5.88468420870232
2012-07-29 17:00:00,6.06731472453663
2012-07-29 18:00:00,6.12438359298705
2012-07-29 19:00:00,5.93103349294337
2012-07-29 20:00:00,5.8476382602527
2012-07-29 21:00:00,5.8548206311991
2012-07-29 22:00:00,5.86264806517257
2012-07-29 23:00:00,5.93253653039121
2012-07-30 00:00:00,3.51591766207962
2012-07-30 01:00:00,3.59027716552925
2012-07-30 02:00:00,3.60704667596472
2012-07-30 03:00:00,3.4874033340245
2012-07-30 04:00:00,3.58864908079609
2012-07-30 05:00:00,3.72125210912065
2012-07-30 06:00:00,3.84041201578422
2012-07-30 07:00:00,4.14885297149429
2012-07-30 08:00:00,4.58351224479865
2012-07-30 09:00:00,4.71402864440648
2012-07-30 10:00:00,4.94308792690419
2012-07-30 11:00:00,5.26865048626023
2012-07-30 12:00:00,5.27310568787995
2012-07-30 13:00:00,5.44447334927619
2012-07-30 14:00:00,5.56363325593977
2012-07-30 15:00:00,5.67382107917336
2012-07-30 16:00:00,5.78403890937494
2012-07-30 17:00:00,5.68121092144946
2012-07-30 18:00:00,5.80594067222126
2012-07-30 19:00:00,6.09095311544999
2012-07-30 20:00:00,5.6838586083538
2012-07-30 21:00:00,5.77613227169541
2012-07-30 22:00:00,5.95230478304881
2012-07-30 23:00:00,5.87589711241127
2012-07-31 00:00:00,3.36906962244999
2012-07-31 01:00:00,3.32521119849626
2012-07-31 02:00:00,3.42645694526786
2012-07-31 03:00:00,3.51428957734646
2012-07-31 04:00:00,3.61553532411806
2012-07-31 05:00:00,3.73916626901263
2012-07-31 06:00:00,3.6649938778643
2012-07-31 07:00:00,4.04404815878392
2012-07-31 08:00:00,4.26351183295887
2012-07-31 09:00:00,4.5343270740823
2012-07-31 10:00:00,4.66484347369013
2012-07-31 11:00:00,4.97182132557625
2012-07-31 12:00:00,5.29732839341342
2012-07-31 13:00:00,5.43173728537435
2012-07-31 14:00:00,5.53298303214594
2012-07-31 15:00:00,5.35647573628838
2012-07-31 16:00:00,5.54523566077114
2012-07-31 17:00:00,5.73742330912653
2012-07-31 18:00:00,5.76901354656007
2012-07-31 19:00:00,5.51555487629732
2012-07-31 20:00:00,5.36179707650945
2012-07-31 21:00:00,5.51314446454546
2012-07-31 22:00:00,5.70808928919553
2012-07-31 23:00:00,5.73027104488048
2012-08-20 00:00:00,3.25685095500771
2012-08-20 01:00:00,3.20732952769213
2012-08-20 02:00:00,3.30857527446373
2012-08-20 03:00:00,3.27402322491871
2012-08-20 04:00:00,3.65736290386309
2012-08-20 05:00:00,3.73172240731272
2012-08-20 06:00:00,3.99142994798375
2012-08-20 07:00:00,4.13477441319348
2012-08-20 08:00:00,4.30286300148958
2012-08-20 09:00:00,4.4757569189954
2012-08-20 10:00:00,4.60388890908896
2012-08-20 11:00:00,4.64365101293974
2012-08-20 12:00:00,4.97420602807968
2012-08-20 13:00:00,5.04565970446214
2012-08-20 14:00:00,5.25888298695091
2012-08-20 15:00:00,5.38698497007648
2012-08-20 16:00:00,5.48823071684807
2012-08-20 17:00:00,5.49544309476246
2012-08-20 18:00:00,5.28430594746498
2012-08-20 19:00:00,5.3676375343446
2012-08-20 20:00:00,5.37788588801353
2012-08-20 21:00:00,5.18297302167909
2012-08-20 22:00:00,5.45290010242983
2012-08-20 23:00:00,5.55414584920143
2012-08-21 00:00:00,3.25237991677671
2012-08-21 01:00:00,3.36703877824129
2012-08-21 02:00:00,3.3952012918022
2012-08-21 03:00:00,3.20028842546776
2012-08-21 04:00:00,3.30153417223936
2012-08-21 05:00:00,3.50545108031941
2012-08-21 06:00:00,3.61116786532201
2012-08-21 07:00:00,3.91505228431421
2012-08-21 08:00:00,4.0252401075478
2012-08-21 09:00:00,4.30707558501626
2012-08-21 10:00:00,4.60303320055734
2012-08-21 11:00:00,4.8634967872932
2012-08-21 12:00:00,5.10115538644048
2012-08-21 13:00:00,5.27818605119858
2012-08-21 14:00:00,5.49416650998202
2012-08-21 15:00:00,5.56852601343165
2012-08-21 16:00:00,5.66977176020325
2012-08-21 17:00:00,5.64391949784155
2012-08-21 18:00:00,5.68178013392927
2012-08-21 19:00:00,5.01927166991974
2012-08-21 20:00:00,5.3601508651146
2012-08-21 21:00:00,5.4613966118862
2012-08-21 22:00:00,5.44447992277331
2012-08-21 23:00:00,5.42784203312027
2012-08-22 00:00:00,3.13054713892655
2012-08-22 01:00:00,3.31831924056982
2012-08-22 02:00:00,3.41956498734141
2012-08-22 03:00:00,3.52081073411301
2012-08-22 04:00:00,3.45105388967681
2012-08-22 05:00:00,3.68120350921806
2012-08-22 06:00:00,3.90033289241429
2012-08-22 07:00:00,3.92579372119938
2012-08-22 08:00:00,4.17208814717743
2012-08-22 09:00:00,4.45217975574158
2012-08-22 10:00:00,4.68303839866247
2012-08-22 11:00:00,4.87213261412395
2012-08-22 12:00:00,5.05259100275468
2012-08-22 13:00:00,5.27276370030927
2012-08-22 14:00:00,5.41948039787276
2012-08-22 15:00:00,5.48419727031445
2012-08-22 16:00:00,5.27761716314867
2012-08-22 17:00:00,5.37886290992027
2012-08-22 18:00:00,5.22021428243582
2012-08-22 19:00:00,5.45452818716299
2012-08-22 20:00:00,5.41836438302153
2012-08-22 21:00:00,5.4613966118862
2012-08-22 22:00:00,5.56264235865779
2012-08-22 23:00:00,5.42784203312027
2012-08-23 00:00:00,3.21707349379822
2012-08-23 01:00:00,3.20043560414518
2012-08-23 02:00:00,3.30168135091678
2012-08-23 03:00:00,3.42981334101034
2012-08-23 04:00:00,3.50417284445997
2012-08-23 05:00:00,3.60541859123156
2012-08-23 06:00:00,3.74197076098165
2012-08-23 07:00:00,4.00347766207586
2012-08-23 08:00:00,4.36771121599741
2012-08-23 09:00:00,4.58717489017236
2012-08-23 10:00:00,4.81298558579049
2012-08-23 11:00:00,5.06580116853508
2012-08-23 12:00:00,5.2917305079577
2012-08-23 13:00:00,5.54671625228538
2012-08-23 14:00:00,5.48252925195741
2012-08-23 15:00:00,5.55688875540704
2012-08-23 16:00:00,5.59441510051603
2012-08-23 17:00:00,5.7590459579715
2012-08-23 18:00:00,5.77272203551306
2012-08-23 19:00:00,5.78819747347781
2012-08-23 20:00:00,5.69996690460941
2012-08-23 21:00:00,5.810154727843
2012-08-23 22:00:00,6.02904101369361
2012-08-23 23:00:00,5.93529609223586
2012-08-24 00:00:00,3.60664391648918
2012-08-24 01:00:00,3.60516301043345
2012-08-24 02:00:00,3.64045407605323
2012-08-24 03:00:00,3.63897316999749
2012-08-24 04:00:00,3.90890025074823
2012-08-24 05:00:00,3.7233022276562
2012-08-24 06:00:00,3.8753456719823
2012-08-24 07:00:00,4.09447505517853
2012-08-24 08:00:00,4.34082497267545
2012-08-24 09:00:00,4.81143621123794
2012-08-24 10:00:00,5.10635051242067
2012-08-24 11:00:00,5.23895354074522
2012-08-24 12:00:00,5.38119920007772
2012-08-24 13:00:00,5.63202015580563
2012-08-24 14:00:00,5.49217188296535
2012-08-24 15:00:00,5.65287860429359
2012-08-24 16:00:00,5.75412435106519
2012-08-24 17:00:00,5.79468667192872
2012-08-24 18:00:00,5.76233223413817
2012-08-24 19:00:00,5.87316512039883
2012-08-24 20:00:00,5.84384862398332
2012-08-24 21:00:00,5.98780814525213
2012-08-24 22:00:00,6.03978245057879
2012-08-24 23:00:00,6.00455985345582
2012-08-25 00:00:00,3.90897854099937
2012-08-25 01:00:00,3.84686970055443
2012-08-25 02:00:00,3.85683925476351
2012-08-25 03:00:00,3.86518858554245
2012-08-25 04:00:00,4.13958670452419
2012-08-25 05:00:00,4.15601995836043
2012-08-25 06:00:00,4.13910326924754
2012-08-25 07:00:00,4.24929109248113
2012-08-25 08:00:00,4.51355516987002
2012-08-25 09:00:00,4.74193543595609
2012-08-25 10:00:00,4.95037887378601
2012-08-25 11:00:00,5.17710076945463
2012-08-25 12:00:00,4.99156640206206
2012-08-25 13:00:00,5.52660556225295
2012-08-25 14:00:00,4.8601479568179
2012-08-25 15:00:00,5.21774886752132
2012-08-25 16:00:00,5.33696426570376
2012-08-25 17:00:00,5.44718209590534
2012-08-25 18:00:00,5.66451211867839
2012-08-25 19:00:00,5.49559733529322
2012-08-25 20:00:00,5.06822177792182
2012-08-25 21:00:00,5.42943801832461
2012-08-25 22:00:00,5.53068376509621
2012-08-25 23:00:00,5.76925356429399
2012-08-26 00:00:00,3.18097815298437
2012-08-26 01:00:00,3.26430973986398
2012-08-26 02:00:00,3.54320890404471
2012-08-26 03:00:00,3.6533967272783
2012-08-26 04:00:00,3.73672831415791
2012-08-26 05:00:00,3.66929272695036
2012-08-26 06:00:00,3.77467522097423
2012-08-26 07:00:00,3.87178422049355
2012-08-26 08:00:00,4.32043851923235
2012-08-26 09:00:00,4.41271218257396
2012-08-26 10:00:00,4.92028055376564
2012-08-26 11:00:00,5.01255421710725
2012-08-26 12:00:00,4.76393088302221
2012-08-26 13:00:00,4.56903414628822
2012-08-26 14:00:00,4.55364821154074
2012-08-26 15:00:00,4.48002322591004
2012-08-26 16:00:00,4.58126897268163
2012-08-26 17:00:00,4.89321377163949
2012-08-26 18:00:00,5.12284149437527
2012-08-26 19:00:00,5.24647243926984
2012-08-26 20:00:00,5.17903685206229
2012-08-26 21:00:00,5.3622524169877
2012-08-26 22:00:00,5.33192261318182
2012-08-26 23:00:00,5.5513307958379
2012-08-27 00:00:00,3.09918985737359
2012-08-27 01:00:00,3.10915941158266
2012-08-27 02:00:00,3.22381827304725
2012-08-27 03:00:00,3.31165090512585
2012-08-27 04:00:00,3.50417284445997
2012-08-27 05:00:00,3.48725615534708
2012-08-27 06:00:00,3.58850190211867
2012-08-27 07:00:00,3.89238632111088
2012-08-27 08:00:00,4.02051831120444
2012-08-27 09:00:00,4.12623509620703
2012-08-27 10:00:00,4.62626448082468
2012-08-27 11:00:00,4.86668025626665
2012-08-27 12:00:00,5.01243913795864
2012-08-27 13:00:00,5.23874124416167
2012-08-27 14:00:00,5.52333389792481
2012-08-27 15:00:00,5.63869981714853
2012-08-27 16:00:00,5.72650244225914
2012-08-27 17:00:00,5.87074272860831
2012-08-27 18:00:00,5.84761113236012
2012-08-27 19:00:00,5.6249903794802
2012-08-27 20:00:00,5.71726404282181
2012-08-27 21:00:00,5.7578818552042
2012-08-27 22:00:00,5.62308152966668
2012-08-27 23:00:00,5.71538519997628
2012-08-28 00:00:00,3.41358926058357
2012-08-28 01:00:00,3.33665969314057
2012-08-28 02:00:00,3.54676150138794
2012-08-28 03:00:00,3.39438327255767
2012-08-28 04:00:00,3.62894843881105
2012-08-28 05:00:00,3.8854624048688
2012-08-28 06:00:00,3.8578597703896
2012-08-28 07:00:00,4.09242493664298
2012-08-28 08:00:00,4.20545543465811
2012-08-28 09:00:00,4.5424109971396
2012-08-28 10:00:00,4.80159908587824
2012-08-28 11:00:00,5.13579747206504
2012-08-28 12:00:00,5.37905592228856
2012-08-28 13:00:00,5.57571460887494
2012-08-28 14:00:00,5.76171735706302
2012-08-28 15:00:00,5.87252023635569
2012-08-28 16:00:00,5.95551753225658
2012-08-28 17:00:00,6.00226475328742
2012-08-28 18:00:00,5.98739621708957
2012-08-28 19:00:00,5.90152457318458
2012-08-28 20:00:00,5.9393852092723
2012-08-28 21:00:00,6.03615991781289
2012-08-28 22:00:00,5.97720000178074
2012-08-28 23:00:00,5.9908760793223
2012-08-29 00:00:00,3.43796258251004
2012-08-29 01:00:00,3.53740896885845
2012-08-29 02:00:00,3.53564926334286
2012-08-29 03:00:00,3.62795293365246
2012-08-29 04:00:00,3.76502700020802
2012-08-29 05:00:00,3.85730066354962
2012-08-29 06:00:00,3.95854641032122
2012-08-29 07:00:00,4.19209826918423
2012-08-29 08:00:00,4.41845586690613
2012-08-29 09:00:00,4.76468976244884
2012-08-29 10:00:00,4.94484190144833
2012-08-29 11:00:00,4.99990963966889
2012-08-29 12:00:00,5.26141654076311
2012-08-29 13:00:00,5.29024960190197
2012-08-29 14:00:00,5.49079427762826
2012-08-29 15:00:00,5.62336729898482
2012-08-29 16:00:00,5.7100711182182
2012-08-29 17:00:00,5.91061579394449
2012-08-29 18:00:00,5.84574977720488
2012-08-29 19:00:00,5.73167627937289
2012-08-29 20:00:00,5.68713883900752
2012-08-29 21:00:00,5.82283530022598
2012-08-29 22:00:00,5.89272376544461
2012-08-29 23:00:00,5.94849856142431
2012-08-30 00:00:00,3.3958638640719
2012-08-30 01:00:00,3.5577375452327
2012-08-30 02:00:00,3.49534990532791
2012-08-30 03:00:00,3.5965956520995
2012-08-30 04:00:00,3.6978413988711
2012-08-30 05:00:00,3.79908714564269
2012-08-30 06:00:00,3.71355826155011
2012-08-30 07:00:00,4.04395615708387
2012-08-30 08:00:00,4.30855649107199
2012-08-30 09:00:00,4.60037735936081
2012-08-30 10:00:00,4.80462855841959
2012-08-30 11:00:00,5.18705703731348
2012-08-30 12:00:00,5.22593098079156
2012-08-30 13:00:00,5.27276370030927
2012-08-30 14:00:00,5.38295152354285
2012-08-30 15:00:00,5.65033707517315
2012-08-30 16:00:00,5.79705377273664
2012-08-30 17:00:00,6.05262653177591
2012-08-30 18:00:00,6.02398058293835
2012-08-30 19:00:00,5.88918025740083
2012-08-30 20:00:00,5.84782825162942
2012-08-30 21:00:00,5.81884604619263
2012-08-30 22:00:00,5.73468826422395
2012-08-30 23:00:00,5.8490408760573
2012-08-31 00:00:00,3.31741377149078
2012-08-31 01:00:00,3.41865951826237
2012-08-31 02:00:00,3.29313752578607
2012-08-31 03:00:00,3.38544119609567
2012-08-31 04:00:00,3.45353030089113
2012-08-31 05:00:00,3.56374813109271
2012-08-31 06:00:00,3.83367521184345
2012-08-31 07:00:00,3.91253576049207
2012-08-31 08:00:00,4.46767872690956
2012-08-31 09:00:00,4.54534731042733
2012-08-31 10:00:00,4.83683388773742
2012-08-31 11:00:00,5.60057786929124
2012-08-31 12:00:00,5.71869446159645
2012-08-31 13:00:00,5.86957594775971
2012-08-31 14:00:00,6.01187709861107
2012-08-31 15:00:00,6.14757159420904
2012-08-31 16:00:00,6.23537421931965
2012-08-31 17:00:00,6.19160129385279
2012-08-31 18:00:00,6.21697662415102
2012-08-31 19:00:00,6.04297574647578
2012-08-31 20:00:00,6.14422149324737
2012-08-31 21:00:00,6.04249231119913
2012-08-31 22:00:00,6.14373805797072
2012-08-31 23:00:00,6.07302339766302
2012-09-20 00:00:00,3.14862202085135
2012-09-20 01:00:00,3.06033596046408
2012-09-20 02:00:00,3.15711066900468
2012-09-20 03:00:00,3.11358653602968
2012-09-20 04:00:00,3.24618956435424
2012-09-20 05:00:00,3.34743531112583
2012-09-20 06:00:00,3.41732377634447
2012-09-20 07:00:00,3.51624060512066
2012-09-20 08:00:00,3.90968932035957
2012-09-20 09:00:00,4.25904469014368
2012-09-20 10:00:00,4.50876683999436
2012-09-20 11:00:00,4.94574737052736
2012-09-20 12:00:00,5.08729247531391
2012-09-20 13:00:00,5.17338123848821
2012-09-20 14:00:00,5.24707019435988
2012-09-20 15:00:00,5.34831594113148
2012-09-20 16:00:00,5.44061961144108
2012-09-20 17:00:00,5.51430856731275
2012-09-20 18:00:00,5.53355448896255
2012-09-20 19:00:00,5.35417903377257
2012-09-20 20:00:00,5.32553308493501
2012-09-20 21:00:00,5.44469299159858
2012-09-20 22:00:00,5.34057093120238
2012-09-20 23:00:00,5.51760159596047
2012-09-21 00:00:00,3.15759213866083
2012-09-21 01:00:00,3.15583243314524
2012-09-21 02:00:00,3.25707817991683
2012-09-21 03:00:00,3.26704773412591
2012-09-21 04:00:00,3.34140723757554
2012-09-21 05:00:00,3.36686806636063
2012-09-21 06:00:00,3.57078497444069
2012-09-21 07:00:00,3.68752199578831
2012-09-21 08:00:00,3.93207255286205
2012-09-21 09:00:00,4.19357945395626
2012-09-21 10:00:00,4.59676280190316
2012-09-21 11:00:00,4.80073520150209
2012-09-21 12:00:00,4.9264443062797
2012-09-21 13:00:00,5.11525972228132
2012-09-21 14:00:00,5.25680482706787
2012-09-21 15:00:00,5.33566537571649
2012-09-21 16:00:00,5.4279390390581
2012-09-21 17:00:00,5.46850135992163
2012-09-21 18:00:00,5.45776957097605
2012-09-21 19:00:00,5.45628866492031
2012-09-21 20:00:00,5.47899231741073
2012-09-21 21:00:00,5.49514677178712
2012-09-21 22:00:00,5.57847835866674
2012-09-21 23:00:00,5.72005347042128
2012-09-22 00:00:00,3.47456069240928
2012-09-22 01:00:00,3.30213268666462
2012-09-22 02:00:00,3.27177287589074
2012-09-22 03:00:00,3.45777562407882
2012-09-22 04:00:00,3.55902137085041
2012-09-22 05:00:00,3.67371023928299
2012-09-22 06:00:00,3.7659839026246
2012-09-22 07:00:00,3.9719489636197
2012-09-22 08:00:00,4.28899770481303
2012-09-22 09:00:00,4.47980578221083
2012-09-22 10:00:00,4.70619338690073
2012-09-22 11:00:00,4.98457113352856
2012-09-22 12:00:00,5.19329337081834
2012-09-22 13:00:00,5.35792422827381
2012-09-22 14:00:00,5.52435444615246
2012-09-22 15:00:00,5.61485875603888
2012-09-22 16:00:00,5.6527193921266
2012-09-22 17:00:00,5.75396513889819
2012-09-22 18:00:00,5.79629681321691
2012-09-22 19:00:00,5.76765086437935
2012-09-22 20:00:00,5.94743870543212
2012-09-22 21:00:00,5.91873726507569
2012-09-22 22:00:00,6.00206885195531
2012-09-22 23:00:00,6.209413483908
2012-09-23 00:00:00,4.58923865357478
2012-09-23 01:00:00,4.21411648409064
2012-09-23 02:00:00,4.30225536580048
2012-09-23 03:00:00,4.22636911271584
2012-09-23 04:00:00,4.26285214346647
2012-09-23 05:00:00,4.31241203231086
2012-09-23 06:00:00,4.32608810985242
2012-09-23 07:00:00,4.50596144939206
2012-09-23 08:00:00,4.75051200646579
2012-09-23 09:00:00,4.94554232960273
2012-09-23 10:00:00,5.20006980866313
2012-09-23 11:00:00,5.32825729027556
2012-09-23 12:00:00,5.4302035915931
2012-09-23 13:00:00,5.87857712525154
2012-09-23 14:00:00,5.98876494848513
2012-09-23 15:00:00,6.17476769667321
2012-09-23 16:00:00,6.30737072499776
2012-09-23 17:00:00,6.1159017121364
2012-09-23 18:00:00,6.1133774917223
2012-09-23 19:00:00,6.08751872614742
2012-09-23 20:00:00,6.18876447291901
2012-09-23 21:00:00,6.34983549219398
2012-09-23 22:00:00,6.25104262343347
2012-09-23 23:00:00,6.34322264826888
2012-09-24 00:00:00,3.63103868477605
2012-09-24 01:00:00,3.65374233726647
2012-09-24 02:00:00,3.9842973524064
2012-09-24 03:00:00,3.92583384862884
2012-09-24 04:00:00,3.90643878268112
2012-09-24 05:00:00,4.07905390072709
2012-09-24 06:00:00,4.24092758188788
2012-09-24 07:00:00,4.26121681789603
2012-09-24 08:00:00,4.64673676406332
2012-09-24 09:00:00,4.83583097952481
2012-09-24 10:00:00,5.03389727841627
2012-09-24 11:00:00,5.35015346336361
2012-09-24 12:00:00,5.51307045888276
2012-09-24 13:00:00,5.92837284905193
2012-09-24 14:00:00,5.94342002871739
2012-09-24 15:00:00,6.04129354313523
2012-09-24 16:00:00,6.02277276019265
2012-09-24 17:00:00,6.04789082916533
2012-09-24 18:00:00,6.00783289586465
2012-09-24 19:00:00,6.02741507411367
2012-09-24 20:00:00,5.92267795765838
2012-09-24 21:00:00,6.00564524659127
2012-09-24 22:00:00,6.13377723668483
2012-09-24 23:00:00,5.94177670063075
2012-09-25 00:00:00,3.56146867392486
2012-09-25 01:00:00,3.53585870084183
2012-09-25 02:00:00,3.51894201172894
2012-09-25 03:00:00,3.69771654539134
2012-09-25 04:00:00,3.81237540685593
2012-09-25 05:00:00,3.80926613735074
2012-09-25 06:00:00,3.99318876003528
2012-09-25 07:00:00,4.08546242337689
2012-09-25 08:00:00,4.4227542424576
2012-09-25 09:00:00,4.83549472292558
2012-09-25 10:00:00,5.05291024418549
2012-09-25 11:00:00,5.49852660154925
2012-09-25 12:00:00,5.64077226088175
2012-09-25 13:00:00,5.67241798983416
2012-09-25 14:00:00,5.91733481047511
2012-09-25 15:00:00,6.06405150803861
2012-09-25 16:00:00,6.11085422058832
2012-09-25 17:00:00,6.20762892912892
2012-09-25 18:00:00,6.26064654881393
2012-09-25 19:00:00,6.23442151967183
2012-09-25 20:00:00,6.25816848652061
2012-09-25 21:00:00,6.3594142332922
2012-09-25 22:00:00,6.4561889418328
2012-09-25 23:00:00,6.57087781026538
2012-09-26 00:00:00,3.90094649119994
2012-09-26 01:00:00,4.01116432140152
2012-09-26 02:00:00,4.26764828049127
2012-09-26 03:00:00,4.36889402726287
2012-09-26 04:00:00,4.11369598635165
2012-09-26 05:00:00,4.20599965666125
2012-09-26 06:00:00,4.25617460156473
2012-09-26 07:00:00,4.27887825405515
2012-09-26 08:00:00,4.53212209509901
2012-09-26 09:00:00,4.94975340326358
2012-09-26 10:00:00,4.89909502308345
2012-09-26 11:00:00,5.25772872592878
2012-09-26 12:00:00,5.39240991413637
2012-09-26 13:00:00,5.581225330138
2012-09-26 14:00:00,5.89433259067255
2012-09-26 15:00:00,6.00004937567514
2012-09-26 16:00:00,6.14229503500764
2012-09-26 17:00:00,6.20254086921833
2012-09-26 18:00:00,6.28140141786695
2012-09-26 19:00:00,6.23141358526478
2012-09-26 20:00:00,6.02977041820276
2012-09-26 21:00:00,6.19164409936355
2012-09-26 22:00:00,5.96154998122957
2012-09-26 23:00:00,6.25711534523871
2012-09-27 00:00:00,3.71054040103594
2012-09-27 01:00:00,3.81178614780754
2012-09-27 02:00:00,3.91303189457913
2012-09-27 03:00:00,3.98739139802876
2012-09-27 04:00:00,3.75957101102441
2012-09-27 05:00:00,4.02962173724933
2012-09-27 06:00:00,4.0395912914584
2012-09-27 07:00:00,4.39237438511514
2012-09-27 08:00:00,4.71108149672592
2012-09-27 09:00:00,4.91848162019748
2012-09-27 10:00:00,5.57018246887543
2012-09-27 11:00:00,5.67797741376106
2012-09-27 12:00:00,5.81572202789457
2012-09-27 13:00:00,5.87666841665121
2012-09-27 14:00:00,6.0923700759748
2012-09-27 15:00:00,6.16672957942443
2012-09-27 16:00:00,6.12737870388288
2012-09-27 17:00:00,5.92607179342008
2012-09-27 18:00:00,6.0049323420687
2012-09-27 19:00:00,5.97123844592838
2012-09-27 20:00:00,6.16532511717375
2012-09-27 21:00:00,5.59498750931263
2012-09-27 22:00:00,5.69623325608422
2012-09-27 23:00:00,5.75717964484086
2012-09-28 00:00:00,3.26826631477156
2012-09-28 01:00:00,3.32024062009822
2012-09-28 02:00:00,3.5110571663297
2012-09-28 03:00:00,4.07820965413837
2012-09-28 04:00:00,3.61295762406797
2012-09-28 05:00:00,3.91145930136484
2012-09-28 06:00:00,4.11733072385375
2012-09-28 07:00:00,4.19169022730338
2012-09-28 08:00:00,4.40234393932421
2012-09-28 09:00:00,4.71911957620394
2012-09-28 10:00:00,4.94719103586216
2012-09-28 11:00:00,5.22902651333062
2012-09-28 12:00:00,5.71823092819674
2012-09-28 13:00:00,5.86494762576023
2012-09-28 14:00:00,5.92072242173993
2012-09-28 15:00:00,5.98884153350337
2012-09-28 16:00:00,6.0904235368742
2012-09-28 17:00:00,6.15342654737957
2012-09-28 18:00:00,6.29291503041739
2012-09-28 19:00:00,6.00580830759359
2012-09-28 20:00:00,6.03472686721932
2012-09-28 21:00:00,6.1449146904529
2012-09-28 22:00:00,6.44137587560148
2012-09-28 23:00:00,6.44580107025321
2012-09-29 00:00:00,3.9513155105257
2012-09-29 01:00:00,4.05256125729729
2012-09-29 02:00:00,4.38311627243723
2012-09-29 03:00:00,4.38754146708895
2012-09-29 04:00:00,4.33802003977338
2012-09-29 05:00:00,4.31834617436581
2012-09-29 06:00:00,4.43750608102938
2012-09-29 07:00:00,4.44499725840363
2012-09-29 08:00:00,4.57318474001606
2012-09-29 09:00:00,4.72332916145219
2012-09-29 10:00:00,5.03334298909284
2012-09-29 11:00:00,5.24628747212175
2012-09-29 12:00:00,5.772159785703
2012-09-29 13:00:00,5.8734055324746
2012-09-29 14:00:00,5.97636514118251
2012-09-29 15:00:00,6.03213993716221
2012-09-29 16:00:00,6.1636996511284
2012-09-29 17:00:00,6.34177363024486
2012-09-29 18:00:00,6.01906335778474
2012-09-29 19:00:00,5.89047793938253
2012-09-29 20:00:00,6.00066576261611
2012-09-29 21:00:00,6.08399734949573
2012-09-29 22:00:00,6.01266763312895
2012-09-29 23:00:00,6.17007027605874
2012-09-30 00:00:00,3.8145318569901
2012-09-30 01:00:00,3.91577760376169
2012-09-30 02:00:00,3.91429669770596
2012-09-30 03:00:00,3.93942323551233
2012-09-30 04:00:00,4.04066898228392
2012-09-30 05:00:00,3.99714484930892
2012-09-30 06:00:00,4.12527683940248
2012-09-30 07:00:00,4.12385142486562
2012-09-30 08:00:00,4.49250052549929
2012-09-30 09:00:00,4.73885044299621
2012-09-30 10:00:00,5.24253282504798
2012-09-30 11:00:00,5.61821487361384
2012-09-30 12:00:00,5.772159785703
2012-09-30 13:00:00,5.85996241081362
2012-09-30 14:00:00,5.96120815758521
2012-09-30 15:00:00,6.1382388223433
2012-09-30 16:00:00,6.2305424926529
2012-09-30 17:00:00,6.36485938291378
2012-09-30 18:00:00,5.81370401945063
2012-09-30 19:00:00,5.35284640482222
2012-09-30 20:00:00,5.45409215159382
2012-09-30 21:00:00,5.8042796868179
2012-09-30 22:00:00,5.80279878076216
2012-09-30 23:00:00,5.93093077085572
2012-10-20 00:00:00,3.42174435593105
2012-10-20 01:00:00,3.67455993867563
2012-10-20 02:00:00,3.6489799725606
2012-10-20 03:00:00,3.7167902778962
2012-10-20 04:00:00,3.89589910253733
2012-10-20 05:00:00,3.76109877699981
2012-10-20 06:00:00,4.07117006177983
2012-10-20 07:00:00,3.963590270543
2012-10-20 08:00:00,4.45906508406329
2012-10-20 09:00:00,4.76604293594941
2012-10-20 10:00:00,5.01576508580009
2012-10-20 11:00:00,5.18627459379163
2012-10-20 12:00:00,5.3847326408012
2012-10-20 13:00:00,5.54936349825667
2012-10-20 14:00:00,5.64680875437523
2012-10-20 15:00:00,5.70258355035492
2012-10-20 16:00:00,5.86198732351458
2012-10-20 17:00:00,6.02110382838069
2012-10-20 18:00:00,6.0496580900597
2012-10-20 19:00:00,5.99069817402754
2012-10-20 20:00:00,6.2097720657049
2012-10-20 21:00:00,6.10528570736198
2012-10-20 22:00:00,6.06797648152228
2012-10-20 23:00:00,5.98938854366183
2012-10-21 00:00:00,3.81301326164728
2012-10-21 01:00:00,3.82916771602366
2012-10-21 02:00:00,3.80977265007595
2012-10-21 03:00:00,3.78562774643738
2012-10-21 04:00:00,3.70689881857119
2012-10-21 05:00:00,3.98811923998057
2012-10-21 06:00:00,4.16548419571739
2012-10-21 07:00:00,4.26672994248898
2012-10-21 08:00:00,4.33428948971221
2012-10-21 09:00:00,4.75116671743246
2012-10-21 10:00:00,5.08328694373623
2012-10-21 11:00:00,5.296510226225
2012-10-21 12:00:00,5.51591840888108
2012-10-21 13:00:00,5.66716163619444
2012-10-21 14:00:00,5.78080719026866
2012-10-21 15:00:00,5.9223823020232
2012-10-21 16:00:00,5.9198580816091
2012-10-21 17:00:00,5.9573544197501
2012-10-21 18:00:00,6.04068600662971
2012-10-21 19:00:00,6.04514120824943
2012-10-21 20:00:00,6.08291634585028
2012-10-21 21:00:00,5.89679642595278
2012-10-21 22:00:00,5.94877073127943
2012-10-21 23:00:00,6.09239399594902
2012-10-22 00:00:00,3.46140719569216
2012-10-22 01:00:00,3.42624009008806
2012-10-22 02:00:00,3.48510831896166
2012-10-22 03:00:00,3.76514443600694
2012-10-22 04:00:00,3.76338473049135
2012-10-22 05:00:00,3.73994688461191
2012-10-22 06:00:00,3.75671639504738
2012-10-22 07:00:00,4.0940082141281
2012-10-22 08:00:00,4.28006448821454
2012-10-22 09:00:00,4.51092313113543
2012-10-22 10:00:00,4.79101473969958
2012-10-22 11:00:00,5.34121138690162
2012-10-22 12:00:00,5.46587717732086
2012-10-22 13:00:00,5.91838745823157
2012-10-22 14:00:00,6.01679053022163
2012-10-22 15:00:00,6.12087895177476
2012-10-22 16:00:00,6.16149676415716
2012-10-22 17:00:00,6.24482835103678
2012-10-22 18:00:00,5.58068017884559
2012-10-22 19:00:00,5.82143221088678
2012-10-22 20:00:00,5.77420155457929
2012-10-22 21:00:00,5.70762167590336
2012-10-22 22:00:00,5.55254826551047
2012-10-22 23:00:00,5.64485193582007
2012-10-23 00:00:00,3.24317201838157
2012-10-23 01:00:00,3.51114458472346
2012-10-23 02:00:00,3.39459271005664
2012-10-23 03:00:00,3.66256527639853
2012-10-23 04:00:00,3.71249142881014
2012-10-23 05:00:00,3.85164365524873
2012-10-23 06:00:00,3.7926282476977
2012-10-23 07:00:00,4.22728752100206
2012-10-23 08:00:00,4.44194586596729
2012-10-23 09:00:00,4.632138887306
2012-10-23 10:00:00,4.79998485750906
2012-10-23 11:00:00,5.30285691690826
2012-10-23 12:00:00,5.70576912616206
2012-10-23 13:00:00,5.81044259680629
2012-10-23 14:00:00,5.88012691973357
2012-10-23 15:00:00,5.99928682639714
2012-10-23 16:00:00,6.01476226436188
2012-10-23 17:00:00,6.13459271860341
2012-10-23 18:00:00,6.03846338763139
2012-10-23 19:00:00,6.07908120001379
2012-10-23 20:00:00,5.87658998518689
2012-10-23 21:00:00,5.83453092165635
2012-10-23 22:00:00,5.9671339499809
2012-10-23 23:00:00,5.95049606032787
2012-10-24 00:00:00,3.61737284635019
2012-10-24 01:00:00,3.76751726778632
2012-10-24 02:00:00,3.86876301455791
2012-10-24 03:00:00,3.7757271164798
2012-10-24 04:00:00,3.87697286325139
2012-10-24 05:00:00,3.87554744871453
2012-10-24 06:00:00,3.96605175860095
2012-10-24 07:00:00,4.01398328399588
2012-10-24 08:00:00,4.40654383886211
2012-10-24 09:00:00,4.5942604489865
2012-10-24 10:00:00,4.77162540472332
2012-10-24 11:00:00,4.92507890622759
2012-10-24 12:00:00,5.26763431978529
2012-10-24 13:00:00,5.49019142685415
2012-10-24 14:00:00,6.11580869409596
2012-10-24 15:00:00,5.99377247380778
2012-10-24 16:00:00,6.2370009170633
2012-10-24 17:00:00,6.00127329912163
2012-10-24 18:00:00,6.14798999668512
2012-10-24 19:00:00,6.30839046838213
2012-10-24 20:00:00,6.2462816279372
2012-10-24 21:00:00,6.35199841293979
2012-10-24 22:00:00,6.41671528538148
2012-10-24 23:00:00,6.27496751039864
2012-10-25 00:00:00,4.1803667799444
2012-10-25 01:00:00,3.85199350412244
2012-10-25 02:00:00,3.73235016218222
2012-10-25 03:00:00,3.83347226347963
2012-10-25 04:00:00,3.92577593378923
2012-10-25 05:00:00,4.0449358404528
2012-10-25 06:00:00,4.15512366368639
2012-10-25 07:00:00,4.25636941045799
2012-10-25 08:00:00,4.42445799875409
2012-10-25 09:00:00,4.53464582198767
2012-10-25 10:00:00,4.66035492676528
2012-10-25 11:00:00,4.75265859707488
2012-10-25 12:00:00,4.97178798027111
2012-10-25 13:00:00,5.04167644548974
2012-10-25 14:00:00,5.25927760695589
2012-10-25 15:00:00,5.52415674040387
2012-10-25 16:00:00,5.53136911831826
2012-10-25 17:00:00,5.63261486508986
2012-10-25 18:00:00,5.33479620893503
2012-10-25 19:00:00,5.42079947362246
2012-10-25 20:00:00,5.55464995859674
2012-10-25 21:00:00,5.65589570536834
2012-10-25 22:00:00,5.86189077333143
2012-10-25 23:00:00,5.97654963479601
2012-10-26 00:00:00,3.69854000261817
2012-10-26 01:00:00,3.61756765524345
2012-10-26 02:00:00,3.72328444024604
2012-10-26 03:00:00,3.84244434690962
2012-10-26 04:00:00,3.94369009368121
2012-10-26 05:00:00,4.02702168056083
2012-10-26 06:00:00,4.12379638910143
2012-10-26 07:00:00,4.22951317410402
2012-10-26 08:00:00,4.38207851523559
2012-10-26 09:00:00,4.48332426200719
2012-10-26 10:00:00,4.57562793231679
2012-10-26 11:00:00,4.88845639339149
2012-10-26 12:00:00,5.11680665250957
2012-10-26 13:00:00,5.27592315737568
2012-10-26 14:00:00,5.60674931120872
2012-10-26 15:00:00,5.74452393231022
2012-10-26 16:00:00,5.51284756313395
2012-10-26 17:00:00,5.53518691767765
2012-10-26 18:00:00,5.58820453736267
2012-10-26 19:00:00,5.58053873113962
2012-10-26 20:00:00,5.68178447791121
2012-10-26 21:00:00,5.86500004283662
2012-10-26 22:00:00,5.83292637012643
2012-10-26 23:00:00,5.77446286634886
2012-10-27 00:00:00,3.41527869068337
2012-10-27 01:00:00,3.68520577143411
2012-10-27 02:00:00,3.80436567809769
2012-10-27 03:00:00,3.72798801442814
2012-10-27 04:00:00,3.99791509517888
2012-10-27 05:00:00,4.19904481999627
2012-10-27 06:00:00,4.30029056676786
2012-10-27 07:00:00,4.17559927752488
2012-10-27 08:00:00,4.42779980421038
2012-10-27 09:00:00,4.52904555098198
2012-10-27 10:00:00,4.78464635136873
2012-10-27 11:00:00,5.06440366895416
2012-10-27 12:00:00,5.57683286087443
2012-10-27 13:00:00,5.82964844361902
2012-10-27 14:00:00,5.88542323959871
2012-10-27 15:00:00,5.69869592440888
2012-10-27 16:00:00,5.73931373679128
2012-10-27 17:00:00,5.84055948356287
2012-10-27 18:00:00,5.94180523033447
2012-10-27 19:00:00,5.81940471209956
2012-10-27 20:00:00,5.92065045887116
2012-10-27 21:00:00,6.02189620564275
2012-10-27 22:00:00,6.13208402887634
2012-10-27 23:00:00,6.33428707502008
2012-10-28 00:00:00,3.58145410989405
2012-10-28 01:00:00,3.97251791220484
2012-10-28 02:00:00,4.13886263159663
2012-10-28 03:00:00,4.32486537978471
2012-10-28 04:00:00,4.4350532030183
2012-10-28 05:00:00,4.51838478989791
2012-10-28 06:00:00,4.68923055448869
2012-10-28 07:00:00,4.7815042178303
2012-10-28 08:00:00,4.95887764240081
2012-10-28 09:00:00,5.08045196554664
2012-10-28 10:00:00,5.2002269282693
2012-10-28 11:00:00,5.33462931701704
2012-10-28 12:00:00,5.30384775115707
2012-10-28 13:00:00,5.38270829980569
2012-10-28 14:00:00,5.53502484844541
2012-10-28 15:00:00,5.58905577552079
2012-10-28 16:00:00,5.18133824694568
2012-10-28 17:00:00,5.10655079973827
2012-10-28 18:00:00,4.85667950558967
2012-10-28 19:00:00,4.91762589434631
2012-10-28 20:00:00,5.05022892267086
2012-10-28 21:00:00,5.27135096726326
2012-10-28 22:00:00,5.35468255414288
2012-10-28 23:00:00,5.32260888143269
2012-10-29 00:00:00,3.03067360577213
2012-10-30 13:00:00,3.98820849940535
2012-10-30 14:00:00,4.08945424617694
2012-10-30 15:00:00,4.11077832770977
2012-10-30 16:00:00,4.21202407448136
2012-10-30 17:00:00,4.30432774479097
2012-10-30 18:00:00,4.42078596667873
2012-10-30 19:00:00,5.73208052576512
2012-10-30 20:00:00,5.08732934931694
2012-10-30 21:00:00,5.1552531944869
2012-10-30 22:00:00,5.14532406742714
2012-10-30 23:00:00,5.24656981419874
2012-10-31 00:00:00,3.1200344138672
2012-10-31 01:00:00,3.2168091224078
2012-10-31 02:00:00,3.28909046597439
2012-10-31 03:00:00,3.42377165418199
2012-10-31 04:00:00,3.37645549938763
2012-10-31 05:00:00,3.59282770628918
2012-10-31 06:00:00,3.53436420251161
2012-10-31 07:00:00,3.70437729824857
2012-10-31 08:00:00,3.81235984896094
2012-10-31 09:00:00,3.98939051371903
2012-10-31 10:00:00,4.21122158169107
2012-10-31 11:00:00,4.58139693843431
2012-10-31 12:00:00,4.79519760924742
2012-10-31 13:00:00,5.06877002666553
2012-10-31 14:00:00,5.33869710741627
2012-10-31 15:00:00,5.19271942592754
2012-10-31 16:00:00,5.48056066657026
2012-10-31 17:00:00,5.46116560062255
2012-10-31 18:00:00,5.56241134739414
2012-10-31 19:00:00,5.79385503940612
2012-10-31 20:00:00,5.89510078617772
2012-10-31 21:00:00,5.99634653294931
2012-10-31 22:00:00,5.63594542799644
2012-10-31 23:00:00,5.76587677851318
2012-11-20 00:00:00,3.16912069435847
2012-11-20 01:00:00,3.36442981695526
2012-11-20 02:00:00,3.43593850560403
2012-11-20 03:00:00,3.6598177264911
2012-11-20 04:00:00,3.82132710970518
2012-11-20 05:00:00,3.90465869658479
2012-11-20 06:00:00,3.93909160879988
2012-11-20 07:00:00,3.77348590548285
2012-11-20 08:00:00,3.96392968493393
2012-11-20 09:00:00,4.32041116190384
2012-11-20 10:00:00,4.60880430632002
2012-11-20 11:00:00,4.73699178793245
2012-11-20 12:00:00,4.81135129138208
2012-11-20 13:00:00,5.09138740842735
2012-11-20 14:00:00,5.22399043675191
2012-11-20 15:00:00,5.41280585275354
2012-11-20 16:00:00,5.31900543977692
2012-11-20 17:00:00,5.26412481385766
2012-11-20 18:00:00,5.41877028049277
2012-11-20 19:00:00,5.41734486595591
2012-11-20 20:00:00,5.40042817684302
2012-11-20 21:00:00,5.36667878918383
2012-11-20 22:00:00,5.46792453595542
2012-11-20 23:00:00,5.32210397407287
2012-11-21 00:00:00,3.04657075310935
2012-11-21 01:00:00,3.09469754509778
2012-11-21 02:00:00,2.97842643551133
2012-11-21 03:00:00,3.07967218228292
2012-11-21 04:00:00,3.18091792905452
2012-11-21 05:00:00,3.28216367582611
2012-11-21 06:00:00,3.42103710280484
2012-11-21 07:00:00,3.4801841311383
2012-11-21 08:00:00,3.88315183191097
2012-11-21 09:00:00,3.97597739902604
2012-11-21 10:00:00,4.38938842707198
2012-11-21 11:00:00,4.81520773125422
2012-11-21 12:00:00,5.13734256673763
2012-11-21 13:00:00,5.33850229852301
2012-11-21 14:00:00,5.50318864749735
2012-11-21 15:00:00,5.52763616889208
2012-11-21 16:00:00,5.64566726271043
2012-11-21 17:00:00,5.56530997139479
2012-11-21 18:00:00,5.72105424390714
2012-11-21 19:00:00,5.68889507271008
2012-11-21 20:00:00,5.36388392360206
2012-11-21 21:00:00,5.68497544472711
2012-11-21 22:00:00,5.75900065719802
2012-11-21 23:00:00,5.63626388236388
2012-11-22 00:00:00,3.22532759113827
2012-11-22 01:00:00,3.25725408517104
2012-11-22 02:00:00,3.08035504119538
2012-11-22 03:00:00,3.18607182619797
2012-11-22 04:00:00,3.13599849510894
2012-11-22 05:00:00,3.38856331974116
2012-11-22 06:00:00,3.60769270293739
2012-11-22 07:00:00,3.51552065341022
2012-11-22 08:00:00,3.65886511861995
2012-11-22 09:00:00,4.12481005235796
2012-11-22 10:00:00,4.46314518579703
2012-11-22 11:00:00,4.97138410456667
2012-11-22 12:00:00,5.17906302749808
2012-11-22 13:00:00,5.38303542709701
2012-11-22 14:00:00,5.55697265896119
2012-11-22 15:00:00,5.65821840573279
2012-11-22 16:00:00,5.65645870021719
2012-11-22 17:00:00,5.68529176135606
2012-11-22 18:00:00,5.58080540301313
2012-11-22 19:00:00,5.09739445473773
2012-11-22 20:00:00,5.23204760159783
2012-11-22 21:00:00,5.46965070922625
2012-11-22 22:00:00,5.54401021267588
2012-11-22 23:00:00,5.46646558917379
2012-11-23 00:00:00,3.16250753589188
2012-11-23 01:00:00,3.00575027053066
2012-11-23 02:00:00,3.15583920044792
2012-11-23 03:00:00,3.34808234032218
2012-11-23 04:00:00,3.27832549588598
2012-11-23 05:00:00,3.34174829585694
2012-11-23 06:00:00,3.44299404262854
2012-11-23 07:00:00,3.54423978940013
2012-11-23 08:00:00,3.49695364157377
2012-11-23 09:00:00,3.86903046608008
2012-11-23 10:00:00,4.3269630978801
2012-11-23 11:00:00,4.81520773125422
2012-11-23 12:00:00,5.20072767742151
2012-11-23 13:00:00,5.35304422606123
2012-11-23 14:00:00,5.56010809293356
2012-11-23 15:00:00,5.54347020328052
2012-11-23 16:00:00,5.76862688778531
2012-11-23 17:00:00,5.89571556352051
2012-11-23 18:00:00,5.85191263108565
2012-11-23 19:00:00,5.95695886851029
2012-11-23 20:00:00,5.95807998476356
2012-11-23 21:00:00,6.0176252644283
2012-11-23 22:00:00,6.36959878612185
2012-11-23 23:00:00,6.33029689888599
2012-11-24 00:00:00,4.06233342426415
2012-11-24 01:00:00,3.77227450582773
2012-11-24 02:00:00,3.91244200527719
2012-11-24 03:00:00,3.86514738861714
2012-11-24 04:00:00,3.86642562447658
2012-11-24 05:00:00,3.97422056936221
2012-11-24 06:00:00,3.97417472578293
2012-11-24 07:00:00,4.34539339688454
2012-11-24 08:00:00,4.3990900329812
2012-11-24 09:00:00,4.5413356923137
2012-11-24 10:00:00,4.59468760297745
2012-11-24 11:00:00,4.82588053687706
2012-11-24 12:00:00,5.09695303932604
2012-11-24 13:00:00,5.07102265263185
2012-11-24 14:00:00,5.21593998977216
2012-11-24 15:00:00,5.22933726785387
2012-11-24 16:00:00,5.21132177286374
2012-11-24 17:00:00,5.20708369051332
2012-11-24 18:00:00,5.35380038807682
2012-11-24 19:00:00,5.4113445375117
2012-11-24 20:00:00,5.39161518058526
2012-11-24 21:00:00,5.50835220193288
2012-11-24 22:00:00,5.62751210859645
2012-11-24 23:00:00,5.71084369547607
2012-11-25 00:00:00,3.31225721093148
2012-11-25 01:00:00,3.48343726650099
2012-11-25 02:00:00,3.54947821838139
2012-11-25 03:00:00,3.7542901969115
2012-11-25 04:00:00,3.8555359436831
2012-11-25 05:00:00,4.00268856031262
2012-11-25 06:00:00,4.12811886563037
2012-11-25 07:00:00,4.16873667801277
2012-11-25 08:00:00,4.2547399427002
2012-11-25 09:00:00,4.41042872369368
2012-11-25 10:00:00,4.35193521294812
2012-11-25 11:00:00,4.80349533875409
2012-11-25 12:00:00,4.90474108552568
2012-11-25 13:00:00,4.9880726724053
2012-11-25 14:00:00,5.18549390826969
2012-11-25 15:00:00,5.11805832106214
2012-11-25 16:00:00,5.25583294216364
2012-11-25 17:00:00,5.26647304395067
2012-11-25 18:00:00,5.28014912149223
2012-11-25 19:00:00,5.50416933238504
2012-11-25 20:00:00,5.27533367236981
2012-11-25 21:00:00,5.60056194074714
2012-11-25 22:00:00,5.477825165913
2012-11-25 23:00:00,5.38506806729475
2012-11-26 00:00:00,2.97502584726857
2012-11-26 01:00:00,3.03417287560203
2012-11-26 02:00:00,3.13541862237363
2012-11-26 03:00:00,3.23666436914522
2012-11-26 04:00:00,3.38000883435495
2012-11-26 05:00:00,3.40395106779723
2012-11-26 06:00:00,3.58250032789814
2012-11-26 07:00:00,3.78675152695692
2012-11-26 08:00:00,3.88799727372852
2012-11-26 09:00:00,4.1946408346359
2012-11-26 10:00:00,4.50195297750074
2012-11-26 11:00:00,5.04360579957207
2012-11-26 12:00:00,5.15905071406947
2012-11-26 13:00:00,5.26029646084106
2012-11-26 14:00:00,5.3301849260597
2012-11-26 15:00:00,5.45831691615326
2012-11-26 16:00:00,5.65083885548737
2012-11-26 17:00:00,5.67939311716638
2012-11-26 18:00:00,5.34603340952114
2012-11-26 19:00:00,5.39463548249404
2012-11-26 20:00:00,5.55650916365483
2012-11-26 21:00:00,5.65775491042642
2012-11-26 22:00:00,5.53501813559229
2012-11-26 23:00:00,5.71814006201151
2012-11-27 00:00:00,3.38501684803383
2012-11-27 01:00:00,3.43904777510922
2012-11-27 02:00:00,3.50716688687266
2012-11-27 03:00:00,3.24424472259502
2012-11-27 04:00:00,3.07010285491404
2012-11-27 05:00:00,3.57761523117301
2012-11-27 06:00:00,3.70304553649076
2012-11-27 07:00:00,3.39802465377498
2012-11-27 08:00:00,3.55062000187455
2012-11-27 09:00:00,4.08228692971168
2012-11-27 10:00:00,3.76205357187974
2012-11-27 11:00:00,3.67686094438638
2012-11-27 12:00:00,3.76289421604181
2012-11-27 13:00:00,3.86590931626859
2012-11-27 14:00:00,3.95641362615501
2012-11-27 15:00:00,4.66102228069774
2012-11-27 16:00:00,4.76226802746933
2012-11-27 17:00:00,4.89040001756289
2012-11-27 18:00:00,4.5964754905673
2012-11-27 19:00:00,4.88553918256143
2012-11-27 20:00:00,4.88096680923229
2012-11-27 21:00:00,4.83545001486112
2012-11-27 22:00:00,4.98534367818488
2012-11-27 23:00:00,5.28212699528959
2012-11-28 00:00:00,3.04441672112671
2012-11-28 01:00:00,3.1790979093343
2012-11-28 02:00:00,3.28034365610589
2012-11-28 03:00:00,3.45737432086399
2012-11-28 04:00:00,3.54964798420559
2012-11-28 05:00:00,3.67507828952335
2012-11-28 06:00:00,3.83689647916527
2012-11-28 07:00:00,4.06558299488257
2012-11-28 08:00:00,3.83755196237367
2012-11-28 09:00:00,4.20211980727395
2012-11-28 10:00:00,4.44883402271758
2012-11-28 11:00:00,4.62862186377035
2012-11-28 12:00:00,4.80014664477277
2012-11-28 13:00:00,4.92762510300557
2012-11-28 14:00:00,5.09054209852472
2012-11-28 15:00:00,5.32201579750469
2012-11-28 16:00:00,5.44631728997722
2012-11-28 17:00:00,5.48142074977026
2012-11-28 18:00:00,5.51267669622507
2012-11-28 19:00:00,5.5750006903188
2012-11-28 20:00:00,5.70937307209855
2012-11-28 21:00:00,5.6896437151721
2012-11-28 22:00:00,5.61547132402378
2012-11-28 23:00:00,5.66227403657349
2012-11-29 00:00:00,3.15685415891729
2012-11-29 01:00:00,3.13684403691049
2012-11-29 02:00:00,3.25330225879826
2012-11-29 04:00:00,3.18937822131886
2012-11-29 05:00:00,3.43915586268841
2012-11-29 06:00:00,3.58250032789814
2012-11-29 07:00:00,3.7174322742181
2012-11-29 08:00:00,3.68977414822003
2012-11-29 09:00:00,4.06502793848661
2012-11-29 10:00:00,4.15947372903181
2012-11-29 11:00:00,4.85226812877685
2012-11-29 12:00:00,4.89012876486457
2012-11-29 13:00:00,5.23023325175883
2012-11-29 14:00:00,5.06506346750784
2012-11-29 15:00:00,5.14184585627342
2012-11-29 16:00:00,5.31302591184293
2012-11-29 17:00:00,5.37807904088384
2012-11-29 18:00:00,5.27671415678232
2012-11-29 19:00:00,5.25695479288788
2012-11-29 20:00:00,5.39135718163562
2012-11-29 21:00:00,5.20211382187621
2012-11-29 22:00:00,5.25653905386631
2012-11-29 23:00:00,5.55178764602776
2012-11-30 00:00:00,2.96704158667808
2012-11-30 01:00:00,3.0459021353267
2012-11-30 02:00:00,3.12895295712596
2012-11-30 03:00:00,3.23019870389755
2012-11-30 04:00:00,3.28906693277116
2012-11-30 05:00:00,3.27242904311812
2012-11-30 06:00:00,3.28273288830592
2012-11-30 07:00:00,3.51701925509944
2012-11-30 08:00:00,3.77173386073401
2012-11-30 09:00:00,3.78008319151296
2012-11-30 10:00:00,4.38574505602511
2012-11-30 11:00:00,4.73813836718425
2012-11-30 12:00:00,5.04517171058924
2012-11-30 13:00:00,5.32900831828756
2012-11-30 14:00:00,5.41233990516717
2012-11-30 15:00:00,5.5859983375715
2012-11-30 16:00:00,5.40962119040131
2012-11-30 17:00:00,5.25372973921154
2012-11-30 18:00:00,5.34081520092319
2012-11-30 19:00:00,5.15549597729101
2012-11-30 20:00:00,5.2567417240626
2012-11-30 21:00:00,5.16398462544435
2012-11-30 22:00:00,5.28044284733211
2012-11-30 23:00:00,5.53515745296668
2012-12-20 00:00:00,3.30553354673417
2012-12-20 01:00:00,3.3330725354023
2012-12-20 02:00:00,3.4343182821739
2012-12-20 03:00:00,3.58602743552128
2012-12-20 04:00:00,3.68727318229288
2012-12-20 05:00:00,3.79298996729547
2012-12-20 06:00:00,3.98076206893873
2012-12-20 07:00:00,4.00622289772383
2012-12-20 08:00:00,4.10746864449543
2012-12-20 09:00:00,4.20871439126702
2012-12-20 10:00:00,4.37058807242781
2012-12-20 11:00:00,4.63333355447388
2012-12-20 12:00:00,4.86176931207882
2012-12-20 13:00:00,4.91132920092321
2012-12-20 14:00:00,5.073202882084
2012-12-20 15:00:00,5.07144317656841
2012-12-20 16:00:00,5.18916998637603
2012-12-20 17:00:00,5.13752181773591
2012-12-20 18:00:00,5.16298264652101
2012-12-20 19:00:00,4.84274928868906
2012-12-20 20:00:00,4.88345259955832
2012-12-20 21:00:00,4.98469834632992
2012-12-20 22:00:00,4.92815934999321
2012-12-20 23:00:00,5.3478772868745
2012-12-21 00:00:00,2.39843993617441
2012-12-21 01:00:00,2.56894944416596
2012-12-21 02:00:00,2.62135200779189
2012-12-21 03:00:00,2.72259775456349
2012-12-21 04:00:00,3.22107228093268
2012-12-21 05:00:00,3.18177039369682
2012-12-21 06:00:00,3.5781715518239
2012-12-21 07:00:00,3.64743649214977
2012-12-21 08:00:00,3.73319096434534
2012-12-21 09:00:00,4.0124429939783
2012-12-21 10:00:00,4.00599963910667
2012-12-21 11:00:00,4.26248359819643
2012-12-21 12:00:00,4.39128613586794
2012-12-21 13:00:00,4.51044604253152
2012-12-21 14:00:00,4.6206638727331
2012-12-21 15:00:00,4.61614699092282
2012-12-21 16:00:00,4.74494952859434
2012-12-21 17:00:00,4.46195159943759
2012-12-21 18:00:00,4.5542252627792
2012-12-21 19:00:00,4.73799273147806
2012-12-21 20:00:00,4.92852200941601
2012-12-21 21:00:00,4.95246424285828
2012-12-21 22:00:00,4.97241071905402
2012-12-21 23:00:00,5.11128414603275
2012-12-22 00:00:00,2.88432905280551
2012-12-22 01:00:00,2.94527544156215
2012-12-22 02:00:00,3.06890638645672
2012-12-22 03:00:00,3.08713900071614
2012-12-22 04:00:00,3.23908081695494
2012-12-22 05:00:00,3.32303592872733
2012-12-22 06:00:00,3.48490960988812
2012-12-22 07:00:00,3.58615535665972
2012-12-22 08:00:00,3.70323710344026
2012-12-22 09:00:00,3.71907683935172
2012-12-22 10:00:00,3.80240842623134
2012-12-22 11:00:00,4.10317137098214
2012-12-22 12:00:00,4.36977283520013
2012-12-22 13:00:00,4.49281026216992
2012-12-22 14:00:00,4.59852704717251
2012-12-22 15:00:00,4.73869454662197
2012-12-22 16:00:00,4.70869903379481
2012-12-22 17:00:00,4.69273169171973
2012-12-22 18:00:00,4.67092417491025
2012-12-22 19:00:00,4.68018470573969
2012-12-22 20:00:00,4.80769317094048
2012-12-22 21:00:00,4.81482005036801
2012-12-22 22:00:00,4.9160657971396
2012-12-22 23:00:00,5.03280281848722
2012-12-23 00:00:00,2.74928730255371
2012-12-23 01:00:00,2.86602432390134
2012-12-23 02:00:00,2.85532254192375
2012-12-23 03:00:00,2.94759620526536
2012-12-23 04:00:00,3.10946988642615
2012-12-23 05:00:00,3.23664209502771
2012-12-23 06:00:00,2.99878082568413
2012-12-23 07:00:00,3.10002657245572
2012-12-23 08:00:00,3.04548220313569
2012-12-23 09:00:00,3.46725025855253
2012-12-23 10:00:00,3.5195673236916
2012-12-23 11:00:00,3.80269687363079
2012-12-23 12:00:00,4.22446492904762
2012-12-23 13:00:00,4.42225242847924
2012-12-23 14:00:00,4.6671392421522
2012-12-23 15:00:00,4.75811883302308
2012-12-23 16:00:00,4.87727873968666
2012-12-23 17:00:00,4.70907101406063
2012-12-23 18:00:00,4.81962510086144
2012-12-23 19:00:00,5.00154659331611
2012-12-23 20:00:00,4.6697054810137
2012-12-23 21:00:00,4.65306759136066
2012-12-23 22:00:00,4.85276421932209
2012-12-23 23:00:00,5.00712892087685
2012-12-24 00:00:00,2.40308385546082
2012-12-24 01:00:00,2.50432960223241
2012-12-24 02:00:00,2.47253472898208
2012-12-24 03:00:00,2.57378047575367
2012-12-24 05:00:00,2.57183393665307
2012-12-24 06:00:00,2.87751771606846
2012-12-24 07:00:00,3.06970536442385
2012-12-24 08:00:00,3.21304982963358
2012-12-24 09:00:00,3.53286340788834
2012-12-24 10:00:00,3.72932682788123
2012-12-24 11:00:00,3.82905397931001
2012-12-24 12:00:00,4.09511741712208
2012-12-24 13:00:00,3.29804011136055
2012-12-24 14:00:00,3.30834395654835
2012-12-24 15:00:00,3.36094178676777
2012-12-24 16:00:00,3.46218753353937
2012-12-24 17:00:00,3.49667593727332
2012-12-24 18:00:00,3.62238504205093
2012-12-24 19:00:00,4.08748989344391
2012-12-24 20:00:00,3.79144109415812
2012-12-24 21:00:00,3.92165124413472
2012-12-24 22:00:00,4.47778152997786
2012-12-24 23:00:00,4.18173273069207
2012-12-25 00:00:00,1.80448263901481
2012-12-25 01:00:00,2.41635003155056
2012-12-25 02:00:00,2.51759577832216
2012-12-25 04:00:00,2.69770207374237
2012-12-25 05:00:00,2.63694279728704
2012-12-25 06:00:00,2.73818854405863
2012-12-25 07:00:00,2.84840637426021
2012-12-25 08:00:00,3.16027505384291
2012-12-25 09:00:00,3.17704456427838
2012-12-25 10:00:00,3.36950335132687
2012-12-25 11:00:00,3.58857724300423
2012-12-25 12:00:00,3.71676472461666
2012-12-25 13:00:00,4.49507867505619
2012-12-25 14:00:00,4.60560275488901
2012-12-25 15:00:00,4.46382497293817
2012-12-25 16:00:00,4.73375205368891
2012-12-25 17:00:00,4.64442267894329
2012-12-25 18:00:00,4.60925557333919
2012-12-25 19:00:00,4.70155924364879
2012-12-25 20:00:00,4.82071915031236
2012-12-25 21:00:00,4.86813691892116
2012-12-25 22:00:00,4.9267543896824
2012-12-25 23:00:00,5.04616505445834
2012-12-26 00:00:00,2.70852080162807
2012-12-26 01:00:00,2.69663471528639
2012-12-26 02:00:00,2.79788046205799
2012-12-26 03:00:00,2.79887793283707
2012-12-26 04:00:00,2.70450061078869
2012-12-26 05:00:00,2.99414121185459
2012-12-26 06:00:00,3.0774727987342
2012-12-26 07:00:00,2.47063632351116
2012-12-26 08:00:00,2.57188207028276
2012-12-26 09:00:00,2.67312781705435
2012-12-26 10:00:00,2.76540148039596
2012-12-26 11:00:00,2.87381995017436
2012-12-26 12:00:00,3.00408559166983
2012-12-26 13:00:00,3.10533133844142
2012-12-26 14:00:00,3.13531869697639
2012-12-26 15:00:00,3.40124114478273
2012-12-26 16:00:00,3.50248689155432
2012-12-26 17:00:00,3.51279073674212
2012-12-26 18:00:00,3.68059855995786
2012-12-26 19:00:00,3.92590516309642
2012-12-26 20:00:00,3.99622188661433
2012-12-26 21:00:00,4.51467096635196
2012-12-26 22:00:00,3.96142947758594
2012-12-26 23:00:00,4.19329295906351
2012-12-27 00:00:00,1.86464078331683
2012-12-27 01:00:00,1.83526879538245
2012-12-27 02:00:00,2.42475098979522
2012-12-27 03:00:00,2.54328737156602
2012-12-27 04:00:00,2.63351288199259
2012-12-27 05:00:00,2.78316589284381
2012-12-27 06:00:00,2.93213447874953
2012-12-27 07:00:00,3.03725774582734
2012-12-27 08:00:00,3.25458776860039
2012-12-27 09:00:00,3.42954027347544
2012-12-27 10:00:00,3.64276355596421
2012-12-27 11:00:00,3.93240415703011
2012-12-27 12:00:00,4.06001472957077
2012-12-27 13:00:00,4.16126047634237
2012-12-27 14:00:00,4.17405035913174
2012-12-27 15:00:00,4.25291090778036
2012-12-27 16:00:00,4.44998938383234
2012-12-27 17:00:00,4.55123513060394
2012-12-27 18:00:00,4.48015420672902
2012-12-27 19:00:00,4.37931318505346
2012-12-27 20:00:00,4.52920684837722
2012-12-27 21:00:00,4.7838914470438
2012-12-27 22:00:00,4.85173175934739
2012-12-27 23:00:00,4.98638294058699
2012-12-28 00:00:00,2.67297324692447
2012-12-28 01:00:00,2.57238101774078
2012-12-28 02:00:00,2.69154092440435
2012-12-28 03:00:00,2.97671048723926
2012-12-28 04:00:00,3.10241959201686
2012-12-28 05:00:00,3.19919430055746
2012-12-28 06:00:00,3.00249054263353
2012-12-28 07:00:00,3.11028548751916
2012-12-28 08:00:00,3.47396713766725
2012-12-28 09:00:00,3.53553705131666
2012-12-28 10:00:00,3.77291488538359
2012-12-28 11:00:00,4.01032272641851
2012-12-28 12:00:00,4.21462941699617
2012-12-28 13:00:00,4.31587516376776
2012-12-28 14:00:00,4.41712091053936
2012-12-28 15:00:00,4.52044481719399
2012-12-28 16:00:00,4.4509310701034
2012-12-28 17:00:00,4.21649752463245
2012-12-28 18:00:00,4.31774327140405
2012-12-28 19:00:00,4.48770087562214
2012-12-28 20:00:00,4.64656662237588
2012-12-28 21:00:00,4.63859200972499
2012-12-28 22:00:00,4.76880215970158
2012-12-28 23:00:00,4.94583282445967
2012-12-29 00:00:00,2.56873448890221
2012-12-29 01:00:00,2.62108156100927
2012-12-29 02:00:00,2.77122598244539
2012-12-29 03:00:00,2.79668681123049
2012-12-29 04:00:00,2.92481880132405
2012-12-29 05:00:00,3.02606454809565
2012-12-29 06:00:00,3.20756625108473
2012-12-29 07:00:00,3.31775407431832
2012-12-29 08:00:00,3.21197364350467
2012-12-29 09:00:00,3.31321939027627
2012-12-29 10:00:00,3.05746994900543
2012-12-29 11:00:00,2.96341877791644
2012-12-29 12:00:00,2.93167939618498
2012-12-29 13:00:00,3.03292514295657
2012-12-29 14:00:00,3.75539246587241
2012-12-29 15:00:00,3.82975196932204
2012-12-29 16:00:00,3.97555746683504
2012-12-29 17:00:00,4.01617527921744
2012-12-29 18:00:00,4.2806901147187
2012-12-29 19:00:00,4.70494420773711
2012-12-29 20:00:00,4.97154567195509
2012-12-29 21:00:00,5.05487725883471
2012-12-29 22:00:00,5.08655299475511
2012-12-29 23:00:00,5.04895650062188
2012-12-30 00:00:00,2.81195328421813
2012-12-30 01:00:00,2.9654784068417
2012-12-30 02:00:00,3.06852351403648
2012-12-30 03:00:00,3.16796990038489
2012-12-30 04:00:00,3.29547836558568
2012-12-30 05:00:00,3.45588894292252
2012-12-30 06:00:00,3.44785883875275
2012-12-30 07:00:00,3.34397987570216
2012-12-30 08:00:00,3.49511211997778
2012-12-30 09:00:00,3.61607138706453
2012-12-30 10:00:00,3.94225747131335
2012-12-30 11:00:00,4.036609294538
2012-12-30 12:00:00,4.26291140074103
2012-12-30 13:00:00,4.47101858197172
2012-12-30 14:00:00,4.55614952927452
2012-12-30 15:00:00,4.54468323239843
2012-12-30 16:00:00,4.630407697626
2012-12-30 17:00:00,4.61722753881359
2012-12-30 18:00:00,4.79033406744446
2012-12-30 19:00:00,4.79804014130355
2012-12-30 20:00:00,4.74554664120846
2012-12-30 21:00:00,4.77899173058405
2012-12-30 22:00:00,4.78645290099031
2012-12-30 23:00:00,4.95729866558109
2012-12-31 00:00:00,2.42006643472157
2012-12-31 01:00:00,2.52131218149316
2012-12-31 02:00:00,2.51088919897543
2012-12-31 03:00:00,2.63631950429318
2012-12-31 04:00:00,2.54389669665365
2012-12-31 05:00:00,2.70540607986772
2012-12-31 06:00:00,2.84008726807532
2012-12-31 07:00:00,2.97445964985506
2012-12-31 08:00:00,2.91544424230403
2012-12-31 09:00:00,3.42116663725153
2012-12-31 10:00:00,3.45556954249862
2012-12-31 11:00:00,3.75351981943587
2012-12-31 12:00:00,3.91539350059667
2012-12-31 13:00:00,4.27405721040998
2012-12-31 14:00:00,4.42015885191439
2012-12-31 15:00:00,4.53689587326201
2012-12-31 16:00:00,4.52610859279756
2012-12-31 17:00:00,4.68050330132032
2012-12-31 18:00:00,4.75278464488691
2012-12-31 19:00:00,4.63901995348276
2012-12-31 20:00:00,4.74026570025436
2012-12-31 21:00:00,4.67283011304681
2012-12-31 22:00:00,4.86783042921575
2012-12-31 23:00:00,4.83266332361165
